SensorID,Timestamp,SensorType,Value,Location,is_abnormal
1,2024-01-01 00:00:00,Light,79.63217053691564,Field3,False
2,2024-01-01 01:00:00,Temperature,0.6450259431536542,Field1,False
3,2024-01-01 02:00:00,SoilPH,94.84965180581636,Field1,False
4,2024-01-01 03:00:00,SoilPH,76.63760609271043,Field1,False
5,2024-01-01 04:00:00,SoilPH,11.79829552623759,Field4,False
6,2024-01-01 05:00:00,Humidity,67.81603903333956,Field4,False
7,2024-01-01 06:00:00,SoilPH,14.948116452139338,Field1,False
8,2024-01-01 07:00:00,SoilMoisture,80.79195734539273,Field2,False
9,2024-01-01 08:00:00,Light,7.02342041410926,Field1,False
10,2024-01-01 09:00:00,Temperature,19.29942346596495,Field4,False
11,2024-01-01 10:00:00,Temperature,54.69525633430117,Field2,True
12,2024-01-01 11:00:00,Light,38.106035263692526,Field2,False
13,2024-01-01 12:00:00,SoilMoisture,35.5489734436766,Field4,False
14,2024-01-01 13:00:00,Humidity,34.86839431544411,Field2,False
15,2024-01-01 14:00:00,Temperature,7.108818684557927,Field4,False
16,2024-01-01 15:00:00,Humidity,15.743110653269865,Field4,False
17,2024-01-01 16:00:00,Humidity,40.26042711037767,Field4,False
18,2024-01-01 17:00:00,Temperature,49.64668019795253,Field3,False
19,2024-01-01 18:00:00,Humidity,3.762732217782927,Field2,False
20,2024-01-01 19:00:00,Light,88.32624719493646,Field1,False
21,2024-01-01 20:00:00,SoilPH,49.61979813125596,Field2,False
22,2024-01-01 21:00:00,Temperature,2.3817426884050863,Field2,False
23,2024-01-01 22:00:00,SoilPH,54.79117255009777,Field4,False
24,2024-01-01 23:00:00,Temperature,72.09334582226587,Field1,True
25,2024-01-02 00:00:00,SoilMoisture,29.526776477057183,Field4,False
26,2024-01-02 01:00:00,SoilPH,81.81714030893036,Field4,False
27,2024-01-02 02:00:00,Temperature,77.90575434100604,Field1,True
28,2024-01-02 03:00:00,Humidity,88.56255738207525,Field2,False
29,2024-01-02 04:00:00,SoilPH,56.95109345192844,Field3,False
30,2024-01-02 05:00:00,SoilPH,37.01375067779728,Field3,False
31,2024-01-02 06:00:00,SoilPH,33.67534732392395,Field4,False
32,2024-01-02 07:00:00,Temperature,2.5452303633292206,Field4,False
33,2024-01-02 08:00:00,Humidity,1.098695651170123,Field2,False
34,2024-01-02 09:00:00,Humidity,4.507928431424569,Field2,False
35,2024-01-02 10:00:00,Humidity,28.438902537943637,Field3,False
36,2024-01-02 11:00:00,Temperature,78.29653446983382,Field1,True
37,2024-01-02 12:00:00,SoilMoisture,8.810912836932506,Field1,False
38,2024-01-02 13:00:00,Light,36.6046455056664,Field4,False
39,2024-01-02 14:00:00,SoilPH,51.24931644931673,Field2,False
40,2024-01-02 15:00:00,SoilPH,31.161131345644687,Field3,False
41,2024-01-02 16:00:00,SoilMoisture,26.198639550248203,Field2,False
42,2024-01-02 17:00:00,Light,23.322240570972564,Field4,False
43,2024-01-02 18:00:00,SoilMoisture,89.0436758077628,Field3,False
44,2024-01-02 19:00:00,Temperature,28.23943610969105,Field3,False
45,2024-01-02 20:00:00,Temperature,54.9078610372587,Field2,True
46,2024-01-02 21:00:00,Light,17.6207948313036,Field1,False
47,2024-01-02 22:00:00,Temperature,51.18908745574352,Field1,True
48,2024-01-02 23:00:00,Light,82.66763705135455,Field2,False
49,2024-01-03 00:00:00,Humidity,30.64089931104284,Field4,False
50,2024-01-03 01:00:00,Light,2.2811463014829725,Field2,False
51,2024-01-03 02:00:00,Humidity,52.82791479145425,Field4,False
52,2024-01-03 03:00:00,SoilMoisture,77.98731182078276,Field4,False
53,2024-01-03 04:00:00,SoilMoisture,84.99887609226413,Field3,False
54,2024-01-03 05:00:00,Temperature,61.68950122541762,Field4,True
55,2024-01-03 06:00:00,Humidity,32.13750827266186,Field2,False
56,2024-01-03 07:00:00,Humidity,73.12350392664779,Field3,False
57,2024-01-03 08:00:00,Humidity,99.21156880985306,Field2,False
58,2024-01-03 09:00:00,Humidity,52.53618370047912,Field4,False
59,2024-01-03 10:00:00,SoilPH,5.146793820786688,Field2,False
60,2024-01-03 11:00:00,SoilPH,87.94946823888465,Field2,False
61,2024-01-03 12:00:00,SoilMoisture,48.13468421843863,Field2,False
62,2024-01-03 13:00:00,SoilPH,4.435429388759859,Field3,False
63,2024-01-03 14:00:00,Temperature,80.4711976661149,Field3,True
64,2024-01-03 15:00:00,SoilPH,41.33383687617199,Field1,False
65,2024-01-03 16:00:00,Light,58.74846420897306,Field3,False
66,2024-01-03 17:00:00,Humidity,16.33825002541244,Field1,False
67,2024-01-03 18:00:00,SoilMoisture,45.8115034005172,Field2,False
68,2024-01-03 19:00:00,Light,24.058238647673203,Field4,False
69,2024-01-03 20:00:00,SoilPH,29.77086374523029,Field4,False
70,2024-01-03 21:00:00,Light,3.840243854005188,Field3,False
71,2024-01-03 22:00:00,Light,98.33070581557244,Field1,False
72,2024-01-03 23:00:00,Light,44.15995592876415,Field3,False
73,2024-01-04 00:00:00,SoilPH,90.38884098842529,Field2,False
74,2024-01-04 01:00:00,Light,31.8954991013232,Field2,False
75,2024-01-04 02:00:00,Light,62.3038920017661,Field2,False
76,2024-01-04 03:00:00,Light,50.63519864867509,Field3,False
77,2024-01-04 04:00:00,Temperature,97.97910410393928,Field1,True
78,2024-01-04 05:00:00,Light,29.501001167555184,Field2,False
79,2024-01-04 06:00:00,SoilPH,91.19939945580585,Field3,False
80,2024-01-04 07:00:00,SoilMoisture,96.37700078692612,Field1,False
81,2024-01-04 08:00:00,Temperature,78.84171658407527,Field3,True
82,2024-01-04 09:00:00,Humidity,42.81087560405563,Field4,False
83,2024-01-04 10:00:00,Humidity,83.41823021216706,Field2,False
84,2024-01-04 11:00:00,SoilPH,25.453201733586884,Field3,False
85,2024-01-04 12:00:00,Temperature,71.33743707746834,Field3,True
86,2024-01-04 13:00:00,Temperature,73.31854939064924,Field1,True
87,2024-01-04 14:00:00,Humidity,57.67699273519015,Field4,False
88,2024-01-04 15:00:00,SoilMoisture,97.51899855343616,Field1,False
89,2024-01-04 16:00:00,Light,31.94066020142039,Field2,False
90,2024-01-04 17:00:00,SoilMoisture,39.50362159365034,Field1,False
91,2024-01-04 18:00:00,Temperature,16.48214112002161,Field3,False
92,2024-01-04 19:00:00,SoilPH,71.19537434074101,Field2,False
93,2024-01-04 20:00:00,SoilMoisture,67.34122351015911,Field3,False
94,2024-01-04 21:00:00,SoilMoisture,16.487271460632734,Field2,False
95,2024-01-04 22:00:00,Temperature,6.069958266618015,Field2,False
96,2024-01-04 23:00:00,Humidity,83.95487958554935,Field1,False
97,2024-01-05 00:00:00,Temperature,78.57031687672905,Field2,True
98,2024-01-05 01:00:00,SoilMoisture,44.07547456940113,Field1,False
99,2024-01-05 02:00:00,SoilMoisture,76.09571171828942,Field2,False
100,2024-01-05 03:00:00,SoilPH,62.44881343491356,Field3,False
101,2024-01-05 04:00:00,SoilMoisture,90.24858597112174,Field1,False
102,2024-01-05 05:00:00,SoilPH,7.232773184833697,Field2,False
103,2024-01-05 06:00:00,SoilMoisture,28.163692733096347,Field2,False
104,2024-01-05 07:00:00,Humidity,78.1686181778019,Field3,False
105,2024-01-05 08:00:00,SoilMoisture,81.1919750132262,Field2,False
106,2024-01-05 09:00:00,SoilPH,94.63473976166324,Field2,False
107,2024-01-05 10:00:00,SoilPH,92.92458529174654,Field3,False
108,2024-01-05 11:00:00,SoilPH,9.008920085286451,Field3,False
109,2024-01-05 12:00:00,SoilMoisture,58.87457134409955,Field1,False
110,2024-01-05 13:00:00,SoilPH,93.89514688052223,Field2,False
111,2024-01-05 14:00:00,Light,31.609910889898696,Field4,False
112,2024-01-05 15:00:00,Humidity,45.86861095417875,Field1,False
113,2024-01-05 16:00:00,SoilMoisture,41.34859273621492,Field3,False
114,2024-01-05 17:00:00,SoilPH,99.65429066432031,Field4,False
115,2024-01-05 18:00:00,Humidity,48.94679144157453,Field1,False
116,2024-01-05 19:00:00,SoilMoisture,47.51751311082747,Field4,False
117,2024-01-05 20:00:00,Humidity,97.37422766504636,Field3,False
118,2024-01-05 21:00:00,Light,98.49015648963008,Field4,False
119,2024-01-05 22:00:00,SoilMoisture,4.035532669409248,Field4,False
120,2024-01-05 23:00:00,SoilPH,65.18290295457025,Field4,False
121,2024-01-06 00:00:00,Temperature,89.01525087721151,Field3,True
122,2024-01-06 01:00:00,SoilPH,53.45634606461211,Field3,False
123,2024-01-06 02:00:00,SoilMoisture,51.70826311538392,Field2,False
124,2024-01-06 03:00:00,SoilPH,72.40738528168113,Field4,False
125,2024-01-06 04:00:00,Temperature,82.51899006799064,Field3,True
126,2024-01-06 05:00:00,Temperature,92.26924473551,Field3,True
127,2024-01-06 06:00:00,Temperature,9.90752098893658,Field2,False
128,2024-01-06 07:00:00,SoilPH,76.86909744664963,Field3,False
129,2024-01-06 08:00:00,SoilMoisture,39.08975257618826,Field3,False
130,2024-01-06 09:00:00,SoilPH,6.058005820709511,Field3,False
131,2024-01-06 10:00:00,Temperature,70.35738036379944,Field2,True
132,2024-01-06 11:00:00,Light,9.635272278929962,Field1,False
133,2024-01-06 12:00:00,Temperature,80.51220284766406,Field2,True
134,2024-01-06 13:00:00,Temperature,20.572575348797773,Field1,False
135,2024-01-06 14:00:00,SoilMoisture,11.500918688566763,Field2,False
136,2024-01-06 15:00:00,SoilPH,66.64797644647584,Field1,False
137,2024-01-06 16:00:00,SoilMoisture,87.35605079461327,Field2,False
138,2024-01-06 17:00:00,SoilPH,70.17186541530526,Field3,False
139,2024-01-06 18:00:00,Temperature,42.6944169884965,Field1,False
140,2024-01-06 19:00:00,Temperature,66.68235309306073,Field3,True
141,2024-01-06 20:00:00,Temperature,27.153158385846453,Field2,False
142,2024-01-06 21:00:00,SoilPH,81.76514197064296,Field4,False
143,2024-01-06 22:00:00,Temperature,1.8436862970696464,Field3,False
144,2024-01-06 23:00:00,SoilMoisture,63.41467351864642,Field1,False
145,2024-01-07 00:00:00,SoilMoisture,65.47574230999227,Field1,False
146,2024-01-07 01:00:00,Temperature,93.05804768943943,Field1,True
147,2024-01-07 02:00:00,Light,51.76551037978182,Field3,False
148,2024-01-07 03:00:00,SoilPH,71.38621899643552,Field3,False
149,2024-01-07 04:00:00,Light,86.19008312776919,Field1,False
150,2024-01-07 05:00:00,Temperature,28.733347168070143,Field1,False
151,2024-01-07 06:00:00,Light,65.57767992772114,Field4,False
152,2024-01-07 07:00:00,SoilPH,75.46835743489791,Field2,False
153,2024-01-07 08:00:00,SoilPH,19.88700827559741,Field4,False
154,2024-01-07 09:00:00,Light,84.35953505636874,Field2,False
155,2024-01-07 10:00:00,Humidity,57.41212570128539,Field4,False
156,2024-01-07 11:00:00,SoilPH,56.066120343599245,Field4,False
157,2024-01-07 12:00:00,Temperature,35.774551930979804,Field3,False
158,2024-01-07 13:00:00,Temperature,9.53630173045571,Field4,False
159,2024-01-07 14:00:00,Temperature,69.21622539493852,Field2,True
160,2024-01-07 15:00:00,Humidity,37.127127418174766,Field3,False
161,2024-01-07 16:00:00,Temperature,52.32326052316879,Field1,True
162,2024-01-07 17:00:00,Light,98.1418277381938,Field1,False
163,2024-01-07 18:00:00,Humidity,27.831621131117025,Field2,False
164,2024-01-07 19:00:00,SoilPH,13.236127207836224,Field3,False
165,2024-01-07 20:00:00,Humidity,13.957873237275445,Field2,False
166,2024-01-07 21:00:00,Temperature,37.36861551963205,Field2,False
167,2024-01-07 22:00:00,Temperature,91.87689838072238,Field2,True
168,2024-01-07 23:00:00,Light,34.724542321472505,Field3,False
169,2024-01-08 00:00:00,SoilPH,4.78977915791019,Field4,False
170,2024-01-08 01:00:00,SoilPH,70.24981957195654,Field3,False
171,2024-01-08 02:00:00,Humidity,73.30628644242034,Field4,False
172,2024-01-08 03:00:00,Temperature,79.89954102799403,Field2,True
173,2024-01-08 04:00:00,Temperature,51.54915711297089,Field2,True
174,2024-01-08 05:00:00,Humidity,57.38853071785789,Field4,False
175,2024-01-08 06:00:00,SoilMoisture,55.03937440742088,Field3,False
176,2024-01-08 07:00:00,Temperature,44.65458334961173,Field3,False
177,2024-01-08 08:00:00,SoilPH,54.894725988015736,Field4,False
178,2024-01-08 09:00:00,Humidity,61.3924441065169,Field2,False
179,2024-01-08 10:00:00,Humidity,1.1647359819004666,Field1,False
180,2024-01-08 11:00:00,Light,98.48317434020836,Field4,False
181,2024-01-08 12:00:00,Temperature,42.98036466074804,Field1,False
182,2024-01-08 13:00:00,Temperature,60.02985697126284,Field2,True
183,2024-01-08 14:00:00,SoilPH,18.63165089491704,Field3,False
184,2024-01-08 15:00:00,SoilMoisture,74.05378473348863,Field1,False
185,2024-01-08 16:00:00,SoilPH,40.230361405566775,Field2,False
186,2024-01-08 17:00:00,SoilMoisture,39.04179879602325,Field2,False
187,2024-01-08 18:00:00,Light,63.14526598935603,Field3,False
188,2024-01-08 19:00:00,SoilPH,2.818157891510187,Field4,False
189,2024-01-08 20:00:00,SoilPH,25.58454104269636,Field1,False
190,2024-01-08 21:00:00,Temperature,88.85177150367048,Field2,True
191,2024-01-08 22:00:00,SoilPH,73.81021717084293,Field2,False
192,2024-01-08 23:00:00,Temperature,67.20040585305773,Field3,True
193,2024-01-09 00:00:00,Light,42.997610216923775,Field1,False
194,2024-01-09 01:00:00,SoilMoisture,28.312366153063103,Field2,False
195,2024-01-09 02:00:00,SoilPH,81.97358708014117,Field2,False
196,2024-01-09 03:00:00,Light,69.20954627605214,Field3,False
197,2024-01-09 04:00:00,Temperature,61.04368586880119,Field2,True
198,2024-01-09 05:00:00,SoilMoisture,0.9706864312651886,Field3,False
199,2024-01-09 06:00:00,SoilPH,20.6024754299802,Field1,False
200,2024-01-09 07:00:00,SoilPH,24.05124206374456,Field2,False
201,2024-01-09 08:00:00,Humidity,2.339885098732797,Field2,False
202,2024-01-09 09:00:00,SoilPH,39.42256443670067,Field1,False
203,2024-01-09 10:00:00,Light,77.00335385557383,Field4,False
204,2024-01-09 11:00:00,SoilPH,37.27478403154505,Field3,False
205,2024-01-09 12:00:00,SoilPH,51.03697959544588,Field3,False
206,2024-01-09 13:00:00,Humidity,40.85655280166524,Field2,False
207,2024-01-09 14:00:00,Humidity,19.185212709279988,Field1,False
208,2024-01-09 15:00:00,Humidity,85.19954746775919,Field2,False
209,2024-01-09 16:00:00,SoilPH,94.90896954687491,Field1,False
210,2024-01-09 17:00:00,SoilMoisture,79.06106743452507,Field2,False
211,2024-01-09 18:00:00,SoilMoisture,38.363156712488674,Field4,False
212,2024-01-09 19:00:00,Light,83.51965693391354,Field2,False
213,2024-01-09 20:00:00,SoilPH,85.23984289038829,Field3,False
214,2024-01-09 21:00:00,Humidity,21.516231715117907,Field1,False
215,2024-01-09 22:00:00,SoilMoisture,27.19114490429177,Field1,False
216,2024-01-09 23:00:00,SoilPH,33.46493230153944,Field1,False
217,2024-01-10 00:00:00,Humidity,72.43921204562446,Field3,False
218,2024-01-10 01:00:00,Light,25.013795916783977,Field2,False
219,2024-01-10 02:00:00,SoilMoisture,44.08436305623548,Field4,False
220,2024-01-10 03:00:00,SoilMoisture,3.009093624590076,Field3,False
221,2024-01-10 04:00:00,Temperature,45.07305971346588,Field3,False
222,2024-01-10 05:00:00,Humidity,15.87785212362821,Field1,False
223,2024-01-10 06:00:00,Temperature,14.29302172140946,Field2,False
224,2024-01-10 07:00:00,Light,26.18159631345844,Field3,False
225,2024-01-10 08:00:00,Temperature,74.45372352697477,Field4,True
226,2024-01-10 09:00:00,SoilPH,42.86912962639081,Field2,False
227,2024-01-10 10:00:00,SoilMoisture,67.14486722615776,Field2,False
228,2024-01-10 11:00:00,Temperature,91.1876779693422,Field3,True
229,2024-01-10 12:00:00,Temperature,61.81587246787854,Field3,True
230,2024-01-10 13:00:00,Humidity,54.98016340797407,Field4,False
231,2024-01-10 14:00:00,Humidity,52.94950711655419,Field3,False
232,2024-01-10 15:00:00,Temperature,61.36670918690984,Field2,True
233,2024-01-10 16:00:00,SoilPH,89.17399568258205,Field2,False
234,2024-01-10 17:00:00,Temperature,75.95965267581126,Field2,True
235,2024-01-10 18:00:00,SoilPH,68.90873025853497,Field4,False
236,2024-01-10 19:00:00,Temperature,24.56731767761675,Field4,False
237,2024-01-10 20:00:00,Light,43.35365817138038,Field1,False
238,2024-01-10 21:00:00,Light,41.84882995336503,Field2,False
239,2024-01-10 22:00:00,Temperature,98.644976752261,Field1,True
240,2024-01-10 23:00:00,Humidity,1.1675742811445344,Field4,False
241,2024-01-11 00:00:00,SoilPH,81.61366404908962,Field3,False
242,2024-01-11 01:00:00,Light,53.96937623546554,Field3,False
243,2024-01-11 02:00:00,SoilPH,92.51266129494635,Field2,False
244,2024-01-11 03:00:00,SoilMoisture,64.13501220585759,Field4,False
245,2024-01-11 04:00:00,Humidity,27.116464424071783,Field4,False
246,2024-01-11 05:00:00,Humidity,9.160683553211758,Field3,False
247,2024-01-11 06:00:00,SoilMoisture,63.5389318936024,Field4,False
248,2024-01-11 07:00:00,Humidity,81.94396173601821,Field2,False
249,2024-01-11 08:00:00,Light,3.2140063579904843,Field2,False
250,2024-01-11 09:00:00,SoilMoisture,26.329968833244767,Field1,False
251,2024-01-11 10:00:00,Light,64.09855830985451,Field2,False
252,2024-01-11 11:00:00,Light,90.1570095469245,Field2,False
253,2024-01-11 12:00:00,SoilMoisture,40.329080003936056,Field1,False
254,2024-01-11 13:00:00,SoilPH,12.053878752614,Field2,False
255,2024-01-11 14:00:00,SoilPH,64.84670892188787,Field3,False
256,2024-01-11 15:00:00,Humidity,16.37260843885612,Field4,False
257,2024-01-11 16:00:00,SoilMoisture,90.1601755230286,Field1,False
258,2024-01-11 17:00:00,Light,88.32659988661575,Field4,False
259,2024-01-11 18:00:00,SoilPH,7.356106130132966,Field3,False
260,2024-01-11 19:00:00,SoilPH,75.3954473417427,Field1,False
261,2024-01-11 20:00:00,Humidity,33.902340171458114,Field2,False
262,2024-01-11 21:00:00,Humidity,0.2940582229990829,Field2,False
263,2024-01-11 22:00:00,Humidity,52.53917382243804,Field2,False
264,2024-01-11 23:00:00,Humidity,79.1939310269179,Field2,False
265,2024-01-12 00:00:00,SoilMoisture,22.7425780647176,Field3,False
266,2024-01-12 01:00:00,Temperature,51.63419744479172,Field3,True
267,2024-01-12 02:00:00,SoilPH,2.978363443536436,Field1,False
268,2024-01-12 03:00:00,Humidity,20.30942622327383,Field2,False
269,2024-01-12 04:00:00,Light,26.02012711078633,Field2,False
270,2024-01-12 05:00:00,SoilPH,10.555559747073296,Field2,False
271,2024-01-12 06:00:00,Humidity,84.33056686969078,Field4,False
272,2024-01-12 07:00:00,Humidity,57.225224646639525,Field1,False
273,2024-01-12 08:00:00,SoilMoisture,79.39442611134206,Field2,False
274,2024-01-12 09:00:00,Temperature,21.863449395386,Field2,False
275,2024-01-12 10:00:00,Temperature,28.206753174092736,Field4,False
276,2024-01-12 11:00:00,SoilMoisture,71.69980250104429,Field2,False
277,2024-01-12 12:00:00,Light,26.343825409390764,Field4,False
278,2024-01-12 13:00:00,Temperature,71.39173016523935,Field4,True
279,2024-01-12 14:00:00,Light,73.67598728623969,Field4,False
280,2024-01-12 15:00:00,SoilPH,9.346508051638237,Field3,False
281,2024-01-12 16:00:00,SoilPH,74.16610968222129,Field2,False
282,2024-01-12 17:00:00,Temperature,2.9578903359591013,Field2,False
283,2024-01-12 18:00:00,Temperature,77.76688354256406,Field3,True
284,2024-01-12 19:00:00,SoilPH,8.993894088405563,Field1,False
285,2024-01-12 20:00:00,SoilPH,4.654760534307312,Field2,False
286,2024-01-12 21:00:00,Temperature,53.3992658975554,Field4,True
287,2024-01-12 22:00:00,SoilPH,48.05290335944936,Field3,False
288,2024-01-12 23:00:00,Temperature,76.80107233787781,Field3,True
289,2024-01-13 00:00:00,SoilMoisture,23.16941270468219,Field3,False
290,2024-01-13 01:00:00,Humidity,92.8873152107758,Field2,False
291,2024-01-13 02:00:00,Temperature,81.97163330263758,Field1,True
292,2024-01-13 03:00:00,Light,40.74671471964608,Field1,False
293,2024-01-13 04:00:00,Temperature,95.64116480615893,Field2,True
294,2024-01-13 05:00:00,SoilPH,26.477183924274783,Field3,False
295,2024-01-13 06:00:00,Light,25.15241156422302,Field3,False
296,2024-01-13 07:00:00,Light,28.974313986179236,Field1,False
297,2024-01-13 08:00:00,Humidity,61.98895238398144,Field1,False
298,2024-01-13 09:00:00,Temperature,19.49476607978561,Field1,False
299,2024-01-13 10:00:00,SoilMoisture,88.33490198491657,Field2,False
300,2024-01-13 11:00:00,Light,60.62899482259958,Field2,False
301,2024-01-13 12:00:00,Light,94.727216686386,Field4,False
302,2024-01-13 13:00:00,SoilMoisture,89.4454913956745,Field1,False
303,2024-01-13 14:00:00,Light,49.57746191050173,Field2,False
304,2024-01-13 15:00:00,SoilPH,31.783420040942246,Field2,False
305,2024-01-13 16:00:00,SoilMoisture,89.8499963611385,Field2,False
306,2024-01-13 17:00:00,SoilPH,96.41360353986906,Field4,False
307,2024-01-13 18:00:00,Temperature,86.49931786158717,Field2,True
308,2024-01-13 19:00:00,Temperature,73.34291808045728,Field4,True
309,2024-01-13 20:00:00,Temperature,38.746104400317904,Field4,False
310,2024-01-13 21:00:00,SoilPH,58.2952801016311,Field3,False
311,2024-01-13 22:00:00,Light,93.55402437584512,Field1,False
312,2024-01-13 23:00:00,Light,66.72386250013925,Field1,False
313,2024-01-14 00:00:00,SoilMoisture,29.590575896075038,Field3,False
314,2024-01-14 01:00:00,SoilMoisture,53.202168527454965,Field1,False
315,2024-01-14 02:00:00,Light,96.96011762280466,Field2,False
316,2024-01-14 03:00:00,Humidity,28.013225663696478,Field1,False
317,2024-01-14 04:00:00,SoilPH,76.70696962261083,Field4,False
318,2024-01-14 05:00:00,SoilPH,84.2229836295542,Field2,False
319,2024-01-14 06:00:00,SoilPH,52.93525555237134,Field1,False
320,2024-01-14 07:00:00,Humidity,2.1191013922185475,Field1,False
321,2024-01-14 08:00:00,SoilMoisture,94.80429542678564,Field2,False
322,2024-01-14 09:00:00,SoilMoisture,67.8448222998646,Field4,False
323,2024-01-14 10:00:00,SoilPH,79.65064551177994,Field3,False
324,2024-01-14 11:00:00,SoilMoisture,77.40790885445928,Field1,False
325,2024-01-14 12:00:00,SoilPH,70.57217021678406,Field2,False
326,2024-01-14 13:00:00,Light,50.47228441652424,Field4,False
327,2024-01-14 14:00:00,Light,5.43876560640012,Field3,False
328,2024-01-14 15:00:00,SoilMoisture,97.6041547336054,Field2,False
329,2024-01-14 16:00:00,Humidity,62.85750226710712,Field4,False
330,2024-01-14 17:00:00,SoilMoisture,75.06151675255155,Field1,False
331,2024-01-14 18:00:00,Temperature,24.89035007451983,Field4,False
332,2024-01-14 19:00:00,SoilPH,6.622010617845286,Field1,False
333,2024-01-14 20:00:00,Temperature,17.92212339696526,Field2,False
334,2024-01-14 21:00:00,SoilMoisture,37.2456790731561,Field3,False
335,2024-01-14 22:00:00,Light,2.5685396450844222,Field3,False
336,2024-01-14 23:00:00,SoilPH,37.81123964588448,Field1,False
337,2024-01-15 00:00:00,SoilMoisture,7.285427321340498,Field3,False
338,2024-01-15 01:00:00,Humidity,63.46330158674277,Field1,False
339,2024-01-15 02:00:00,SoilMoisture,31.30578354166325,Field4,False
340,2024-01-15 03:00:00,Humidity,67.92772045193838,Field1,False
341,2024-01-15 04:00:00,Light,59.34590236747589,Field3,False
342,2024-01-15 05:00:00,Humidity,26.672745051224712,Field4,False
343,2024-01-15 06:00:00,Temperature,39.44037658922576,Field2,False
344,2024-01-15 07:00:00,Temperature,70.54953625307742,Field3,True
345,2024-01-15 08:00:00,Temperature,60.467078122106464,Field3,True
346,2024-01-15 09:00:00,Temperature,18.529217222395623,Field2,False
347,2024-01-15 10:00:00,Temperature,59.747160645158296,Field2,True
348,2024-01-15 11:00:00,Humidity,44.04889670106456,Field1,False
349,2024-01-15 12:00:00,Temperature,87.04644050720094,Field4,True
350,2024-01-15 13:00:00,SoilPH,0.9183010148146598,Field1,False
351,2024-01-15 14:00:00,Humidity,87.5178149007563,Field4,False
352,2024-01-15 15:00:00,Light,70.37784143563044,Field4,False
353,2024-01-15 16:00:00,Humidity,44.68483816345971,Field4,False
354,2024-01-15 17:00:00,SoilMoisture,72.9741422981528,Field2,False
355,2024-01-15 18:00:00,Light,14.428787133457933,Field2,False
356,2024-01-15 19:00:00,Temperature,52.22456523358387,Field1,True
357,2024-01-15 20:00:00,Temperature,76.37695178541267,Field2,True
358,2024-01-15 21:00:00,SoilMoisture,91.2545334772883,Field1,False
359,2024-01-15 22:00:00,Temperature,71.47480410802748,Field4,True
360,2024-01-15 23:00:00,Light,30.597225602748978,Field4,False
361,2024-01-16 00:00:00,Light,71.89139581602427,Field3,False
362,2024-01-16 01:00:00,Light,77.57854908867048,Field2,False
363,2024-01-16 02:00:00,Humidity,43.00247562723294,Field3,False
364,2024-01-16 03:00:00,Humidity,59.35346168252246,Field3,False
365,2024-01-16 04:00:00,Light,0.6446044271861129,Field1,False
366,2024-01-16 05:00:00,Humidity,26.83530495214004,Field4,False
367,2024-01-16 06:00:00,Humidity,85.8090118691655,Field3,False
368,2024-01-16 07:00:00,SoilPH,71.64803359251431,Field1,False
369,2024-01-16 08:00:00,Humidity,85.46404586811818,Field4,False
370,2024-01-16 09:00:00,SoilPH,89.82667204168902,Field4,False
371,2024-01-16 10:00:00,SoilPH,53.39925650975786,Field4,False
372,2024-01-16 11:00:00,Humidity,83.5994800259385,Field1,False
373,2024-01-16 12:00:00,Humidity,9.272101088074614,Field3,False
374,2024-01-16 13:00:00,Humidity,37.73692500823847,Field2,False
375,2024-01-16 14:00:00,Temperature,75.96982359999055,Field1,True
376,2024-01-16 15:00:00,SoilPH,7.31494961290714,Field4,False
377,2024-01-16 16:00:00,Temperature,76.38921100756829,Field1,True
378,2024-01-16 17:00:00,Light,96.2014104202209,Field2,False
379,2024-01-16 18:00:00,Humidity,35.187287674388216,Field3,False
380,2024-01-16 19:00:00,Light,87.13274397712128,Field4,False
381,2024-01-16 20:00:00,Temperature,48.344769428476255,Field4,False
382,2024-01-16 21:00:00,SoilPH,12.247457207802148,Field4,False
383,2024-01-16 22:00:00,SoilMoisture,8.699302731615399,Field1,False
384,2024-01-16 23:00:00,Humidity,39.92974175821946,Field2,False
385,2024-01-17 00:00:00,Light,62.26762843238672,Field3,False
386,2024-01-17 01:00:00,Light,86.17800162630719,Field2,False
387,2024-01-17 02:00:00,Light,45.130446968070224,Field4,False
388,2024-01-17 03:00:00,Temperature,47.48143442192426,Field2,False
389,2024-01-17 04:00:00,Temperature,89.67147353887485,Field2,True
390,2024-01-17 05:00:00,SoilMoisture,11.96730713881722,Field2,False
391,2024-01-17 06:00:00,Temperature,96.33201252692793,Field4,True
392,2024-01-17 07:00:00,SoilPH,77.88652935573916,Field4,False
393,2024-01-17 08:00:00,SoilPH,25.536959670079884,Field3,False
394,2024-01-17 09:00:00,Light,54.95813583424191,Field3,False
395,2024-01-17 10:00:00,Humidity,11.421202103245244,Field1,False
396,2024-01-17 11:00:00,Light,88.90395617609694,Field4,False
397,2024-01-17 12:00:00,SoilPH,95.40078680067536,Field2,False
398,2024-01-17 13:00:00,SoilPH,45.094931811734426,Field4,False
399,2024-01-17 14:00:00,SoilPH,66.24815097217,Field2,False
400,2024-01-17 15:00:00,Light,1.4763460980791066,Field1,False
401,2024-01-17 16:00:00,SoilMoisture,64.66925041451172,Field2,False
402,2024-01-17 17:00:00,Humidity,53.19332034426284,Field3,False
403,2024-01-17 18:00:00,SoilMoisture,38.69285801518841,Field4,False
404,2024-01-17 19:00:00,SoilMoisture,67.19451405656407,Field3,False
405,2024-01-17 20:00:00,Humidity,41.65684659810833,Field4,False
406,2024-01-17 21:00:00,SoilPH,38.39690625088643,Field1,False
407,2024-01-17 22:00:00,SoilPH,58.40195388372605,Field4,False
408,2024-01-17 23:00:00,Light,88.07793404241185,Field3,False
409,2024-01-18 00:00:00,Light,10.47284117272117,Field3,False
410,2024-01-18 01:00:00,SoilMoisture,73.95228634422266,Field4,False
411,2024-01-18 02:00:00,Humidity,12.214012029081822,Field1,False
412,2024-01-18 03:00:00,Humidity,35.24467985059866,Field1,False
413,2024-01-18 04:00:00,Temperature,83.31043516796286,Field3,True
414,2024-01-18 05:00:00,Temperature,67.37088463822515,Field4,True
415,2024-01-18 06:00:00,SoilMoisture,33.261514984018035,Field1,False
416,2024-01-18 07:00:00,Light,76.97195002499299,Field1,False
417,2024-01-18 08:00:00,SoilPH,0.5062005367192479,Field3,False
418,2024-01-18 09:00:00,SoilPH,88.33098907828091,Field3,False
419,2024-01-18 10:00:00,SoilMoisture,44.30194608382545,Field4,False
420,2024-01-18 11:00:00,Humidity,98.84321528830624,Field1,False
421,2024-01-18 12:00:00,Temperature,60.82682802104991,Field4,True
422,2024-01-18 13:00:00,Light,22.21869533956231,Field1,False
423,2024-01-18 14:00:00,Humidity,89.41331938103446,Field4,False
424,2024-01-18 15:00:00,Light,56.4310042899775,Field1,False
425,2024-01-18 16:00:00,Light,9.491860902366112,Field1,False
426,2024-01-18 17:00:00,SoilMoisture,39.69554585994472,Field4,False
427,2024-01-18 18:00:00,Temperature,94.79402451281165,Field4,True
428,2024-01-18 19:00:00,Temperature,16.577742092857584,Field3,False
429,2024-01-18 20:00:00,SoilPH,17.295379488080332,Field4,False
430,2024-01-18 21:00:00,Humidity,63.70897346565825,Field2,False
431,2024-01-18 22:00:00,Humidity,54.70745659781562,Field2,False
432,2024-01-18 23:00:00,Temperature,3.8955752981801206,Field1,False
433,2024-01-19 00:00:00,Light,15.805942205727796,Field4,False
434,2024-01-19 01:00:00,SoilPH,92.1044183241035,Field2,False
435,2024-01-19 02:00:00,SoilPH,4.444279084977342,Field4,False
436,2024-01-19 03:00:00,Light,49.564083035415074,Field1,False
437,2024-01-19 04:00:00,SoilPH,84.07995732206332,Field1,False
438,2024-01-19 05:00:00,Light,74.32741558358752,Field2,False
439,2024-01-19 06:00:00,SoilPH,20.777170120076647,Field2,False
440,2024-01-19 07:00:00,Temperature,19.643362078453364,Field3,False
441,2024-01-19 08:00:00,SoilPH,80.40988046351877,Field1,False
442,2024-01-19 09:00:00,SoilPH,29.02420925634912,Field1,False
443,2024-01-19 10:00:00,Humidity,27.82938760884752,Field1,False
444,2024-01-19 11:00:00,SoilPH,84.55827140965432,Field2,False
445,2024-01-19 12:00:00,Light,24.12251168321692,Field3,False
446,2024-01-19 13:00:00,Temperature,27.39928781438984,Field4,False
447,2024-01-19 14:00:00,SoilPH,68.4596315682307,Field3,False
448,2024-01-19 15:00:00,Temperature,56.4830191203388,Field1,True
449,2024-01-19 16:00:00,Temperature,18.544054284125288,Field1,False
450,2024-01-19 17:00:00,SoilPH,15.04672692735578,Field2,False
451,2024-01-19 18:00:00,Humidity,47.24066294999051,Field1,False
452,2024-01-19 19:00:00,SoilMoisture,62.74211713810464,Field1,False
453,2024-01-19 20:00:00,SoilPH,51.060647257374825,Field2,False
454,2024-01-19 21:00:00,SoilMoisture,30.1578072689519,Field3,False
455,2024-01-19 22:00:00,SoilPH,0.8955827796950699,Field1,False
456,2024-01-19 23:00:00,Temperature,68.57578001070283,Field1,True
457,2024-01-20 00:00:00,SoilPH,83.09782841015571,Field4,False
458,2024-01-20 01:00:00,SoilMoisture,69.27417096328715,Field2,False
459,2024-01-20 02:00:00,Temperature,80.83435295110412,Field1,True
460,2024-01-20 03:00:00,SoilPH,1.0201770319952177,Field1,False
461,2024-01-20 04:00:00,Humidity,12.1219623123898,Field2,False
462,2024-01-20 05:00:00,Light,88.08400103849219,Field3,False
463,2024-01-20 06:00:00,SoilPH,59.61494459755892,Field2,False
464,2024-01-20 07:00:00,Humidity,15.783122535106363,Field2,False
465,2024-01-20 08:00:00,SoilMoisture,35.33483407305626,Field1,False
466,2024-01-20 09:00:00,Humidity,34.97366215477008,Field2,False
467,2024-01-20 10:00:00,Light,85.76432275430373,Field3,False
468,2024-01-20 11:00:00,Humidity,4.162157970087311,Field3,False
469,2024-01-20 12:00:00,SoilPH,63.93702527154012,Field3,False
470,2024-01-20 13:00:00,Humidity,3.192746587818507,Field3,False
471,2024-01-20 14:00:00,SoilPH,6.368680493549395,Field2,False
472,2024-01-20 15:00:00,SoilMoisture,60.06536320775934,Field2,False
473,2024-01-20 16:00:00,Light,86.65314846990496,Field2,False
474,2024-01-20 17:00:00,Humidity,79.77552995229519,Field3,False
475,2024-01-20 18:00:00,Light,82.55598980838748,Field4,False
476,2024-01-20 19:00:00,Humidity,21.916291420606136,Field4,False
477,2024-01-20 20:00:00,Light,16.982897892604644,Field4,False
478,2024-01-20 21:00:00,Humidity,69.57953197412375,Field4,False
479,2024-01-20 22:00:00,SoilMoisture,57.43438838789903,Field2,False
480,2024-01-20 23:00:00,SoilMoisture,22.587028606341,Field4,False
481,2024-01-21 00:00:00,SoilPH,0.2859712000418679,Field2,False
482,2024-01-21 01:00:00,Humidity,7.615331812652693,Field1,False
483,2024-01-21 02:00:00,SoilMoisture,95.44708292274682,Field4,False
484,2024-01-21 03:00:00,SoilMoisture,38.90547643362208,Field1,False
485,2024-01-21 04:00:00,Light,56.61580384017218,Field4,False
486,2024-01-21 05:00:00,SoilMoisture,76.1274494151814,Field4,False
487,2024-01-21 06:00:00,SoilMoisture,25.50983351975864,Field4,False
488,2024-01-21 07:00:00,SoilPH,96.39858892758288,Field2,False
489,2024-01-21 08:00:00,Temperature,74.11488858422732,Field4,True
490,2024-01-21 09:00:00,Light,70.91182163809452,Field1,False
491,2024-01-21 10:00:00,SoilMoisture,77.30424207070307,Field1,False
492,2024-01-21 11:00:00,Temperature,4.558079839446583,Field2,False
493,2024-01-21 12:00:00,Temperature,10.485204701159434,Field3,False
494,2024-01-21 13:00:00,SoilMoisture,67.21399019003607,Field3,False
495,2024-01-21 14:00:00,SoilPH,11.509140513890705,Field3,False
496,2024-01-21 15:00:00,Humidity,71.01419195960183,Field4,False
497,2024-01-21 16:00:00,SoilPH,10.96594546403844,Field4,False
498,2024-01-21 17:00:00,SoilMoisture,17.679775214370707,Field3,False
499,2024-01-21 18:00:00,Light,47.86662901911474,Field2,False
500,2024-01-21 19:00:00,Humidity,48.8642258533954,Field2,False
501,2024-01-21 20:00:00,Humidity,27.490686898126786,Field1,False
502,2024-01-21 21:00:00,SoilMoisture,38.317538525759545,Field4,False
503,2024-01-21 22:00:00,SoilMoisture,55.76298562416409,Field4,False
504,2024-01-21 23:00:00,Light,31.64165908214858,Field3,False
505,2024-01-22 00:00:00,SoilPH,34.4249405113494,Field4,False
506,2024-01-22 01:00:00,Light,52.40364116042117,Field2,False
507,2024-01-22 02:00:00,SoilMoisture,80.7353723848845,Field3,False
508,2024-01-22 03:00:00,Light,66.36799290041593,Field4,False
509,2024-01-22 04:00:00,SoilMoisture,16.549159905423714,Field2,False
510,2024-01-22 05:00:00,Humidity,20.958948356577768,Field4,False
511,2024-01-22 06:00:00,Light,10.740981750495605,Field2,False
512,2024-01-22 07:00:00,Temperature,77.69716959679776,Field3,True
513,2024-01-22 08:00:00,Humidity,79.82769740476883,Field1,False
514,2024-01-22 09:00:00,Temperature,63.600970353448325,Field1,True
515,2024-01-22 10:00:00,SoilMoisture,39.54839720680516,Field1,False
516,2024-01-22 11:00:00,Temperature,81.41188047382988,Field1,True
517,2024-01-22 12:00:00,SoilPH,63.86609489823438,Field3,False
518,2024-01-22 13:00:00,SoilMoisture,32.1150300020744,Field1,False
519,2024-01-22 14:00:00,Temperature,36.020400967354306,Field1,False
520,2024-01-22 15:00:00,SoilMoisture,12.050475716394471,Field3,False
521,2024-01-22 16:00:00,SoilPH,22.76379330036782,Field1,False
522,2024-01-22 17:00:00,Temperature,69.42788864969536,Field2,True
523,2024-01-22 18:00:00,Temperature,16.55658790104888,Field4,False
524,2024-01-22 19:00:00,Humidity,23.301553664918597,Field3,False
525,2024-01-22 20:00:00,Temperature,20.205217368729457,Field4,False
526,2024-01-22 21:00:00,Temperature,22.13515796654921,Field1,False
527,2024-01-22 22:00:00,SoilMoisture,78.3110982452168,Field1,False
528,2024-01-22 23:00:00,SoilPH,41.11858358861424,Field1,False
529,2024-01-23 00:00:00,Light,35.02951019398653,Field3,False
530,2024-01-23 01:00:00,SoilPH,92.27507225232488,Field3,False
531,2024-01-23 02:00:00,SoilPH,27.89436772816272,Field3,False
532,2024-01-23 03:00:00,Temperature,4.153532108749158,Field3,False
533,2024-01-23 04:00:00,Light,71.26692650281605,Field2,False
534,2024-01-23 05:00:00,Light,42.43221416308817,Field4,False
535,2024-01-23 06:00:00,SoilPH,43.468497842374745,Field4,False
536,2024-01-23 07:00:00,SoilMoisture,42.38275056771639,Field3,False
537,2024-01-23 08:00:00,Light,45.43577529937701,Field3,False
538,2024-01-23 09:00:00,Light,83.48446052340157,Field1,False
539,2024-01-23 10:00:00,SoilPH,51.88983651589532,Field4,False
540,2024-01-23 11:00:00,Humidity,31.240243855424037,Field3,False
541,2024-01-23 12:00:00,Light,9.205497273455176,Field3,False
542,2024-01-23 13:00:00,SoilPH,57.048021724947326,Field4,False
543,2024-01-23 14:00:00,Humidity,6.582689072453873,Field2,False
544,2024-01-23 15:00:00,SoilPH,52.6741640810579,Field1,False
545,2024-01-23 16:00:00,SoilPH,8.279908535361912,Field1,False
546,2024-01-23 17:00:00,SoilMoisture,59.887500487495295,Field3,False
547,2024-01-23 18:00:00,Temperature,41.03326297028311,Field2,False
548,2024-01-23 19:00:00,Humidity,1.2774909475632978,Field1,False
549,2024-01-23 20:00:00,Temperature,51.22169814554521,Field2,True
550,2024-01-23 21:00:00,Humidity,42.65235269904171,Field3,False
551,2024-01-23 22:00:00,Humidity,21.10808790844677,Field1,False
552,2024-01-23 23:00:00,Light,55.02456760273677,Field2,False
553,2024-01-24 00:00:00,SoilMoisture,12.02267417571704,Field4,False
554,2024-01-24 01:00:00,SoilMoisture,24.68556303771422,Field1,False
555,2024-01-24 02:00:00,SoilPH,92.46751834435518,Field2,False
556,2024-01-24 03:00:00,Temperature,1.3571496337677735,Field4,False
557,2024-01-24 04:00:00,SoilPH,7.754908537435112,Field4,False
558,2024-01-24 05:00:00,SoilMoisture,54.50782712485103,Field3,False
559,2024-01-24 06:00:00,SoilPH,85.85643097891642,Field4,False
560,2024-01-24 07:00:00,SoilMoisture,59.06448316576727,Field3,False
561,2024-01-24 08:00:00,SoilMoisture,21.271094538783878,Field3,False
562,2024-01-24 09:00:00,Humidity,56.17276324017229,Field4,False
563,2024-01-24 10:00:00,SoilPH,75.09349572651546,Field3,False
564,2024-01-24 11:00:00,Humidity,57.21838785369568,Field3,False
565,2024-01-24 12:00:00,SoilPH,48.45146289269741,Field3,False
566,2024-01-24 13:00:00,SoilMoisture,32.37910177250024,Field3,False
567,2024-01-24 14:00:00,SoilMoisture,63.73855720758503,Field1,False
568,2024-01-24 15:00:00,Light,34.764120812935886,Field3,False
569,2024-01-24 16:00:00,Humidity,7.670698867889303,Field3,False
570,2024-01-24 17:00:00,Temperature,70.98794022312053,Field1,True
571,2024-01-24 18:00:00,SoilPH,21.64266293475875,Field2,False
572,2024-01-24 19:00:00,Temperature,3.7958821930811015,Field4,False
573,2024-01-24 20:00:00,Light,61.43670267828265,Field3,False
574,2024-01-24 21:00:00,SoilMoisture,52.3079337887283,Field4,False
575,2024-01-24 22:00:00,Humidity,97.4299488577483,Field1,False
576,2024-01-24 23:00:00,Temperature,10.0931266470605,Field2,False
577,2024-01-25 00:00:00,Humidity,42.90127476773075,Field2,False
578,2024-01-25 01:00:00,SoilMoisture,49.90999863202481,Field2,False
579,2024-01-25 02:00:00,Humidity,19.61001687004217,Field1,False
580,2024-01-25 03:00:00,Humidity,71.08740419266789,Field1,False
581,2024-01-25 04:00:00,SoilPH,32.45482347956666,Field4,False
582,2024-01-25 05:00:00,Temperature,91.29052041710403,Field1,True
583,2024-01-25 06:00:00,Light,8.382268790144076,Field1,False
584,2024-01-25 07:00:00,Humidity,24.36201644036604,Field1,False
585,2024-01-25 08:00:00,Humidity,21.219148834234915,Field2,False
586,2024-01-25 09:00:00,Light,10.81589794776242,Field2,False
587,2024-01-25 10:00:00,Temperature,17.03349689324256,Field3,False
588,2024-01-25 11:00:00,SoilMoisture,44.46918462705624,Field4,False
589,2024-01-25 12:00:00,SoilPH,79.60221338868443,Field4,False
590,2024-01-25 13:00:00,Light,44.78775969772392,Field4,False
591,2024-01-25 14:00:00,Humidity,81.02826960439269,Field2,False
592,2024-01-25 15:00:00,SoilMoisture,81.9439167449489,Field3,False
593,2024-01-25 16:00:00,SoilPH,23.38777674906919,Field2,False
594,2024-01-25 17:00:00,Light,91.7273840090568,Field1,False
595,2024-01-25 18:00:00,Humidity,41.04334539888696,Field4,False
596,2024-01-25 19:00:00,Temperature,82.45063658588265,Field2,True
597,2024-01-25 20:00:00,Light,80.84717813312393,Field1,False
598,2024-01-25 21:00:00,Humidity,84.84725281850865,Field2,False
599,2024-01-25 22:00:00,SoilMoisture,4.90354775838312,Field2,False
600,2024-01-25 23:00:00,Light,84.27882526891518,Field3,False
601,2024-01-26 00:00:00,SoilPH,45.8046337929046,Field2,False
602,2024-01-26 01:00:00,Temperature,43.56494313485465,Field1,False
603,2024-01-26 02:00:00,Light,74.2711869762821,Field3,False
604,2024-01-26 03:00:00,Light,72.01227752510626,Field1,False
605,2024-01-26 04:00:00,Temperature,61.24319429070785,Field3,True
606,2024-01-26 05:00:00,SoilMoisture,59.023865673353626,Field3,False
607,2024-01-26 06:00:00,SoilPH,30.681541025430118,Field1,False
608,2024-01-26 07:00:00,Humidity,75.3269235567308,Field1,False
609,2024-01-26 08:00:00,SoilMoisture,69.52893095360983,Field1,False
610,2024-01-26 09:00:00,Humidity,25.289920207972266,Field3,False
611,2024-01-26 10:00:00,SoilPH,68.47409777619997,Field2,False
612,2024-01-26 11:00:00,SoilMoisture,66.93725733659404,Field2,False
613,2024-01-26 12:00:00,Light,15.534529829268816,Field4,False
614,2024-01-26 13:00:00,SoilMoisture,75.3115636430145,Field2,False
615,2024-01-26 14:00:00,Humidity,71.62416339650291,Field3,False
616,2024-01-26 15:00:00,Light,79.03078699197236,Field1,False
617,2024-01-26 16:00:00,Temperature,77.51615843334177,Field1,True
618,2024-01-26 17:00:00,SoilMoisture,20.053589453181765,Field1,False
619,2024-01-26 18:00:00,SoilMoisture,56.99065784865752,Field2,False
620,2024-01-26 19:00:00,Light,33.76703328329314,Field2,False
621,2024-01-26 20:00:00,SoilMoisture,73.71718437542552,Field4,False
622,2024-01-26 21:00:00,Light,40.1721028087764,Field4,False
623,2024-01-26 22:00:00,Temperature,42.23077059148649,Field3,False
624,2024-01-26 23:00:00,SoilMoisture,66.76963546716648,Field4,False
625,2024-01-27 00:00:00,Humidity,88.99951289922689,Field2,False
626,2024-01-27 01:00:00,SoilMoisture,12.637968093532317,Field3,False
627,2024-01-27 02:00:00,Light,8.805624487613706,Field4,False
628,2024-01-27 03:00:00,Light,99.36357100475377,Field1,False
629,2024-01-27 04:00:00,Humidity,48.13060064228812,Field3,False
630,2024-01-27 05:00:00,Humidity,47.18595696379992,Field1,False
631,2024-01-27 06:00:00,Light,84.47760605606871,Field4,False
632,2024-01-27 07:00:00,Light,98.05945526581596,Field2,False
633,2024-01-27 08:00:00,SoilMoisture,27.193139724723725,Field4,False
634,2024-01-27 09:00:00,Light,33.80304215476654,Field4,False
635,2024-01-27 10:00:00,Humidity,68.8102870490887,Field2,False
636,2024-01-27 11:00:00,SoilMoisture,85.70137357954212,Field2,False
637,2024-01-27 12:00:00,Light,26.8154021325384,Field4,False
638,2024-01-27 13:00:00,Temperature,1.3507201921661105,Field2,False
639,2024-01-27 14:00:00,Humidity,76.99558307812188,Field2,False
640,2024-01-27 15:00:00,Temperature,50.08054136967486,Field4,True
641,2024-01-27 16:00:00,SoilMoisture,14.15451434266264,Field2,False
642,2024-01-27 17:00:00,Humidity,17.080686010433553,Field3,False
643,2024-01-27 18:00:00,SoilMoisture,51.00873073238403,Field1,False
644,2024-01-27 19:00:00,SoilPH,10.702950793399534,Field3,False
645,2024-01-27 20:00:00,Humidity,78.51019139890386,Field2,False
646,2024-01-27 21:00:00,SoilMoisture,43.8493348564954,Field3,False
647,2024-01-27 22:00:00,Temperature,40.102875774503566,Field4,False
648,2024-01-27 23:00:00,SoilMoisture,9.087257426283868,Field1,False
649,2024-01-28 00:00:00,Light,32.5028907454891,Field2,False
650,2024-01-28 01:00:00,Light,54.09766212124664,Field4,False
651,2024-01-28 02:00:00,Temperature,19.20771973550879,Field3,False
652,2024-01-28 03:00:00,SoilMoisture,27.51885191170621,Field3,False
653,2024-01-28 04:00:00,Humidity,27.288109098501263,Field2,False
654,2024-01-28 05:00:00,Temperature,62.60793043055579,Field1,True
655,2024-01-28 06:00:00,SoilMoisture,16.53668710094992,Field4,False
656,2024-01-28 07:00:00,SoilPH,29.70374351689512,Field1,False
657,2024-01-28 08:00:00,Light,83.52661694921983,Field4,False
658,2024-01-28 09:00:00,Temperature,17.689518144226213,Field4,False
659,2024-01-28 10:00:00,SoilMoisture,28.03731633171298,Field4,False
660,2024-01-28 11:00:00,SoilPH,86.0174647798669,Field3,False
661,2024-01-28 12:00:00,Light,24.23846384459356,Field1,False
662,2024-01-28 13:00:00,SoilPH,47.46193377332386,Field4,False
663,2024-01-28 14:00:00,Temperature,27.8284476955068,Field4,False
664,2024-01-28 15:00:00,SoilMoisture,34.96914507002843,Field1,False
665,2024-01-28 16:00:00,SoilPH,88.92095302959923,Field2,False
666,2024-01-28 17:00:00,SoilPH,53.557732972066006,Field4,False
667,2024-01-28 18:00:00,SoilPH,67.96745619611434,Field2,False
668,2024-01-28 19:00:00,Humidity,96.25241348628197,Field2,False
669,2024-01-28 20:00:00,SoilPH,80.95098569477595,Field3,False
670,2024-01-28 21:00:00,SoilMoisture,16.020647894687734,Field1,False
671,2024-01-28 22:00:00,SoilMoisture,8.460066519141908,Field4,False
672,2024-01-28 23:00:00,SoilMoisture,68.07621671043036,Field1,False
673,2024-01-29 00:00:00,Light,69.34470419307688,Field2,False
674,2024-01-29 01:00:00,SoilPH,89.14030024277866,Field1,False
675,2024-01-29 02:00:00,Temperature,85.69806798103644,Field4,True
676,2024-01-29 03:00:00,Light,41.440155360968966,Field2,False
677,2024-01-29 04:00:00,Humidity,4.38422530790008,Field4,False
678,2024-01-29 05:00:00,SoilMoisture,96.13785596917944,Field3,False
679,2024-01-29 06:00:00,Humidity,12.10485759038864,Field4,False
680,2024-01-29 07:00:00,Light,84.83890014889788,Field1,False
681,2024-01-29 08:00:00,Humidity,54.04948244477155,Field3,False
682,2024-01-29 09:00:00,Light,14.953531498418304,Field3,False
683,2024-01-29 10:00:00,Humidity,77.84521420879135,Field3,False
684,2024-01-29 11:00:00,SoilMoisture,65.84642328372932,Field1,False
685,2024-01-29 12:00:00,SoilPH,88.86065091350773,Field1,False
686,2024-01-29 13:00:00,SoilMoisture,71.94545389187982,Field1,False
687,2024-01-29 14:00:00,SoilMoisture,99.01886199617496,Field3,False
688,2024-01-29 15:00:00,SoilMoisture,51.39357164335336,Field1,False
689,2024-01-29 16:00:00,SoilPH,99.64057022126136,Field3,False
690,2024-01-29 17:00:00,SoilMoisture,20.50547140365109,Field1,False
691,2024-01-29 18:00:00,Light,99.1508331973836,Field2,False
692,2024-01-29 19:00:00,Humidity,69.25742403585821,Field4,False
693,2024-01-29 20:00:00,SoilPH,79.55670971688933,Field1,False
694,2024-01-29 21:00:00,Temperature,42.4174179765192,Field2,False
695,2024-01-29 22:00:00,Light,5.347571977666843,Field4,False
696,2024-01-29 23:00:00,SoilPH,27.272288424136203,Field2,False
697,2024-01-30 00:00:00,Humidity,14.83065331393335,Field1,False
698,2024-01-30 01:00:00,SoilPH,59.05531257414487,Field1,False
699,2024-01-30 02:00:00,Light,13.019963490694009,Field2,False
700,2024-01-30 03:00:00,Light,1.5495891660422645,Field1,False
701,2024-01-30 04:00:00,Temperature,85.7732526694876,Field2,True
702,2024-01-30 05:00:00,SoilMoisture,90.33581725047968,Field3,False
703,2024-01-30 06:00:00,Humidity,38.523078213631145,Field3,False
704,2024-01-30 07:00:00,Light,72.53628221303033,Field3,False
705,2024-01-30 08:00:00,Light,95.42445443534793,Field2,False
706,2024-01-30 09:00:00,Humidity,75.35643852982113,Field1,False
707,2024-01-30 10:00:00,Light,52.301460811767406,Field4,False
708,2024-01-30 11:00:00,Temperature,4.479689965779032,Field4,False
709,2024-01-30 12:00:00,Temperature,32.324280577522146,Field1,False
710,2024-01-30 13:00:00,SoilMoisture,16.964855853319815,Field4,False
711,2024-01-30 14:00:00,SoilPH,39.85145812181295,Field3,False
712,2024-01-30 15:00:00,Humidity,68.55401028030312,Field4,False
713,2024-01-30 16:00:00,Temperature,29.84702588194828,Field4,False
714,2024-01-30 17:00:00,Temperature,46.03027478600917,Field3,False
715,2024-01-30 18:00:00,Temperature,48.55860914471335,Field2,False
716,2024-01-30 19:00:00,Temperature,67.64717807036787,Field4,True
717,2024-01-30 20:00:00,SoilMoisture,22.756886930785857,Field3,False
718,2024-01-30 21:00:00,Light,54.530445591599296,Field1,False
719,2024-01-30 22:00:00,Temperature,26.75337231735353,Field3,False
720,2024-01-30 23:00:00,SoilMoisture,64.12789413243783,Field2,False
721,2024-01-31 00:00:00,SoilPH,46.13098737049359,Field4,False
722,2024-01-31 01:00:00,Light,10.930239005406705,Field2,False
723,2024-01-31 02:00:00,SoilPH,94.11202139147974,Field1,False
724,2024-01-31 03:00:00,Light,85.01485927045186,Field4,False
725,2024-01-31 04:00:00,Light,41.26140861656765,Field4,False
726,2024-01-31 05:00:00,Light,82.2672359312485,Field4,False
727,2024-01-31 06:00:00,SoilMoisture,23.434100220238665,Field3,False
728,2024-01-31 07:00:00,Humidity,92.87037769482043,Field2,False
729,2024-01-31 08:00:00,SoilPH,48.95932062038566,Field3,False
730,2024-01-31 09:00:00,Light,23.61635160547469,Field1,False
731,2024-01-31 10:00:00,Light,34.093737435167945,Field1,False
732,2024-01-31 11:00:00,Temperature,44.96557311670008,Field3,False
733,2024-01-31 12:00:00,Temperature,44.75665837950591,Field4,False
734,2024-01-31 13:00:00,SoilMoisture,88.55531075319806,Field4,False
735,2024-01-31 14:00:00,Light,68.69349487837079,Field4,False
736,2024-01-31 15:00:00,SoilPH,63.46131157417831,Field3,False
737,2024-01-31 16:00:00,SoilPH,83.91886703352259,Field2,False
738,2024-01-31 17:00:00,Temperature,77.14838381063383,Field4,True
739,2024-01-31 18:00:00,Temperature,43.13159130605133,Field1,False
740,2024-01-31 19:00:00,Humidity,8.870805500324385,Field1,False
741,2024-01-31 20:00:00,Light,73.66406364084304,Field2,False
742,2024-01-31 21:00:00,Light,4.592943987484787,Field1,False
743,2024-01-31 22:00:00,Temperature,14.682368763693832,Field2,False
744,2024-01-31 23:00:00,Temperature,28.08531319048925,Field2,False
745,2024-02-01 00:00:00,Temperature,26.45207488381591,Field1,False
746,2024-02-01 01:00:00,Humidity,13.008780942265364,Field2,False
747,2024-02-01 02:00:00,Humidity,11.817627918960447,Field2,False
748,2024-02-01 03:00:00,Humidity,64.54183765671665,Field2,False
749,2024-02-01 04:00:00,Light,30.00878206929748,Field1,False
750,2024-02-01 05:00:00,Humidity,44.70280717982418,Field4,False
751,2024-02-01 06:00:00,Light,47.957001509283046,Field3,False
752,2024-02-01 07:00:00,Temperature,90.81148103923134,Field4,True
753,2024-02-01 08:00:00,Light,35.449546558588985,Field2,False
754,2024-02-01 09:00:00,SoilPH,46.02564062254467,Field3,False
755,2024-02-01 10:00:00,SoilMoisture,68.23262263543985,Field1,False
756,2024-02-01 11:00:00,Temperature,68.18701307051639,Field3,True
757,2024-02-01 12:00:00,SoilPH,94.4732512438393,Field1,False
758,2024-02-01 13:00:00,SoilMoisture,52.49250681542025,Field1,False
759,2024-02-01 14:00:00,SoilPH,5.208258134103172,Field1,False
760,2024-02-01 15:00:00,SoilMoisture,5.421014948299474,Field3,False
761,2024-02-01 16:00:00,SoilMoisture,73.47971484731389,Field4,False
762,2024-02-01 17:00:00,Humidity,73.23863416797968,Field2,False
763,2024-02-01 18:00:00,SoilPH,4.933561545407173,Field2,False
764,2024-02-01 19:00:00,SoilPH,12.594410006633872,Field3,False
765,2024-02-01 20:00:00,Temperature,14.723553354220032,Field2,False
766,2024-02-01 21:00:00,Light,7.448442730747129,Field2,False
767,2024-02-01 22:00:00,SoilPH,84.30861512940476,Field3,False
768,2024-02-01 23:00:00,SoilPH,98.90944098555576,Field1,False
769,2024-02-02 00:00:00,Temperature,10.275574842726463,Field1,False
770,2024-02-02 01:00:00,Temperature,10.366973755456687,Field1,False
771,2024-02-02 02:00:00,Humidity,56.550534379652525,Field2,False
772,2024-02-02 03:00:00,Light,82.49830974553369,Field3,False
773,2024-02-02 04:00:00,Light,15.746367769945424,Field2,False
774,2024-02-02 05:00:00,Humidity,35.290874660396554,Field4,False
775,2024-02-02 06:00:00,Temperature,19.15446810450382,Field2,False
776,2024-02-02 07:00:00,Temperature,23.114797090733475,Field1,False
777,2024-02-02 08:00:00,Temperature,10.87432592595774,Field4,False
778,2024-02-02 09:00:00,SoilPH,41.8270798866949,Field2,False
779,2024-02-02 10:00:00,Light,13.579181638583492,Field1,False
780,2024-02-02 11:00:00,Light,44.166104222767885,Field3,False
781,2024-02-02 12:00:00,SoilMoisture,38.928227067053726,Field2,False
782,2024-02-02 13:00:00,SoilMoisture,31.929895706622315,Field2,False
783,2024-02-02 14:00:00,SoilPH,38.40648207216103,Field1,False
784,2024-02-02 15:00:00,SoilPH,67.18942991853085,Field3,False
785,2024-02-02 16:00:00,Light,11.89727984996065,Field1,False
786,2024-02-02 17:00:00,SoilMoisture,58.38073485729808,Field1,False
787,2024-02-02 18:00:00,Humidity,14.278059487321892,Field3,False
788,2024-02-02 19:00:00,Temperature,34.24786792492929,Field2,False
789,2024-02-02 20:00:00,Light,66.51192004727487,Field4,False
790,2024-02-02 21:00:00,Humidity,55.07715925944834,Field3,False
791,2024-02-02 22:00:00,SoilPH,20.006573997629616,Field2,False
792,2024-02-02 23:00:00,Temperature,35.502511436441566,Field1,False
793,2024-02-03 00:00:00,SoilPH,14.827113870675834,Field3,False
794,2024-02-03 01:00:00,SoilMoisture,70.94458290881724,Field3,False
795,2024-02-03 02:00:00,Humidity,91.00270647650048,Field1,False
796,2024-02-03 03:00:00,Temperature,17.079611249801996,Field4,False
797,2024-02-03 04:00:00,Temperature,61.441776366807446,Field2,True
798,2024-02-03 05:00:00,SoilPH,48.31670757616583,Field3,False
799,2024-02-03 06:00:00,Light,37.41004528660453,Field3,False
800,2024-02-03 07:00:00,Humidity,53.025570899555404,Field2,False
801,2024-02-03 08:00:00,Temperature,12.097884879594536,Field3,False
802,2024-02-03 09:00:00,Temperature,53.90988800505154,Field2,True
803,2024-02-03 10:00:00,SoilMoisture,65.8895520572861,Field1,False
804,2024-02-03 11:00:00,Humidity,92.942862500457,Field1,False
805,2024-02-03 12:00:00,Humidity,87.42596644253224,Field3,False
806,2024-02-03 13:00:00,Temperature,17.3695613722865,Field1,False
807,2024-02-03 14:00:00,Humidity,0.9830725367809934,Field2,False
808,2024-02-03 15:00:00,Humidity,62.39378013008693,Field4,False
809,2024-02-03 16:00:00,Temperature,70.54325596109388,Field1,True
810,2024-02-03 17:00:00,Temperature,85.58909376816032,Field4,True
811,2024-02-03 18:00:00,SoilPH,44.290618152106354,Field3,False
812,2024-02-03 19:00:00,SoilPH,5.671622648423924,Field4,False
813,2024-02-03 20:00:00,SoilPH,29.791974420008728,Field3,False
814,2024-02-03 21:00:00,SoilPH,78.87749258904235,Field3,False
815,2024-02-03 22:00:00,Humidity,60.18371255552925,Field1,False
816,2024-02-03 23:00:00,SoilMoisture,65.5023933805284,Field2,False
817,2024-02-04 00:00:00,Temperature,66.15002906500811,Field3,True
818,2024-02-04 01:00:00,Temperature,50.956599320263166,Field1,True
819,2024-02-04 02:00:00,Light,71.46237126250142,Field2,False
820,2024-02-04 03:00:00,SoilMoisture,12.618039972126772,Field2,False
821,2024-02-04 04:00:00,SoilMoisture,82.63267263118357,Field3,False
822,2024-02-04 05:00:00,Temperature,37.1234768387233,Field4,False
823,2024-02-04 06:00:00,SoilMoisture,28.708635007080986,Field3,False
824,2024-02-04 07:00:00,Light,72.39776382641642,Field2,False
825,2024-02-04 08:00:00,Humidity,43.880729904168334,Field4,False
826,2024-02-04 09:00:00,SoilPH,7.697547265670979,Field1,False
827,2024-02-04 10:00:00,Light,76.97125721096147,Field4,False
828,2024-02-04 11:00:00,SoilPH,99.09984779143043,Field1,False
829,2024-02-04 12:00:00,Temperature,30.122493432437068,Field4,False
830,2024-02-04 13:00:00,Humidity,85.14453986943789,Field2,False
831,2024-02-04 14:00:00,Light,10.398281404548538,Field4,False
832,2024-02-04 15:00:00,SoilMoisture,20.428116516566764,Field4,False
833,2024-02-04 16:00:00,Humidity,0.7263910407033225,Field1,False
834,2024-02-04 17:00:00,Light,19.097318523617968,Field4,False
835,2024-02-04 18:00:00,Humidity,66.03438239842394,Field2,False
836,2024-02-04 19:00:00,Temperature,29.16477237455701,Field1,False
837,2024-02-04 20:00:00,SoilMoisture,4.150262070858157,Field4,False
838,2024-02-04 21:00:00,SoilPH,1.2492237924331295,Field2,False
839,2024-02-04 22:00:00,SoilPH,30.412765525632224,Field3,False
840,2024-02-04 23:00:00,SoilPH,24.03428596871324,Field3,False
841,2024-02-05 00:00:00,Light,38.81963932267659,Field4,False
842,2024-02-05 01:00:00,Humidity,35.983915937673274,Field1,False
843,2024-02-05 02:00:00,SoilMoisture,12.619249382514608,Field1,False
844,2024-02-05 03:00:00,SoilMoisture,33.74063728799372,Field3,False
845,2024-02-05 04:00:00,Light,77.01797762433429,Field3,False
846,2024-02-05 05:00:00,SoilMoisture,6.637331404869284,Field2,False
847,2024-02-05 06:00:00,SoilMoisture,22.07196687774875,Field4,False
848,2024-02-05 07:00:00,Humidity,21.854122139062227,Field3,False
849,2024-02-05 08:00:00,Humidity,7.825570760731648,Field3,False
850,2024-02-05 09:00:00,Humidity,84.69187966157506,Field1,False
851,2024-02-05 10:00:00,Light,84.28577432441617,Field1,False
852,2024-02-05 11:00:00,Light,55.873501095396506,Field4,False
853,2024-02-05 12:00:00,Light,51.05466367632929,Field1,False
854,2024-02-05 13:00:00,SoilMoisture,0.0656033728000604,Field2,False
855,2024-02-05 14:00:00,SoilPH,25.74888405771426,Field4,False
856,2024-02-05 15:00:00,SoilMoisture,88.66602429729184,Field4,False
857,2024-02-05 16:00:00,Humidity,67.04450202377868,Field2,False
858,2024-02-05 17:00:00,SoilPH,32.86255720688565,Field4,False
859,2024-02-05 18:00:00,Temperature,8.597668306396988,Field1,False
860,2024-02-05 19:00:00,SoilPH,94.4564050928615,Field4,False
861,2024-02-05 20:00:00,Humidity,53.67622869111612,Field3,False
862,2024-02-05 21:00:00,Humidity,80.44376526264665,Field1,False
863,2024-02-05 22:00:00,Humidity,94.76785007972708,Field4,False
864,2024-02-05 23:00:00,Humidity,50.05424108401408,Field4,False
865,2024-02-06 00:00:00,Temperature,98.21143491703312,Field1,True
866,2024-02-06 01:00:00,SoilPH,88.158464855713,Field1,False
867,2024-02-06 02:00:00,Temperature,67.13559654668492,Field1,True
868,2024-02-06 03:00:00,SoilMoisture,20.63911464793753,Field2,False
869,2024-02-06 04:00:00,SoilPH,18.76580049229573,Field1,False
870,2024-02-06 05:00:00,SoilMoisture,25.063825270064,Field1,False
871,2024-02-06 06:00:00,SoilMoisture,67.92496508995303,Field4,False
872,2024-02-06 07:00:00,SoilMoisture,12.240401048865955,Field2,False
873,2024-02-06 08:00:00,Humidity,15.966305092308176,Field2,False
874,2024-02-06 09:00:00,SoilPH,5.813060501489908,Field2,False
875,2024-02-06 10:00:00,Light,94.18834886956644,Field2,False
876,2024-02-06 11:00:00,SoilPH,77.55343600472946,Field3,False
877,2024-02-06 12:00:00,Humidity,30.845899185472742,Field3,False
878,2024-02-06 13:00:00,SoilPH,58.576046859393614,Field2,False
879,2024-02-06 14:00:00,Humidity,14.912670739655631,Field2,False
880,2024-02-06 15:00:00,SoilPH,45.26569623357528,Field1,False
881,2024-02-06 16:00:00,SoilPH,26.01238989026016,Field1,False
882,2024-02-06 17:00:00,SoilMoisture,20.960807562876816,Field4,False
883,2024-02-06 18:00:00,Temperature,91.02063212097552,Field1,True
884,2024-02-06 19:00:00,SoilPH,5.083838533480045,Field1,False
885,2024-02-06 20:00:00,Light,21.52580042223189,Field1,False
886,2024-02-06 21:00:00,Temperature,86.21778234143488,Field4,True
887,2024-02-06 22:00:00,Light,92.55769602066437,Field2,False
888,2024-02-06 23:00:00,SoilPH,74.94730754615375,Field2,False
889,2024-02-07 00:00:00,Humidity,66.55875380935471,Field4,False
890,2024-02-07 01:00:00,SoilPH,53.073462802882766,Field3,False
891,2024-02-07 02:00:00,SoilMoisture,42.61477216296181,Field3,False
892,2024-02-07 03:00:00,Humidity,43.80705510818896,Field2,False
893,2024-02-07 04:00:00,Light,73.67657650683262,Field3,False
894,2024-02-07 05:00:00,SoilPH,38.8415331860464,Field1,False
895,2024-02-07 06:00:00,SoilPH,16.002668395243013,Field1,False
896,2024-02-07 07:00:00,Humidity,88.29950569567654,Field4,False
897,2024-02-07 08:00:00,SoilPH,36.66053505898479,Field2,False
898,2024-02-07 09:00:00,Temperature,42.51331387178522,Field3,False
899,2024-02-07 10:00:00,Light,73.56590720531014,Field3,False
900,2024-02-07 11:00:00,SoilPH,5.2508612608021865,Field2,False
901,2024-02-07 12:00:00,SoilPH,26.62290939070995,Field2,False
902,2024-02-07 13:00:00,Humidity,30.7066475094415,Field3,False
903,2024-02-07 14:00:00,SoilMoisture,66.01192291449932,Field1,False
904,2024-02-07 15:00:00,Light,60.32014286421682,Field2,False
905,2024-02-07 16:00:00,Temperature,85.84212991334445,Field2,True
906,2024-02-07 17:00:00,Temperature,29.66932040826743,Field3,False
907,2024-02-07 18:00:00,Humidity,6.187352951734082,Field3,False
908,2024-02-07 19:00:00,Temperature,63.737826928552735,Field1,True
909,2024-02-07 20:00:00,SoilMoisture,88.38026803351778,Field1,False
910,2024-02-07 21:00:00,SoilPH,8.14427259394832,Field3,False
911,2024-02-07 22:00:00,Light,51.53472573997546,Field2,False
912,2024-02-07 23:00:00,SoilPH,44.45771132826725,Field1,False
913,2024-02-08 00:00:00,Humidity,36.66214055725708,Field2,False
914,2024-02-08 01:00:00,SoilPH,64.51866794340782,Field4,False
915,2024-02-08 02:00:00,SoilMoisture,35.49387922638642,Field3,False
916,2024-02-08 03:00:00,Temperature,74.2777106743218,Field1,True
917,2024-02-08 04:00:00,Light,6.571958698577163,Field2,False
918,2024-02-08 05:00:00,SoilMoisture,41.58775498867271,Field4,False
919,2024-02-08 06:00:00,Humidity,45.605607193197685,Field4,False
920,2024-02-08 07:00:00,Light,86.48080810051478,Field1,False
921,2024-02-08 08:00:00,SoilPH,20.00228433974573,Field4,False
922,2024-02-08 09:00:00,Humidity,57.21836247044255,Field4,False
923,2024-02-08 10:00:00,SoilPH,46.70991129260401,Field3,False
924,2024-02-08 11:00:00,SoilMoisture,51.5266547369372,Field2,False
925,2024-02-08 12:00:00,SoilMoisture,25.09480102613176,Field2,False
926,2024-02-08 13:00:00,Humidity,52.65145329139141,Field1,False
927,2024-02-08 14:00:00,Temperature,1.105727355484687,Field2,False
928,2024-02-08 15:00:00,Humidity,63.91151816048354,Field4,False
929,2024-02-08 16:00:00,Temperature,60.84711244911358,Field2,True
930,2024-02-08 17:00:00,Humidity,38.11975209106364,Field2,False
931,2024-02-08 18:00:00,Humidity,97.90949917914412,Field4,False
932,2024-02-08 19:00:00,Light,58.04274101885704,Field4,False
933,2024-02-08 20:00:00,Temperature,38.58677877655413,Field3,False
934,2024-02-08 21:00:00,Temperature,66.84721794141777,Field1,True
935,2024-02-08 22:00:00,SoilMoisture,85.79159784346047,Field3,False
936,2024-02-08 23:00:00,SoilPH,13.920374495240171,Field2,False
937,2024-02-09 00:00:00,SoilMoisture,42.20297840932823,Field4,False
938,2024-02-09 01:00:00,Temperature,81.63037481860258,Field4,True
939,2024-02-09 02:00:00,Light,41.94109160371527,Field3,False
940,2024-02-09 03:00:00,Temperature,55.4813400511566,Field1,True
941,2024-02-09 04:00:00,SoilPH,17.940123741194157,Field2,False
942,2024-02-09 05:00:00,SoilPH,14.247002638143968,Field4,False
943,2024-02-09 06:00:00,Humidity,64.24014172368258,Field3,False
944,2024-02-09 07:00:00,Light,1.4294059873246612,Field4,False
945,2024-02-09 08:00:00,SoilMoisture,93.94443224146308,Field2,False
946,2024-02-09 09:00:00,Light,22.961306301183736,Field4,False
947,2024-02-09 10:00:00,Humidity,7.244013920931325,Field4,False
948,2024-02-09 11:00:00,Temperature,8.259463239747955,Field2,False
949,2024-02-09 12:00:00,SoilPH,46.39946123100703,Field2,False
950,2024-02-09 13:00:00,Temperature,69.45049480604078,Field1,True
951,2024-02-09 14:00:00,Temperature,93.43480323271822,Field1,True
952,2024-02-09 15:00:00,Humidity,45.72456609622944,Field4,False
953,2024-02-09 16:00:00,SoilMoisture,5.762152641996565,Field3,False
954,2024-02-09 17:00:00,Temperature,88.85252037694859,Field2,True
955,2024-02-09 18:00:00,SoilPH,19.876251246952936,Field1,False
956,2024-02-09 19:00:00,SoilPH,70.78911031563955,Field3,False
957,2024-02-09 20:00:00,SoilMoisture,52.44487967268549,Field4,False
958,2024-02-09 21:00:00,SoilMoisture,32.62582166409073,Field3,False
959,2024-02-09 22:00:00,Humidity,8.76198109334727,Field1,False
960,2024-02-09 23:00:00,Light,59.63617902139632,Field2,False
961,2024-02-10 00:00:00,SoilPH,22.10338352023661,Field3,False
962,2024-02-10 01:00:00,Temperature,59.90184766349936,Field3,True
963,2024-02-10 02:00:00,Humidity,61.99424869552287,Field4,False
964,2024-02-10 03:00:00,SoilMoisture,59.72632332343919,Field4,False
965,2024-02-10 04:00:00,Temperature,16.11611619286454,Field4,False
966,2024-02-10 05:00:00,Light,47.204258127955214,Field4,False
967,2024-02-10 06:00:00,SoilMoisture,63.7767276472053,Field3,False
968,2024-02-10 07:00:00,Light,0.4619557198031754,Field4,False
969,2024-02-10 08:00:00,Light,71.96872486075733,Field3,False
970,2024-02-10 09:00:00,SoilPH,34.2235820528248,Field1,False
971,2024-02-10 10:00:00,SoilPH,35.80363471346647,Field3,False
972,2024-02-10 11:00:00,Light,3.678519314018913,Field2,False
973,2024-02-10 12:00:00,SoilPH,64.84829137324398,Field2,False
974,2024-02-10 13:00:00,SoilMoisture,74.98742656698606,Field3,False
975,2024-02-10 14:00:00,Light,42.55480070917979,Field2,False
976,2024-02-10 15:00:00,Light,15.259871013180092,Field4,False
977,2024-02-10 16:00:00,Humidity,12.518932602592258,Field3,False
978,2024-02-10 17:00:00,Humidity,19.01484501937518,Field2,False
979,2024-02-10 18:00:00,Humidity,99.40620249129252,Field4,False
980,2024-02-10 19:00:00,Humidity,44.60931573146302,Field2,False
981,2024-02-10 20:00:00,Temperature,65.75142530399145,Field2,True
982,2024-02-10 21:00:00,Humidity,70.47170942066242,Field1,False
983,2024-02-10 22:00:00,SoilMoisture,13.369960990531728,Field4,False
984,2024-02-10 23:00:00,Temperature,34.468064373931995,Field1,False
985,2024-02-11 00:00:00,SoilMoisture,85.53401080243073,Field2,False
986,2024-02-11 01:00:00,Humidity,40.79447184700194,Field3,False
987,2024-02-11 02:00:00,Light,62.57648704634725,Field2,False
988,2024-02-11 03:00:00,Temperature,64.52399903895542,Field2,True
989,2024-02-11 04:00:00,Light,46.24387722042093,Field4,False
990,2024-02-11 05:00:00,SoilMoisture,75.96144258836758,Field4,False
991,2024-02-11 06:00:00,SoilMoisture,67.23196689217609,Field2,False
992,2024-02-11 07:00:00,Temperature,6.295019433573512,Field4,False
993,2024-02-11 08:00:00,SoilMoisture,90.4315876398978,Field1,False
994,2024-02-11 09:00:00,Temperature,25.485902833352192,Field4,False
995,2024-02-11 10:00:00,SoilMoisture,30.90598767895856,Field4,False
996,2024-02-11 11:00:00,Light,87.93054801634759,Field3,False
997,2024-02-11 12:00:00,SoilPH,39.268927032008335,Field2,False
998,2024-02-11 13:00:00,Humidity,64.960966215401,Field4,False
999,2024-02-11 14:00:00,Humidity,56.43729246433848,Field1,False
1000,2024-02-11 15:00:00,SoilPH,82.75135126676358,Field4,False
1001,2024-02-11 16:00:00,SoilPH,23.80042832879087,Field3,False
1002,2024-02-11 17:00:00,Temperature,47.29810351215728,Field4,False
1003,2024-02-11 18:00:00,SoilMoisture,52.39063203090439,Field4,False
1004,2024-02-11 19:00:00,Light,45.749734224734986,Field4,False
1005,2024-02-11 20:00:00,Humidity,24.794791708498497,Field1,False
1006,2024-02-11 21:00:00,SoilPH,39.17205938057781,Field1,False
1007,2024-02-11 22:00:00,SoilPH,27.640055391874498,Field4,False
1008,2024-02-11 23:00:00,SoilPH,92.36912257673092,Field2,False
1009,2024-02-12 00:00:00,SoilMoisture,87.42039935805236,Field3,False
1010,2024-02-12 01:00:00,Light,50.552503899347215,Field2,False
1011,2024-02-12 02:00:00,SoilPH,18.684746045798335,Field2,False
1012,2024-02-12 03:00:00,Light,95.58980551329738,Field2,False
1013,2024-02-12 04:00:00,Humidity,75.91104590304496,Field4,False
1014,2024-02-12 05:00:00,Temperature,43.60705053133687,Field1,False
1015,2024-02-12 06:00:00,Temperature,57.14262788075498,Field2,True
1016,2024-02-12 07:00:00,Humidity,53.68189262427811,Field2,False
1017,2024-02-12 08:00:00,Temperature,2.345552803235984,Field3,False
1018,2024-02-12 09:00:00,SoilPH,29.163190270339054,Field4,False
1019,2024-02-12 10:00:00,SoilMoisture,43.44849531865147,Field2,False
1020,2024-02-12 11:00:00,Temperature,38.201893815470086,Field3,False
1021,2024-02-12 12:00:00,Humidity,79.29571003571783,Field4,False
1022,2024-02-12 13:00:00,SoilMoisture,37.02236899242139,Field1,False
1023,2024-02-12 14:00:00,Humidity,91.24191259758324,Field2,False
1024,2024-02-12 15:00:00,SoilPH,52.744352123999136,Field1,False
1025,2024-02-12 16:00:00,Humidity,46.3428167686343,Field3,False
1026,2024-02-12 17:00:00,SoilPH,85.34484724104851,Field1,False
1027,2024-02-12 18:00:00,Temperature,2.305609462183267,Field1,False
1028,2024-02-12 19:00:00,SoilMoisture,92.34817467633304,Field2,False
1029,2024-02-12 20:00:00,Light,51.71409679498728,Field1,False
1030,2024-02-12 21:00:00,SoilMoisture,44.04082009856801,Field2,False
1031,2024-02-12 22:00:00,Light,13.253831913066929,Field3,False
1032,2024-02-12 23:00:00,Temperature,23.45242123461462,Field3,False
1033,2024-02-13 00:00:00,Humidity,30.628981561663814,Field1,False
1034,2024-02-13 01:00:00,SoilPH,32.82427015092683,Field4,False
1035,2024-02-13 02:00:00,SoilPH,5.118818011705317,Field4,False
1036,2024-02-13 03:00:00,SoilPH,23.245360341331452,Field3,False
1037,2024-02-13 04:00:00,Temperature,73.44855106437497,Field4,True
1038,2024-02-13 05:00:00,Temperature,7.928095548398262,Field3,False
1039,2024-02-13 06:00:00,Light,20.735072210831408,Field2,False
1040,2024-02-13 07:00:00,SoilMoisture,16.963338851075495,Field3,False
1041,2024-02-13 08:00:00,SoilMoisture,85.58238983789657,Field2,False
1042,2024-02-13 09:00:00,Humidity,70.35452010979016,Field4,False
1043,2024-02-13 10:00:00,Light,22.758692783123543,Field1,False
1044,2024-02-13 11:00:00,Temperature,78.93303262725048,Field2,True
1045,2024-02-13 12:00:00,Temperature,49.20288565518484,Field4,False
1046,2024-02-13 13:00:00,SoilPH,4.568571259415721,Field3,False
1047,2024-02-13 14:00:00,Light,54.479014036762266,Field4,False
1048,2024-02-13 15:00:00,Light,45.28410607114264,Field4,False
1049,2024-02-13 16:00:00,Temperature,64.07878078626304,Field1,True
1050,2024-02-13 17:00:00,Light,45.20032550401818,Field3,False
1051,2024-02-13 18:00:00,SoilPH,94.87169994366684,Field1,False
1052,2024-02-13 19:00:00,SoilPH,65.43001019103123,Field2,False
1053,2024-02-13 20:00:00,Temperature,16.82734339426292,Field4,False
1054,2024-02-13 21:00:00,Temperature,70.23192275317452,Field4,True
1055,2024-02-13 22:00:00,Light,44.152744323765525,Field2,False
1056,2024-02-13 23:00:00,Light,79.88938530485315,Field2,False
1057,2024-02-14 00:00:00,SoilMoisture,30.284970458910053,Field2,False
1058,2024-02-14 01:00:00,Light,78.5935820456824,Field3,False
1059,2024-02-14 02:00:00,Light,24.865843938165288,Field4,False
1060,2024-02-14 03:00:00,Humidity,1.9987514061511336,Field1,False
1061,2024-02-14 04:00:00,Temperature,12.458487680385131,Field3,False
1062,2024-02-14 05:00:00,Light,18.725649641299302,Field2,False
1063,2024-02-14 06:00:00,Humidity,7.149877319840147,Field4,False
1064,2024-02-14 07:00:00,Light,86.5219417393701,Field3,False
1065,2024-02-14 08:00:00,Temperature,54.11693917376943,Field3,True
1066,2024-02-14 09:00:00,SoilMoisture,36.224049847115936,Field2,False
1067,2024-02-14 10:00:00,SoilPH,61.15477549131345,Field3,False
1068,2024-02-14 11:00:00,Temperature,78.57493974861065,Field1,True
1069,2024-02-14 12:00:00,Temperature,82.05339045734755,Field2,True
1070,2024-02-14 13:00:00,Humidity,56.0069229362796,Field2,False
1071,2024-02-14 14:00:00,Humidity,69.14194128998041,Field1,False
1072,2024-02-14 15:00:00,Humidity,26.24772962891736,Field1,False
1073,2024-02-14 16:00:00,SoilMoisture,21.157143966884018,Field1,False
1074,2024-02-14 17:00:00,Humidity,29.290761256894427,Field3,False
1075,2024-02-14 18:00:00,Temperature,68.74024790953274,Field2,True
1076,2024-02-14 19:00:00,Humidity,26.961164465699326,Field1,False
1077,2024-02-14 20:00:00,Light,11.6776479633932,Field1,False
1078,2024-02-14 21:00:00,Light,49.64951784162923,Field1,False
1079,2024-02-14 22:00:00,SoilPH,70.90403409379104,Field4,False
1080,2024-02-14 23:00:00,Light,12.170314648651528,Field3,False
1081,2024-02-15 00:00:00,SoilPH,49.13829460050525,Field2,False
1082,2024-02-15 01:00:00,Light,87.94038936670677,Field3,False
1083,2024-02-15 02:00:00,SoilMoisture,38.60571171393787,Field2,False
1084,2024-02-15 03:00:00,SoilPH,84.31219673936371,Field1,False
1085,2024-02-15 04:00:00,Light,23.84015780240587,Field4,False
1086,2024-02-15 05:00:00,SoilPH,22.593047101323137,Field1,False
1087,2024-02-15 06:00:00,SoilPH,44.02875625963615,Field4,False
1088,2024-02-15 07:00:00,Light,67.29443392792571,Field1,False
1089,2024-02-15 08:00:00,Temperature,65.45969707491442,Field4,True
1090,2024-02-15 09:00:00,Humidity,93.62093772574654,Field3,False
1091,2024-02-15 10:00:00,SoilPH,45.470484975382455,Field2,False
1092,2024-02-15 11:00:00,SoilPH,53.20801846453615,Field2,False
1093,2024-02-15 12:00:00,SoilPH,74.79151886694012,Field1,False
1094,2024-02-15 13:00:00,Humidity,11.50120416813406,Field3,False
1095,2024-02-15 14:00:00,SoilPH,17.342115293331073,Field4,False
1096,2024-02-15 15:00:00,SoilPH,91.481294095754,Field4,False
1097,2024-02-15 16:00:00,Light,47.53568005666965,Field1,False
1098,2024-02-15 17:00:00,Temperature,2.528066112043925,Field4,False
1099,2024-02-15 18:00:00,SoilMoisture,41.99525708539813,Field4,False
1100,2024-02-15 19:00:00,SoilMoisture,11.73293822408069,Field2,False
1101,2024-02-15 20:00:00,Humidity,78.03708653192587,Field4,False
1102,2024-02-15 21:00:00,SoilMoisture,54.70966637993272,Field2,False
1103,2024-02-15 22:00:00,Temperature,19.080641252673143,Field2,False
1104,2024-02-15 23:00:00,SoilMoisture,38.57569162964653,Field3,False
1105,2024-02-16 00:00:00,Temperature,79.65965522011638,Field2,True
1106,2024-02-16 01:00:00,Temperature,68.9896941975233,Field3,True
1107,2024-02-16 02:00:00,Light,4.751708521138232,Field4,False
1108,2024-02-16 03:00:00,SoilMoisture,3.193443552337249,Field4,False
1109,2024-02-16 04:00:00,SoilPH,44.93130866412157,Field3,False
1110,2024-02-16 05:00:00,Humidity,54.85735284106939,Field2,False
1111,2024-02-16 06:00:00,SoilPH,56.95670390464424,Field3,False
1112,2024-02-16 07:00:00,SoilMoisture,13.429373737643536,Field4,False
1113,2024-02-16 08:00:00,SoilMoisture,79.151723829739,Field2,False
1114,2024-02-16 09:00:00,SoilPH,67.80170372357641,Field1,False
1115,2024-02-16 10:00:00,Light,78.89400580271872,Field1,False
1116,2024-02-16 11:00:00,SoilMoisture,25.181788922078265,Field2,False
1117,2024-02-16 12:00:00,Light,98.289451819692,Field4,False
1118,2024-02-16 13:00:00,Humidity,56.14678745923475,Field1,False
1119,2024-02-16 14:00:00,SoilMoisture,27.18594265729942,Field4,False
1120,2024-02-16 15:00:00,SoilPH,47.48677141979878,Field2,False
1121,2024-02-16 16:00:00,Light,10.258868539386112,Field3,False
1122,2024-02-16 17:00:00,Humidity,1.0625850528998448,Field2,False
1123,2024-02-16 18:00:00,Temperature,8.962994357682453,Field4,False
1124,2024-02-16 19:00:00,Humidity,24.45603690814828,Field3,False
1125,2024-02-16 20:00:00,Light,68.41163942255638,Field2,False
1126,2024-02-16 21:00:00,SoilMoisture,38.868219706178905,Field2,False
1127,2024-02-16 22:00:00,SoilMoisture,2.805454286578346,Field4,False
1128,2024-02-16 23:00:00,Temperature,44.44885106755072,Field2,False
1129,2024-02-17 00:00:00,Light,78.36765054856578,Field2,False
1130,2024-02-17 01:00:00,SoilMoisture,74.64783919260059,Field1,False
1131,2024-02-17 02:00:00,SoilMoisture,87.1349788378162,Field3,False
1132,2024-02-17 03:00:00,Light,47.1548601271712,Field3,False
1133,2024-02-17 04:00:00,Humidity,32.12643862375843,Field4,False
1134,2024-02-17 05:00:00,SoilPH,92.51186225875152,Field1,False
1135,2024-02-17 06:00:00,Humidity,26.67297518732038,Field4,False
1136,2024-02-17 07:00:00,Light,6.857112847178781,Field3,False
1137,2024-02-17 08:00:00,Humidity,1.9730814574334343,Field1,False
1138,2024-02-17 09:00:00,SoilMoisture,78.14715956653137,Field2,False
1139,2024-02-17 10:00:00,Light,21.95143591632513,Field2,False
1140,2024-02-17 11:00:00,SoilMoisture,73.20408247923528,Field4,False
1141,2024-02-17 12:00:00,SoilMoisture,41.28640977015879,Field3,False
1142,2024-02-17 13:00:00,SoilMoisture,61.98830019345591,Field1,False
1143,2024-02-17 14:00:00,Humidity,24.85734361366252,Field4,False
1144,2024-02-17 15:00:00,SoilPH,32.42712246071602,Field4,False
1145,2024-02-17 16:00:00,Temperature,98.58715869132976,Field3,True
1146,2024-02-17 17:00:00,SoilPH,36.47757625039024,Field4,False
1147,2024-02-17 18:00:00,Temperature,71.9205991521126,Field3,True
1148,2024-02-17 19:00:00,Light,50.8857700715169,Field2,False
1149,2024-02-17 20:00:00,SoilPH,65.4814133099451,Field2,False
1150,2024-02-17 21:00:00,Temperature,23.096738485019387,Field2,False
1151,2024-02-17 22:00:00,SoilMoisture,54.90495441778231,Field3,False
1152,2024-02-17 23:00:00,Light,75.53052588140945,Field4,False
1153,2024-02-18 00:00:00,SoilPH,18.77978493116396,Field2,False
1154,2024-02-18 01:00:00,Humidity,82.40988029384233,Field1,False
1155,2024-02-18 02:00:00,Light,55.38866844552487,Field3,False
1156,2024-02-18 03:00:00,SoilMoisture,14.621948783214124,Field3,False
1157,2024-02-18 04:00:00,SoilMoisture,12.450661263017626,Field1,False
1158,2024-02-18 05:00:00,SoilMoisture,0.8479091689599261,Field3,False
1159,2024-02-18 06:00:00,Temperature,36.54930609394378,Field4,False
1160,2024-02-18 07:00:00,SoilPH,57.01361895105036,Field4,False
1161,2024-02-18 08:00:00,Light,15.16306718856535,Field3,False
1162,2024-02-18 09:00:00,SoilPH,74.18143068566665,Field2,False
1163,2024-02-18 10:00:00,SoilPH,3.645685009314936,Field2,False
1164,2024-02-18 11:00:00,Temperature,82.69639611590667,Field4,True
1165,2024-02-18 12:00:00,Temperature,95.50236969286748,Field4,True
1166,2024-02-18 13:00:00,SoilMoisture,41.24337882966671,Field1,False
1167,2024-02-18 14:00:00,SoilPH,84.48941778627756,Field1,False
1168,2024-02-18 15:00:00,Temperature,98.35185446874034,Field3,True
1169,2024-02-18 16:00:00,SoilMoisture,94.17790763683016,Field1,False
1170,2024-02-18 17:00:00,Light,1.582214896325573,Field1,False
1171,2024-02-18 18:00:00,Temperature,5.0600051025053165,Field2,False
1172,2024-02-18 19:00:00,Temperature,26.949888002725096,Field3,False
1173,2024-02-18 20:00:00,Light,96.64487778088322,Field1,False
1174,2024-02-18 21:00:00,Light,14.639546238773317,Field4,False
1175,2024-02-18 22:00:00,Temperature,89.4106381641899,Field2,True
1176,2024-02-18 23:00:00,Light,58.21983056842709,Field1,False
1177,2024-02-19 00:00:00,Light,44.0683041278946,Field3,False
1178,2024-02-19 01:00:00,SoilMoisture,83.71863011165141,Field1,False
1179,2024-02-19 02:00:00,Temperature,56.653188034879086,Field3,True
1180,2024-02-19 03:00:00,Light,50.22160519725496,Field3,False
1181,2024-02-19 04:00:00,SoilMoisture,60.908783980369165,Field4,False
1182,2024-02-19 05:00:00,Temperature,90.74948515988643,Field2,True
1183,2024-02-19 06:00:00,Temperature,91.22366862129886,Field4,True
1184,2024-02-19 07:00:00,Temperature,5.246266780504105,Field3,False
1185,2024-02-19 08:00:00,Light,28.69094211112669,Field1,False
1186,2024-02-19 09:00:00,Light,23.525760469828803,Field4,False
1187,2024-02-19 10:00:00,SoilPH,86.3011297539703,Field4,False
1188,2024-02-19 11:00:00,SoilMoisture,48.1463663350175,Field3,False
1189,2024-02-19 12:00:00,SoilPH,70.32575096547653,Field4,False
1190,2024-02-19 13:00:00,SoilMoisture,72.85534242237452,Field3,False
1191,2024-02-19 14:00:00,Humidity,21.807519411803742,Field3,False
1192,2024-02-19 15:00:00,SoilPH,70.25407551492168,Field2,False
1193,2024-02-19 16:00:00,Temperature,73.78515916468,Field2,True
1194,2024-02-19 17:00:00,Humidity,4.125507845494991,Field1,False
1195,2024-02-19 18:00:00,Humidity,81.94828084585684,Field1,False
1196,2024-02-19 19:00:00,Humidity,22.50101190698601,Field2,False
1197,2024-02-19 20:00:00,SoilMoisture,52.32591175324888,Field2,False
1198,2024-02-19 21:00:00,Light,33.11028173466109,Field2,False
1199,2024-02-19 22:00:00,Light,22.13883219493421,Field2,False
1200,2024-02-19 23:00:00,Humidity,12.966363105656509,Field3,False
1201,2024-02-20 00:00:00,Light,14.40145684839791,Field4,False
1202,2024-02-20 01:00:00,Temperature,67.94040534957665,Field2,True
1203,2024-02-20 02:00:00,Light,49.6395787456084,Field2,False
1204,2024-02-20 03:00:00,SoilMoisture,70.17817309760439,Field3,False
1205,2024-02-20 04:00:00,Humidity,64.69598114074945,Field4,False
1206,2024-02-20 05:00:00,SoilPH,6.90099502589423,Field1,False
1207,2024-02-20 06:00:00,Temperature,37.955868397917925,Field4,False
1208,2024-02-20 07:00:00,SoilPH,90.8333657766846,Field3,False
1209,2024-02-20 08:00:00,Humidity,86.74399322827297,Field2,False
1210,2024-02-20 09:00:00,Humidity,0.1077715601154882,Field2,False
1211,2024-02-20 10:00:00,SoilPH,4.64458762894584,Field3,False
1212,2024-02-20 11:00:00,Humidity,69.9742783128496,Field4,False
1213,2024-02-20 12:00:00,Humidity,0.9317321875177532,Field3,False
1214,2024-02-20 13:00:00,Humidity,4.411634299180378,Field4,False
1215,2024-02-20 14:00:00,Light,37.80234399350728,Field3,False
1216,2024-02-20 15:00:00,Light,42.20719991904532,Field3,False
1217,2024-02-20 16:00:00,SoilMoisture,35.87566106987785,Field2,False
1218,2024-02-20 17:00:00,SoilPH,84.78960416013737,Field4,False
1219,2024-02-20 18:00:00,Temperature,6.380408531587811,Field4,False
1220,2024-02-20 19:00:00,SoilPH,58.02441956438656,Field2,False
1221,2024-02-20 20:00:00,SoilPH,34.785299258110136,Field1,False
1222,2024-02-20 21:00:00,SoilMoisture,79.48283129999433,Field4,False
1223,2024-02-20 22:00:00,Light,80.43714943756486,Field3,False
1224,2024-02-20 23:00:00,Temperature,8.194639868871844,Field2,False
1225,2024-02-21 00:00:00,Temperature,42.78533236754445,Field2,False
1226,2024-02-21 01:00:00,SoilMoisture,28.361292419192477,Field1,False
1227,2024-02-21 02:00:00,Humidity,59.23778077189811,Field1,False
1228,2024-02-21 03:00:00,SoilPH,97.96094539425428,Field4,False
1229,2024-02-21 04:00:00,SoilPH,48.63117894307087,Field1,False
1230,2024-02-21 05:00:00,Temperature,9.835472382075071,Field2,False
1231,2024-02-21 06:00:00,SoilPH,83.96337318384526,Field1,False
1232,2024-02-21 07:00:00,Temperature,50.03468824531608,Field2,True
1233,2024-02-21 08:00:00,Light,54.626322728863705,Field4,False
1234,2024-02-21 09:00:00,Light,54.99195242578039,Field3,False
1235,2024-02-21 10:00:00,Temperature,77.09482386804896,Field3,True
1236,2024-02-21 11:00:00,SoilMoisture,14.664138405486204,Field4,False
1237,2024-02-21 12:00:00,SoilPH,32.96569798541442,Field2,False
1238,2024-02-21 13:00:00,Temperature,57.60107573970622,Field4,True
1239,2024-02-21 14:00:00,SoilMoisture,80.19715717935534,Field3,False
1240,2024-02-21 15:00:00,Light,75.19451047718726,Field1,False
1241,2024-02-21 16:00:00,SoilPH,75.7345919264989,Field4,False
1242,2024-02-21 17:00:00,SoilPH,96.58382501246498,Field3,False
1243,2024-02-21 18:00:00,Light,62.97232583354132,Field2,False
1244,2024-02-21 19:00:00,Humidity,64.52723873460052,Field4,False
1245,2024-02-21 20:00:00,Temperature,6.3082001360524,Field3,False
1246,2024-02-21 21:00:00,SoilMoisture,1.9324796295008493,Field2,False
1247,2024-02-21 22:00:00,SoilMoisture,85.0799956420185,Field2,False
1248,2024-02-21 23:00:00,Humidity,63.80052921806708,Field3,False
1249,2024-02-22 00:00:00,SoilMoisture,90.8017074540501,Field3,False
1250,2024-02-22 01:00:00,SoilMoisture,1.229560966080978,Field3,False
1251,2024-02-22 02:00:00,SoilPH,83.63790878574846,Field3,False
1252,2024-02-22 03:00:00,Temperature,1.894917372048488,Field1,False
1253,2024-02-22 04:00:00,SoilPH,93.0682536490509,Field1,False
1254,2024-02-22 05:00:00,Light,89.75667565246958,Field1,False
1255,2024-02-22 06:00:00,SoilPH,96.24411575588138,Field4,False
1256,2024-02-22 07:00:00,Humidity,7.882292980061678,Field3,False
1257,2024-02-22 08:00:00,Temperature,63.45821810262138,Field3,True
1258,2024-02-22 09:00:00,Humidity,22.61388526140865,Field3,False
1259,2024-02-22 10:00:00,Temperature,22.077312249160208,Field3,False
1260,2024-02-22 11:00:00,Temperature,57.64889062254702,Field1,True
1261,2024-02-22 12:00:00,Temperature,98.67061154951014,Field1,True
1262,2024-02-22 13:00:00,SoilMoisture,4.096713389038243,Field3,False
1263,2024-02-22 14:00:00,SoilPH,12.11234372867196,Field1,False
1264,2024-02-22 15:00:00,SoilMoisture,71.11234376412575,Field2,False
1265,2024-02-22 16:00:00,SoilMoisture,7.507959006946308,Field4,False
1266,2024-02-22 17:00:00,SoilPH,1.0588939424566512,Field2,False
1267,2024-02-22 18:00:00,Humidity,86.09106038957395,Field2,False
1268,2024-02-22 19:00:00,Temperature,83.75067420392998,Field2,True
1269,2024-02-22 20:00:00,Humidity,48.71007392893528,Field3,False
1270,2024-02-22 21:00:00,Humidity,35.24443444928204,Field3,False
1271,2024-02-22 22:00:00,Light,82.52802129512685,Field2,False
1272,2024-02-22 23:00:00,SoilMoisture,51.09275335632872,Field4,False
1273,2024-02-23 00:00:00,Temperature,91.336726447091,Field1,True
1274,2024-02-23 01:00:00,SoilPH,87.35988863792404,Field3,False
1275,2024-02-23 02:00:00,Humidity,5.796072683964104,Field1,False
1276,2024-02-23 03:00:00,Light,87.15412422590968,Field4,False
1277,2024-02-23 04:00:00,Light,62.35258439551183,Field2,False
1278,2024-02-23 05:00:00,Humidity,61.21381222058736,Field1,False
1279,2024-02-23 06:00:00,Humidity,50.635206130330026,Field2,False
1280,2024-02-23 07:00:00,Light,11.226558211790184,Field4,False
1281,2024-02-23 08:00:00,SoilMoisture,58.78518984565972,Field2,False
1282,2024-02-23 09:00:00,Light,64.22521512499753,Field3,False
1283,2024-02-23 10:00:00,Light,29.55011719634265,Field4,False
1284,2024-02-23 11:00:00,Light,62.6973744352598,Field1,False
1285,2024-02-23 12:00:00,SoilMoisture,86.5286877320209,Field4,False
1286,2024-02-23 13:00:00,SoilMoisture,9.011055048472128,Field4,False
1287,2024-02-23 14:00:00,SoilMoisture,79.68830338298473,Field2,False
1288,2024-02-23 15:00:00,SoilPH,76.67037852004115,Field4,False
1289,2024-02-23 16:00:00,SoilPH,34.24246234439225,Field3,False
1290,2024-02-23 17:00:00,SoilPH,88.02764592953935,Field1,False
1291,2024-02-23 18:00:00,SoilPH,81.11305003882423,Field2,False
1292,2024-02-23 19:00:00,Temperature,1.7038856593492913,Field1,False
1293,2024-02-23 20:00:00,Temperature,49.32986920938828,Field3,False
1294,2024-02-23 21:00:00,Temperature,39.47999436949689,Field1,False
1295,2024-02-23 22:00:00,Humidity,33.11102414671008,Field2,False
1296,2024-02-23 23:00:00,Temperature,57.74033924467119,Field2,True
1297,2024-02-24 00:00:00,Humidity,88.44655734775976,Field4,False
1298,2024-02-24 01:00:00,Light,74.69339066154839,Field3,False
1299,2024-02-24 02:00:00,Temperature,71.64193875736832,Field4,True
1300,2024-02-24 03:00:00,SoilMoisture,57.383277662741165,Field3,False
1301,2024-02-24 04:00:00,SoilPH,13.024591455204892,Field4,False
1302,2024-02-24 05:00:00,Humidity,66.53114554237305,Field1,False
1303,2024-02-24 06:00:00,Light,58.992678417133135,Field4,False
1304,2024-02-24 07:00:00,Temperature,46.27071831378957,Field4,False
1305,2024-02-24 08:00:00,SoilPH,65.92112586209036,Field2,False
1306,2024-02-24 09:00:00,SoilMoisture,75.88353095910456,Field1,False
1307,2024-02-24 10:00:00,Light,58.35545488053165,Field2,False
1308,2024-02-24 11:00:00,SoilMoisture,59.848896596628585,Field4,False
1309,2024-02-24 12:00:00,Temperature,56.16473547058871,Field3,True
1310,2024-02-24 13:00:00,Humidity,34.989111929180915,Field1,False
1311,2024-02-24 14:00:00,Light,62.87581285531323,Field1,False
1312,2024-02-24 15:00:00,Temperature,89.76977649061999,Field2,True
1313,2024-02-24 16:00:00,Temperature,88.11747197982235,Field2,True
1314,2024-02-24 17:00:00,Humidity,43.11441255270415,Field3,False
1315,2024-02-24 18:00:00,Humidity,49.41004362227487,Field4,False
1316,2024-02-24 19:00:00,Temperature,99.1790436617507,Field2,True
1317,2024-02-24 20:00:00,Humidity,26.68071314004524,Field2,False
1318,2024-02-24 21:00:00,Light,86.60983045992754,Field2,False
1319,2024-02-24 22:00:00,Humidity,1.9177155586229453,Field1,False
1320,2024-02-24 23:00:00,Light,41.75643725472982,Field1,False
1321,2024-02-25 00:00:00,Temperature,58.31071875147346,Field4,True
1322,2024-02-25 01:00:00,SoilPH,68.19157221619237,Field4,False
1323,2024-02-25 02:00:00,Temperature,55.65582224867455,Field2,True
1324,2024-02-25 03:00:00,Temperature,53.39526842781562,Field2,True
1325,2024-02-25 04:00:00,Temperature,27.246896955516565,Field3,False
1326,2024-02-25 05:00:00,Light,20.16692563432936,Field3,False
1327,2024-02-25 06:00:00,SoilPH,33.307810384881186,Field1,False
1328,2024-02-25 07:00:00,Humidity,66.71200519257397,Field4,False
1329,2024-02-25 08:00:00,SoilMoisture,56.87089276436347,Field3,False
1330,2024-02-25 09:00:00,Light,19.65925901903054,Field3,False
1331,2024-02-25 10:00:00,Temperature,26.433699265232647,Field3,False
1332,2024-02-25 11:00:00,Temperature,58.23137768433121,Field1,True
1333,2024-02-25 12:00:00,SoilMoisture,59.19587529961211,Field4,False
1334,2024-02-25 13:00:00,Humidity,73.47487498032058,Field3,False
1335,2024-02-25 14:00:00,SoilPH,12.45038491047854,Field2,False
1336,2024-02-25 15:00:00,Temperature,94.58883663992684,Field1,True
1337,2024-02-25 16:00:00,SoilMoisture,46.20959208188901,Field3,False
1338,2024-02-25 17:00:00,Temperature,36.79141044450922,Field4,False
1339,2024-02-25 18:00:00,SoilMoisture,55.29195871934212,Field2,False
1340,2024-02-25 19:00:00,Humidity,70.96045143451158,Field1,False
1341,2024-02-25 20:00:00,SoilMoisture,97.34234049835182,Field2,False
1342,2024-02-25 21:00:00,Temperature,83.59564910672319,Field4,True
1343,2024-02-25 22:00:00,Light,28.028219855478365,Field4,False
1344,2024-02-25 23:00:00,Humidity,78.195108395371,Field4,False
1345,2024-02-26 00:00:00,SoilMoisture,61.271325074129976,Field3,False
1346,2024-02-26 01:00:00,Light,66.87186940654993,Field3,False
1347,2024-02-26 02:00:00,SoilPH,30.117692775710424,Field4,False
1348,2024-02-26 03:00:00,SoilPH,71.4010553554291,Field4,False
1349,2024-02-26 04:00:00,SoilMoisture,14.30524421125804,Field2,False
1350,2024-02-26 05:00:00,Humidity,22.48546275728801,Field2,False
1351,2024-02-26 06:00:00,Temperature,5.926857356217196,Field2,False
1352,2024-02-26 07:00:00,SoilPH,58.89348568594649,Field3,False
1353,2024-02-26 08:00:00,Light,7.613215179860622,Field4,False
1354,2024-02-26 09:00:00,Light,80.90369530081757,Field1,False
1355,2024-02-26 10:00:00,Light,47.51934640462713,Field4,False
1356,2024-02-26 11:00:00,SoilPH,83.15184626104349,Field3,False
1357,2024-02-26 12:00:00,SoilMoisture,80.47303642044015,Field1,False
1358,2024-02-26 13:00:00,SoilPH,36.05503367303054,Field4,False
1359,2024-02-26 14:00:00,Humidity,73.9858391904799,Field2,False
1360,2024-02-26 15:00:00,Humidity,0.9101016633661474,Field1,False
1361,2024-02-26 16:00:00,SoilMoisture,49.259595087486254,Field4,False
1362,2024-02-26 17:00:00,Light,11.888670064723584,Field3,False
1363,2024-02-26 18:00:00,SoilPH,16.79541294527801,Field3,False
1364,2024-02-26 19:00:00,SoilMoisture,88.99759107001066,Field1,False
1365,2024-02-26 20:00:00,Temperature,89.69080263146641,Field2,True
1366,2024-02-26 21:00:00,Humidity,73.1105466107954,Field2,False
1367,2024-02-26 22:00:00,Temperature,52.62977716609507,Field4,True
1368,2024-02-26 23:00:00,Temperature,56.15231535397387,Field3,True
1369,2024-02-27 00:00:00,SoilPH,18.37773503792241,Field2,False
1370,2024-02-27 01:00:00,SoilMoisture,30.522734253774765,Field4,False
1371,2024-02-27 02:00:00,Temperature,6.730613617950809,Field4,False
1372,2024-02-27 03:00:00,Temperature,33.13905737429399,Field2,False
1373,2024-02-27 04:00:00,Light,79.52128108147144,Field4,False
1374,2024-02-27 05:00:00,Light,54.39981031518264,Field3,False
1375,2024-02-27 06:00:00,Temperature,95.20984997032404,Field4,True
1376,2024-02-27 07:00:00,SoilPH,58.65696614858182,Field2,False
1377,2024-02-27 08:00:00,Temperature,97.41033767043946,Field4,True
1378,2024-02-27 09:00:00,Humidity,26.67479510581836,Field4,False
1379,2024-02-27 10:00:00,SoilMoisture,27.65635855467824,Field4,False
1380,2024-02-27 11:00:00,SoilPH,29.97283359656172,Field3,False
1381,2024-02-27 12:00:00,Light,42.38631944913303,Field1,False
1382,2024-02-27 13:00:00,SoilMoisture,49.138500226866455,Field4,False
1383,2024-02-27 14:00:00,Humidity,19.20778963943556,Field2,False
1384,2024-02-27 15:00:00,SoilPH,21.17019720012311,Field1,False
1385,2024-02-27 16:00:00,SoilPH,11.688418720963211,Field2,False
1386,2024-02-27 17:00:00,SoilPH,0.2630667014575372,Field4,False
1387,2024-02-27 18:00:00,Light,1.8210695069566076,Field3,False
1388,2024-02-27 19:00:00,SoilMoisture,28.31812462306278,Field2,False
1389,2024-02-27 20:00:00,Humidity,75.82486630708696,Field4,False
1390,2024-02-27 21:00:00,Temperature,11.989132104951416,Field1,False
1391,2024-02-27 22:00:00,Temperature,55.21419883306261,Field3,True
1392,2024-02-27 23:00:00,Temperature,9.885881406669592,Field4,False
1393,2024-02-28 00:00:00,SoilMoisture,6.231334580703518,Field3,False
1394,2024-02-28 01:00:00,SoilPH,23.167651813020328,Field2,False
1395,2024-02-28 02:00:00,Humidity,22.180925992223777,Field3,False
1396,2024-02-28 03:00:00,Light,60.09230874824014,Field4,False
1397,2024-02-28 04:00:00,SoilPH,58.03187297001576,Field3,False
1398,2024-02-28 05:00:00,Light,1.7555398134338818,Field4,False
1399,2024-02-28 06:00:00,SoilPH,1.4741023350897553,Field2,False
1400,2024-02-28 07:00:00,Temperature,65.0957010487333,Field2,True
1401,2024-02-28 08:00:00,SoilPH,77.6858728364518,Field3,False
1402,2024-02-28 09:00:00,Temperature,66.50950799704663,Field3,True
1403,2024-02-28 10:00:00,Temperature,40.743160589919135,Field2,False
1404,2024-02-28 11:00:00,Humidity,52.55459376951303,Field1,False
1405,2024-02-28 12:00:00,Humidity,63.99176890793176,Field4,False
1406,2024-02-28 13:00:00,Light,5.818969037877208,Field3,False
1407,2024-02-28 14:00:00,Light,63.83920278858828,Field2,False
1408,2024-02-28 15:00:00,SoilMoisture,94.26991066432608,Field3,False
1409,2024-02-28 16:00:00,SoilMoisture,79.23173140585692,Field4,False
1410,2024-02-28 17:00:00,Light,46.84174818677028,Field1,False
1411,2024-02-28 18:00:00,Humidity,90.8880597689039,Field2,False
1412,2024-02-28 19:00:00,Temperature,40.214061558924406,Field1,False
1413,2024-02-28 20:00:00,SoilMoisture,95.23157654448951,Field2,False
1414,2024-02-28 21:00:00,Humidity,18.595996627397305,Field2,False
1415,2024-02-28 22:00:00,Temperature,34.732616584881924,Field3,False
1416,2024-02-28 23:00:00,SoilMoisture,35.717490570020885,Field1,False
1417,2024-02-29 00:00:00,Humidity,41.20185233961848,Field2,False
1418,2024-02-29 01:00:00,Light,31.45240285106521,Field2,False
1419,2024-02-29 02:00:00,Humidity,54.86142638349512,Field4,False
1420,2024-02-29 03:00:00,SoilMoisture,24.924048901197928,Field3,False
1421,2024-02-29 04:00:00,Temperature,10.58977107137914,Field2,False
1422,2024-02-29 05:00:00,SoilMoisture,98.4727870665192,Field2,False
1423,2024-02-29 06:00:00,SoilPH,70.86459497230977,Field3,False
1424,2024-02-29 07:00:00,Light,60.170522872117004,Field1,False
1425,2024-02-29 08:00:00,SoilPH,49.78813090039584,Field1,False
1426,2024-02-29 09:00:00,SoilMoisture,36.55760162000502,Field3,False
1427,2024-02-29 10:00:00,SoilMoisture,37.86231674156922,Field1,False
1428,2024-02-29 11:00:00,Humidity,13.90562262184124,Field2,False
1429,2024-02-29 12:00:00,Humidity,57.96235343797101,Field1,False
1430,2024-02-29 13:00:00,SoilPH,21.952991554673574,Field3,False
1431,2024-02-29 14:00:00,Humidity,81.14645150428798,Field4,False
1432,2024-02-29 15:00:00,Humidity,30.743929592443678,Field1,False
1433,2024-02-29 16:00:00,SoilPH,19.73993768633123,Field1,False
1434,2024-02-29 17:00:00,Humidity,21.992276432909065,Field4,False
1435,2024-02-29 18:00:00,SoilPH,67.49109272584069,Field3,False
1436,2024-02-29 19:00:00,Temperature,57.34037315321595,Field1,True
1437,2024-02-29 20:00:00,SoilPH,50.19879803875039,Field3,False
1438,2024-02-29 21:00:00,Humidity,47.41267533568021,Field1,False
1439,2024-02-29 22:00:00,Light,48.55014499193948,Field4,False
1440,2024-02-29 23:00:00,Light,54.94460054324921,Field3,False
1441,2024-03-01 00:00:00,SoilPH,83.14543967931107,Field1,False
1442,2024-03-01 01:00:00,Light,35.66454381560498,Field3,False
1443,2024-03-01 02:00:00,Light,93.85544585152658,Field3,False
1444,2024-03-01 03:00:00,Humidity,6.643650422535973,Field2,False
1445,2024-03-01 04:00:00,Temperature,93.02893522819154,Field1,True
1446,2024-03-01 05:00:00,Temperature,43.27124409902818,Field3,False
1447,2024-03-01 06:00:00,Humidity,69.17169357258662,Field2,False
1448,2024-03-01 07:00:00,Temperature,83.94227031929343,Field1,True
1449,2024-03-01 08:00:00,SoilPH,0.6916479313476165,Field1,False
1450,2024-03-01 09:00:00,Temperature,50.824940138889474,Field1,True
1451,2024-03-01 10:00:00,Light,19.11569600983328,Field3,False
1452,2024-03-01 11:00:00,Humidity,6.780709934051432,Field1,False
1453,2024-03-01 12:00:00,SoilMoisture,79.44215280648523,Field4,False
1454,2024-03-01 13:00:00,Light,0.4590774775961703,Field3,False
1455,2024-03-01 14:00:00,Light,58.21806263831552,Field2,False
1456,2024-03-01 15:00:00,SoilPH,47.45578908133565,Field4,False
1457,2024-03-01 16:00:00,SoilMoisture,97.36267776565798,Field1,False
1458,2024-03-01 17:00:00,SoilPH,93.80825021942417,Field2,False
1459,2024-03-01 18:00:00,Humidity,24.025518851763927,Field3,False
1460,2024-03-01 19:00:00,SoilMoisture,36.61295823046958,Field3,False
1461,2024-03-01 20:00:00,Humidity,38.21834732952606,Field4,False
1462,2024-03-01 21:00:00,Temperature,78.67023287867517,Field4,True
1463,2024-03-01 22:00:00,Light,31.202831432432344,Field2,False
1464,2024-03-01 23:00:00,Temperature,44.31285575431716,Field4,False
1465,2024-03-02 00:00:00,Humidity,63.411678972989925,Field2,False
1466,2024-03-02 01:00:00,SoilPH,60.81743802295836,Field2,False
1467,2024-03-02 02:00:00,Light,97.13726595703702,Field1,False
1468,2024-03-02 03:00:00,Light,83.03073059146564,Field2,False
1469,2024-03-02 04:00:00,SoilMoisture,41.20521285715558,Field2,False
1470,2024-03-02 05:00:00,Temperature,97.34205198764082,Field1,True
1471,2024-03-02 06:00:00,Humidity,12.847005317438198,Field3,False
1472,2024-03-02 07:00:00,Humidity,38.33705239411817,Field1,False
1473,2024-03-02 08:00:00,Humidity,73.87885975973886,Field2,False
1474,2024-03-02 09:00:00,Humidity,51.10235242381482,Field3,False
1475,2024-03-02 10:00:00,SoilPH,12.318281361488747,Field4,False
1476,2024-03-02 11:00:00,Humidity,13.692454375692954,Field3,False
1477,2024-03-02 12:00:00,SoilPH,16.35393822358393,Field1,False
1478,2024-03-02 13:00:00,SoilPH,69.71706155250803,Field4,False
1479,2024-03-02 14:00:00,SoilMoisture,33.413339005517386,Field1,False
1480,2024-03-02 15:00:00,SoilMoisture,18.396876390143603,Field1,False
1481,2024-03-02 16:00:00,Temperature,91.9221196243189,Field2,True
1482,2024-03-02 17:00:00,Humidity,66.82644869534975,Field3,False
1483,2024-03-02 18:00:00,SoilPH,6.074183513123543,Field1,False
1484,2024-03-02 19:00:00,SoilMoisture,87.7272805267307,Field4,False
1485,2024-03-02 20:00:00,Humidity,96.76085021263027,Field4,False
1486,2024-03-02 21:00:00,SoilMoisture,45.07801480365124,Field2,False
1487,2024-03-02 22:00:00,SoilMoisture,98.58837997915442,Field2,False
1488,2024-03-02 23:00:00,Temperature,97.86856989675388,Field4,True
1489,2024-03-03 00:00:00,SoilPH,32.461094736325656,Field3,False
1490,2024-03-03 01:00:00,SoilPH,92.2847146506746,Field3,False
1491,2024-03-03 02:00:00,SoilMoisture,97.62404421957612,Field4,False
1492,2024-03-03 03:00:00,Humidity,71.11214030625511,Field3,False
1493,2024-03-03 04:00:00,SoilPH,63.56804482916618,Field1,False
1494,2024-03-03 05:00:00,Temperature,35.784308208179695,Field3,False
1495,2024-03-03 06:00:00,SoilPH,74.69746228392299,Field3,False
1496,2024-03-03 07:00:00,Temperature,90.63253161933564,Field3,True
1497,2024-03-03 08:00:00,Humidity,56.20057364551629,Field2,False
1498,2024-03-03 09:00:00,SoilMoisture,97.67348242657754,Field4,False
1499,2024-03-03 10:00:00,Humidity,19.2986624374346,Field2,False
1500,2024-03-03 11:00:00,Humidity,69.84807504274124,Field3,False
1501,2024-03-03 12:00:00,Temperature,9.168253523325198,Field2,False
1502,2024-03-03 13:00:00,Humidity,5.147969751270576,Field1,False
1503,2024-03-03 14:00:00,SoilMoisture,20.837345505419517,Field2,False
1504,2024-03-03 15:00:00,SoilPH,15.591978424936414,Field1,False
1505,2024-03-03 16:00:00,Temperature,27.72498720660736,Field2,False
1506,2024-03-03 17:00:00,Temperature,50.465928201927525,Field2,True
1507,2024-03-03 18:00:00,Humidity,78.15434441961919,Field2,False
1508,2024-03-03 19:00:00,Humidity,75.20210014605904,Field1,False
1509,2024-03-03 20:00:00,Humidity,40.578273420109646,Field1,False
1510,2024-03-03 21:00:00,Light,36.20766727425359,Field4,False
1511,2024-03-03 22:00:00,SoilMoisture,70.88214921889838,Field2,False
1512,2024-03-03 23:00:00,Humidity,62.56498682791094,Field2,False
1513,2024-03-04 00:00:00,Light,35.50413303296648,Field1,False
1514,2024-03-04 01:00:00,Temperature,99.99709462497285,Field3,True
1515,2024-03-04 02:00:00,SoilMoisture,59.91664177621557,Field3,False
1516,2024-03-04 03:00:00,Light,5.86137464068316,Field1,False
1517,2024-03-04 04:00:00,Temperature,27.014067336457824,Field4,False
1518,2024-03-04 05:00:00,SoilPH,83.26081295713539,Field3,False
1519,2024-03-04 06:00:00,SoilPH,5.268635743851224,Field2,False
1520,2024-03-04 07:00:00,SoilMoisture,61.15426334285768,Field4,False
1521,2024-03-04 08:00:00,Light,25.35737048827489,Field2,False
1522,2024-03-04 09:00:00,Light,56.52931232519279,Field4,False
1523,2024-03-04 10:00:00,Temperature,94.37631548853012,Field1,True
1524,2024-03-04 11:00:00,SoilPH,3.045725836886004,Field1,False
1525,2024-03-04 12:00:00,SoilPH,37.15101800897107,Field3,False
1526,2024-03-04 13:00:00,Humidity,37.96547056784642,Field4,False
1527,2024-03-04 14:00:00,Light,71.95961775625388,Field2,False
1528,2024-03-04 15:00:00,SoilMoisture,35.1804591604534,Field3,False
1529,2024-03-04 16:00:00,SoilPH,3.7420668413837954,Field3,False
1530,2024-03-04 17:00:00,SoilMoisture,89.41424522623187,Field4,False
1531,2024-03-04 18:00:00,SoilMoisture,72.92721706533393,Field1,False
1532,2024-03-04 19:00:00,Humidity,52.02287466939567,Field3,False
1533,2024-03-04 20:00:00,SoilPH,28.44756413158201,Field2,False
1534,2024-03-04 21:00:00,SoilMoisture,56.65735260695336,Field3,False
1535,2024-03-04 22:00:00,SoilPH,53.19080563179318,Field4,False
1536,2024-03-04 23:00:00,Humidity,83.57884589202062,Field4,False
1537,2024-03-05 00:00:00,Temperature,83.09308773933188,Field2,True
1538,2024-03-05 01:00:00,Temperature,44.85916062705663,Field2,False
1539,2024-03-05 02:00:00,Temperature,62.73633469661275,Field2,True
1540,2024-03-05 03:00:00,SoilMoisture,46.42555474158709,Field1,False
1541,2024-03-05 04:00:00,SoilMoisture,19.75938455349394,Field4,False
1542,2024-03-05 05:00:00,SoilMoisture,48.35986674946393,Field3,False
1543,2024-03-05 06:00:00,SoilPH,81.07244487516788,Field2,False
1544,2024-03-05 07:00:00,Light,41.11334917909184,Field3,False
1545,2024-03-05 08:00:00,SoilPH,81.46888457198192,Field4,False
1546,2024-03-05 09:00:00,Temperature,58.20286900451822,Field1,True
1547,2024-03-05 10:00:00,Light,57.94256268598421,Field1,False
1548,2024-03-05 11:00:00,Humidity,95.42389632104305,Field2,False
1549,2024-03-05 12:00:00,Light,87.74815696436814,Field4,False
1550,2024-03-05 13:00:00,Humidity,54.91514532914118,Field3,False
1551,2024-03-05 14:00:00,SoilMoisture,79.01958453019586,Field2,False
1552,2024-03-05 15:00:00,Temperature,21.82652925077525,Field2,False
1553,2024-03-05 16:00:00,SoilMoisture,79.69428169560926,Field1,False
1554,2024-03-05 17:00:00,SoilPH,97.61817689979492,Field3,False
1555,2024-03-05 18:00:00,SoilMoisture,22.073316440684444,Field3,False
1556,2024-03-05 19:00:00,SoilMoisture,80.3977396370779,Field1,False
1557,2024-03-05 20:00:00,Light,24.9508168160392,Field2,False
1558,2024-03-05 21:00:00,Humidity,19.502059187622542,Field4,False
1559,2024-03-05 22:00:00,Temperature,11.900499813772146,Field2,False
1560,2024-03-05 23:00:00,SoilMoisture,43.62714559721936,Field2,False
1561,2024-03-06 00:00:00,SoilMoisture,54.927015607238246,Field1,False
1562,2024-03-06 01:00:00,Humidity,29.150462066771286,Field4,False
1563,2024-03-06 02:00:00,SoilPH,32.133263025854255,Field3,False
1564,2024-03-06 03:00:00,SoilPH,12.877523081385378,Field4,False
1565,2024-03-06 04:00:00,Light,97.30195619078692,Field3,False
1566,2024-03-06 05:00:00,Humidity,69.09666788471544,Field2,False
1567,2024-03-06 06:00:00,SoilMoisture,8.117669484057489,Field2,False
1568,2024-03-06 07:00:00,SoilPH,68.28081880079179,Field1,False
1569,2024-03-06 08:00:00,SoilPH,64.58665074563388,Field1,False
1570,2024-03-06 09:00:00,Temperature,86.3223648958857,Field3,True
1571,2024-03-06 10:00:00,Temperature,70.64941216985578,Field2,True
1572,2024-03-06 11:00:00,Light,2.3906624221379125,Field2,False
1573,2024-03-06 12:00:00,SoilPH,59.73496587982849,Field2,False
1574,2024-03-06 13:00:00,SoilPH,0.341274734234176,Field1,False
1575,2024-03-06 14:00:00,Humidity,31.958084491414883,Field2,False
1576,2024-03-06 15:00:00,Temperature,29.30353046138132,Field3,False
1577,2024-03-06 16:00:00,Temperature,9.018839036047178,Field4,False
1578,2024-03-06 17:00:00,SoilPH,4.522920701332012,Field4,False
1579,2024-03-06 18:00:00,Light,17.980260592978237,Field1,False
1580,2024-03-06 19:00:00,SoilPH,82.89185307226911,Field2,False
1581,2024-03-06 20:00:00,SoilMoisture,24.849847982045503,Field1,False
1582,2024-03-06 21:00:00,Temperature,19.970434381716373,Field4,False
1583,2024-03-06 22:00:00,Temperature,95.98255254392498,Field1,True
1584,2024-03-06 23:00:00,Humidity,11.516743810797026,Field1,False
1585,2024-03-07 00:00:00,Light,29.660489541985125,Field1,False
1586,2024-03-07 01:00:00,Humidity,81.372338408945,Field4,False
1587,2024-03-07 02:00:00,Temperature,63.3275162261484,Field2,True
1588,2024-03-07 03:00:00,Light,6.963587746876277,Field1,False
1589,2024-03-07 04:00:00,SoilPH,93.1004267813498,Field3,False
1590,2024-03-07 05:00:00,SoilPH,27.812467723333445,Field2,False
1591,2024-03-07 06:00:00,Light,38.99211996412924,Field3,False
1592,2024-03-07 07:00:00,SoilMoisture,57.5834025544493,Field1,False
1593,2024-03-07 08:00:00,SoilPH,58.000974791514736,Field2,False
1594,2024-03-07 09:00:00,Humidity,26.413491231379847,Field1,False
1595,2024-03-07 10:00:00,SoilPH,77.153166099464,Field2,False
1596,2024-03-07 11:00:00,SoilPH,33.76156555163823,Field1,False
1597,2024-03-07 12:00:00,SoilMoisture,74.84992839015509,Field1,False
1598,2024-03-07 13:00:00,SoilPH,14.8610267059339,Field3,False
1599,2024-03-07 14:00:00,Humidity,41.87847507706831,Field3,False
1600,2024-03-07 15:00:00,Humidity,2.5262876631188647,Field2,False
1601,2024-03-07 16:00:00,Humidity,37.0100297216567,Field1,False
1602,2024-03-07 17:00:00,Temperature,1.7596416126326786,Field2,False
1603,2024-03-07 18:00:00,SoilPH,79.35581616421194,Field4,False
1604,2024-03-07 19:00:00,SoilPH,26.900521018910418,Field4,False
1605,2024-03-07 20:00:00,Light,78.12078339266903,Field4,False
1606,2024-03-07 21:00:00,SoilMoisture,79.65718467424314,Field1,False
1607,2024-03-07 22:00:00,Temperature,8.15435726145024,Field1,False
1608,2024-03-07 23:00:00,SoilPH,51.757619215268114,Field2,False
1609,2024-03-08 00:00:00,Humidity,11.371603557147946,Field4,False
1610,2024-03-08 01:00:00,Temperature,97.7629627828528,Field2,True
1611,2024-03-08 02:00:00,Temperature,73.60936569363078,Field1,True
1612,2024-03-08 03:00:00,Humidity,12.05222954671119,Field1,False
1613,2024-03-08 04:00:00,Light,50.89958926113359,Field2,False
1614,2024-03-08 05:00:00,SoilPH,99.14522611736584,Field3,False
1615,2024-03-08 06:00:00,SoilMoisture,81.46149551648318,Field1,False
1616,2024-03-08 07:00:00,Light,72.89439274710006,Field2,False
1617,2024-03-08 08:00:00,SoilMoisture,87.7087399729621,Field3,False
1618,2024-03-08 09:00:00,SoilMoisture,96.06298635340396,Field4,False
1619,2024-03-08 10:00:00,SoilPH,64.57353468833574,Field4,False
1620,2024-03-08 11:00:00,Temperature,49.66329799422463,Field2,False
1621,2024-03-08 12:00:00,Humidity,29.22823791303365,Field1,False
1622,2024-03-08 13:00:00,SoilMoisture,22.26913208061839,Field2,False
1623,2024-03-08 14:00:00,Light,22.19401247405314,Field4,False
1624,2024-03-08 15:00:00,SoilPH,44.85785094641688,Field3,False
1625,2024-03-08 16:00:00,SoilPH,43.20731677860808,Field2,False
1626,2024-03-08 17:00:00,Light,89.94537751591923,Field4,False
1627,2024-03-08 18:00:00,SoilMoisture,64.50140447686238,Field3,False
1628,2024-03-08 19:00:00,SoilMoisture,5.335878731986698,Field2,False
1629,2024-03-08 20:00:00,SoilMoisture,5.508686072237001,Field4,False
1630,2024-03-08 21:00:00,Light,63.208128098443176,Field4,False
1631,2024-03-08 22:00:00,SoilMoisture,4.796305706520798,Field3,False
1632,2024-03-08 23:00:00,Light,91.56724227620188,Field4,False
1633,2024-03-09 00:00:00,SoilPH,8.590079542638328,Field1,False
1634,2024-03-09 01:00:00,Light,5.686273878249804,Field4,False
1635,2024-03-09 02:00:00,Humidity,72.83597022930925,Field1,False
1636,2024-03-09 03:00:00,Temperature,47.16174021416912,Field4,False
1637,2024-03-09 04:00:00,Temperature,18.794572602158244,Field3,False
1638,2024-03-09 05:00:00,Humidity,35.06873853358372,Field4,False
1639,2024-03-09 06:00:00,Light,59.3626579231305,Field2,False
1640,2024-03-09 07:00:00,Temperature,5.7561583925912485,Field3,False
1641,2024-03-09 08:00:00,Humidity,79.6266707269779,Field2,False
1642,2024-03-09 09:00:00,SoilMoisture,1.6716829868707817,Field1,False
1643,2024-03-09 10:00:00,Humidity,44.06269355678507,Field1,False
1644,2024-03-09 11:00:00,Temperature,64.7615593101945,Field3,True
1645,2024-03-09 12:00:00,Light,87.95852150711788,Field1,False
1646,2024-03-09 13:00:00,Light,42.2496817631784,Field3,False
1647,2024-03-09 14:00:00,Light,42.10742549641391,Field2,False
1648,2024-03-09 15:00:00,Temperature,41.50668107913842,Field2,False
1649,2024-03-09 16:00:00,SoilMoisture,95.03993671532412,Field1,False
1650,2024-03-09 17:00:00,Light,59.24538341712373,Field4,False
1651,2024-03-09 18:00:00,SoilPH,29.136109517255623,Field4,False
1652,2024-03-09 19:00:00,SoilMoisture,37.853545795669504,Field1,False
1653,2024-03-09 20:00:00,Humidity,35.218966192934474,Field3,False
1654,2024-03-09 21:00:00,SoilPH,18.87497725262537,Field2,False
1655,2024-03-09 22:00:00,SoilMoisture,51.29263919202607,Field2,False
1656,2024-03-09 23:00:00,Temperature,53.36338265007383,Field2,True
1657,2024-03-10 00:00:00,SoilPH,12.03796409328346,Field3,False
1658,2024-03-10 01:00:00,SoilMoisture,37.85356744682673,Field2,False
1659,2024-03-10 02:00:00,SoilMoisture,59.620646323702765,Field1,False
1660,2024-03-10 03:00:00,SoilMoisture,42.740300360830105,Field1,False
1661,2024-03-10 04:00:00,SoilMoisture,82.5597635985813,Field1,False
1662,2024-03-10 05:00:00,Light,98.33337600619768,Field2,False
1663,2024-03-10 06:00:00,SoilPH,24.57231608147165,Field3,False
1664,2024-03-10 07:00:00,SoilMoisture,22.05731223937528,Field2,False
1665,2024-03-10 08:00:00,Humidity,29.08651182789877,Field2,False
1666,2024-03-10 09:00:00,SoilMoisture,86.45805696890909,Field4,False
1667,2024-03-10 10:00:00,Light,93.8931903537154,Field3,False
1668,2024-03-10 11:00:00,SoilPH,43.487841315920186,Field1,False
1669,2024-03-10 12:00:00,SoilPH,84.37330763494599,Field4,False
1670,2024-03-10 13:00:00,SoilMoisture,33.65001772441561,Field1,False
1671,2024-03-10 14:00:00,SoilMoisture,88.69712569067259,Field4,False
1672,2024-03-10 15:00:00,Humidity,30.172237429601942,Field3,False
1673,2024-03-10 16:00:00,SoilPH,34.23270613797921,Field3,False
1674,2024-03-10 17:00:00,SoilPH,85.6762845512474,Field3,False
1675,2024-03-10 18:00:00,SoilPH,40.9699865463873,Field4,False
1676,2024-03-10 19:00:00,Temperature,78.3375346000748,Field3,True
1677,2024-03-10 20:00:00,SoilPH,95.51996359771884,Field4,False
1678,2024-03-10 21:00:00,SoilPH,4.794341488596599,Field3,False
1679,2024-03-10 22:00:00,Humidity,68.0877620505401,Field1,False
1680,2024-03-10 23:00:00,Humidity,22.83207741174268,Field3,False
1681,2024-03-11 00:00:00,Light,10.575283681498435,Field4,False
1682,2024-03-11 01:00:00,Humidity,34.17038139382961,Field1,False
1683,2024-03-11 02:00:00,SoilPH,42.40732220219756,Field1,False
1684,2024-03-11 03:00:00,SoilPH,25.006978515695977,Field4,False
1685,2024-03-11 04:00:00,SoilPH,33.082243925928225,Field1,False
1686,2024-03-11 05:00:00,Humidity,28.772638363403917,Field2,False
1687,2024-03-11 06:00:00,SoilMoisture,37.44994060915418,Field2,False
1688,2024-03-11 07:00:00,Temperature,23.70273615426104,Field3,False
1689,2024-03-11 08:00:00,Light,50.96532861127498,Field2,False
1690,2024-03-11 09:00:00,SoilMoisture,26.850536179349135,Field2,False
1691,2024-03-11 10:00:00,Temperature,61.04208228478287,Field4,True
1692,2024-03-11 11:00:00,Humidity,26.05737529543174,Field1,False
1693,2024-03-11 12:00:00,Light,74.0520363458384,Field2,False
1694,2024-03-11 13:00:00,Light,57.03512941711845,Field1,False
1695,2024-03-11 14:00:00,Humidity,86.76104495840741,Field1,False
1696,2024-03-11 15:00:00,SoilMoisture,95.67928729158896,Field1,False
1697,2024-03-11 16:00:00,Temperature,67.91325590731958,Field4,True
1698,2024-03-11 17:00:00,SoilPH,1.6526150234465575,Field2,False
1699,2024-03-11 18:00:00,SoilPH,56.05466384353596,Field3,False
1700,2024-03-11 19:00:00,Temperature,67.40290648145081,Field2,True
1701,2024-03-11 20:00:00,SoilPH,54.68735102987869,Field4,False
1702,2024-03-11 21:00:00,SoilMoisture,92.08139440657868,Field3,False
1703,2024-03-11 22:00:00,Humidity,6.350818689052639,Field4,False
1704,2024-03-11 23:00:00,SoilPH,40.564254620115925,Field4,False
1705,2024-03-12 00:00:00,Humidity,58.266312570215895,Field2,False
1706,2024-03-12 01:00:00,SoilPH,53.85866910710414,Field4,False
1707,2024-03-12 02:00:00,SoilPH,51.39131365793275,Field2,False
1708,2024-03-12 03:00:00,Light,40.88034510596707,Field3,False
1709,2024-03-12 04:00:00,SoilPH,43.02017952222833,Field2,False
1710,2024-03-12 05:00:00,Light,58.85813210129742,Field4,False
1711,2024-03-12 06:00:00,Temperature,49.48859831271821,Field1,False
1712,2024-03-12 07:00:00,SoilPH,78.17325574245359,Field2,False
1713,2024-03-12 08:00:00,SoilPH,28.19682204762064,Field3,False
1714,2024-03-12 09:00:00,SoilPH,3.0951871639386286,Field4,False
1715,2024-03-12 10:00:00,Light,87.42673825870665,Field3,False
1716,2024-03-12 11:00:00,SoilPH,86.35499069426699,Field3,False
1717,2024-03-12 12:00:00,SoilMoisture,15.760209772879277,Field1,False
1718,2024-03-12 13:00:00,Temperature,3.98415904119509,Field3,False
1719,2024-03-12 14:00:00,Humidity,40.2202388441042,Field4,False
1720,2024-03-12 15:00:00,Humidity,52.604701379030494,Field2,False
1721,2024-03-12 16:00:00,Light,19.69413611131,Field1,False
1722,2024-03-12 17:00:00,Temperature,44.11709642228491,Field3,False
1723,2024-03-12 18:00:00,Temperature,17.889168013897827,Field1,False
1724,2024-03-12 19:00:00,Humidity,57.57458002493259,Field2,False
1725,2024-03-12 20:00:00,Light,45.98846818773207,Field2,False
1726,2024-03-12 21:00:00,SoilMoisture,9.0247444310503,Field4,False
1727,2024-03-12 22:00:00,Temperature,25.5743674122634,Field3,False
1728,2024-03-12 23:00:00,Humidity,73.25913702597788,Field4,False
1729,2024-03-13 00:00:00,SoilMoisture,82.23365309855714,Field3,False
1730,2024-03-13 01:00:00,SoilMoisture,27.8246713854448,Field1,False
1731,2024-03-13 02:00:00,SoilMoisture,48.716313388489965,Field4,False
1732,2024-03-13 03:00:00,SoilPH,12.767175706754896,Field1,False
1733,2024-03-13 04:00:00,SoilMoisture,80.23071579440952,Field2,False
1734,2024-03-13 05:00:00,SoilMoisture,14.703006339803594,Field3,False
1735,2024-03-13 06:00:00,Humidity,64.04134234269308,Field1,False
1736,2024-03-13 07:00:00,Light,64.79708229687647,Field1,False
1737,2024-03-13 08:00:00,SoilPH,24.57072281516637,Field1,False
1738,2024-03-13 09:00:00,Humidity,43.701718172338246,Field2,False
1739,2024-03-13 10:00:00,Humidity,8.023808279359635,Field4,False
1740,2024-03-13 11:00:00,SoilMoisture,41.19390511029317,Field3,False
1741,2024-03-13 12:00:00,SoilPH,18.863112444111508,Field3,False
1742,2024-03-13 13:00:00,Light,97.95432707582862,Field4,False
1743,2024-03-13 14:00:00,Light,55.22135779013109,Field3,False
1744,2024-03-13 15:00:00,Humidity,19.45443549747925,Field1,False
1745,2024-03-13 16:00:00,SoilPH,78.99863366419213,Field4,False
1746,2024-03-13 17:00:00,Humidity,57.48916542835958,Field2,False
1747,2024-03-13 18:00:00,Humidity,67.7518954660043,Field3,False
1748,2024-03-13 19:00:00,Light,89.15944398422788,Field2,False
1749,2024-03-13 20:00:00,Light,69.3522636470205,Field3,False
1750,2024-03-13 21:00:00,Humidity,19.96644551374257,Field2,False
1751,2024-03-13 22:00:00,Light,95.44262020960991,Field1,False
1752,2024-03-13 23:00:00,Light,85.83563848236034,Field2,False
1753,2024-03-14 00:00:00,SoilMoisture,50.1700113385325,Field2,False
1754,2024-03-14 01:00:00,SoilMoisture,64.03747912051386,Field1,False
1755,2024-03-14 02:00:00,Temperature,73.37567465592788,Field1,True
1756,2024-03-14 03:00:00,Temperature,82.53410789970434,Field4,True
1757,2024-03-14 04:00:00,Humidity,19.96129861892577,Field3,False
1758,2024-03-14 05:00:00,Humidity,49.39023640467304,Field2,False
1759,2024-03-14 06:00:00,Humidity,65.6499838854811,Field2,False
1760,2024-03-14 07:00:00,Humidity,98.8259719987157,Field3,False
1761,2024-03-14 08:00:00,Light,18.45085733852967,Field2,False
1762,2024-03-14 09:00:00,Temperature,13.43689655741176,Field4,False
1763,2024-03-14 10:00:00,Humidity,6.321471824708091,Field4,False
1764,2024-03-14 11:00:00,SoilMoisture,9.416306638484462,Field1,False
1765,2024-03-14 12:00:00,Light,85.36295067565128,Field1,False
1766,2024-03-14 13:00:00,Temperature,3.161224249202088,Field2,False
1767,2024-03-14 14:00:00,Light,80.54087600630048,Field1,False
1768,2024-03-14 15:00:00,SoilPH,11.45798776958692,Field1,False
1769,2024-03-14 16:00:00,Humidity,23.85014040306531,Field1,False
1770,2024-03-14 17:00:00,SoilMoisture,59.23122178582433,Field1,False
1771,2024-03-14 18:00:00,Temperature,81.42310358893016,Field1,True
1772,2024-03-14 19:00:00,Light,89.34564213811446,Field3,False
1773,2024-03-14 20:00:00,Temperature,88.14114393242082,Field2,True
1774,2024-03-14 21:00:00,SoilPH,7.031209823884854,Field1,False
1775,2024-03-14 22:00:00,SoilMoisture,7.910601066442924,Field3,False
1776,2024-03-14 23:00:00,Light,45.79230283248119,Field4,False
1777,2024-03-15 00:00:00,SoilPH,65.85183882192428,Field3,False
1778,2024-03-15 01:00:00,SoilMoisture,90.0690687614402,Field1,False
1779,2024-03-15 02:00:00,Humidity,5.76862692787169,Field4,False
1780,2024-03-15 03:00:00,Temperature,36.039950420929934,Field3,False
1781,2024-03-15 04:00:00,SoilPH,90.56384927200524,Field4,False
1782,2024-03-15 05:00:00,Temperature,77.47559458913284,Field4,True
1783,2024-03-15 06:00:00,Temperature,82.04879130319425,Field2,True
1784,2024-03-15 07:00:00,SoilPH,23.55469471994828,Field2,False
1785,2024-03-15 08:00:00,SoilPH,68.32777196976024,Field1,False
1786,2024-03-15 09:00:00,Light,59.10331816634677,Field4,False
1787,2024-03-15 10:00:00,SoilMoisture,64.78801099164329,Field4,False
1788,2024-03-15 11:00:00,Humidity,35.99290594655346,Field2,False
1789,2024-03-15 12:00:00,SoilMoisture,43.05661863961191,Field4,False
1790,2024-03-15 13:00:00,Humidity,88.29317233825418,Field3,False
1791,2024-03-15 14:00:00,Humidity,33.21015008985725,Field2,False
1792,2024-03-15 15:00:00,Light,69.12235763349037,Field3,False
1793,2024-03-15 16:00:00,SoilMoisture,46.30921850251909,Field1,False
1794,2024-03-15 17:00:00,SoilPH,39.13292181791142,Field4,False
1795,2024-03-15 18:00:00,Temperature,53.472826333254496,Field1,True
1796,2024-03-15 19:00:00,Light,45.70758116412736,Field3,False
1797,2024-03-15 20:00:00,Light,5.489011386509679,Field3,False
1798,2024-03-15 21:00:00,Light,11.26247765931262,Field1,False
1799,2024-03-15 22:00:00,SoilPH,68.6056147811698,Field2,False
1800,2024-03-15 23:00:00,Temperature,77.40482415610683,Field1,True
1801,2024-03-16 00:00:00,Humidity,61.54629657375981,Field4,False
1802,2024-03-16 01:00:00,SoilPH,42.63041657927942,Field3,False
1803,2024-03-16 02:00:00,SoilMoisture,71.56019916020789,Field2,False
1804,2024-03-16 03:00:00,SoilMoisture,75.23214746574226,Field3,False
1805,2024-03-16 04:00:00,SoilPH,87.72565957567747,Field3,False
1806,2024-03-16 05:00:00,Light,38.881805196958375,Field4,False
1807,2024-03-16 06:00:00,SoilPH,19.7733819444614,Field2,False
1808,2024-03-16 07:00:00,Temperature,22.018684044060443,Field1,False
1809,2024-03-16 08:00:00,Humidity,65.44167520492643,Field2,False
1810,2024-03-16 09:00:00,Humidity,53.07307977355452,Field1,False
1811,2024-03-16 10:00:00,Humidity,74.86724325895094,Field3,False
1812,2024-03-16 11:00:00,Humidity,7.188770447768322,Field3,False
1813,2024-03-16 12:00:00,Light,38.54764265089764,Field1,False
1814,2024-03-16 13:00:00,SoilMoisture,68.48248986251873,Field1,False
1815,2024-03-16 14:00:00,SoilMoisture,74.11069983801968,Field4,False
1816,2024-03-16 15:00:00,SoilPH,37.58209935261255,Field2,False
1817,2024-03-16 16:00:00,Humidity,2.96405203529162,Field4,False
1818,2024-03-16 17:00:00,SoilMoisture,14.206717229383736,Field3,False
1819,2024-03-16 18:00:00,Temperature,0.3324679124371288,Field1,False
1820,2024-03-16 19:00:00,SoilPH,5.774277013960017,Field4,False
1821,2024-03-16 20:00:00,Light,70.35520333094713,Field1,False
1822,2024-03-16 21:00:00,SoilMoisture,40.73504878844212,Field4,False
1823,2024-03-16 22:00:00,Humidity,62.16801211896738,Field3,False
1824,2024-03-16 23:00:00,Light,37.68974734371871,Field2,False
1825,2024-03-17 00:00:00,Temperature,65.84163959122533,Field3,True
1826,2024-03-17 01:00:00,Temperature,91.81010814398412,Field4,True
1827,2024-03-17 02:00:00,Temperature,50.00325759477759,Field3,True
1828,2024-03-17 03:00:00,Light,17.970178081710174,Field3,False
1829,2024-03-17 04:00:00,SoilMoisture,82.14513347085176,Field4,False
1830,2024-03-17 05:00:00,SoilMoisture,22.486723363843897,Field1,False
1831,2024-03-17 06:00:00,Humidity,1.4394836937927535,Field4,False
1832,2024-03-17 07:00:00,Light,33.57525095993377,Field2,False
1833,2024-03-17 08:00:00,SoilMoisture,72.37930550041251,Field3,False
1834,2024-03-17 09:00:00,SoilPH,32.54237614655116,Field1,False
1835,2024-03-17 10:00:00,Humidity,99.00401786069604,Field3,False
1836,2024-03-17 11:00:00,SoilMoisture,50.55679213927308,Field4,False
1837,2024-03-17 12:00:00,SoilPH,7.252960694869637,Field1,False
1838,2024-03-17 13:00:00,Humidity,30.76937614969517,Field1,False
1839,2024-03-17 14:00:00,Temperature,30.78490715775185,Field3,False
1840,2024-03-17 15:00:00,Temperature,54.831855732488656,Field4,True
1841,2024-03-17 16:00:00,SoilPH,8.250615431669262,Field1,False
1842,2024-03-17 17:00:00,Temperature,94.98374612206142,Field4,True
1843,2024-03-17 18:00:00,SoilPH,41.48759010426375,Field3,False
1844,2024-03-17 19:00:00,Humidity,95.716300409075,Field2,False
1845,2024-03-17 20:00:00,SoilMoisture,94.0001852994272,Field4,False
1846,2024-03-17 21:00:00,Humidity,27.15493198980531,Field1,False
1847,2024-03-17 22:00:00,SoilPH,29.26037067137533,Field4,False
1848,2024-03-17 23:00:00,Light,63.617114794695965,Field1,False
1849,2024-03-18 00:00:00,Light,38.47565243868324,Field3,False
1850,2024-03-18 01:00:00,SoilPH,33.064826986846306,Field1,False
1851,2024-03-18 02:00:00,Temperature,65.10934076819939,Field4,True
1852,2024-03-18 03:00:00,SoilPH,23.944698604287385,Field4,False
1853,2024-03-18 04:00:00,SoilMoisture,20.31788271602806,Field2,False
1854,2024-03-18 05:00:00,Humidity,29.938258641173267,Field4,False
1855,2024-03-18 06:00:00,SoilPH,59.68169012619252,Field2,False
1856,2024-03-18 07:00:00,SoilMoisture,18.55018276956564,Field3,False
1857,2024-03-18 08:00:00,Light,9.158444364837791,Field1,False
1858,2024-03-18 09:00:00,SoilPH,53.11708294966965,Field3,False
1859,2024-03-18 10:00:00,Temperature,60.98480686280998,Field2,True
1860,2024-03-18 11:00:00,SoilPH,25.954233011603232,Field4,False
1861,2024-03-18 12:00:00,Light,76.70850851964565,Field2,False
1862,2024-03-18 13:00:00,SoilMoisture,6.996478149899465,Field2,False
1863,2024-03-18 14:00:00,SoilPH,71.30672375345549,Field1,False
1864,2024-03-18 15:00:00,SoilPH,40.019184421206376,Field4,False
1865,2024-03-18 16:00:00,Temperature,40.50199650176482,Field4,False
1866,2024-03-18 17:00:00,SoilPH,47.45671282691912,Field3,False
1867,2024-03-18 18:00:00,Humidity,97.9206523640268,Field4,False
1868,2024-03-18 19:00:00,SoilPH,79.46807393641275,Field3,False
1869,2024-03-18 20:00:00,SoilMoisture,19.435189544263377,Field1,False
1870,2024-03-18 21:00:00,Humidity,17.670257432110713,Field3,False
1871,2024-03-18 22:00:00,Temperature,73.94131914945054,Field2,True
1872,2024-03-18 23:00:00,SoilMoisture,32.1570905667318,Field1,False
1873,2024-03-19 00:00:00,Temperature,79.1543472921491,Field1,True
1874,2024-03-19 01:00:00,SoilPH,52.76603862043305,Field2,False
1875,2024-03-19 02:00:00,SoilPH,58.33817290606736,Field3,False
1876,2024-03-19 03:00:00,SoilPH,23.057749745537127,Field3,False
1877,2024-03-19 04:00:00,Light,34.487718192930394,Field4,False
1878,2024-03-19 05:00:00,Light,26.07088972205436,Field1,False
1879,2024-03-19 06:00:00,Light,82.81890860079822,Field2,False
1880,2024-03-19 07:00:00,Humidity,36.89596180776624,Field3,False
1881,2024-03-19 08:00:00,Light,86.61999215050908,Field3,False
1882,2024-03-19 09:00:00,SoilPH,94.9200259515078,Field1,False
1883,2024-03-19 10:00:00,SoilPH,43.75488013490864,Field3,False
1884,2024-03-19 11:00:00,Temperature,83.09999325857069,Field3,True
1885,2024-03-19 12:00:00,SoilMoisture,95.56488372169694,Field3,False
1886,2024-03-19 13:00:00,SoilMoisture,30.372953997427064,Field1,False
1887,2024-03-19 14:00:00,Humidity,63.10978462853546,Field2,False
1888,2024-03-19 15:00:00,SoilMoisture,86.63905775763871,Field3,False
1889,2024-03-19 16:00:00,Humidity,38.57702698315278,Field3,False
1890,2024-03-19 17:00:00,Temperature,56.38715538609108,Field2,True
1891,2024-03-19 18:00:00,SoilPH,17.11546910160798,Field1,False
1892,2024-03-19 19:00:00,SoilPH,98.50381816835568,Field3,False
1893,2024-03-19 20:00:00,Humidity,49.05223972141569,Field1,False
1894,2024-03-19 21:00:00,Light,44.234640302137805,Field3,False
1895,2024-03-19 22:00:00,Temperature,52.93241937293928,Field3,True
1896,2024-03-19 23:00:00,SoilPH,53.99115689738865,Field1,False
1897,2024-03-20 00:00:00,SoilPH,77.61047621042836,Field2,False
1898,2024-03-20 01:00:00,Temperature,69.47283312705957,Field4,True
1899,2024-03-20 02:00:00,Humidity,88.69290757149855,Field2,False
1900,2024-03-20 03:00:00,Light,76.5205866888497,Field1,False
1901,2024-03-20 04:00:00,Humidity,4.384494420459362,Field3,False
1902,2024-03-20 05:00:00,Temperature,23.31514212349224,Field2,False
1903,2024-03-20 06:00:00,SoilMoisture,68.41815820970099,Field3,False
1904,2024-03-20 07:00:00,Humidity,84.45190677430192,Field1,False
1905,2024-03-20 08:00:00,SoilMoisture,48.52848264223575,Field3,False
1906,2024-03-20 09:00:00,Temperature,72.27707624209316,Field2,True
1907,2024-03-20 10:00:00,SoilMoisture,52.095980246308784,Field1,False
1908,2024-03-20 11:00:00,SoilPH,39.46273134628746,Field4,False
1909,2024-03-20 12:00:00,SoilMoisture,29.751199975759068,Field4,False
1910,2024-03-20 13:00:00,Light,5.35422190132323,Field3,False
1911,2024-03-20 14:00:00,Light,16.139842110935078,Field3,False
1912,2024-03-20 15:00:00,Temperature,30.575962353194697,Field3,False
1913,2024-03-20 16:00:00,Light,43.69522970084909,Field4,False
1914,2024-03-20 17:00:00,SoilMoisture,61.11680676322732,Field1,False
1915,2024-03-20 18:00:00,SoilPH,14.64340419727117,Field1,False
1916,2024-03-20 19:00:00,Temperature,66.44371344099899,Field1,True
1917,2024-03-20 20:00:00,Humidity,13.58184473852554,Field2,False
1918,2024-03-20 21:00:00,SoilPH,69.42968322595625,Field1,False
1919,2024-03-20 22:00:00,Humidity,91.41343830389457,Field1,False
1920,2024-03-20 23:00:00,Temperature,22.288308661064747,Field2,False
1921,2024-03-21 00:00:00,Humidity,32.31726272418249,Field3,False
1922,2024-03-21 01:00:00,SoilPH,20.747016002460093,Field1,False
1923,2024-03-21 02:00:00,Light,6.17511885757116,Field3,False
1924,2024-03-21 03:00:00,Temperature,27.72283773747687,Field1,False
1925,2024-03-21 04:00:00,Light,50.4517584154807,Field2,False
1926,2024-03-21 05:00:00,Light,26.141379134307343,Field4,False
1927,2024-03-21 06:00:00,Light,82.6844564713406,Field3,False
1928,2024-03-21 07:00:00,SoilPH,0.2716602362796361,Field4,False
1929,2024-03-21 08:00:00,SoilMoisture,59.42178336427608,Field2,False
1930,2024-03-21 09:00:00,Light,20.60835877881589,Field3,False
1931,2024-03-21 10:00:00,SoilMoisture,60.81120562888172,Field2,False
1932,2024-03-21 11:00:00,Temperature,85.25040463479496,Field2,True
1933,2024-03-21 12:00:00,Humidity,39.54760228466536,Field2,False
1934,2024-03-21 13:00:00,Light,47.47724732650127,Field4,False
1935,2024-03-21 14:00:00,SoilMoisture,97.11269791948769,Field4,False
1936,2024-03-21 15:00:00,Temperature,38.86988654118198,Field1,False
1937,2024-03-21 16:00:00,SoilPH,60.80681628095044,Field4,False
1938,2024-03-21 17:00:00,Temperature,30.964695056357083,Field2,False
1939,2024-03-21 18:00:00,SoilPH,79.31895006794231,Field4,False
1940,2024-03-21 19:00:00,Humidity,40.92841761509421,Field1,False
1941,2024-03-21 20:00:00,Humidity,84.64927536456209,Field4,False
1942,2024-03-21 21:00:00,SoilMoisture,53.61798415418064,Field4,False
1943,2024-03-21 22:00:00,SoilPH,8.493258609506915,Field3,False
1944,2024-03-21 23:00:00,SoilPH,31.99798741334048,Field4,False
1945,2024-03-22 00:00:00,Humidity,24.80512106975503,Field2,False
1946,2024-03-22 01:00:00,Temperature,64.64456562825485,Field4,True
1947,2024-03-22 02:00:00,Temperature,83.00864591408862,Field1,True
1948,2024-03-22 03:00:00,SoilMoisture,96.53765851230642,Field3,False
1949,2024-03-22 04:00:00,Humidity,89.85023738705033,Field1,False
1950,2024-03-22 05:00:00,Humidity,48.0070326134331,Field4,False
1951,2024-03-22 06:00:00,Light,36.638135437531474,Field1,False
1952,2024-03-22 07:00:00,SoilMoisture,35.90260666227518,Field3,False
1953,2024-03-22 08:00:00,Humidity,96.24386914937656,Field1,False
1954,2024-03-22 09:00:00,Light,66.96036193420653,Field1,False
1955,2024-03-22 10:00:00,SoilPH,38.90234525861357,Field4,False
1956,2024-03-22 11:00:00,Light,67.70796969492481,Field3,False
1957,2024-03-22 12:00:00,Humidity,27.07090172688762,Field2,False
1958,2024-03-22 13:00:00,Temperature,35.572638748084515,Field1,False
1959,2024-03-22 14:00:00,SoilMoisture,69.13698879819589,Field3,False
1960,2024-03-22 15:00:00,SoilPH,25.657303297737123,Field1,False
1961,2024-03-22 16:00:00,Temperature,24.782025371252924,Field4,False
1962,2024-03-22 17:00:00,SoilMoisture,16.81951965869999,Field2,False
1963,2024-03-22 18:00:00,SoilPH,40.27704139654057,Field2,False
1964,2024-03-22 19:00:00,SoilPH,43.697324478870655,Field2,False
1965,2024-03-22 20:00:00,Humidity,95.78462626000356,Field3,False
1966,2024-03-22 21:00:00,Light,26.48599009904874,Field1,False
1967,2024-03-22 22:00:00,Temperature,4.190279572762923,Field4,False
1968,2024-03-22 23:00:00,Light,50.15896995196629,Field4,False
1969,2024-03-23 00:00:00,Humidity,9.555338987490824,Field2,False
1970,2024-03-23 01:00:00,Humidity,27.79557714057237,Field3,False
1971,2024-03-23 02:00:00,Temperature,57.1207035046583,Field1,True
1972,2024-03-23 03:00:00,SoilPH,23.68728473274754,Field4,False
1973,2024-03-23 04:00:00,SoilMoisture,39.88323817115565,Field3,False
1974,2024-03-23 05:00:00,SoilPH,93.05228431850124,Field3,False
1975,2024-03-23 06:00:00,Light,6.0717864811923095,Field1,False
1976,2024-03-23 07:00:00,Temperature,43.744684562696776,Field2,False
1977,2024-03-23 08:00:00,Humidity,63.94289520872071,Field4,False
1978,2024-03-23 09:00:00,SoilPH,58.269543397150656,Field1,False
1979,2024-03-23 10:00:00,Temperature,66.04182958029526,Field2,True
1980,2024-03-23 11:00:00,SoilMoisture,4.576057070842799,Field2,False
1981,2024-03-23 12:00:00,Humidity,24.97586642773345,Field4,False
1982,2024-03-23 13:00:00,SoilPH,3.332586698566542,Field1,False
1983,2024-03-23 14:00:00,Humidity,65.75292275108036,Field4,False
1984,2024-03-23 15:00:00,Light,42.0729929793705,Field4,False
1985,2024-03-23 16:00:00,SoilMoisture,58.3027750060935,Field1,False
1986,2024-03-23 17:00:00,SoilMoisture,46.98893206692551,Field2,False
1987,2024-03-23 18:00:00,SoilMoisture,96.53146558363105,Field3,False
1988,2024-03-23 19:00:00,Light,13.606294287696786,Field3,False
1989,2024-03-23 20:00:00,SoilPH,54.01818429810572,Field1,False
1990,2024-03-23 21:00:00,SoilPH,43.456439189387055,Field2,False
1991,2024-03-23 22:00:00,SoilPH,43.34672723375144,Field4,False
1992,2024-03-23 23:00:00,SoilPH,8.692234174265556,Field2,False
1993,2024-03-24 00:00:00,SoilPH,54.71848498174984,Field1,False
1994,2024-03-24 01:00:00,Temperature,75.43483995505133,Field3,True
1995,2024-03-24 02:00:00,Light,65.76041110523066,Field4,False
1996,2024-03-24 03:00:00,SoilMoisture,23.20548062864958,Field4,False
1997,2024-03-24 04:00:00,SoilPH,21.848193861034936,Field3,False
1998,2024-03-24 05:00:00,SoilPH,84.71072973029396,Field4,False
1999,2024-03-24 06:00:00,SoilMoisture,89.4459225323418,Field2,False
2000,2024-03-24 07:00:00,SoilMoisture,83.87193440474397,Field3,False
2001,2024-03-24 08:00:00,Temperature,5.4821629270567,Field3,False
2002,2024-03-24 09:00:00,Light,27.15561750063963,Field3,False
2003,2024-03-24 10:00:00,Humidity,38.11042623522924,Field1,False
2004,2024-03-24 11:00:00,Temperature,9.362858069496516,Field3,False
2005,2024-03-24 12:00:00,Humidity,44.15327884086116,Field4,False
2006,2024-03-24 13:00:00,Temperature,47.24858317406504,Field1,False
2007,2024-03-24 14:00:00,Light,41.18786191814882,Field3,False
2008,2024-03-24 15:00:00,Light,84.38833791491392,Field2,False
2009,2024-03-24 16:00:00,Humidity,48.894305935739965,Field2,False
2010,2024-03-24 17:00:00,SoilPH,74.74003582549916,Field3,False
2011,2024-03-24 18:00:00,SoilPH,72.28249304347572,Field4,False
2012,2024-03-24 19:00:00,SoilPH,22.581901688596528,Field2,False
2013,2024-03-24 20:00:00,Humidity,58.69278084895211,Field3,False
2014,2024-03-24 21:00:00,SoilPH,5.341071460650715,Field1,False
2015,2024-03-24 22:00:00,SoilMoisture,49.87745249681377,Field2,False
2016,2024-03-24 23:00:00,SoilMoisture,11.795633279564376,Field1,False
2017,2024-03-25 00:00:00,Light,0.2250393442685294,Field2,False
2018,2024-03-25 01:00:00,Humidity,37.87158444121993,Field2,False
2019,2024-03-25 02:00:00,SoilPH,96.31470077785607,Field4,False
2020,2024-03-25 03:00:00,SoilMoisture,68.34865679004473,Field2,False
2021,2024-03-25 04:00:00,SoilPH,34.944563907014,Field1,False
2022,2024-03-25 05:00:00,Temperature,71.41411867026002,Field3,True
2023,2024-03-25 06:00:00,SoilPH,55.92355459716269,Field2,False
2024,2024-03-25 07:00:00,Light,65.97500201942735,Field1,False
2025,2024-03-25 08:00:00,Temperature,11.823814380010534,Field4,False
2026,2024-03-25 09:00:00,Humidity,47.00401038942864,Field3,False
2027,2024-03-25 10:00:00,SoilPH,78.8472300382465,Field1,False
2028,2024-03-25 11:00:00,SoilPH,38.38498829320274,Field1,False
2029,2024-03-25 12:00:00,Temperature,95.54414331095154,Field1,True
2030,2024-03-25 13:00:00,Light,59.85654595315469,Field1,False
2031,2024-03-25 14:00:00,Light,94.20166389032283,Field2,False
2032,2024-03-25 15:00:00,Light,57.109340277513766,Field1,False
2033,2024-03-25 16:00:00,Humidity,21.02244756236423,Field3,False
2034,2024-03-25 17:00:00,Temperature,26.13936392368731,Field1,False
2035,2024-03-25 18:00:00,SoilMoisture,58.00473555637306,Field1,False
2036,2024-03-25 19:00:00,Humidity,82.93783277809041,Field4,False
2037,2024-03-25 20:00:00,Light,19.500384260529813,Field2,False
2038,2024-03-25 21:00:00,Light,54.51576858874871,Field2,False
2039,2024-03-25 22:00:00,SoilPH,35.043353416939574,Field3,False
2040,2024-03-25 23:00:00,Humidity,82.84593679866398,Field4,False
2041,2024-03-26 00:00:00,Temperature,76.53313051807335,Field4,True
2042,2024-03-26 01:00:00,Light,4.085155079317149,Field2,False
2043,2024-03-26 02:00:00,SoilMoisture,21.21252302162555,Field3,False
2044,2024-03-26 03:00:00,SoilPH,59.88187864793903,Field1,False
2045,2024-03-26 04:00:00,Temperature,84.29135071068457,Field1,True
2046,2024-03-26 05:00:00,Temperature,62.28288658571858,Field1,True
2047,2024-03-26 06:00:00,Temperature,92.45088290903485,Field1,True
2048,2024-03-26 07:00:00,SoilPH,47.21605250731169,Field2,False
2049,2024-03-26 08:00:00,SoilMoisture,74.43385806398271,Field3,False
2050,2024-03-26 09:00:00,Light,33.793828537560714,Field2,False
2051,2024-03-26 10:00:00,SoilPH,7.470772788106594,Field3,False
2052,2024-03-26 11:00:00,SoilPH,75.48368344042909,Field2,False
2053,2024-03-26 12:00:00,SoilMoisture,31.74521760817993,Field4,False
2054,2024-03-26 13:00:00,Temperature,44.53480574710669,Field1,False
2055,2024-03-26 14:00:00,Light,26.44332579427344,Field4,False
2056,2024-03-26 15:00:00,Humidity,31.21898847088027,Field4,False
2057,2024-03-26 16:00:00,Temperature,78.56480022835046,Field4,True
2058,2024-03-26 17:00:00,Temperature,4.352971519742099,Field1,False
2059,2024-03-26 18:00:00,SoilMoisture,4.592979448806423,Field2,False
2060,2024-03-26 19:00:00,Humidity,62.7232014251116,Field1,False
2061,2024-03-26 20:00:00,Light,4.991509992375209,Field3,False
2062,2024-03-26 21:00:00,Light,65.18473989945875,Field2,False
2063,2024-03-26 22:00:00,Light,15.49088882471057,Field2,False
2064,2024-03-26 23:00:00,SoilMoisture,46.62819600099748,Field1,False
2065,2024-03-27 00:00:00,Humidity,60.85531995577096,Field1,False
2066,2024-03-27 01:00:00,Humidity,21.702185163811084,Field2,False
2067,2024-03-27 02:00:00,Temperature,60.883662808563855,Field1,True
2068,2024-03-27 03:00:00,SoilPH,9.887699263551289,Field4,False
2069,2024-03-27 04:00:00,Humidity,54.849409893330616,Field4,False
2070,2024-03-27 05:00:00,Light,60.61473264182381,Field3,False
2071,2024-03-27 06:00:00,Light,0.5479034237608316,Field3,False
2072,2024-03-27 07:00:00,SoilPH,99.06334001764378,Field2,False
2073,2024-03-27 08:00:00,SoilPH,9.64451882165842,Field2,False
2074,2024-03-27 09:00:00,Temperature,45.02291437957664,Field1,False
2075,2024-03-27 10:00:00,Temperature,15.508420868847804,Field3,False
2076,2024-03-27 11:00:00,SoilMoisture,4.261759211825278,Field3,False
2077,2024-03-27 12:00:00,Light,50.15620239770254,Field1,False
2078,2024-03-27 13:00:00,SoilMoisture,59.6152621633192,Field4,False
2079,2024-03-27 14:00:00,Light,23.911020834743223,Field2,False
2080,2024-03-27 15:00:00,SoilMoisture,67.01321261074227,Field1,False
2081,2024-03-27 16:00:00,Temperature,75.78848295863293,Field3,True
2082,2024-03-27 17:00:00,Humidity,88.52643877670232,Field4,False
2083,2024-03-27 18:00:00,SoilPH,51.8276537123161,Field4,False
2084,2024-03-27 19:00:00,Light,53.466418622500456,Field4,False
2085,2024-03-27 20:00:00,Temperature,43.88185394543724,Field3,False
2086,2024-03-27 21:00:00,Temperature,53.99250507775485,Field2,True
2087,2024-03-27 22:00:00,Temperature,2.883074189769108,Field1,False
2088,2024-03-27 23:00:00,SoilMoisture,58.0667793543859,Field4,False
2089,2024-03-28 00:00:00,SoilPH,64.2299934674174,Field3,False
2090,2024-03-28 01:00:00,Temperature,99.80793417384604,Field2,True
2091,2024-03-28 02:00:00,SoilMoisture,27.72063094842342,Field1,False
2092,2024-03-28 03:00:00,Temperature,92.98636581399111,Field2,True
2093,2024-03-28 04:00:00,SoilMoisture,87.01948181065933,Field1,False
2094,2024-03-28 05:00:00,Humidity,42.8649273103317,Field2,False
2095,2024-03-28 06:00:00,SoilMoisture,79.02075204266336,Field3,False
2096,2024-03-28 07:00:00,Light,53.822602328480926,Field3,False
2097,2024-03-28 08:00:00,SoilPH,10.914045614718171,Field3,False
2098,2024-03-28 09:00:00,SoilMoisture,6.830124015122596,Field1,False
2099,2024-03-28 10:00:00,SoilPH,25.74037989387216,Field3,False
2100,2024-03-28 11:00:00,SoilMoisture,29.826429149218725,Field2,False
2101,2024-03-28 12:00:00,SoilPH,47.54603754864506,Field2,False
2102,2024-03-28 13:00:00,Humidity,43.23290986962605,Field4,False
2103,2024-03-28 14:00:00,Light,22.64486237553321,Field1,False
2104,2024-03-28 15:00:00,Light,66.09451763631411,Field4,False
2105,2024-03-28 16:00:00,Light,97.80113932914809,Field3,False
2106,2024-03-28 17:00:00,SoilMoisture,61.02656668348382,Field2,False
2107,2024-03-28 18:00:00,Light,5.923961455172755,Field4,False
2108,2024-03-28 19:00:00,Temperature,36.33605324691658,Field2,False
2109,2024-03-28 20:00:00,Temperature,29.93031023929869,Field3,False
2110,2024-03-28 21:00:00,Light,15.844369904762534,Field2,False
2111,2024-03-28 22:00:00,Light,13.839016051572806,Field1,False
2112,2024-03-28 23:00:00,SoilMoisture,22.638959585528163,Field2,False
2113,2024-03-29 00:00:00,Light,57.53308886379852,Field4,False
2114,2024-03-29 01:00:00,SoilPH,25.711273562828595,Field4,False
2115,2024-03-29 02:00:00,Humidity,96.95185096983492,Field3,False
2116,2024-03-29 03:00:00,SoilMoisture,10.1606991752913,Field1,False
2117,2024-03-29 04:00:00,SoilMoisture,24.8080987175735,Field3,False
2118,2024-03-29 05:00:00,Temperature,34.58771691985972,Field1,False
2119,2024-03-29 06:00:00,SoilMoisture,8.546780960796163,Field1,False
2120,2024-03-29 07:00:00,SoilMoisture,81.59750512039678,Field1,False
2121,2024-03-29 08:00:00,Humidity,28.79539801360488,Field1,False
2122,2024-03-29 09:00:00,SoilPH,41.02303324882819,Field3,False
2123,2024-03-29 10:00:00,Humidity,98.74815161930952,Field3,False
2124,2024-03-29 11:00:00,SoilPH,86.61372534417046,Field2,False
2125,2024-03-29 12:00:00,Temperature,29.932336601470453,Field2,False
2126,2024-03-29 13:00:00,Humidity,1.8868363287992571,Field3,False
2127,2024-03-29 14:00:00,Humidity,7.614441646396242,Field2,False
2128,2024-03-29 15:00:00,Humidity,62.941635086260185,Field2,False
2129,2024-03-29 16:00:00,Light,64.826525409024,Field3,False
2130,2024-03-29 17:00:00,Light,43.51418181096621,Field4,False
2131,2024-03-29 18:00:00,Humidity,18.586522019381192,Field2,False
2132,2024-03-29 19:00:00,SoilMoisture,55.04242114081159,Field4,False
2133,2024-03-29 20:00:00,Temperature,88.16806352335354,Field1,True
2134,2024-03-29 21:00:00,SoilMoisture,88.54155693311779,Field1,False
2135,2024-03-29 22:00:00,Temperature,18.6263689317935,Field1,False
2136,2024-03-29 23:00:00,Temperature,16.86023942695394,Field1,False
2137,2024-03-30 00:00:00,Light,26.314380972781198,Field2,False
2138,2024-03-30 01:00:00,Temperature,30.25824562616817,Field1,False
2139,2024-03-30 02:00:00,Humidity,12.785396939330273,Field2,False
2140,2024-03-30 03:00:00,Humidity,74.8982221439167,Field3,False
2141,2024-03-30 04:00:00,Temperature,59.04452060757778,Field4,True
2142,2024-03-30 05:00:00,Light,67.62845527337008,Field2,False
2143,2024-03-30 06:00:00,SoilMoisture,10.433039362871565,Field1,False
2144,2024-03-30 07:00:00,Light,27.60686442018615,Field3,False
2145,2024-03-30 08:00:00,Light,29.01116552578088,Field3,False
2146,2024-03-30 09:00:00,SoilMoisture,11.961119759064651,Field3,False
2147,2024-03-30 10:00:00,Humidity,48.78934793080047,Field3,False
2148,2024-03-30 11:00:00,SoilPH,28.731046993180158,Field3,False
2149,2024-03-30 12:00:00,Light,51.67616007577409,Field2,False
2150,2024-03-30 13:00:00,Humidity,6.091514074795268,Field1,False
2151,2024-03-30 14:00:00,Temperature,70.63507376053981,Field2,True
2152,2024-03-30 15:00:00,Light,85.13836622450552,Field3,False
2153,2024-03-30 16:00:00,Light,59.01732944704072,Field1,False
2154,2024-03-30 17:00:00,Temperature,14.14766826167584,Field2,False
2155,2024-03-30 18:00:00,SoilPH,60.25775032841171,Field3,False
2156,2024-03-30 19:00:00,SoilPH,11.994945903941002,Field1,False
2157,2024-03-30 20:00:00,SoilMoisture,12.552724553711892,Field4,False
2158,2024-03-30 21:00:00,Temperature,63.321893865684096,Field1,True
2159,2024-03-30 22:00:00,Humidity,9.954631618988618,Field1,False
2160,2024-03-30 23:00:00,Humidity,7.888881741820708,Field1,False
2161,2024-03-31 00:00:00,SoilPH,28.08723658897897,Field4,False
2162,2024-03-31 01:00:00,SoilMoisture,7.361357842017679,Field3,False
2163,2024-03-31 02:00:00,SoilMoisture,86.86941700896165,Field4,False
2164,2024-03-31 03:00:00,Humidity,58.42152904402991,Field1,False
2165,2024-03-31 04:00:00,SoilMoisture,43.75467738342989,Field1,False
2166,2024-03-31 05:00:00,SoilPH,44.47707636750342,Field4,False
2167,2024-03-31 06:00:00,SoilPH,79.32385991600289,Field2,False
2168,2024-03-31 07:00:00,SoilMoisture,68.30862972584414,Field2,False
2169,2024-03-31 08:00:00,SoilPH,38.712797847688506,Field4,False
2170,2024-03-31 09:00:00,SoilPH,72.32607879422972,Field2,False
2171,2024-03-31 10:00:00,SoilMoisture,97.7577435115363,Field2,False
2172,2024-03-31 11:00:00,SoilPH,1.8092130205049184,Field1,False
2173,2024-03-31 12:00:00,Temperature,92.59435315017484,Field4,True
2174,2024-03-31 13:00:00,SoilPH,22.016868216654206,Field1,False
2175,2024-03-31 14:00:00,Light,85.02942860334282,Field2,False
2176,2024-03-31 15:00:00,Humidity,88.38047786579621,Field2,False
2177,2024-03-31 16:00:00,Temperature,86.50096560882746,Field1,True
2178,2024-03-31 17:00:00,SoilMoisture,80.85701261501099,Field2,False
2179,2024-03-31 18:00:00,Humidity,22.024755313184173,Field3,False
2180,2024-03-31 19:00:00,Light,6.067165614691128,Field2,False
2181,2024-03-31 20:00:00,Humidity,23.671928729934955,Field1,False
2182,2024-03-31 21:00:00,SoilPH,61.83121088610335,Field1,False
2183,2024-03-31 22:00:00,Humidity,75.52349585629833,Field1,False
2184,2024-03-31 23:00:00,SoilMoisture,43.95535681572995,Field2,False
2185,2024-04-01 00:00:00,SoilPH,96.45920352353149,Field4,False
2186,2024-04-01 01:00:00,SoilPH,97.1800132114015,Field1,False
2187,2024-04-01 02:00:00,Light,93.02165773621326,Field1,False
2188,2024-04-01 03:00:00,Humidity,51.556346250575736,Field4,False
2189,2024-04-01 04:00:00,Light,8.020503057656668,Field3,False
2190,2024-04-01 05:00:00,SoilPH,53.14826151555418,Field3,False
2191,2024-04-01 06:00:00,SoilPH,44.47644835338994,Field1,False
2192,2024-04-01 07:00:00,Light,41.97578391388229,Field3,False
2193,2024-04-01 08:00:00,SoilPH,84.83987864402978,Field3,False
2194,2024-04-01 09:00:00,Humidity,39.88119078274088,Field1,False
2195,2024-04-01 10:00:00,Temperature,9.862396246881888,Field3,False
2196,2024-04-01 11:00:00,Light,96.69950858909527,Field4,False
2197,2024-04-01 12:00:00,SoilMoisture,95.16877204642984,Field1,False
2198,2024-04-01 13:00:00,Temperature,81.38356976419875,Field2,True
2199,2024-04-01 14:00:00,SoilMoisture,94.27393488401114,Field2,False
2200,2024-04-01 15:00:00,SoilPH,21.287576099304307,Field3,False
2201,2024-04-01 16:00:00,Temperature,44.83003618600295,Field3,False
2202,2024-04-01 17:00:00,SoilPH,1.479108233650983,Field4,False
2203,2024-04-01 18:00:00,SoilPH,65.30254071496776,Field2,False
2204,2024-04-01 19:00:00,Light,76.58494613454221,Field1,False
2205,2024-04-01 20:00:00,SoilMoisture,70.99564765870579,Field4,False
2206,2024-04-01 21:00:00,Humidity,21.28150969738816,Field2,False
2207,2024-04-01 22:00:00,Light,8.552944213892077,Field3,False
2208,2024-04-01 23:00:00,Light,77.89046249923288,Field3,False
2209,2024-04-02 00:00:00,SoilMoisture,12.834281198725472,Field3,False
2210,2024-04-02 01:00:00,Light,68.66422074019397,Field2,False
2211,2024-04-02 02:00:00,SoilMoisture,87.60781192541285,Field1,False
2212,2024-04-02 03:00:00,Light,85.42220667909108,Field3,False
2213,2024-04-02 04:00:00,Temperature,18.26655834665164,Field1,False
2214,2024-04-02 05:00:00,SoilMoisture,92.60314693368372,Field2,False
2215,2024-04-02 06:00:00,Humidity,82.01490022123488,Field3,False
2216,2024-04-02 07:00:00,Light,32.3151332321344,Field1,False
2217,2024-04-02 08:00:00,Temperature,25.20603793247872,Field2,False
2218,2024-04-02 09:00:00,Humidity,80.66305543198847,Field4,False
2219,2024-04-02 10:00:00,Light,44.30105937294327,Field1,False
2220,2024-04-02 11:00:00,Light,50.97041605042399,Field3,False
2221,2024-04-02 12:00:00,SoilPH,2.992360688659268,Field1,False
2222,2024-04-02 13:00:00,Light,84.64351903150235,Field3,False
2223,2024-04-02 14:00:00,Humidity,83.48713135859514,Field3,False
2224,2024-04-02 15:00:00,Humidity,69.79171158811117,Field1,False
2225,2024-04-02 16:00:00,Temperature,56.74629462840871,Field1,True
2226,2024-04-02 17:00:00,SoilPH,78.01118491754842,Field4,False
2227,2024-04-02 18:00:00,Temperature,8.141475820934419,Field1,False
2228,2024-04-02 19:00:00,Temperature,58.32819387824549,Field2,True
2229,2024-04-02 20:00:00,Light,27.304821738413576,Field4,False
2230,2024-04-02 21:00:00,Temperature,79.95184538445909,Field3,True
2231,2024-04-02 22:00:00,SoilMoisture,77.092377891173,Field4,False
2232,2024-04-02 23:00:00,SoilPH,25.315857933849816,Field2,False
2233,2024-04-03 00:00:00,Light,49.13968685692864,Field1,False
2234,2024-04-03 01:00:00,SoilMoisture,94.57388714592987,Field3,False
2235,2024-04-03 02:00:00,Humidity,0.2314289809491332,Field1,False
2236,2024-04-03 03:00:00,SoilPH,82.06257990928351,Field4,False
2237,2024-04-03 04:00:00,Humidity,68.57652853887342,Field3,False
2238,2024-04-03 05:00:00,Humidity,52.487561693101846,Field4,False
2239,2024-04-03 06:00:00,Light,46.04836899183974,Field3,False
2240,2024-04-03 07:00:00,SoilMoisture,0.9134730276922132,Field1,False
2241,2024-04-03 08:00:00,SoilPH,76.62126661694026,Field3,False
2242,2024-04-03 09:00:00,Light,20.908372577316968,Field3,False
2243,2024-04-03 10:00:00,Temperature,80.7797135962429,Field4,True
2244,2024-04-03 11:00:00,SoilPH,46.514828675054446,Field4,False
2245,2024-04-03 12:00:00,Light,69.39310451666807,Field2,False
2246,2024-04-03 13:00:00,SoilPH,3.8509066153507687,Field3,False
2247,2024-04-03 14:00:00,SoilPH,41.087855749532885,Field3,False
2248,2024-04-03 15:00:00,Light,73.10979308877992,Field2,False
2249,2024-04-03 16:00:00,Humidity,93.96440412846468,Field2,False
2250,2024-04-03 17:00:00,Humidity,22.10007823742681,Field2,False
2251,2024-04-03 18:00:00,Light,26.201446454694043,Field4,False
2252,2024-04-03 19:00:00,SoilPH,65.51704050281946,Field1,False
2253,2024-04-03 20:00:00,Humidity,20.697815016428144,Field1,False
2254,2024-04-03 21:00:00,SoilMoisture,35.297231159270645,Field4,False
2255,2024-04-03 22:00:00,Temperature,65.72871322140895,Field2,True
2256,2024-04-03 23:00:00,Temperature,18.12227776223446,Field1,False
2257,2024-04-04 00:00:00,SoilMoisture,47.247083510767794,Field1,False
2258,2024-04-04 01:00:00,SoilMoisture,69.7210751185884,Field4,False
2259,2024-04-04 02:00:00,SoilMoisture,39.474461111484,Field3,False
2260,2024-04-04 03:00:00,SoilPH,14.22210322348334,Field4,False
2261,2024-04-04 04:00:00,Humidity,90.15789618731849,Field3,False
2262,2024-04-04 05:00:00,SoilMoisture,7.2535677083024,Field4,False
2263,2024-04-04 06:00:00,Light,69.86486475127754,Field4,False
2264,2024-04-04 07:00:00,Temperature,49.04911366961332,Field4,False
2265,2024-04-04 08:00:00,Temperature,85.51561305948978,Field1,True
2266,2024-04-04 09:00:00,SoilMoisture,2.965768945274583,Field2,False
2267,2024-04-04 10:00:00,Humidity,40.20887113512357,Field3,False
2268,2024-04-04 11:00:00,SoilMoisture,55.53412959062391,Field2,False
2269,2024-04-04 12:00:00,Light,44.37498039443922,Field1,False
2270,2024-04-04 13:00:00,SoilMoisture,81.27718165129681,Field3,False
2271,2024-04-04 14:00:00,SoilPH,69.04582306294242,Field2,False
2272,2024-04-04 15:00:00,SoilMoisture,86.93115870126712,Field1,False
2273,2024-04-04 16:00:00,SoilPH,28.984880513563816,Field2,False
2274,2024-04-04 17:00:00,Humidity,68.62210961156967,Field2,False
2275,2024-04-04 18:00:00,Humidity,15.33037107509092,Field3,False
2276,2024-04-04 19:00:00,Light,98.017491653614,Field4,False
2277,2024-04-04 20:00:00,Humidity,98.68215371844192,Field4,False
2278,2024-04-04 21:00:00,SoilPH,23.36883983719228,Field1,False
2279,2024-04-04 22:00:00,Humidity,44.55581441012173,Field1,False
2280,2024-04-04 23:00:00,SoilPH,38.18478964388061,Field3,False
2281,2024-04-05 00:00:00,Light,30.530415807720512,Field4,False
2282,2024-04-05 01:00:00,SoilPH,92.59906935542274,Field3,False
2283,2024-04-05 02:00:00,SoilMoisture,75.74616385149831,Field4,False
2284,2024-04-05 03:00:00,Humidity,75.95858854853438,Field2,False
2285,2024-04-05 04:00:00,Temperature,92.37682087279345,Field1,True
2286,2024-04-05 05:00:00,SoilMoisture,61.55642908723209,Field4,False
2287,2024-04-05 06:00:00,SoilPH,7.28399203343576,Field4,False
2288,2024-04-05 07:00:00,SoilMoisture,18.620622274753696,Field2,False
2289,2024-04-05 08:00:00,SoilMoisture,27.369736816601574,Field3,False
2290,2024-04-05 09:00:00,SoilMoisture,18.17424823232132,Field4,False
2291,2024-04-05 10:00:00,SoilMoisture,4.682251005794546,Field4,False
2292,2024-04-05 11:00:00,SoilPH,36.48678296342446,Field3,False
2293,2024-04-05 12:00:00,Humidity,19.250184968762085,Field3,False
2294,2024-04-05 13:00:00,Humidity,38.75756961695173,Field2,False
2295,2024-04-05 14:00:00,SoilMoisture,36.70957817870437,Field4,False
2296,2024-04-05 15:00:00,Temperature,28.90753477382483,Field4,False
2297,2024-04-05 16:00:00,Humidity,69.50799206879472,Field2,False
2298,2024-04-05 17:00:00,SoilPH,42.35628087251689,Field1,False
2299,2024-04-05 18:00:00,SoilPH,55.69038057732498,Field2,False
2300,2024-04-05 19:00:00,Humidity,48.53673607270387,Field4,False
2301,2024-04-05 20:00:00,SoilPH,2.8381194134299736,Field3,False
2302,2024-04-05 21:00:00,SoilPH,35.387419951402954,Field3,False
2303,2024-04-05 22:00:00,Light,83.54688213379362,Field1,False
2304,2024-04-05 23:00:00,SoilPH,88.47912232843797,Field4,False
2305,2024-04-06 00:00:00,Humidity,2.9520954306419767,Field2,False
2306,2024-04-06 01:00:00,Humidity,87.46375154785272,Field3,False
2307,2024-04-06 02:00:00,Temperature,9.619168841493863,Field1,False
2308,2024-04-06 03:00:00,SoilMoisture,61.71435761285701,Field1,False
2309,2024-04-06 04:00:00,Humidity,98.77003988214167,Field1,False
2310,2024-04-06 05:00:00,SoilPH,98.42723783626036,Field1,False
2311,2024-04-06 06:00:00,Temperature,72.46351044233614,Field2,True
2312,2024-04-06 07:00:00,Light,66.26611752168856,Field4,False
2313,2024-04-06 08:00:00,Temperature,21.83003640663201,Field1,False
2314,2024-04-06 09:00:00,SoilPH,70.80297051266142,Field1,False
2315,2024-04-06 10:00:00,Humidity,79.24506591209503,Field3,False
2316,2024-04-06 11:00:00,Temperature,48.83088703821129,Field3,False
2317,2024-04-06 12:00:00,SoilPH,80.47030817434805,Field3,False
2318,2024-04-06 13:00:00,Light,84.49430329080835,Field3,False
2319,2024-04-06 14:00:00,Temperature,43.288680034116986,Field2,False
2320,2024-04-06 15:00:00,SoilPH,96.28980755711466,Field1,False
2321,2024-04-06 16:00:00,SoilMoisture,67.71512130958067,Field3,False
2322,2024-04-06 17:00:00,Humidity,44.18414867310698,Field3,False
2323,2024-04-06 18:00:00,SoilPH,30.4176889714734,Field3,False
2324,2024-04-06 19:00:00,SoilMoisture,21.0614645439864,Field4,False
2325,2024-04-06 20:00:00,Humidity,54.53730466146804,Field4,False
2326,2024-04-06 21:00:00,Humidity,62.86168574354269,Field3,False
2327,2024-04-06 22:00:00,Humidity,37.58470850170895,Field1,False
2328,2024-04-06 23:00:00,SoilMoisture,73.8760258251505,Field4,False
2329,2024-04-07 00:00:00,Temperature,70.50222139166937,Field1,True
2330,2024-04-07 01:00:00,SoilMoisture,44.59600413485608,Field2,False
2331,2024-04-07 02:00:00,SoilMoisture,62.57503827188104,Field2,False
2332,2024-04-07 03:00:00,SoilPH,44.56316694410426,Field2,False
2333,2024-04-07 04:00:00,SoilPH,7.768921583005639,Field4,False
2334,2024-04-07 05:00:00,Light,75.16382354994897,Field1,False
2335,2024-04-07 06:00:00,SoilMoisture,87.26112999113847,Field2,False
2336,2024-04-07 07:00:00,SoilMoisture,26.339681225022805,Field3,False
2337,2024-04-07 08:00:00,Light,67.53827375860924,Field3,False
2338,2024-04-07 09:00:00,SoilMoisture,17.664540405339334,Field2,False
2339,2024-04-07 10:00:00,SoilMoisture,14.951817246225762,Field2,False
2340,2024-04-07 11:00:00,Light,23.84753768182707,Field2,False
2341,2024-04-07 12:00:00,Light,60.21271039623085,Field1,False
2342,2024-04-07 13:00:00,Light,33.83677271420547,Field2,False
2343,2024-04-07 14:00:00,Humidity,15.980492884590324,Field3,False
2344,2024-04-07 15:00:00,SoilPH,13.001028367388056,Field3,False
2345,2024-04-07 16:00:00,Light,86.56146030710083,Field4,False
2346,2024-04-07 17:00:00,Humidity,2.6231649584339545,Field3,False
2347,2024-04-07 18:00:00,SoilPH,41.10797588336808,Field1,False
2348,2024-04-07 19:00:00,Light,39.58664546363615,Field1,False
2349,2024-04-07 20:00:00,SoilMoisture,75.38218838788276,Field1,False
2350,2024-04-07 21:00:00,SoilMoisture,56.62936413388112,Field1,False
2351,2024-04-07 22:00:00,SoilPH,67.24770937025718,Field3,False
2352,2024-04-07 23:00:00,Temperature,82.50981097210975,Field2,True
2353,2024-04-08 00:00:00,SoilPH,75.37026394786228,Field1,False
2354,2024-04-08 01:00:00,Humidity,16.7729166896053,Field1,False
2355,2024-04-08 02:00:00,SoilMoisture,54.15301127429338,Field1,False
2356,2024-04-08 03:00:00,SoilMoisture,41.52226582417272,Field3,False
2357,2024-04-08 04:00:00,Light,90.3047972351293,Field3,False
2358,2024-04-08 05:00:00,Humidity,43.55546822508345,Field4,False
2359,2024-04-08 06:00:00,Temperature,92.70830415870388,Field4,True
2360,2024-04-08 07:00:00,Humidity,6.084464897082331,Field1,False
2361,2024-04-08 08:00:00,Humidity,12.579555006828604,Field1,False
2362,2024-04-08 09:00:00,Humidity,3.6300388594566857,Field2,False
2363,2024-04-08 10:00:00,Humidity,69.45209434492028,Field4,False
2364,2024-04-08 11:00:00,Temperature,42.86070559390338,Field1,False
2365,2024-04-08 12:00:00,Humidity,95.20399995950348,Field3,False
2366,2024-04-08 13:00:00,Temperature,41.168817947150046,Field2,False
2367,2024-04-08 14:00:00,SoilPH,28.677065865171517,Field3,False
2368,2024-04-08 15:00:00,Humidity,58.519460457330254,Field3,False
2369,2024-04-08 16:00:00,Light,83.49373691358309,Field1,False
2370,2024-04-08 17:00:00,Temperature,72.56877128155774,Field3,True
2371,2024-04-08 18:00:00,Temperature,70.40174405647899,Field1,True
2372,2024-04-08 19:00:00,Humidity,5.418209304193344,Field4,False
2373,2024-04-08 20:00:00,Light,51.90085774160384,Field2,False
2374,2024-04-08 21:00:00,Light,65.99185351908321,Field3,False
2375,2024-04-08 22:00:00,Humidity,97.8612210835574,Field1,False
2376,2024-04-08 23:00:00,Light,61.70264852853011,Field1,False
2377,2024-04-09 00:00:00,Temperature,49.13105433696372,Field1,False
2378,2024-04-09 01:00:00,Humidity,59.84875554632632,Field4,False
2379,2024-04-09 02:00:00,Humidity,76.72717963958529,Field3,False
2380,2024-04-09 03:00:00,Humidity,24.83640771371665,Field3,False
2381,2024-04-09 04:00:00,SoilPH,74.87853142506805,Field2,False
2382,2024-04-09 05:00:00,Humidity,44.28780764454967,Field3,False
2383,2024-04-09 06:00:00,SoilMoisture,3.4812477130309327,Field1,False
2384,2024-04-09 07:00:00,SoilMoisture,13.16710799613955,Field3,False
2385,2024-04-09 08:00:00,Temperature,62.44881157960297,Field2,True
2386,2024-04-09 09:00:00,SoilPH,22.687803543302557,Field4,False
2387,2024-04-09 10:00:00,SoilPH,91.71925383541718,Field3,False
2388,2024-04-09 11:00:00,Light,76.7759934769084,Field4,False
2389,2024-04-09 12:00:00,Humidity,96.33293192812654,Field4,False
2390,2024-04-09 13:00:00,SoilMoisture,1.052481261517757,Field1,False
2391,2024-04-09 14:00:00,SoilPH,86.06595788541577,Field3,False
2392,2024-04-09 15:00:00,SoilMoisture,90.79075841000518,Field2,False
2393,2024-04-09 16:00:00,SoilMoisture,96.46827819520678,Field3,False
2394,2024-04-09 17:00:00,Humidity,57.6358637933519,Field3,False
2395,2024-04-09 18:00:00,SoilMoisture,43.834296637676985,Field4,False
2396,2024-04-09 19:00:00,Temperature,41.73095535299517,Field2,False
2397,2024-04-09 20:00:00,Temperature,47.464777915306286,Field2,False
2398,2024-04-09 21:00:00,SoilPH,66.96436605054208,Field2,False
2399,2024-04-09 22:00:00,SoilPH,79.69288856559969,Field1,False
2400,2024-04-09 23:00:00,Light,7.930363148717456,Field1,False
2401,2024-04-10 00:00:00,SoilMoisture,26.950574870666436,Field2,False
2402,2024-04-10 01:00:00,SoilPH,73.5032004486014,Field2,False
2403,2024-04-10 02:00:00,Humidity,46.29283675022558,Field4,False
2404,2024-04-10 03:00:00,SoilPH,22.718916811261803,Field2,False
2405,2024-04-10 04:00:00,Temperature,45.86988069378421,Field3,False
2406,2024-04-10 05:00:00,SoilMoisture,82.15423630320687,Field4,False
2407,2024-04-10 06:00:00,Temperature,19.93196401412748,Field1,False
2408,2024-04-10 07:00:00,SoilPH,91.70539791482597,Field2,False
2409,2024-04-10 08:00:00,SoilPH,54.11811227095588,Field3,False
2410,2024-04-10 09:00:00,Temperature,43.30551185950042,Field4,False
2411,2024-04-10 10:00:00,Light,18.770244017101223,Field2,False
2412,2024-04-10 11:00:00,Light,27.08795012843478,Field3,False
2413,2024-04-10 12:00:00,SoilPH,35.04975916389176,Field4,False
2414,2024-04-10 13:00:00,Light,78.67476840851785,Field3,False
2415,2024-04-10 14:00:00,Temperature,48.330062634604886,Field4,False
2416,2024-04-10 15:00:00,SoilMoisture,84.6244033713313,Field2,False
2417,2024-04-10 16:00:00,SoilPH,83.71492198919852,Field1,False
2418,2024-04-10 17:00:00,Humidity,98.43948061392864,Field1,False
2419,2024-04-10 18:00:00,Light,81.53835418315973,Field2,False
2420,2024-04-10 19:00:00,Light,3.5057145804351486,Field4,False
2421,2024-04-10 20:00:00,Humidity,25.778124780789422,Field2,False
2422,2024-04-10 21:00:00,Humidity,25.044979965234603,Field3,False
2423,2024-04-10 22:00:00,Temperature,9.000893055754677,Field2,False
2424,2024-04-10 23:00:00,Temperature,19.44816000264835,Field4,False
2425,2024-04-11 00:00:00,Light,68.8485185701823,Field2,False
2426,2024-04-11 01:00:00,SoilMoisture,13.873803613112624,Field3,False
2427,2024-04-11 02:00:00,Temperature,69.76957304002308,Field3,True
2428,2024-04-11 03:00:00,Temperature,22.276585238316105,Field4,False
2429,2024-04-11 04:00:00,SoilPH,96.51188369679082,Field4,False
2430,2024-04-11 05:00:00,SoilPH,82.32282478362023,Field2,False
2431,2024-04-11 06:00:00,Temperature,37.62677883858348,Field3,False
2432,2024-04-11 07:00:00,SoilMoisture,81.90166768836242,Field2,False
2433,2024-04-11 08:00:00,Light,43.66017096929264,Field1,False
2434,2024-04-11 09:00:00,Humidity,91.31830764296998,Field4,False
2435,2024-04-11 10:00:00,Temperature,62.85521595402837,Field2,True
2436,2024-04-11 11:00:00,SoilMoisture,24.88132209829289,Field2,False
2437,2024-04-11 12:00:00,SoilMoisture,5.35936071325035,Field1,False
2438,2024-04-11 13:00:00,SoilMoisture,28.230392679323646,Field3,False
2439,2024-04-11 14:00:00,Temperature,78.5953434786218,Field4,True
2440,2024-04-11 15:00:00,Temperature,73.3476828446829,Field2,True
2441,2024-04-11 16:00:00,SoilMoisture,67.69448000518777,Field1,False
2442,2024-04-11 17:00:00,SoilMoisture,96.42201842586616,Field3,False
2443,2024-04-11 18:00:00,Temperature,77.42914329606963,Field4,True
2444,2024-04-11 19:00:00,Light,91.90803072427852,Field3,False
2445,2024-04-11 20:00:00,Temperature,59.210725739155336,Field2,True
2446,2024-04-11 21:00:00,SoilPH,21.244657507184677,Field2,False
2447,2024-04-11 22:00:00,SoilMoisture,41.64408935987085,Field4,False
2448,2024-04-11 23:00:00,Light,46.46976513479274,Field4,False
2449,2024-04-12 00:00:00,Humidity,22.74994365104577,Field4,False
2450,2024-04-12 01:00:00,Temperature,11.492657505200764,Field4,False
2451,2024-04-12 02:00:00,SoilMoisture,90.82913043455105,Field2,False
2452,2024-04-12 03:00:00,Temperature,43.6479084953376,Field4,False
2453,2024-04-12 04:00:00,Humidity,83.167800442373,Field1,False
2454,2024-04-12 05:00:00,Temperature,90.27435656063564,Field2,True
2455,2024-04-12 06:00:00,Light,85.16159315458152,Field4,False
2456,2024-04-12 07:00:00,Humidity,19.820074654658903,Field3,False
2457,2024-04-12 08:00:00,SoilPH,48.11018376993055,Field2,False
2458,2024-04-12 09:00:00,SoilPH,35.96556085542596,Field3,False
2459,2024-04-12 10:00:00,SoilMoisture,63.986772585622255,Field1,False
2460,2024-04-12 11:00:00,SoilPH,45.744962744131634,Field1,False
2461,2024-04-12 12:00:00,Temperature,78.53643104740675,Field1,True
2462,2024-04-12 13:00:00,Light,9.013361191801062,Field3,False
2463,2024-04-12 14:00:00,SoilPH,9.35834909663349,Field1,False
2464,2024-04-12 15:00:00,SoilMoisture,48.10059391551207,Field2,False
2465,2024-04-12 16:00:00,Temperature,51.09073302418178,Field4,True
2466,2024-04-12 17:00:00,SoilMoisture,83.91252020195418,Field4,False
2467,2024-04-12 18:00:00,SoilMoisture,73.38327212252142,Field1,False
2468,2024-04-12 19:00:00,Light,59.93216341220693,Field4,False
2469,2024-04-12 20:00:00,Light,75.92848796625104,Field4,False
2470,2024-04-12 21:00:00,SoilMoisture,6.9778426729596665,Field2,False
2471,2024-04-12 22:00:00,SoilMoisture,37.04336627024343,Field2,False
2472,2024-04-12 23:00:00,SoilPH,75.23914648343842,Field1,False
2473,2024-04-13 00:00:00,SoilPH,42.41820297232331,Field2,False
2474,2024-04-13 01:00:00,Humidity,97.97701213502394,Field3,False
2475,2024-04-13 02:00:00,Light,43.81649340298392,Field2,False
2476,2024-04-13 03:00:00,SoilPH,32.36927192613799,Field1,False
2477,2024-04-13 04:00:00,SoilMoisture,94.49300358711224,Field1,False
2478,2024-04-13 05:00:00,SoilPH,79.6908340209562,Field2,False
2479,2024-04-13 06:00:00,Humidity,60.63682834158441,Field3,False
2480,2024-04-13 07:00:00,SoilPH,62.26870045732969,Field4,False
2481,2024-04-13 08:00:00,SoilMoisture,42.12207122908943,Field4,False
2482,2024-04-13 09:00:00,SoilPH,29.319175635369543,Field3,False
2483,2024-04-13 10:00:00,SoilPH,51.94685616305097,Field3,False
2484,2024-04-13 11:00:00,Light,40.49414972664972,Field1,False
2485,2024-04-13 12:00:00,Light,41.895713899328925,Field1,False
2486,2024-04-13 13:00:00,Humidity,99.22699717317278,Field3,False
2487,2024-04-13 14:00:00,Humidity,69.08613675720282,Field4,False
2488,2024-04-13 15:00:00,SoilPH,90.03165788767755,Field2,False
2489,2024-04-13 16:00:00,Light,70.23745551203355,Field4,False
2490,2024-04-13 17:00:00,Light,77.11621999138197,Field1,False
2491,2024-04-13 18:00:00,SoilPH,21.730885478659424,Field2,False
2492,2024-04-13 19:00:00,Light,78.51226304042362,Field4,False
2493,2024-04-13 20:00:00,Temperature,31.69043617022149,Field3,False
2494,2024-04-13 21:00:00,SoilMoisture,36.242328620652806,Field1,False
2495,2024-04-13 22:00:00,Temperature,33.00545469628942,Field4,False
2496,2024-04-13 23:00:00,Temperature,3.329789660323912,Field4,False
2497,2024-04-14 00:00:00,Temperature,60.8530237914932,Field1,True
2498,2024-04-14 01:00:00,Light,95.90026692255452,Field3,False
2499,2024-04-14 02:00:00,SoilPH,15.435881599217783,Field4,False
2500,2024-04-14 03:00:00,Humidity,90.95928515548624,Field1,False
2501,2024-04-14 04:00:00,SoilMoisture,25.287239682692743,Field3,False
2502,2024-04-14 05:00:00,SoilMoisture,7.658380398399323,Field3,False
2503,2024-04-14 06:00:00,Temperature,16.653850638578515,Field1,False
2504,2024-04-14 07:00:00,Humidity,48.944393685415285,Field1,False
2505,2024-04-14 08:00:00,SoilPH,40.42801494013231,Field4,False
2506,2024-04-14 09:00:00,Humidity,23.516209693589385,Field1,False
2507,2024-04-14 10:00:00,Humidity,48.567702945210655,Field3,False
2508,2024-04-14 11:00:00,SoilMoisture,23.02547021014429,Field4,False
2509,2024-04-14 12:00:00,Light,17.93720912490405,Field3,False
2510,2024-04-14 13:00:00,Temperature,64.28433195191666,Field3,True
2511,2024-04-14 14:00:00,Light,66.96211603953222,Field2,False
2512,2024-04-14 15:00:00,SoilMoisture,24.66485083269048,Field1,False
2513,2024-04-14 16:00:00,Humidity,6.905137803144179,Field4,False
2514,2024-04-14 17:00:00,Temperature,93.6690741179371,Field3,True
2515,2024-04-14 18:00:00,SoilPH,64.61757346445118,Field2,False
2516,2024-04-14 19:00:00,SoilPH,66.79283295567726,Field4,False
2517,2024-04-14 20:00:00,Humidity,41.874046881286986,Field2,False
2518,2024-04-14 21:00:00,Light,42.754957700357046,Field2,False
2519,2024-04-14 22:00:00,Light,56.56883187582149,Field1,False
2520,2024-04-14 23:00:00,Temperature,3.355631920244606,Field3,False
2521,2024-04-15 00:00:00,SoilMoisture,66.54651155710665,Field3,False
2522,2024-04-15 01:00:00,Light,80.82873462603978,Field3,False
2523,2024-04-15 02:00:00,SoilPH,89.8254646312185,Field4,False
2524,2024-04-15 03:00:00,SoilPH,76.40392486425873,Field4,False
2525,2024-04-15 04:00:00,SoilPH,44.58458260188031,Field2,False
2526,2024-04-15 05:00:00,Light,71.37802435227385,Field3,False
2527,2024-04-15 06:00:00,Humidity,73.10659493128676,Field2,False
2528,2024-04-15 07:00:00,Light,37.87999119587656,Field4,False
2529,2024-04-15 08:00:00,Light,55.61932146364374,Field1,False
2530,2024-04-15 09:00:00,Temperature,68.05744918958945,Field4,True
2531,2024-04-15 10:00:00,SoilMoisture,70.19684540588838,Field1,False
2532,2024-04-15 11:00:00,Light,25.73714167783454,Field3,False
2533,2024-04-15 12:00:00,Light,49.33573848832873,Field2,False
2534,2024-04-15 13:00:00,SoilMoisture,34.95077327431309,Field1,False
2535,2024-04-15 14:00:00,SoilPH,79.42813240252742,Field3,False
2536,2024-04-15 15:00:00,SoilMoisture,4.509541813245155,Field4,False
2537,2024-04-15 16:00:00,Light,99.69776280593942,Field1,False
2538,2024-04-15 17:00:00,Humidity,15.403343786330815,Field4,False
2539,2024-04-15 18:00:00,Temperature,42.75346128939203,Field1,False
2540,2024-04-15 19:00:00,Temperature,6.8285487035303465,Field4,False
2541,2024-04-15 20:00:00,SoilMoisture,19.770840724008764,Field4,False
2542,2024-04-15 21:00:00,SoilMoisture,8.53121908176,Field2,False
2543,2024-04-15 22:00:00,SoilPH,85.4759727729021,Field1,False
2544,2024-04-15 23:00:00,Temperature,3.3805135612948622,Field2,False
2545,2024-04-16 00:00:00,SoilMoisture,4.570294935327723,Field2,False
2546,2024-04-16 01:00:00,Light,92.95721701926476,Field1,False
2547,2024-04-16 02:00:00,Light,97.88466015339468,Field4,False
2548,2024-04-16 03:00:00,Humidity,45.08322596527211,Field3,False
2549,2024-04-16 04:00:00,Humidity,19.67280773849239,Field3,False
2550,2024-04-16 05:00:00,SoilMoisture,63.674061622692825,Field4,False
2551,2024-04-16 06:00:00,SoilPH,19.601964826016427,Field4,False
2552,2024-04-16 07:00:00,SoilPH,32.67496242132524,Field4,False
2553,2024-04-16 08:00:00,SoilPH,84.63282169572946,Field2,False
2554,2024-04-16 09:00:00,SoilPH,6.63960860615207,Field1,False
2555,2024-04-16 10:00:00,Temperature,76.13571489962484,Field1,True
2556,2024-04-16 11:00:00,SoilPH,48.9098503026277,Field1,False
2557,2024-04-16 12:00:00,Humidity,55.03866160619505,Field3,False
2558,2024-04-16 13:00:00,Humidity,82.78084579070438,Field3,False
2559,2024-04-16 14:00:00,Temperature,45.95615618597956,Field3,False
2560,2024-04-16 15:00:00,SoilMoisture,10.57277674239967,Field2,False
2561,2024-04-16 16:00:00,Light,64.07713224873312,Field1,False
2562,2024-04-16 17:00:00,Humidity,89.04175587888088,Field2,False
2563,2024-04-16 18:00:00,Humidity,12.22583847211931,Field3,False
2564,2024-04-16 19:00:00,Temperature,0.3340448058493983,Field2,False
2565,2024-04-16 20:00:00,Humidity,69.69114639171107,Field1,False
2566,2024-04-16 21:00:00,Light,24.63574933186869,Field2,False
2567,2024-04-16 22:00:00,Temperature,0.6822998762054833,Field2,False
2568,2024-04-16 23:00:00,SoilPH,31.996746589984816,Field4,False
2569,2024-04-17 00:00:00,SoilPH,85.43281065784495,Field3,False
2570,2024-04-17 01:00:00,SoilPH,66.70742460246802,Field4,False
2571,2024-04-17 02:00:00,Light,36.888481784970985,Field4,False
2572,2024-04-17 03:00:00,SoilMoisture,15.080684781046529,Field1,False
2573,2024-04-17 04:00:00,Humidity,12.846279735008835,Field1,False
2574,2024-04-17 05:00:00,Light,99.07055664705824,Field2,False
2575,2024-04-17 06:00:00,SoilMoisture,86.93843995309201,Field4,False
2576,2024-04-17 07:00:00,Temperature,93.50534672510584,Field2,True
2577,2024-04-17 08:00:00,Light,57.28534095945924,Field3,False
2578,2024-04-17 09:00:00,Temperature,95.95976927556134,Field1,True
2579,2024-04-17 10:00:00,SoilMoisture,49.00865602880865,Field1,False
2580,2024-04-17 11:00:00,Light,4.15662193088977,Field2,False
2581,2024-04-17 12:00:00,Humidity,22.352050918025945,Field2,False
2582,2024-04-17 13:00:00,SoilMoisture,5.808917285466119,Field2,False
2583,2024-04-17 14:00:00,Humidity,68.8955288394485,Field3,False
2584,2024-04-17 15:00:00,Temperature,34.81491436711737,Field4,False
2585,2024-04-17 16:00:00,Humidity,3.654038234703594,Field3,False
2586,2024-04-17 17:00:00,Light,97.70731065309867,Field2,False
2587,2024-04-17 18:00:00,Light,50.38021304053933,Field1,False
2588,2024-04-17 19:00:00,SoilPH,71.45696576172816,Field3,False
2589,2024-04-17 20:00:00,Humidity,24.727682520334284,Field4,False
2590,2024-04-17 21:00:00,SoilPH,46.35801857004357,Field2,False
2591,2024-04-17 22:00:00,SoilMoisture,69.53399058949844,Field3,False
2592,2024-04-17 23:00:00,Temperature,28.112948746072284,Field3,False
2593,2024-04-18 00:00:00,SoilMoisture,12.835243530339037,Field3,False
2594,2024-04-18 01:00:00,Temperature,4.104908048191214,Field4,False
2595,2024-04-18 02:00:00,Humidity,11.446878792307036,Field1,False
2596,2024-04-18 03:00:00,Light,29.829743633086785,Field1,False
2597,2024-04-18 04:00:00,Humidity,22.7896196225164,Field1,False
2598,2024-04-18 05:00:00,Temperature,57.56107353988986,Field2,True
2599,2024-04-18 06:00:00,SoilPH,23.197587500606552,Field1,False
2600,2024-04-18 07:00:00,Temperature,12.300435920384931,Field4,False
2601,2024-04-18 08:00:00,SoilPH,48.666693700457074,Field2,False
2602,2024-04-18 09:00:00,SoilMoisture,5.057884147220615,Field2,False
2603,2024-04-18 10:00:00,Light,71.96100483899612,Field3,False
2604,2024-04-18 11:00:00,SoilMoisture,47.8008465737493,Field1,False
2605,2024-04-18 12:00:00,Humidity,85.7233530268395,Field3,False
2606,2024-04-18 13:00:00,SoilPH,96.57369835596872,Field2,False
2607,2024-04-18 14:00:00,SoilPH,90.35776625528614,Field2,False
2608,2024-04-18 15:00:00,SoilMoisture,63.54328079722317,Field3,False
2609,2024-04-18 16:00:00,Light,25.72265071045248,Field2,False
2610,2024-04-18 17:00:00,Light,62.09067963857371,Field3,False
2611,2024-04-18 18:00:00,SoilMoisture,30.71046890830177,Field2,False
2612,2024-04-18 19:00:00,Light,46.261022439239966,Field2,False
2613,2024-04-18 20:00:00,Humidity,88.76401543621094,Field2,False
2614,2024-04-18 21:00:00,Temperature,48.63277623735222,Field2,False
2615,2024-04-18 22:00:00,SoilPH,53.268440909785085,Field3,False
2616,2024-04-18 23:00:00,SoilPH,73.4608129110347,Field1,False
2617,2024-04-19 00:00:00,SoilPH,87.21624810994369,Field2,False
2618,2024-04-19 01:00:00,Temperature,57.39987884812904,Field3,True
2619,2024-04-19 02:00:00,Humidity,54.66921690968848,Field4,False
2620,2024-04-19 03:00:00,SoilMoisture,46.15522457095372,Field1,False
2621,2024-04-19 04:00:00,Light,74.93231081605549,Field3,False
2622,2024-04-19 05:00:00,Light,49.50772267228456,Field3,False
2623,2024-04-19 06:00:00,Temperature,82.3325320835217,Field4,True
2624,2024-04-19 07:00:00,SoilPH,45.00078322681108,Field1,False
2625,2024-04-19 08:00:00,Light,76.06195499914851,Field3,False
2626,2024-04-19 09:00:00,SoilMoisture,58.22728146818034,Field1,False
2627,2024-04-19 10:00:00,Light,22.92507642915725,Field2,False
2628,2024-04-19 11:00:00,SoilPH,79.13617889574293,Field4,False
2629,2024-04-19 12:00:00,SoilMoisture,38.236722967075295,Field2,False
2630,2024-04-19 13:00:00,SoilPH,22.72422470349983,Field3,False
2631,2024-04-19 14:00:00,SoilPH,26.75316980862177,Field3,False
2632,2024-04-19 15:00:00,Temperature,69.48012459643506,Field2,True
2633,2024-04-19 16:00:00,SoilPH,55.64183090725402,Field1,False
2634,2024-04-19 17:00:00,SoilMoisture,50.76847123515715,Field4,False
2635,2024-04-19 18:00:00,Temperature,97.26335995709968,Field3,True
2636,2024-04-19 19:00:00,Temperature,52.58475364384489,Field3,True
2637,2024-04-19 20:00:00,SoilMoisture,2.8456786156021097,Field3,False
2638,2024-04-19 21:00:00,Temperature,70.38731523317277,Field4,True
2639,2024-04-19 22:00:00,SoilMoisture,54.2585673567343,Field2,False
2640,2024-04-19 23:00:00,Light,24.55702372727494,Field4,False
2641,2024-04-20 00:00:00,Temperature,97.0610578987058,Field2,True
2642,2024-04-20 01:00:00,Light,21.580837629737537,Field1,False
2643,2024-04-20 02:00:00,Temperature,77.510538327627,Field3,True
2644,2024-04-20 03:00:00,SoilPH,23.862890742910693,Field2,False
2645,2024-04-20 04:00:00,SoilMoisture,7.824031222153504,Field2,False
2646,2024-04-20 05:00:00,SoilPH,80.19595174077482,Field3,False
2647,2024-04-20 06:00:00,Light,71.57668549290202,Field4,False
2648,2024-04-20 07:00:00,SoilMoisture,66.70684349037825,Field4,False
2649,2024-04-20 08:00:00,SoilMoisture,86.94141040369148,Field4,False
2650,2024-04-20 09:00:00,Light,0.1556465799000594,Field1,False
2651,2024-04-20 10:00:00,SoilMoisture,77.42248346591731,Field1,False
2652,2024-04-20 11:00:00,SoilMoisture,54.44600112984192,Field3,False
2653,2024-04-20 12:00:00,Temperature,30.466783908311367,Field1,False
2654,2024-04-20 13:00:00,Humidity,49.20595053095238,Field1,False
2655,2024-04-20 14:00:00,SoilPH,47.47453247057574,Field3,False
2656,2024-04-20 15:00:00,Humidity,88.23248339172335,Field2,False
2657,2024-04-20 16:00:00,SoilMoisture,37.87274078935755,Field3,False
2658,2024-04-20 17:00:00,Humidity,94.8009840764128,Field2,False
2659,2024-04-20 18:00:00,Temperature,4.379484977782944,Field4,False
2660,2024-04-20 19:00:00,Light,91.094824901969,Field3,False
2661,2024-04-20 20:00:00,Light,58.63507869976166,Field4,False
2662,2024-04-20 21:00:00,Humidity,82.96557778174426,Field3,False
2663,2024-04-20 22:00:00,Temperature,58.124761622784526,Field4,True
2664,2024-04-20 23:00:00,Light,4.095445573484113,Field4,False
2665,2024-04-21 00:00:00,Humidity,15.507572041598294,Field4,False
2666,2024-04-21 01:00:00,Humidity,90.9801490781744,Field1,False
2667,2024-04-21 02:00:00,SoilPH,83.13712692376271,Field2,False
2668,2024-04-21 03:00:00,Temperature,97.81245278031956,Field2,True
2669,2024-04-21 04:00:00,SoilPH,29.8026971047365,Field4,False
2670,2024-04-21 05:00:00,Humidity,7.717744494947376,Field1,False
2671,2024-04-21 06:00:00,SoilPH,95.85597677507027,Field2,False
2672,2024-04-21 07:00:00,SoilPH,20.62465403548369,Field2,False
2673,2024-04-21 08:00:00,Humidity,21.306224679755196,Field2,False
2674,2024-04-21 09:00:00,Light,22.9886167917839,Field1,False
2675,2024-04-21 10:00:00,SoilMoisture,35.117472088211386,Field2,False
2676,2024-04-21 11:00:00,Light,56.65471794485518,Field3,False
2677,2024-04-21 12:00:00,Temperature,51.57049468056787,Field3,True
2678,2024-04-21 13:00:00,Light,6.391963521835642,Field4,False
2679,2024-04-21 14:00:00,Humidity,24.162615543169697,Field3,False
2680,2024-04-21 15:00:00,SoilPH,26.146305733260466,Field3,False
2681,2024-04-21 16:00:00,Temperature,66.3227674742688,Field4,True
2682,2024-04-21 17:00:00,Temperature,95.05810561928764,Field4,True
2683,2024-04-21 18:00:00,Temperature,74.69176639255565,Field4,True
2684,2024-04-21 19:00:00,SoilPH,68.11720359081525,Field2,False
2685,2024-04-21 20:00:00,Light,14.252465633833143,Field2,False
2686,2024-04-21 21:00:00,SoilPH,89.33391003753363,Field2,False
2687,2024-04-21 22:00:00,SoilMoisture,33.270995161879554,Field1,False
2688,2024-04-21 23:00:00,Temperature,14.730151912983311,Field1,False
2689,2024-04-22 00:00:00,Humidity,2.6486855812011045,Field1,False
2690,2024-04-22 01:00:00,SoilPH,18.128957800264224,Field4,False
2691,2024-04-22 02:00:00,Temperature,85.61037274798093,Field3,True
2692,2024-04-22 03:00:00,SoilPH,25.501521175978315,Field1,False
2693,2024-04-22 04:00:00,SoilPH,28.958259570282497,Field2,False
2694,2024-04-22 05:00:00,Light,60.23899223386214,Field4,False
2695,2024-04-22 06:00:00,SoilPH,71.54349824883792,Field3,False
2696,2024-04-22 07:00:00,Humidity,97.9908064134308,Field1,False
2697,2024-04-22 08:00:00,SoilMoisture,80.74964259001793,Field2,False
2698,2024-04-22 09:00:00,SoilMoisture,61.10565033771147,Field3,False
2699,2024-04-22 10:00:00,SoilPH,6.724785197819694,Field1,False
2700,2024-04-22 11:00:00,SoilPH,23.22762883108871,Field3,False
2701,2024-04-22 12:00:00,SoilPH,49.39576418592407,Field4,False
2702,2024-04-22 13:00:00,SoilMoisture,33.18299470707478,Field2,False
2703,2024-04-22 14:00:00,SoilPH,36.79377222598678,Field2,False
2704,2024-04-22 15:00:00,Light,5.410684020929124,Field4,False
2705,2024-04-22 16:00:00,SoilPH,73.28873367893468,Field4,False
2706,2024-04-22 17:00:00,Humidity,37.898610147155885,Field2,False
2707,2024-04-22 18:00:00,Humidity,85.76142286272652,Field1,False
2708,2024-04-22 19:00:00,SoilMoisture,91.31504826288251,Field1,False
2709,2024-04-22 20:00:00,Humidity,40.064838914952006,Field4,False
2710,2024-04-22 21:00:00,SoilMoisture,58.71874146001769,Field1,False
2711,2024-04-22 22:00:00,Humidity,39.79993097218802,Field1,False
2712,2024-04-22 23:00:00,SoilMoisture,52.55322063636244,Field4,False
2713,2024-04-23 00:00:00,Temperature,24.783113616457698,Field4,False
2714,2024-04-23 01:00:00,Humidity,69.62115071634994,Field2,False
2715,2024-04-23 02:00:00,SoilPH,48.22179373583588,Field2,False
2716,2024-04-23 03:00:00,SoilMoisture,50.11566166338836,Field3,False
2717,2024-04-23 04:00:00,SoilMoisture,26.06571768663134,Field3,False
2718,2024-04-23 05:00:00,Light,74.98767993053946,Field2,False
2719,2024-04-23 06:00:00,Temperature,66.19191031717793,Field3,True
2720,2024-04-23 07:00:00,Temperature,86.95469759474439,Field2,True
2721,2024-04-23 08:00:00,SoilPH,77.03456892133015,Field1,False
2722,2024-04-23 09:00:00,SoilMoisture,90.67847355930633,Field1,False
2723,2024-04-23 10:00:00,Temperature,75.17524467376306,Field1,True
2724,2024-04-23 11:00:00,Temperature,96.78091435681372,Field1,True
2725,2024-04-23 12:00:00,Light,6.736163842800313,Field3,False
2726,2024-04-23 13:00:00,SoilPH,92.50265553488596,Field4,False
2727,2024-04-23 14:00:00,SoilPH,8.669322076665843,Field3,False
2728,2024-04-23 15:00:00,Temperature,54.82887421678115,Field4,True
2729,2024-04-23 16:00:00,Humidity,79.05935071344618,Field1,False
2730,2024-04-23 17:00:00,Light,28.78385566034613,Field4,False
2731,2024-04-23 18:00:00,Humidity,50.09427803010779,Field4,False
2732,2024-04-23 19:00:00,Light,64.2564230490692,Field2,False
2733,2024-04-23 20:00:00,Humidity,67.40464157089964,Field4,False
2734,2024-04-23 21:00:00,SoilPH,89.87088075955404,Field1,False
2735,2024-04-23 22:00:00,SoilMoisture,69.36719956736607,Field4,False
2736,2024-04-23 23:00:00,SoilPH,18.71671767778385,Field1,False
2737,2024-04-24 00:00:00,Temperature,4.890940092402973,Field2,False
2738,2024-04-24 01:00:00,Humidity,61.16834118500165,Field4,False
2739,2024-04-24 02:00:00,Temperature,61.93775863119464,Field4,True
2740,2024-04-24 03:00:00,SoilPH,90.62980884203932,Field1,False
2741,2024-04-24 04:00:00,Humidity,18.36179549324185,Field2,False
2742,2024-04-24 05:00:00,Light,83.36043005374388,Field1,False
2743,2024-04-24 06:00:00,SoilMoisture,58.17104344849343,Field2,False
2744,2024-04-24 07:00:00,SoilPH,69.39031205615217,Field1,False
2745,2024-04-24 08:00:00,SoilPH,19.217018821278632,Field4,False
2746,2024-04-24 09:00:00,SoilMoisture,63.19785451169507,Field3,False
2747,2024-04-24 10:00:00,SoilPH,62.23727487020593,Field2,False
2748,2024-04-24 11:00:00,Humidity,66.48253013637196,Field3,False
2749,2024-04-24 12:00:00,Humidity,38.52222062053266,Field2,False
2750,2024-04-24 13:00:00,SoilPH,29.690492143492865,Field1,False
2751,2024-04-24 14:00:00,Humidity,5.995810012918756,Field2,False
2752,2024-04-24 15:00:00,SoilPH,13.130332989644412,Field2,False
2753,2024-04-24 16:00:00,SoilPH,26.387258549451907,Field3,False
2754,2024-04-24 17:00:00,Light,23.66673299143908,Field2,False
2755,2024-04-24 18:00:00,SoilMoisture,34.77698772243626,Field3,False
2756,2024-04-24 19:00:00,Humidity,3.931019280144965,Field4,False
2757,2024-04-24 20:00:00,SoilMoisture,60.74870925792643,Field2,False
2758,2024-04-24 21:00:00,Light,74.395174325609,Field1,False
2759,2024-04-24 22:00:00,Temperature,47.869069198979005,Field1,False
2760,2024-04-24 23:00:00,SoilPH,37.98057156248479,Field1,False
2761,2024-04-25 00:00:00,Humidity,37.556641705260986,Field1,False
2762,2024-04-25 01:00:00,Temperature,71.86860712302575,Field3,True
2763,2024-04-25 02:00:00,Temperature,23.46195668113393,Field2,False
2764,2024-04-25 03:00:00,Humidity,41.97784012821108,Field1,False
2765,2024-04-25 04:00:00,Temperature,16.183959150582094,Field3,False
2766,2024-04-25 05:00:00,SoilPH,57.19032953929117,Field3,False
2767,2024-04-25 06:00:00,SoilPH,26.295019647478856,Field3,False
2768,2024-04-25 07:00:00,SoilPH,42.82744290802374,Field3,False
2769,2024-04-25 08:00:00,Light,60.469864645244144,Field1,False
2770,2024-04-25 09:00:00,Temperature,90.4120039120808,Field1,True
2771,2024-04-25 10:00:00,SoilPH,70.01771805776454,Field2,False
2772,2024-04-25 11:00:00,Light,62.95434941413218,Field2,False
2773,2024-04-25 12:00:00,SoilPH,50.50197626762378,Field4,False
2774,2024-04-25 13:00:00,SoilPH,16.995786332327466,Field3,False
2775,2024-04-25 14:00:00,Humidity,88.72760697089232,Field4,False
2776,2024-04-25 15:00:00,SoilPH,79.20304825969498,Field1,False
2777,2024-04-25 16:00:00,SoilPH,75.77645085004953,Field4,False
2778,2024-04-25 17:00:00,SoilPH,46.16658101479318,Field3,False
2779,2024-04-25 18:00:00,SoilPH,26.272984914786747,Field3,False
2780,2024-04-25 19:00:00,SoilPH,2.981843296917241,Field2,False
2781,2024-04-25 20:00:00,SoilMoisture,31.30562083046353,Field3,False
2782,2024-04-25 21:00:00,SoilMoisture,26.584718927314512,Field1,False
2783,2024-04-25 22:00:00,Light,90.52949208036796,Field3,False
2784,2024-04-25 23:00:00,Light,36.63750913862863,Field3,False
2785,2024-04-26 00:00:00,Light,82.05416067104868,Field4,False
2786,2024-04-26 01:00:00,SoilMoisture,1.97507551930044,Field1,False
2787,2024-04-26 02:00:00,Light,98.04154133173748,Field3,False
2788,2024-04-26 03:00:00,Humidity,30.930288514328254,Field1,False
2789,2024-04-26 04:00:00,Temperature,32.9262280839632,Field4,False
2790,2024-04-26 05:00:00,Humidity,53.02016607869064,Field2,False
2791,2024-04-26 06:00:00,Temperature,51.27484010544645,Field4,True
2792,2024-04-26 07:00:00,Temperature,5.185440637850358,Field3,False
2793,2024-04-26 08:00:00,SoilPH,35.858067007782246,Field4,False
2794,2024-04-26 09:00:00,Light,9.328966795395788,Field2,False
2795,2024-04-26 10:00:00,Temperature,27.65007415963281,Field2,False
2796,2024-04-26 11:00:00,SoilPH,17.69317213049152,Field4,False
2797,2024-04-26 12:00:00,Humidity,2.9459826609830264,Field3,False
2798,2024-04-26 13:00:00,SoilPH,75.42140799072833,Field4,False
2799,2024-04-26 14:00:00,Temperature,65.58524535654007,Field4,True
2800,2024-04-26 15:00:00,SoilPH,69.20404495321617,Field1,False
2801,2024-04-26 16:00:00,SoilPH,82.00450822567166,Field1,False
2802,2024-04-26 17:00:00,Humidity,83.01840896085784,Field1,False
2803,2024-04-26 18:00:00,Humidity,70.95789239909504,Field4,False
2804,2024-04-26 19:00:00,Temperature,3.0686098557100028,Field1,False
2805,2024-04-26 20:00:00,SoilPH,56.08411695322666,Field2,False
2806,2024-04-26 21:00:00,SoilMoisture,75.78957659017624,Field3,False
2807,2024-04-26 22:00:00,SoilPH,61.22211714159478,Field3,False
2808,2024-04-26 23:00:00,Temperature,36.14591335663684,Field2,False
2809,2024-04-27 00:00:00,SoilMoisture,18.229470255509483,Field1,False
2810,2024-04-27 01:00:00,SoilPH,88.67639584457268,Field4,False
2811,2024-04-27 02:00:00,Humidity,40.26483332608186,Field3,False
2812,2024-04-27 03:00:00,Temperature,22.342579889902893,Field4,False
2813,2024-04-27 04:00:00,SoilPH,93.0746136712548,Field3,False
2814,2024-04-27 05:00:00,Humidity,10.924981237779551,Field3,False
2815,2024-04-27 06:00:00,Temperature,5.371285999576347,Field4,False
2816,2024-04-27 07:00:00,SoilMoisture,86.528560361632,Field4,False
2817,2024-04-27 08:00:00,SoilMoisture,59.38637583951609,Field1,False
2818,2024-04-27 09:00:00,Temperature,19.043191011334127,Field2,False
2819,2024-04-27 10:00:00,Humidity,28.34623270857956,Field1,False
2820,2024-04-27 11:00:00,SoilMoisture,82.8764734205308,Field2,False
2821,2024-04-27 12:00:00,Temperature,93.02928293112394,Field4,True
2822,2024-04-27 13:00:00,SoilPH,57.77502359898222,Field3,False
2823,2024-04-27 14:00:00,Temperature,39.09057997515165,Field3,False
2824,2024-04-27 15:00:00,Temperature,63.52035108241804,Field3,True
2825,2024-04-27 16:00:00,Temperature,71.41264292831073,Field3,True
2826,2024-04-27 17:00:00,Humidity,89.71154816712276,Field2,False
2827,2024-04-27 18:00:00,Light,30.308613382704703,Field3,False
2828,2024-04-27 19:00:00,SoilPH,96.56930176122796,Field2,False
2829,2024-04-27 20:00:00,Humidity,1.6489517937450129,Field4,False
2830,2024-04-27 21:00:00,Temperature,67.32074518511484,Field4,True
2831,2024-04-27 22:00:00,SoilPH,55.59866335275002,Field3,False
2832,2024-04-27 23:00:00,Humidity,13.761313379539008,Field4,False
2833,2024-04-28 00:00:00,SoilMoisture,72.92737931047367,Field4,False
2834,2024-04-28 01:00:00,SoilPH,0.3041099888406173,Field1,False
2835,2024-04-28 02:00:00,Light,15.6608904454697,Field1,False
2836,2024-04-28 03:00:00,Light,40.91619456605897,Field4,False
2837,2024-04-28 04:00:00,SoilPH,8.435485090494232,Field4,False
2838,2024-04-28 05:00:00,SoilPH,92.36034636949604,Field4,False
2839,2024-04-28 06:00:00,Temperature,1.8689939448494064,Field1,False
2840,2024-04-28 07:00:00,Temperature,91.06698240261824,Field3,True
2841,2024-04-28 08:00:00,Temperature,41.19528085783156,Field2,False
2842,2024-04-28 09:00:00,SoilPH,38.42654488774586,Field2,False
2843,2024-04-28 10:00:00,Light,14.87283150676254,Field3,False
2844,2024-04-28 11:00:00,SoilMoisture,88.22068368463555,Field2,False
2845,2024-04-28 12:00:00,Light,37.31361789146316,Field3,False
2846,2024-04-28 13:00:00,Temperature,47.34725009498092,Field2,False
2847,2024-04-28 14:00:00,Humidity,96.27813555737438,Field3,False
2848,2024-04-28 15:00:00,Light,5.174276024984548,Field3,False
2849,2024-04-28 16:00:00,Temperature,71.15980579043412,Field4,True
2850,2024-04-28 17:00:00,SoilPH,39.80021554363441,Field4,False
2851,2024-04-28 18:00:00,SoilMoisture,92.48755496280626,Field2,False
2852,2024-04-28 19:00:00,Humidity,95.20169181507988,Field2,False
2853,2024-04-28 20:00:00,Light,89.61718676566316,Field4,False
2854,2024-04-28 21:00:00,Temperature,9.853700282253463,Field1,False
2855,2024-04-28 22:00:00,Light,52.747702555443134,Field3,False
2856,2024-04-28 23:00:00,SoilMoisture,11.189743729795454,Field4,False
2857,2024-04-29 00:00:00,Humidity,3.3057371591511453,Field2,False
2858,2024-04-29 01:00:00,Light,42.24982541363529,Field1,False
2859,2024-04-29 02:00:00,SoilMoisture,0.7689543974448099,Field2,False
2860,2024-04-29 03:00:00,Humidity,41.3628172176699,Field4,False
2861,2024-04-29 04:00:00,Light,18.185547671297275,Field2,False
2862,2024-04-29 05:00:00,Temperature,79.74334994302717,Field3,True
2863,2024-04-29 06:00:00,SoilMoisture,85.45458238326901,Field2,False
2864,2024-04-29 07:00:00,Temperature,23.473785357006648,Field1,False
2865,2024-04-29 08:00:00,SoilMoisture,26.67429337214945,Field1,False
2866,2024-04-29 09:00:00,Temperature,1.4509920548613775,Field4,False
2867,2024-04-29 10:00:00,Temperature,36.63489145077592,Field1,False
2868,2024-04-29 11:00:00,Light,83.47573333060853,Field1,False
2869,2024-04-29 12:00:00,Light,82.31489553661281,Field4,False
2870,2024-04-29 13:00:00,Temperature,36.14270021446726,Field3,False
2871,2024-04-29 14:00:00,SoilMoisture,2.8154114060527258,Field2,False
2872,2024-04-29 15:00:00,Light,34.78384101641468,Field1,False
2873,2024-04-29 16:00:00,Light,86.20851375993962,Field3,False
2874,2024-04-29 17:00:00,Temperature,13.657476746154927,Field2,False
2875,2024-04-29 18:00:00,SoilMoisture,73.80889642056405,Field3,False
2876,2024-04-29 19:00:00,Temperature,22.576035178329867,Field4,False
2877,2024-04-29 20:00:00,SoilPH,88.35210987507803,Field3,False
2878,2024-04-29 21:00:00,Temperature,31.951969892761856,Field2,False
2879,2024-04-29 22:00:00,SoilMoisture,88.52968650705304,Field3,False
2880,2024-04-29 23:00:00,Light,54.997191117578005,Field1,False
2881,2024-04-30 00:00:00,Light,72.12630214367188,Field3,False
2882,2024-04-30 01:00:00,Humidity,84.99357471190102,Field4,False
2883,2024-04-30 02:00:00,Temperature,94.85625433912632,Field1,True
2884,2024-04-30 03:00:00,Light,25.107168908843104,Field3,False
2885,2024-04-30 04:00:00,SoilPH,4.023146286642043,Field4,False
2886,2024-04-30 05:00:00,Light,33.18761347953534,Field3,False
2887,2024-04-30 06:00:00,SoilPH,90.22424143730046,Field2,False
2888,2024-04-30 07:00:00,Light,95.83546342027604,Field3,False
2889,2024-04-30 08:00:00,Light,85.77442773947054,Field2,False
2890,2024-04-30 09:00:00,SoilMoisture,3.1159919412598214,Field1,False
2891,2024-04-30 10:00:00,Light,79.71678751089254,Field3,False
2892,2024-04-30 11:00:00,SoilPH,63.45194752875055,Field4,False
2893,2024-04-30 12:00:00,SoilMoisture,67.01419284491837,Field3,False
2894,2024-04-30 13:00:00,Light,48.961892936908,Field3,False
2895,2024-04-30 14:00:00,SoilMoisture,12.829840852863216,Field3,False
2896,2024-04-30 15:00:00,Light,24.2420697300486,Field2,False
2897,2024-04-30 16:00:00,Humidity,78.88041867502777,Field3,False
2898,2024-04-30 17:00:00,SoilMoisture,63.66196676819877,Field4,False
2899,2024-04-30 18:00:00,SoilPH,56.82572004884976,Field1,False
2900,2024-04-30 19:00:00,Humidity,96.62933412521625,Field4,False
2901,2024-04-30 20:00:00,Light,32.98762024392528,Field1,False
2902,2024-04-30 21:00:00,Light,1.8277093637041109,Field2,False
2903,2024-04-30 22:00:00,Humidity,59.22282576475211,Field1,False
2904,2024-04-30 23:00:00,Temperature,46.73466002903144,Field3,False
2905,2024-05-01 00:00:00,Humidity,17.3769967787617,Field3,False
2906,2024-05-01 01:00:00,SoilPH,84.19159245141947,Field3,False
2907,2024-05-01 02:00:00,Light,43.90440294133684,Field1,False
2908,2024-05-01 03:00:00,SoilMoisture,22.88386154686869,Field3,False
2909,2024-05-01 04:00:00,Temperature,29.99584181067896,Field4,False
2910,2024-05-01 05:00:00,SoilMoisture,84.61013151651883,Field1,False
2911,2024-05-01 06:00:00,Humidity,96.35446480527764,Field1,False
2912,2024-05-01 07:00:00,Light,9.372224094712756,Field1,False
2913,2024-05-01 08:00:00,SoilPH,87.56123560583123,Field4,False
2914,2024-05-01 09:00:00,Humidity,35.57600358001386,Field4,False
2915,2024-05-01 10:00:00,Humidity,36.734295140058016,Field2,False
2916,2024-05-01 11:00:00,SoilMoisture,60.03160191498844,Field2,False
2917,2024-05-01 12:00:00,SoilMoisture,71.78155254421645,Field3,False
2918,2024-05-01 13:00:00,Light,77.77745387595829,Field1,False
2919,2024-05-01 14:00:00,SoilMoisture,20.13564971309788,Field3,False
2920,2024-05-01 15:00:00,Temperature,31.36511963771548,Field2,False
2921,2024-05-01 16:00:00,Light,47.952599911506766,Field1,False
2922,2024-05-01 17:00:00,SoilPH,18.049426512620855,Field1,False
2923,2024-05-01 18:00:00,Temperature,21.512193016860472,Field1,False
2924,2024-05-01 19:00:00,Humidity,35.73202085553723,Field4,False
2925,2024-05-01 20:00:00,SoilMoisture,29.94769470041384,Field1,False
2926,2024-05-01 21:00:00,SoilPH,64.29074116956816,Field1,False
2927,2024-05-01 22:00:00,Light,73.38930262920266,Field2,False
2928,2024-05-01 23:00:00,SoilMoisture,78.80331161725921,Field3,False
2929,2024-05-02 00:00:00,Temperature,41.66374480058717,Field4,False
2930,2024-05-02 01:00:00,Humidity,11.81025303931661,Field3,False
2931,2024-05-02 02:00:00,Humidity,93.74358162470912,Field4,False
2932,2024-05-02 03:00:00,SoilMoisture,34.31447469295294,Field4,False
2933,2024-05-02 04:00:00,Light,3.539649546840773,Field3,False
2934,2024-05-02 05:00:00,Light,40.7029423922404,Field2,False
2935,2024-05-02 06:00:00,SoilMoisture,91.5010458448073,Field2,False
2936,2024-05-02 07:00:00,SoilMoisture,24.347792591476654,Field2,False
2937,2024-05-02 08:00:00,SoilMoisture,94.83409709139096,Field3,False
2938,2024-05-02 09:00:00,SoilPH,63.34706302888799,Field1,False
2939,2024-05-02 10:00:00,SoilMoisture,92.6825610056924,Field1,False
2940,2024-05-02 11:00:00,SoilPH,74.4505241461289,Field2,False
2941,2024-05-02 12:00:00,Temperature,55.72080094906595,Field1,True
2942,2024-05-02 13:00:00,SoilMoisture,11.394885302888037,Field4,False
2943,2024-05-02 14:00:00,SoilMoisture,26.509429007530027,Field1,False
2944,2024-05-02 15:00:00,Light,59.763657306303976,Field4,False
2945,2024-05-02 16:00:00,SoilMoisture,30.668976544936157,Field3,False
2946,2024-05-02 17:00:00,SoilPH,95.38564580726226,Field4,False
2947,2024-05-02 18:00:00,SoilPH,38.228164180171774,Field3,False
2948,2024-05-02 19:00:00,SoilMoisture,49.03661565284452,Field3,False
2949,2024-05-02 20:00:00,SoilPH,43.85831793939978,Field1,False
2950,2024-05-02 21:00:00,SoilMoisture,17.321832933948865,Field2,False
2951,2024-05-02 22:00:00,Temperature,83.13003425561062,Field3,True
2952,2024-05-02 23:00:00,SoilPH,87.61436367008531,Field3,False
2953,2024-05-03 00:00:00,SoilPH,26.71621233286308,Field4,False
2954,2024-05-03 01:00:00,SoilPH,80.06620426821932,Field3,False
2955,2024-05-03 02:00:00,SoilPH,84.68796213728353,Field4,False
2956,2024-05-03 03:00:00,SoilMoisture,32.075822083476126,Field2,False
2957,2024-05-03 04:00:00,SoilMoisture,89.292349861299,Field2,False
2958,2024-05-03 05:00:00,Temperature,89.87747769037773,Field2,True
2959,2024-05-03 06:00:00,SoilMoisture,70.88725556480252,Field4,False
2960,2024-05-03 07:00:00,SoilPH,75.0025371226515,Field4,False
2961,2024-05-03 08:00:00,Temperature,45.58085354037299,Field1,False
2962,2024-05-03 09:00:00,Humidity,53.99561246937981,Field3,False
2963,2024-05-03 10:00:00,Light,20.038304433765298,Field4,False
2964,2024-05-03 11:00:00,Temperature,90.6213984046224,Field2,True
2965,2024-05-03 12:00:00,Light,52.460870237315184,Field4,False
2966,2024-05-03 13:00:00,SoilPH,64.56636501381116,Field2,False
2967,2024-05-03 14:00:00,Humidity,99.25138779454572,Field3,False
2968,2024-05-03 15:00:00,Light,97.66243545613176,Field1,False
2969,2024-05-03 16:00:00,Temperature,89.75760310017253,Field2,True
2970,2024-05-03 17:00:00,SoilMoisture,24.672281808032047,Field4,False
2971,2024-05-03 18:00:00,Light,67.24671979099263,Field4,False
2972,2024-05-03 19:00:00,SoilMoisture,55.39012386133556,Field3,False
2973,2024-05-03 20:00:00,Light,27.50709591738042,Field4,False
2974,2024-05-03 21:00:00,SoilPH,41.71173743593719,Field1,False
2975,2024-05-03 22:00:00,SoilMoisture,80.54898207453974,Field1,False
2976,2024-05-03 23:00:00,Humidity,73.01284247475466,Field4,False
2977,2024-05-04 00:00:00,Temperature,8.56847891871475,Field2,False
2978,2024-05-04 01:00:00,Humidity,13.672323372324868,Field2,False
2979,2024-05-04 02:00:00,Light,0.0099352231487381,Field4,False
2980,2024-05-04 03:00:00,Light,5.832212829043904,Field2,False
2981,2024-05-04 04:00:00,Humidity,78.42554329245903,Field2,False
2982,2024-05-04 05:00:00,Light,73.47041265551975,Field1,False
2983,2024-05-04 06:00:00,SoilPH,19.50164376666468,Field3,False
2984,2024-05-04 07:00:00,Temperature,2.2158341143765914,Field4,False
2985,2024-05-04 08:00:00,SoilPH,79.24791113935737,Field1,False
2986,2024-05-04 09:00:00,SoilMoisture,29.775172335861463,Field4,False
2987,2024-05-04 10:00:00,Temperature,44.54298869286673,Field1,False
2988,2024-05-04 11:00:00,Temperature,14.285550614749,Field3,False
2989,2024-05-04 12:00:00,Light,11.469239316696756,Field2,False
2990,2024-05-04 13:00:00,SoilMoisture,47.02142287223323,Field4,False
2991,2024-05-04 14:00:00,Humidity,25.983517786704947,Field2,False
2992,2024-05-04 15:00:00,SoilMoisture,53.47326190642154,Field1,False
2993,2024-05-04 16:00:00,Humidity,44.81933775006171,Field4,False
2994,2024-05-04 17:00:00,SoilMoisture,6.788581361682766,Field3,False
2995,2024-05-04 18:00:00,SoilMoisture,65.21412728412356,Field1,False
2996,2024-05-04 19:00:00,Humidity,93.79345116036002,Field4,False
2997,2024-05-04 20:00:00,SoilPH,70.56195134181188,Field4,False
2998,2024-05-04 21:00:00,Light,79.08862662730921,Field4,False
2999,2024-05-04 22:00:00,Light,22.88154328433777,Field4,False
3000,2024-05-04 23:00:00,Light,70.09630922470372,Field3,False
3001,2024-05-05 00:00:00,Humidity,99.07906639399135,Field3,False
3002,2024-05-05 01:00:00,Light,28.79379356475743,Field3,False
3003,2024-05-05 02:00:00,Temperature,11.523165291087611,Field1,False
3004,2024-05-05 03:00:00,SoilMoisture,71.45767657218134,Field2,False
3005,2024-05-05 04:00:00,Humidity,79.80706447384974,Field1,False
3006,2024-05-05 05:00:00,Humidity,38.29843929296306,Field1,False
3007,2024-05-05 06:00:00,Temperature,76.20752656221723,Field3,True
3008,2024-05-05 07:00:00,SoilMoisture,16.9749073489576,Field3,False
3009,2024-05-05 08:00:00,Light,46.56103207970368,Field1,False
3010,2024-05-05 09:00:00,Humidity,59.54200777666878,Field1,False
3011,2024-05-05 10:00:00,Humidity,9.725414013360131,Field1,False
3012,2024-05-05 11:00:00,Humidity,57.89561220194847,Field1,False
3013,2024-05-05 12:00:00,Humidity,24.248164831046427,Field3,False
3014,2024-05-05 13:00:00,Humidity,94.40089254270404,Field4,False
3015,2024-05-05 14:00:00,Humidity,67.02263308813322,Field1,False
3016,2024-05-05 15:00:00,Temperature,13.178700226304684,Field4,False
3017,2024-05-05 16:00:00,Humidity,70.79366031192427,Field2,False
3018,2024-05-05 17:00:00,SoilPH,80.97331910580674,Field3,False
3019,2024-05-05 18:00:00,SoilMoisture,11.066434977272388,Field1,False
3020,2024-05-05 19:00:00,SoilMoisture,0.5960030452806686,Field3,False
3021,2024-05-05 20:00:00,Light,8.74019435036173,Field2,False
3022,2024-05-05 21:00:00,Humidity,31.100036303498747,Field4,False
3023,2024-05-05 22:00:00,Humidity,31.10998430829015,Field2,False
3024,2024-05-05 23:00:00,Temperature,73.66611007953934,Field3,True
3025,2024-05-06 00:00:00,SoilPH,44.98646023006842,Field2,False
3026,2024-05-06 01:00:00,SoilMoisture,0.8683915682653032,Field2,False
3027,2024-05-06 02:00:00,SoilMoisture,46.0887105710538,Field3,False
3028,2024-05-06 03:00:00,Light,71.93636542829664,Field4,False
3029,2024-05-06 04:00:00,Humidity,6.261290125492602,Field3,False
3030,2024-05-06 05:00:00,Temperature,53.47384602126234,Field4,True
3031,2024-05-06 06:00:00,Light,35.57450960541389,Field1,False
3032,2024-05-06 07:00:00,Light,28.639028645662133,Field4,False
3033,2024-05-06 08:00:00,Light,12.531906202123189,Field3,False
3034,2024-05-06 09:00:00,Temperature,29.648868512745587,Field3,False
3035,2024-05-06 10:00:00,Temperature,31.293982450518165,Field3,False
3036,2024-05-06 11:00:00,Humidity,78.2247566860216,Field2,False
3037,2024-05-06 12:00:00,Temperature,22.99547709813692,Field3,False
3038,2024-05-06 13:00:00,Light,36.17375554564217,Field2,False
3039,2024-05-06 14:00:00,Humidity,83.95618796902882,Field1,False
3040,2024-05-06 15:00:00,Light,89.68386949854126,Field4,False
3041,2024-05-06 16:00:00,Light,29.125301159044596,Field1,False
3042,2024-05-06 17:00:00,SoilMoisture,9.481436638787354,Field4,False
3043,2024-05-06 18:00:00,Temperature,99.42625084917194,Field4,True
3044,2024-05-06 19:00:00,SoilMoisture,12.79215231087849,Field1,False
3045,2024-05-06 20:00:00,SoilMoisture,52.6371701131359,Field1,False
3046,2024-05-06 21:00:00,Light,91.48663313389412,Field1,False
3047,2024-05-06 22:00:00,Temperature,57.497521230557226,Field1,True
3048,2024-05-06 23:00:00,Light,7.638365265385949,Field3,False
3049,2024-05-07 00:00:00,SoilPH,85.2599040612369,Field4,False
3050,2024-05-07 01:00:00,Light,43.74350883628824,Field1,False
3051,2024-05-07 02:00:00,Light,24.4565012366096,Field2,False
3052,2024-05-07 03:00:00,Temperature,63.19612937399983,Field2,True
3053,2024-05-07 04:00:00,Light,18.33785471826273,Field4,False
3054,2024-05-07 05:00:00,Light,97.22354444026584,Field1,False
3055,2024-05-07 06:00:00,SoilMoisture,18.941305651744976,Field3,False
3056,2024-05-07 07:00:00,Light,93.95573199721171,Field1,False
3057,2024-05-07 08:00:00,Temperature,53.38410500333034,Field1,True
3058,2024-05-07 09:00:00,SoilMoisture,74.62094672124839,Field4,False
3059,2024-05-07 10:00:00,Humidity,54.72363433447845,Field3,False
3060,2024-05-07 11:00:00,Humidity,86.46764987724772,Field1,False
3061,2024-05-07 12:00:00,Light,11.548404683978008,Field4,False
3062,2024-05-07 13:00:00,SoilMoisture,66.9241951566316,Field1,False
3063,2024-05-07 14:00:00,SoilPH,98.59045538722228,Field3,False
3064,2024-05-07 15:00:00,Humidity,46.78654444574247,Field4,False
3065,2024-05-07 16:00:00,SoilMoisture,46.52237149676361,Field4,False
3066,2024-05-07 17:00:00,Humidity,3.207208626517999,Field4,False
3067,2024-05-07 18:00:00,SoilMoisture,66.99028882116338,Field3,False
3068,2024-05-07 19:00:00,Light,96.59884745914384,Field2,False
3069,2024-05-07 20:00:00,SoilMoisture,16.88204947338534,Field2,False
3070,2024-05-07 21:00:00,SoilMoisture,0.2947090539313191,Field2,False
3071,2024-05-07 22:00:00,Temperature,28.465162345032624,Field3,False
3072,2024-05-07 23:00:00,Light,45.95645789097229,Field4,False
3073,2024-05-08 00:00:00,SoilPH,19.25591900929376,Field3,False
3074,2024-05-08 01:00:00,Humidity,77.41227286890289,Field1,False
3075,2024-05-08 02:00:00,SoilMoisture,24.768993574170477,Field1,False
3076,2024-05-08 03:00:00,SoilMoisture,15.29243490226654,Field2,False
3077,2024-05-08 04:00:00,Light,87.31545700763846,Field2,False
3078,2024-05-08 05:00:00,Temperature,26.06375117012084,Field4,False
3079,2024-05-08 06:00:00,Humidity,95.08383297282114,Field1,False
3080,2024-05-08 07:00:00,SoilPH,27.763250101347904,Field3,False
3081,2024-05-08 08:00:00,SoilMoisture,10.582605061269293,Field2,False
3082,2024-05-08 09:00:00,Temperature,54.26940115689253,Field4,True
3083,2024-05-08 10:00:00,Humidity,47.59197190384516,Field2,False
3084,2024-05-08 11:00:00,Humidity,35.96777853125771,Field2,False
3085,2024-05-08 12:00:00,SoilPH,42.9217511113642,Field1,False
3086,2024-05-08 13:00:00,Light,76.25521807244027,Field4,False
3087,2024-05-08 14:00:00,Humidity,82.2417159017322,Field2,False
3088,2024-05-08 15:00:00,Humidity,11.054092982724118,Field4,False
3089,2024-05-08 16:00:00,SoilPH,36.62684382651846,Field1,False
3090,2024-05-08 17:00:00,SoilMoisture,65.3919741369691,Field4,False
3091,2024-05-08 18:00:00,Light,1.6279061190642152,Field1,False
3092,2024-05-08 19:00:00,SoilPH,58.06082280372502,Field2,False
3093,2024-05-08 20:00:00,SoilMoisture,20.79981808767245,Field3,False
3094,2024-05-08 21:00:00,SoilPH,49.5616780202335,Field1,False
3095,2024-05-08 22:00:00,SoilPH,77.37701742114965,Field1,False
3096,2024-05-08 23:00:00,SoilPH,71.65289558231814,Field3,False
3097,2024-05-09 00:00:00,Temperature,60.08388632058875,Field2,True
3098,2024-05-09 01:00:00,SoilPH,8.750522787658522,Field1,False
3099,2024-05-09 02:00:00,SoilMoisture,14.97960269130566,Field1,False
3100,2024-05-09 03:00:00,SoilMoisture,40.13454139948648,Field2,False
3101,2024-05-09 04:00:00,Humidity,95.84461672203028,Field1,False
3102,2024-05-09 05:00:00,Temperature,65.20744978159799,Field2,True
3103,2024-05-09 06:00:00,SoilMoisture,79.35831435626804,Field1,False
3104,2024-05-09 07:00:00,Temperature,99.08619441675675,Field4,True
3105,2024-05-09 08:00:00,Humidity,6.987272125089472,Field4,False
3106,2024-05-09 09:00:00,Temperature,47.501796823619,Field4,False
3107,2024-05-09 10:00:00,SoilMoisture,70.86245989990549,Field2,False
3108,2024-05-09 11:00:00,Light,80.20184314087577,Field1,False
3109,2024-05-09 12:00:00,Temperature,52.86823384199594,Field1,True
3110,2024-05-09 13:00:00,Temperature,36.79901001102106,Field3,False
3111,2024-05-09 14:00:00,Light,30.2970056003286,Field2,False
3112,2024-05-09 15:00:00,SoilPH,88.0486540765133,Field3,False
3113,2024-05-09 16:00:00,Light,51.94596486009232,Field1,False
3114,2024-05-09 17:00:00,SoilPH,16.773675948848567,Field4,False
3115,2024-05-09 18:00:00,Light,79.59790133597888,Field3,False
3116,2024-05-09 19:00:00,Temperature,29.724501019831617,Field4,False
3117,2024-05-09 20:00:00,SoilPH,31.487847088270136,Field2,False
3118,2024-05-09 21:00:00,SoilPH,2.700188359034328,Field2,False
3119,2024-05-09 22:00:00,Light,30.943152811242147,Field2,False
3120,2024-05-09 23:00:00,Temperature,74.18990058792784,Field2,True
3121,2024-05-10 00:00:00,Temperature,83.71704954911205,Field3,True
3122,2024-05-10 01:00:00,Temperature,93.25646955828172,Field4,True
3123,2024-05-10 02:00:00,SoilPH,73.96877664289744,Field2,False
3124,2024-05-10 03:00:00,SoilPH,96.93314711939291,Field4,False
3125,2024-05-10 04:00:00,SoilPH,13.361043526595918,Field3,False
3126,2024-05-10 05:00:00,Temperature,2.8043933385471287,Field4,False
3127,2024-05-10 06:00:00,Humidity,74.0140667212138,Field3,False
3128,2024-05-10 07:00:00,Humidity,49.34603879565282,Field4,False
3129,2024-05-10 08:00:00,SoilPH,28.009351202760374,Field4,False
3130,2024-05-10 09:00:00,SoilPH,45.277341749121824,Field1,False
3131,2024-05-10 10:00:00,Temperature,32.16348808371981,Field1,False
3132,2024-05-10 11:00:00,Temperature,67.10590948461326,Field4,True
3133,2024-05-10 12:00:00,Humidity,30.28066121256829,Field4,False
3134,2024-05-10 13:00:00,Humidity,5.380965970312268,Field3,False
3135,2024-05-10 14:00:00,Light,77.37745352170336,Field3,False
3136,2024-05-10 15:00:00,Temperature,0.5700361290149281,Field2,False
3137,2024-05-10 16:00:00,SoilMoisture,12.4089896725756,Field3,False
3138,2024-05-10 17:00:00,Light,43.88438031838883,Field4,False
3139,2024-05-10 18:00:00,Temperature,57.72105861589676,Field2,True
3140,2024-05-10 19:00:00,SoilMoisture,58.58615290088103,Field1,False
3141,2024-05-10 20:00:00,SoilMoisture,70.2988735312006,Field3,False
3142,2024-05-10 21:00:00,SoilPH,25.433732037172028,Field1,False
3143,2024-05-10 22:00:00,SoilPH,43.46036115447689,Field2,False
3144,2024-05-10 23:00:00,SoilMoisture,82.61520036365532,Field1,False
3145,2024-05-11 00:00:00,SoilMoisture,20.681239792306137,Field3,False
3146,2024-05-11 01:00:00,Light,39.0987564806491,Field4,False
3147,2024-05-11 02:00:00,SoilMoisture,36.60844519426972,Field1,False
3148,2024-05-11 03:00:00,SoilPH,75.89337383593595,Field2,False
3149,2024-05-11 04:00:00,SoilPH,34.38659816750437,Field1,False
3150,2024-05-11 05:00:00,SoilPH,89.75532576300844,Field4,False
3151,2024-05-11 06:00:00,Humidity,98.35765914801956,Field4,False
3152,2024-05-11 07:00:00,Light,21.220609991475325,Field4,False
3153,2024-05-11 08:00:00,Light,35.3996216037171,Field3,False
3154,2024-05-11 09:00:00,Light,17.47599228154032,Field1,False
3155,2024-05-11 10:00:00,Humidity,23.77466820556846,Field3,False
3156,2024-05-11 11:00:00,Light,60.67750847651799,Field1,False
3157,2024-05-11 12:00:00,Humidity,58.45763627578238,Field1,False
3158,2024-05-11 13:00:00,Humidity,33.16902285013696,Field2,False
3159,2024-05-11 14:00:00,SoilMoisture,55.62650418039451,Field4,False
3160,2024-05-11 15:00:00,Humidity,30.10255067819688,Field2,False
3161,2024-05-11 16:00:00,Temperature,64.50125984037864,Field4,True
3162,2024-05-11 17:00:00,Temperature,69.67473588266702,Field4,True
3163,2024-05-11 18:00:00,Light,43.68705883985823,Field1,False
3164,2024-05-11 19:00:00,Temperature,90.63871961239158,Field2,True
3165,2024-05-11 20:00:00,SoilMoisture,11.517420402558487,Field4,False
3166,2024-05-11 21:00:00,Temperature,28.95542183114701,Field1,False
3167,2024-05-11 22:00:00,Humidity,28.512745966031705,Field3,False
3168,2024-05-11 23:00:00,Temperature,17.453565572706097,Field4,False
3169,2024-05-12 00:00:00,SoilPH,77.35700961902772,Field4,False
3170,2024-05-12 01:00:00,SoilMoisture,25.016863402462263,Field3,False
3171,2024-05-12 02:00:00,Light,19.36905443301118,Field1,False
3172,2024-05-12 03:00:00,SoilPH,62.99692466791173,Field3,False
3173,2024-05-12 04:00:00,SoilMoisture,48.94542148960747,Field1,False
3174,2024-05-12 05:00:00,SoilMoisture,86.30380072874966,Field3,False
3175,2024-05-12 06:00:00,SoilMoisture,20.84138072927696,Field4,False
3176,2024-05-12 07:00:00,Temperature,57.76623991015038,Field2,True
3177,2024-05-12 08:00:00,Temperature,65.30150134892988,Field2,True
3178,2024-05-12 09:00:00,SoilPH,26.598942450336803,Field1,False
3179,2024-05-12 10:00:00,SoilPH,17.486947192312087,Field2,False
3180,2024-05-12 11:00:00,Humidity,51.81351976236394,Field1,False
3181,2024-05-12 12:00:00,Humidity,61.267044960331184,Field2,False
3182,2024-05-12 13:00:00,Humidity,57.09031697329621,Field3,False
3183,2024-05-12 14:00:00,SoilMoisture,57.26759415760005,Field1,False
3184,2024-05-12 15:00:00,Light,49.73563040064993,Field3,False
3185,2024-05-12 16:00:00,Humidity,20.57743197099623,Field2,False
3186,2024-05-12 17:00:00,SoilPH,67.94079917894773,Field4,False
3187,2024-05-12 18:00:00,Light,50.59712126385981,Field2,False
3188,2024-05-12 19:00:00,Humidity,83.88115244044366,Field3,False
3189,2024-05-12 20:00:00,Temperature,80.33221341473198,Field1,True
3190,2024-05-12 21:00:00,Humidity,53.89815851447889,Field3,False
3191,2024-05-12 22:00:00,Humidity,38.21036771863214,Field2,False
3192,2024-05-12 23:00:00,SoilMoisture,51.96198028036364,Field3,False
3193,2024-05-13 00:00:00,SoilMoisture,92.24772917636916,Field1,False
3194,2024-05-13 01:00:00,Humidity,52.49401320061131,Field1,False
3195,2024-05-13 02:00:00,SoilMoisture,53.64458446759354,Field4,False
3196,2024-05-13 03:00:00,Temperature,51.93623733236884,Field4,True
3197,2024-05-13 04:00:00,Light,97.30097325135436,Field3,False
3198,2024-05-13 05:00:00,Light,89.67306103243527,Field2,False
3199,2024-05-13 06:00:00,SoilMoisture,40.66083816449498,Field1,False
3200,2024-05-13 07:00:00,Humidity,47.747294055103495,Field1,False
3201,2024-05-13 08:00:00,Temperature,30.88440213961073,Field1,False
3202,2024-05-13 09:00:00,Temperature,4.50662994678318,Field1,False
3203,2024-05-13 10:00:00,SoilPH,95.5000176198334,Field3,False
3204,2024-05-13 11:00:00,SoilMoisture,19.33256807161077,Field2,False
3205,2024-05-13 12:00:00,SoilPH,62.19371386491657,Field2,False
3206,2024-05-13 13:00:00,SoilMoisture,87.36984154617812,Field3,False
3207,2024-05-13 14:00:00,SoilPH,28.866469895983283,Field1,False
3208,2024-05-13 15:00:00,Humidity,84.02606431684778,Field1,False
3209,2024-05-13 16:00:00,SoilMoisture,35.96110019133314,Field1,False
3210,2024-05-13 17:00:00,Light,73.37642411532251,Field2,False
3211,2024-05-13 18:00:00,SoilMoisture,11.5240543728503,Field2,False
3212,2024-05-13 19:00:00,Light,34.21208161026007,Field4,False
3213,2024-05-13 20:00:00,SoilPH,56.53888880734442,Field1,False
3214,2024-05-13 21:00:00,SoilPH,50.5289269993393,Field1,False
3215,2024-05-13 22:00:00,Humidity,91.37392454615296,Field1,False
3216,2024-05-13 23:00:00,Light,71.5635733040608,Field1,False
3217,2024-05-14 00:00:00,Humidity,44.78055287147608,Field3,False
3218,2024-05-14 01:00:00,Temperature,19.116051607746865,Field1,False
3219,2024-05-14 02:00:00,Light,67.72955686279005,Field3,False
3220,2024-05-14 03:00:00,SoilMoisture,22.39767424284257,Field3,False
3221,2024-05-14 04:00:00,Light,44.18981633683655,Field3,False
3222,2024-05-14 05:00:00,SoilPH,78.65801919089493,Field3,False
3223,2024-05-14 06:00:00,Humidity,91.12273903414383,Field2,False
3224,2024-05-14 07:00:00,Temperature,20.29307823873,Field1,False
3225,2024-05-14 08:00:00,Humidity,66.20849926154965,Field3,False
3226,2024-05-14 09:00:00,Temperature,36.00801085219949,Field3,False
3227,2024-05-14 10:00:00,SoilPH,83.22321587622422,Field2,False
3228,2024-05-14 11:00:00,Humidity,35.98881223425293,Field3,False
3229,2024-05-14 12:00:00,SoilMoisture,86.2046360908633,Field3,False
3230,2024-05-14 13:00:00,SoilMoisture,35.32445262376957,Field1,False
3231,2024-05-14 14:00:00,Humidity,49.0964452652895,Field4,False
3232,2024-05-14 15:00:00,Humidity,0.0486305652035778,Field4,False
3233,2024-05-14 16:00:00,Temperature,97.00520120723802,Field1,True
3234,2024-05-14 17:00:00,Humidity,89.0103346688902,Field1,False
3235,2024-05-14 18:00:00,Temperature,19.036525978798814,Field4,False
3236,2024-05-14 19:00:00,Humidity,57.77668437481622,Field3,False
3237,2024-05-14 20:00:00,Humidity,91.88592243004302,Field3,False
3238,2024-05-14 21:00:00,Light,99.8237778222254,Field1,False
3239,2024-05-14 22:00:00,Temperature,36.8448098180688,Field4,False
3240,2024-05-14 23:00:00,SoilPH,74.14770479277271,Field2,False
3241,2024-05-15 00:00:00,SoilMoisture,33.3049816333604,Field3,False
3242,2024-05-15 01:00:00,Temperature,83.65845206654704,Field1,True
3243,2024-05-15 02:00:00,Humidity,61.55650527808524,Field3,False
3244,2024-05-15 03:00:00,SoilMoisture,66.57965631824655,Field1,False
3245,2024-05-15 04:00:00,Humidity,61.37342971541968,Field4,False
3246,2024-05-15 05:00:00,SoilPH,56.54495465029871,Field4,False
3247,2024-05-15 06:00:00,Temperature,70.54835430115203,Field1,True
3248,2024-05-15 07:00:00,Temperature,8.730110890878361,Field4,False
3249,2024-05-15 08:00:00,Humidity,15.100143060309223,Field2,False
3250,2024-05-15 09:00:00,Humidity,61.49953299679159,Field3,False
3251,2024-05-15 10:00:00,Temperature,25.98323733934692,Field2,False
3252,2024-05-15 11:00:00,Humidity,50.43230520431546,Field2,False
3253,2024-05-15 12:00:00,Temperature,68.40800440756355,Field3,True
3254,2024-05-15 13:00:00,Light,39.14276721255363,Field4,False
3255,2024-05-15 14:00:00,SoilPH,86.40664268449729,Field1,False
3256,2024-05-15 15:00:00,Temperature,14.414426867618404,Field1,False
3257,2024-05-15 16:00:00,SoilPH,97.1770233430873,Field4,False
3258,2024-05-15 17:00:00,SoilPH,83.71669270406248,Field3,False
3259,2024-05-15 18:00:00,Light,95.37167819955586,Field2,False
3260,2024-05-15 19:00:00,Temperature,1.0113373284270533,Field1,False
3261,2024-05-15 20:00:00,Humidity,19.73217766846306,Field4,False
3262,2024-05-15 21:00:00,Humidity,86.47851486365778,Field4,False
3263,2024-05-15 22:00:00,Temperature,86.61123983802062,Field4,True
3264,2024-05-15 23:00:00,Temperature,79.02084361915847,Field4,True
3265,2024-05-16 00:00:00,SoilPH,53.278307886530776,Field4,False
3266,2024-05-16 01:00:00,SoilPH,78.45774747397721,Field1,False
3267,2024-05-16 02:00:00,SoilMoisture,51.67432960505349,Field2,False
3268,2024-05-16 03:00:00,SoilPH,61.0879388700813,Field2,False
3269,2024-05-16 04:00:00,Temperature,82.21041318564468,Field1,True
3270,2024-05-16 05:00:00,SoilMoisture,74.1542429139659,Field3,False
3271,2024-05-16 06:00:00,SoilPH,38.03751652651472,Field2,False
3272,2024-05-16 07:00:00,Humidity,16.729811418210762,Field2,False
3273,2024-05-16 08:00:00,SoilPH,8.841762339311977,Field2,False
3274,2024-05-16 09:00:00,SoilPH,11.539607062094282,Field3,False
3275,2024-05-16 10:00:00,SoilPH,33.363051099287524,Field4,False
3276,2024-05-16 11:00:00,SoilPH,84.26797696474152,Field4,False
3277,2024-05-16 12:00:00,Light,9.54522738832717,Field2,False
3278,2024-05-16 13:00:00,Temperature,32.5564885772384,Field3,False
3279,2024-05-16 14:00:00,SoilMoisture,87.47320351580382,Field3,False
3280,2024-05-16 15:00:00,Temperature,56.47738507105616,Field2,True
3281,2024-05-16 16:00:00,SoilPH,5.457642097785476,Field4,False
3282,2024-05-16 17:00:00,Humidity,62.68870421895137,Field3,False
3283,2024-05-16 18:00:00,SoilMoisture,39.68355804056903,Field3,False
3284,2024-05-16 19:00:00,Temperature,68.97599579078182,Field4,True
3285,2024-05-16 20:00:00,Humidity,83.9799399771482,Field4,False
3286,2024-05-16 21:00:00,SoilPH,71.9001839191631,Field4,False
3287,2024-05-16 22:00:00,Humidity,29.05271765419912,Field1,False
3288,2024-05-16 23:00:00,Temperature,17.685888603232712,Field1,False
3289,2024-05-17 00:00:00,SoilMoisture,71.87586625619656,Field4,False
3290,2024-05-17 01:00:00,Temperature,86.19247451326525,Field3,True
3291,2024-05-17 02:00:00,Humidity,16.169845272061533,Field2,False
3292,2024-05-17 03:00:00,Humidity,93.9863054777374,Field2,False
3293,2024-05-17 04:00:00,Temperature,62.59867030512728,Field3,True
3294,2024-05-17 05:00:00,Temperature,20.360127653754223,Field3,False
3295,2024-05-17 06:00:00,Temperature,19.17308167806534,Field3,False
3296,2024-05-17 07:00:00,Humidity,62.22864817516106,Field3,False
3297,2024-05-17 08:00:00,Light,16.409797204624265,Field3,False
3298,2024-05-17 09:00:00,Temperature,79.92726208304967,Field3,True
3299,2024-05-17 10:00:00,SoilPH,68.68230578406224,Field1,False
3300,2024-05-17 11:00:00,Humidity,33.54922574206384,Field1,False
3301,2024-05-17 12:00:00,Light,43.30719585425162,Field2,False
3302,2024-05-17 13:00:00,SoilMoisture,23.41622253106885,Field1,False
3303,2024-05-17 14:00:00,Light,1.4286902118753275,Field3,False
3304,2024-05-17 15:00:00,SoilMoisture,80.49371689949426,Field2,False
3305,2024-05-17 16:00:00,Light,39.7002688877304,Field2,False
3306,2024-05-17 17:00:00,Humidity,64.3936645404933,Field4,False
3307,2024-05-17 18:00:00,SoilPH,27.65903598519765,Field2,False
3308,2024-05-17 19:00:00,Humidity,74.61634837740753,Field3,False
3309,2024-05-17 20:00:00,Light,6.048888425611421,Field4,False
3310,2024-05-17 21:00:00,Light,70.75607924237468,Field3,False
3311,2024-05-17 22:00:00,SoilMoisture,80.37304762139644,Field1,False
3312,2024-05-17 23:00:00,Temperature,0.383550448692127,Field2,False
3313,2024-05-18 00:00:00,Humidity,19.936040684155543,Field4,False
3314,2024-05-18 01:00:00,SoilMoisture,92.23029025234898,Field1,False
3315,2024-05-18 02:00:00,Light,0.4380871216505544,Field4,False
3316,2024-05-18 03:00:00,Light,10.262389822730722,Field1,False
3317,2024-05-18 04:00:00,Temperature,3.697063768040165,Field4,False
3318,2024-05-18 05:00:00,Humidity,93.46360932065062,Field1,False
3319,2024-05-18 06:00:00,Light,29.79290648266956,Field3,False
3320,2024-05-18 07:00:00,SoilPH,18.31567592740425,Field4,False
3321,2024-05-18 08:00:00,Temperature,53.38343937221045,Field3,True
3322,2024-05-18 09:00:00,Temperature,84.4270452999709,Field4,True
3323,2024-05-18 10:00:00,SoilMoisture,95.88806517195952,Field1,False
3324,2024-05-18 11:00:00,SoilMoisture,16.862004055412537,Field4,False
3325,2024-05-18 12:00:00,SoilMoisture,6.807763042499671,Field3,False
3326,2024-05-18 13:00:00,Light,74.19269305708866,Field1,False
3327,2024-05-18 14:00:00,Temperature,14.201600787697732,Field4,False
3328,2024-05-18 15:00:00,Humidity,25.15434169318141,Field1,False
3329,2024-05-18 16:00:00,SoilPH,48.50264514600708,Field2,False
3330,2024-05-18 17:00:00,Light,25.191172500391733,Field3,False
3331,2024-05-18 18:00:00,Light,57.18899876938319,Field3,False
3332,2024-05-18 19:00:00,Humidity,36.97471653457454,Field3,False
3333,2024-05-18 20:00:00,Light,76.96388747584923,Field4,False
3334,2024-05-18 21:00:00,Humidity,14.723214100501403,Field3,False
3335,2024-05-18 22:00:00,Humidity,4.149104930400627,Field1,False
3336,2024-05-18 23:00:00,Temperature,63.88477093377878,Field3,True
3337,2024-05-19 00:00:00,Light,49.38615363122004,Field3,False
3338,2024-05-19 01:00:00,Light,51.80924904288396,Field2,False
3339,2024-05-19 02:00:00,SoilPH,31.707943921144388,Field2,False
3340,2024-05-19 03:00:00,Humidity,80.03515375341327,Field2,False
3341,2024-05-19 04:00:00,SoilPH,24.07901255166737,Field1,False
3342,2024-05-19 05:00:00,SoilPH,86.20743014357616,Field2,False
3343,2024-05-19 06:00:00,SoilPH,20.317643304905552,Field4,False
3344,2024-05-19 07:00:00,SoilMoisture,69.8029936748485,Field4,False
3345,2024-05-19 08:00:00,Temperature,71.36485814202842,Field1,True
3346,2024-05-19 09:00:00,Humidity,54.03095997001445,Field3,False
3347,2024-05-19 10:00:00,Light,93.1401500135792,Field4,False
3348,2024-05-19 11:00:00,SoilMoisture,91.22870518190076,Field2,False
3349,2024-05-19 12:00:00,SoilMoisture,16.33192978282787,Field2,False
3350,2024-05-19 13:00:00,SoilMoisture,37.29467320182024,Field1,False
3351,2024-05-19 14:00:00,Light,26.023507079370862,Field4,False
3352,2024-05-19 15:00:00,SoilMoisture,57.01253992499053,Field3,False
3353,2024-05-19 16:00:00,SoilMoisture,84.05749979234773,Field1,False
3354,2024-05-19 17:00:00,Light,35.62827197374159,Field3,False
3355,2024-05-19 18:00:00,Temperature,51.68929620117238,Field3,True
3356,2024-05-19 19:00:00,SoilMoisture,4.927295769872709,Field3,False
3357,2024-05-19 20:00:00,Humidity,2.419437128718127,Field4,False
3358,2024-05-19 21:00:00,Temperature,36.76025426046833,Field3,False
3359,2024-05-19 22:00:00,Light,75.26061332191777,Field4,False
3360,2024-05-19 23:00:00,Temperature,21.46821563119734,Field3,False
3361,2024-05-20 00:00:00,Temperature,36.9331055425286,Field1,False
3362,2024-05-20 01:00:00,SoilPH,14.57943535907894,Field4,False
3363,2024-05-20 02:00:00,Light,7.332735653086864,Field1,False
3364,2024-05-20 03:00:00,Temperature,63.974023633303176,Field1,True
3365,2024-05-20 04:00:00,Light,71.51778786320969,Field3,False
3366,2024-05-20 05:00:00,SoilMoisture,9.094419285337295,Field4,False
3367,2024-05-20 06:00:00,Light,93.90829035859292,Field1,False
3368,2024-05-20 07:00:00,Temperature,18.23830592739653,Field4,False
3369,2024-05-20 08:00:00,Light,50.9017617674469,Field4,False
3370,2024-05-20 09:00:00,SoilPH,45.99091342089884,Field4,False
3371,2024-05-20 10:00:00,SoilPH,14.1711479903888,Field4,False
3372,2024-05-20 11:00:00,SoilPH,72.44892370587938,Field3,False
3373,2024-05-20 12:00:00,Light,66.70886376706977,Field2,False
3374,2024-05-20 13:00:00,Temperature,95.71575722746184,Field2,True
3375,2024-05-20 14:00:00,SoilMoisture,11.14355307596966,Field2,False
3376,2024-05-20 15:00:00,Humidity,62.643354098264666,Field3,False
3377,2024-05-20 16:00:00,SoilMoisture,89.18495706862797,Field4,False
3378,2024-05-20 17:00:00,SoilPH,82.44812068736003,Field3,False
3379,2024-05-20 18:00:00,Temperature,88.55109662797878,Field1,True
3380,2024-05-20 19:00:00,Light,1.9095443915273516,Field4,False
3381,2024-05-20 20:00:00,Light,6.829324162282346,Field2,False
3382,2024-05-20 21:00:00,Temperature,81.38442059800367,Field4,True
3383,2024-05-20 22:00:00,Temperature,86.29940238566725,Field1,True
3384,2024-05-20 23:00:00,SoilPH,99.96279178593724,Field1,False
3385,2024-05-21 00:00:00,SoilPH,97.9620902391932,Field2,False
3386,2024-05-21 01:00:00,Temperature,11.164920540263202,Field4,False
3387,2024-05-21 02:00:00,SoilPH,42.89422879039898,Field3,False
3388,2024-05-21 03:00:00,Humidity,37.13871327622462,Field3,False
3389,2024-05-21 04:00:00,Light,28.11612473137889,Field1,False
3390,2024-05-21 05:00:00,SoilPH,82.04355383406534,Field3,False
3391,2024-05-21 06:00:00,SoilPH,63.18700824953172,Field2,False
3392,2024-05-21 07:00:00,SoilPH,98.66528604374972,Field4,False
3393,2024-05-21 08:00:00,Temperature,70.46824104278137,Field2,True
3394,2024-05-21 09:00:00,Humidity,65.13104103818368,Field1,False
3395,2024-05-21 10:00:00,SoilPH,89.18160481238479,Field1,False
3396,2024-05-21 11:00:00,Humidity,15.248330668839127,Field2,False
3397,2024-05-21 12:00:00,Humidity,81.37917661359297,Field1,False
3398,2024-05-21 13:00:00,Temperature,20.81886830329744,Field4,False
3399,2024-05-21 14:00:00,SoilPH,21.832105533831182,Field1,False
3400,2024-05-21 15:00:00,Humidity,43.71547820547521,Field3,False
3401,2024-05-21 16:00:00,SoilPH,40.36500537976784,Field3,False
3402,2024-05-21 17:00:00,SoilPH,67.97966853333965,Field1,False
3403,2024-05-21 18:00:00,SoilMoisture,0.3564156661954532,Field2,False
3404,2024-05-21 19:00:00,Light,82.97876994438576,Field2,False
3405,2024-05-21 20:00:00,SoilPH,21.866737594568708,Field2,False
3406,2024-05-21 21:00:00,Temperature,31.26248401245527,Field2,False
3407,2024-05-21 22:00:00,Light,81.46160743588298,Field2,False
3408,2024-05-21 23:00:00,Temperature,76.47011986199016,Field1,True
3409,2024-05-22 00:00:00,Temperature,44.09501068937235,Field1,False
3410,2024-05-22 01:00:00,Temperature,50.21570853159207,Field3,True
3411,2024-05-22 02:00:00,SoilMoisture,22.78995860245837,Field3,False
3412,2024-05-22 03:00:00,Light,15.912793309059047,Field4,False
3413,2024-05-22 04:00:00,Temperature,39.53256891357309,Field4,False
3414,2024-05-22 05:00:00,SoilMoisture,80.27049232212386,Field3,False
3415,2024-05-22 06:00:00,Light,37.02351762933552,Field4,False
3416,2024-05-22 07:00:00,Temperature,68.01833038252475,Field3,True
3417,2024-05-22 08:00:00,Temperature,43.304315620461566,Field4,False
3418,2024-05-22 09:00:00,SoilPH,29.90182520067029,Field3,False
3419,2024-05-22 10:00:00,Light,45.4378597639241,Field1,False
3420,2024-05-22 11:00:00,Humidity,78.61802416594288,Field4,False
3421,2024-05-22 12:00:00,Temperature,11.214217014706051,Field2,False
3422,2024-05-22 13:00:00,Temperature,81.06715184806951,Field2,True
3423,2024-05-22 14:00:00,Temperature,60.08799557054855,Field3,True
3424,2024-05-22 15:00:00,SoilPH,87.94235553214475,Field2,False
3425,2024-05-22 16:00:00,SoilPH,9.722408086762591,Field2,False
3426,2024-05-22 17:00:00,SoilPH,48.74618314110578,Field2,False
3427,2024-05-22 18:00:00,Light,94.82768544955609,Field2,False
3428,2024-05-22 19:00:00,SoilMoisture,21.64683729537152,Field3,False
3429,2024-05-22 20:00:00,Light,50.6126884747775,Field1,False
3430,2024-05-22 21:00:00,SoilMoisture,9.070783833496366,Field4,False
3431,2024-05-22 22:00:00,Humidity,81.11581391078741,Field3,False
3432,2024-05-22 23:00:00,Light,81.920196790338,Field4,False
3433,2024-05-23 00:00:00,Temperature,14.119958905860983,Field2,False
3434,2024-05-23 01:00:00,Humidity,62.29001471692133,Field4,False
3435,2024-05-23 02:00:00,Temperature,28.206455709691724,Field2,False
3436,2024-05-23 03:00:00,SoilMoisture,50.45906549020681,Field4,False
3437,2024-05-23 04:00:00,SoilPH,59.71458101021712,Field4,False
3438,2024-05-23 05:00:00,SoilMoisture,30.38166643339919,Field3,False
3439,2024-05-23 06:00:00,Light,41.79874395060425,Field1,False
3440,2024-05-23 07:00:00,Humidity,76.88602611651552,Field4,False
3441,2024-05-23 08:00:00,Humidity,48.08275531192804,Field4,False
3442,2024-05-23 09:00:00,Humidity,19.31575491888381,Field1,False
3443,2024-05-23 10:00:00,SoilMoisture,33.05533715411711,Field2,False
3444,2024-05-23 11:00:00,Light,27.529934840967663,Field4,False
3445,2024-05-23 12:00:00,SoilPH,16.01442971326086,Field4,False
3446,2024-05-23 13:00:00,Humidity,78.55295653218131,Field4,False
3447,2024-05-23 14:00:00,SoilPH,41.27643702445045,Field1,False
3448,2024-05-23 15:00:00,Humidity,60.75773527557183,Field1,False
3449,2024-05-23 16:00:00,Humidity,82.84200455654081,Field3,False
3450,2024-05-23 17:00:00,SoilMoisture,39.45283172462703,Field2,False
3451,2024-05-23 18:00:00,Temperature,35.400331512300866,Field2,False
3452,2024-05-23 19:00:00,Humidity,58.51834376040588,Field4,False
3453,2024-05-23 20:00:00,Temperature,48.32148071722043,Field4,False
3454,2024-05-23 21:00:00,SoilMoisture,11.522839196746135,Field4,False
3455,2024-05-23 22:00:00,Humidity,52.0091847260726,Field3,False
3456,2024-05-23 23:00:00,Light,98.08911129443769,Field1,False
3457,2024-05-24 00:00:00,Humidity,3.715773431651237,Field4,False
3458,2024-05-24 01:00:00,Humidity,31.1392040695032,Field1,False
3459,2024-05-24 02:00:00,Light,39.03600170172358,Field2,False
3460,2024-05-24 03:00:00,Light,59.65087322514479,Field1,False
3461,2024-05-24 04:00:00,Humidity,70.52087060027412,Field1,False
3462,2024-05-24 05:00:00,SoilPH,59.58991123513202,Field3,False
3463,2024-05-24 06:00:00,SoilMoisture,77.37332294156076,Field4,False
3464,2024-05-24 07:00:00,SoilPH,35.21974122071795,Field3,False
3465,2024-05-24 08:00:00,Humidity,89.41392431324057,Field2,False
3466,2024-05-24 09:00:00,Temperature,74.08163654818445,Field4,True
3467,2024-05-24 10:00:00,Light,84.22459625787346,Field3,False
3468,2024-05-24 11:00:00,Light,99.94813611717204,Field3,False
3469,2024-05-24 12:00:00,Temperature,17.1112254661419,Field4,False
3470,2024-05-24 13:00:00,SoilMoisture,93.13667962065516,Field2,False
3471,2024-05-24 14:00:00,SoilMoisture,29.295385690713992,Field1,False
3472,2024-05-24 15:00:00,Humidity,78.38691306137675,Field2,False
3473,2024-05-24 16:00:00,Humidity,75.42129716097537,Field4,False
3474,2024-05-24 17:00:00,Light,85.8256581479025,Field1,False
3475,2024-05-24 18:00:00,Temperature,75.48965197870801,Field1,True
3476,2024-05-24 19:00:00,Temperature,98.1061858364338,Field4,True
3477,2024-05-24 20:00:00,SoilPH,39.7590990463447,Field3,False
3478,2024-05-24 21:00:00,SoilMoisture,96.35705138288286,Field4,False
3479,2024-05-24 22:00:00,SoilMoisture,17.45093500807665,Field1,False
3480,2024-05-24 23:00:00,Humidity,45.322239542333,Field2,False
3481,2024-05-25 00:00:00,Humidity,10.824092790100291,Field4,False
3482,2024-05-25 01:00:00,SoilMoisture,84.49801495727283,Field4,False
3483,2024-05-25 02:00:00,SoilPH,97.52883708170629,Field4,False
3484,2024-05-25 03:00:00,Humidity,8.706386710486047,Field2,False
3485,2024-05-25 04:00:00,Humidity,64.58280759415076,Field2,False
3486,2024-05-25 05:00:00,SoilPH,25.100501547776176,Field3,False
3487,2024-05-25 06:00:00,Light,55.362030923018594,Field4,False
3488,2024-05-25 07:00:00,SoilMoisture,51.42759653513384,Field2,False
3489,2024-05-25 08:00:00,Temperature,55.29511270778315,Field2,True
3490,2024-05-25 09:00:00,Temperature,18.75898682558098,Field1,False
3491,2024-05-25 10:00:00,Temperature,45.09294705909367,Field2,False
3492,2024-05-25 11:00:00,Temperature,68.84317120180063,Field2,True
3493,2024-05-25 12:00:00,Temperature,42.28389867224249,Field3,False
3494,2024-05-25 13:00:00,Light,63.97990838103763,Field2,False
3495,2024-05-25 14:00:00,SoilMoisture,52.04224098678112,Field2,False
3496,2024-05-25 15:00:00,Humidity,64.63747111499329,Field2,False
3497,2024-05-25 16:00:00,Temperature,45.09570730815683,Field1,False
3498,2024-05-25 17:00:00,SoilPH,98.5556143141821,Field2,False
3499,2024-05-25 18:00:00,Temperature,72.07365140256701,Field2,True
3500,2024-05-25 19:00:00,Light,72.62863613458184,Field2,False
3501,2024-05-25 20:00:00,SoilMoisture,10.449269627444249,Field1,False
3502,2024-05-25 21:00:00,SoilPH,70.01152069865917,Field2,False
3503,2024-05-25 22:00:00,Temperature,6.015882201677614,Field3,False
3504,2024-05-25 23:00:00,Light,91.59519710776983,Field3,False
3505,2024-05-26 00:00:00,Temperature,44.47961502440213,Field1,False
3506,2024-05-26 01:00:00,Temperature,95.26447885615472,Field3,True
3507,2024-05-26 02:00:00,SoilPH,83.5228242673143,Field1,False
3508,2024-05-26 03:00:00,Light,76.08289059656144,Field3,False
3509,2024-05-26 04:00:00,SoilMoisture,46.1219140113721,Field2,False
3510,2024-05-26 05:00:00,Light,51.33323010998264,Field3,False
3511,2024-05-26 06:00:00,SoilMoisture,94.23927518072357,Field3,False
3512,2024-05-26 07:00:00,SoilMoisture,45.4501083694631,Field3,False
3513,2024-05-26 08:00:00,SoilMoisture,20.28463095508264,Field2,False
3514,2024-05-26 09:00:00,SoilMoisture,32.15313183056102,Field2,False
3515,2024-05-26 10:00:00,Light,57.0065329410136,Field3,False
3516,2024-05-26 11:00:00,SoilPH,66.35601045675108,Field2,False
3517,2024-05-26 12:00:00,SoilMoisture,51.9618646451996,Field3,False
3518,2024-05-26 13:00:00,Humidity,1.7301419166133258,Field4,False
3519,2024-05-26 14:00:00,SoilMoisture,51.18341599951235,Field4,False
3520,2024-05-26 15:00:00,Humidity,43.30187228134999,Field4,False
3521,2024-05-26 16:00:00,Temperature,26.28152269655813,Field2,False
3522,2024-05-26 17:00:00,SoilMoisture,88.37385224532116,Field4,False
3523,2024-05-26 18:00:00,Humidity,81.22939040291124,Field4,False
3524,2024-05-26 19:00:00,SoilMoisture,31.01526741539065,Field1,False
3525,2024-05-26 20:00:00,Light,4.525272857862072,Field2,False
3526,2024-05-26 21:00:00,SoilPH,83.1134605994579,Field4,False
3527,2024-05-26 22:00:00,Temperature,70.25129788934437,Field1,True
3528,2024-05-26 23:00:00,SoilPH,60.20887619070072,Field1,False
3529,2024-05-27 00:00:00,SoilPH,76.07969367502291,Field4,False
3530,2024-05-27 01:00:00,Light,75.33590776141894,Field2,False
3531,2024-05-27 02:00:00,Humidity,66.02303567726669,Field1,False
3532,2024-05-27 03:00:00,Temperature,70.87219550415995,Field2,True
3533,2024-05-27 04:00:00,SoilPH,67.94130702040945,Field4,False
3534,2024-05-27 05:00:00,SoilMoisture,43.51279610777661,Field2,False
3535,2024-05-27 06:00:00,Humidity,48.50036613690016,Field2,False
3536,2024-05-27 07:00:00,Temperature,68.77906851549706,Field1,True
3537,2024-05-27 08:00:00,SoilPH,73.23491114902829,Field4,False
3538,2024-05-27 09:00:00,SoilPH,84.42592170269539,Field2,False
3539,2024-05-27 10:00:00,Humidity,44.32685591417448,Field4,False
3540,2024-05-27 11:00:00,SoilMoisture,8.487256649698038,Field3,False
3541,2024-05-27 12:00:00,SoilPH,83.90238944655182,Field3,False
3542,2024-05-27 13:00:00,Light,99.83551788484608,Field1,False
3543,2024-05-27 14:00:00,Light,47.85508523186224,Field2,False
3544,2024-05-27 15:00:00,Humidity,53.48103174638579,Field2,False
3545,2024-05-27 16:00:00,Temperature,87.95504275996194,Field1,True
3546,2024-05-27 17:00:00,Humidity,95.37769169499036,Field3,False
3547,2024-05-27 18:00:00,Humidity,25.375912936052035,Field1,False
3548,2024-05-27 19:00:00,Temperature,12.734265601373108,Field2,False
3549,2024-05-27 20:00:00,Temperature,19.39355316307154,Field4,False
3550,2024-05-27 21:00:00,Temperature,30.446388197616216,Field1,False
3551,2024-05-27 22:00:00,SoilMoisture,86.1967715852765,Field1,False
3552,2024-05-27 23:00:00,SoilPH,73.88243787763588,Field1,False
3553,2024-05-28 00:00:00,Humidity,59.11872820210897,Field1,False
3554,2024-05-28 01:00:00,Light,72.49633362023025,Field4,False
3555,2024-05-28 02:00:00,Temperature,80.69319502663933,Field2,True
3556,2024-05-28 03:00:00,Temperature,51.0213856907463,Field3,True
3557,2024-05-28 04:00:00,Temperature,6.699403095390355,Field2,False
3558,2024-05-28 05:00:00,SoilPH,84.81809467961683,Field3,False
3559,2024-05-28 06:00:00,Light,44.40684970437832,Field4,False
3560,2024-05-28 07:00:00,Humidity,60.10867486372676,Field2,False
3561,2024-05-28 08:00:00,SoilPH,23.7198249305836,Field2,False
3562,2024-05-28 09:00:00,SoilMoisture,74.03196745387841,Field4,False
3563,2024-05-28 10:00:00,Light,84.83184339784961,Field4,False
3564,2024-05-28 11:00:00,Light,2.181158223944546,Field1,False
3565,2024-05-28 12:00:00,SoilMoisture,83.5103842018001,Field4,False
3566,2024-05-28 13:00:00,Humidity,67.65974998485977,Field1,False
3567,2024-05-28 14:00:00,Light,63.75121326654784,Field3,False
3568,2024-05-28 15:00:00,Temperature,61.427494785700496,Field4,True
3569,2024-05-28 16:00:00,Humidity,34.44047982813322,Field4,False
3570,2024-05-28 17:00:00,SoilPH,45.49533109138586,Field2,False
3571,2024-05-28 18:00:00,SoilMoisture,83.37116555690935,Field2,False
3572,2024-05-28 19:00:00,Temperature,27.117919269694145,Field3,False
3573,2024-05-28 20:00:00,Temperature,68.88906147768952,Field2,True
3574,2024-05-28 21:00:00,Temperature,37.298577909107536,Field1,False
3575,2024-05-28 22:00:00,SoilPH,89.95644618455829,Field4,False
3576,2024-05-28 23:00:00,Temperature,13.36436168675512,Field2,False
3577,2024-05-29 00:00:00,Light,1.0931054908491444,Field3,False
3578,2024-05-29 01:00:00,Temperature,20.10475429922012,Field2,False
3579,2024-05-29 02:00:00,Humidity,94.80161358056505,Field3,False
3580,2024-05-29 03:00:00,Light,53.101789008290666,Field2,False
3581,2024-05-29 04:00:00,Temperature,68.08391163920273,Field3,True
3582,2024-05-29 05:00:00,SoilPH,0.3929882475737334,Field2,False
3583,2024-05-29 06:00:00,Temperature,68.04793649598618,Field1,True
3584,2024-05-29 07:00:00,SoilPH,67.03758593667212,Field1,False
3585,2024-05-29 08:00:00,Light,18.598948262507086,Field4,False
3586,2024-05-29 09:00:00,Light,19.117349654990523,Field2,False
3587,2024-05-29 10:00:00,Light,74.25520310140617,Field3,False
3588,2024-05-29 11:00:00,Light,27.71738801854248,Field3,False
3589,2024-05-29 12:00:00,SoilPH,26.41915352979649,Field3,False
3590,2024-05-29 13:00:00,Humidity,7.94876793761402,Field4,False
3591,2024-05-29 14:00:00,SoilPH,82.70913206945413,Field4,False
3592,2024-05-29 15:00:00,SoilPH,63.25585662115801,Field3,False
3593,2024-05-29 16:00:00,Temperature,2.0310244726832405,Field3,False
3594,2024-05-29 17:00:00,Temperature,5.920758838142392,Field2,False
3595,2024-05-29 18:00:00,SoilPH,33.857687969307726,Field1,False
3596,2024-05-29 19:00:00,SoilMoisture,30.613409170597805,Field2,False
3597,2024-05-29 20:00:00,Humidity,87.47617724725112,Field4,False
3598,2024-05-29 21:00:00,Light,56.946047938757296,Field2,False
3599,2024-05-29 22:00:00,Light,9.36191577335862,Field4,False
3600,2024-05-29 23:00:00,Light,9.43406004884011,Field4,False
3601,2024-05-30 00:00:00,Temperature,64.15062411773535,Field1,True
3602,2024-05-30 01:00:00,Temperature,37.54763173951478,Field4,False
3603,2024-05-30 02:00:00,Humidity,94.0742300786241,Field2,False
3604,2024-05-30 03:00:00,Humidity,15.967701330115847,Field3,False
3605,2024-05-30 04:00:00,SoilPH,85.05674054325733,Field1,False
3606,2024-05-30 05:00:00,Temperature,18.20840182318799,Field1,False
3607,2024-05-30 06:00:00,Light,31.10044163879981,Field2,False
3608,2024-05-30 07:00:00,SoilPH,70.9769025805029,Field4,False
3609,2024-05-30 08:00:00,SoilMoisture,0.9107770644216971,Field2,False
3610,2024-05-30 09:00:00,SoilMoisture,57.58631179981436,Field2,False
3611,2024-05-30 10:00:00,Humidity,17.95918440870604,Field2,False
3612,2024-05-30 11:00:00,Temperature,83.91529002772216,Field1,True
3613,2024-05-30 12:00:00,Temperature,62.83206385894774,Field1,True
3614,2024-05-30 13:00:00,SoilMoisture,63.61839480944177,Field3,False
3615,2024-05-30 14:00:00,Humidity,45.08573386770565,Field2,False
3616,2024-05-30 15:00:00,Humidity,50.19942321668719,Field4,False
3617,2024-05-30 16:00:00,Temperature,97.06256146830324,Field2,True
3618,2024-05-30 17:00:00,Temperature,71.12558967543337,Field3,True
3619,2024-05-30 18:00:00,SoilMoisture,60.262823209834174,Field4,False
3620,2024-05-30 19:00:00,Light,81.33968128483255,Field1,False
3621,2024-05-30 20:00:00,Humidity,72.9006562765502,Field1,False
3622,2024-05-30 21:00:00,Temperature,11.34758016801144,Field1,False
3623,2024-05-30 22:00:00,Humidity,98.8309162721564,Field3,False
3624,2024-05-30 23:00:00,Light,11.657506067728384,Field4,False
3625,2024-05-31 00:00:00,SoilMoisture,76.41929280458767,Field2,False
3626,2024-05-31 01:00:00,Light,85.68338817153892,Field1,False
3627,2024-05-31 02:00:00,SoilMoisture,51.97066268923759,Field1,False
3628,2024-05-31 03:00:00,Humidity,4.169570024173264,Field2,False
3629,2024-05-31 04:00:00,SoilPH,73.87334488298852,Field2,False
3630,2024-05-31 05:00:00,Humidity,20.51094967374304,Field2,False
3631,2024-05-31 06:00:00,SoilPH,10.467344176445126,Field3,False
3632,2024-05-31 07:00:00,Humidity,36.05961481801931,Field3,False
3633,2024-05-31 08:00:00,Light,80.89503538202487,Field1,False
3634,2024-05-31 09:00:00,SoilMoisture,73.46202506693618,Field3,False
3635,2024-05-31 10:00:00,Humidity,95.13928888860484,Field1,False
3636,2024-05-31 11:00:00,Temperature,30.226171964525623,Field4,False
3637,2024-05-31 12:00:00,SoilMoisture,89.63845505704698,Field3,False
3638,2024-05-31 13:00:00,Light,52.72289422610067,Field1,False
3639,2024-05-31 14:00:00,Humidity,30.23093554411934,Field1,False
3640,2024-05-31 15:00:00,SoilMoisture,95.8038094791314,Field4,False
3641,2024-05-31 16:00:00,Temperature,9.15314251765712,Field1,False
3642,2024-05-31 17:00:00,SoilMoisture,62.63168705759664,Field2,False
3643,2024-05-31 18:00:00,Humidity,1.461277688536311,Field2,False
3644,2024-05-31 19:00:00,Temperature,61.6121788340643,Field3,True
3645,2024-05-31 20:00:00,Humidity,73.29630655344373,Field4,False
3646,2024-05-31 21:00:00,SoilPH,88.12067898205166,Field2,False
3647,2024-05-31 22:00:00,SoilMoisture,8.323717627937732,Field1,False
3648,2024-05-31 23:00:00,Temperature,8.480561451861135,Field2,False
3649,2024-06-01 00:00:00,Humidity,23.93771067149809,Field2,False
3650,2024-06-01 01:00:00,SoilPH,5.191215199581256,Field4,False
3651,2024-06-01 02:00:00,Humidity,64.38583529040787,Field2,False
3652,2024-06-01 03:00:00,Humidity,86.49844110060745,Field1,False
3653,2024-06-01 04:00:00,SoilMoisture,12.079596077693733,Field2,False
3654,2024-06-01 05:00:00,SoilMoisture,19.39540776437153,Field3,False
3655,2024-06-01 06:00:00,SoilPH,90.01448386546241,Field1,False
3656,2024-06-01 07:00:00,SoilMoisture,78.74215998694783,Field2,False
3657,2024-06-01 08:00:00,Temperature,92.3003324669177,Field2,True
3658,2024-06-01 09:00:00,SoilPH,13.794427488545546,Field4,False
3659,2024-06-01 10:00:00,SoilMoisture,66.75058541876031,Field1,False
3660,2024-06-01 11:00:00,Light,33.44365284236155,Field4,False
3661,2024-06-01 12:00:00,Temperature,68.64893531367426,Field1,True
3662,2024-06-01 13:00:00,Humidity,14.916243825622754,Field2,False
3663,2024-06-01 14:00:00,Temperature,19.677680725002155,Field1,False
3664,2024-06-01 15:00:00,Temperature,20.380864598652604,Field3,False
3665,2024-06-01 16:00:00,Temperature,52.730877582770304,Field3,True
3666,2024-06-01 17:00:00,Light,38.00936356892546,Field3,False
3667,2024-06-01 18:00:00,Temperature,67.07840333861836,Field3,True
3668,2024-06-01 19:00:00,Light,59.59537179546077,Field3,False
3669,2024-06-01 20:00:00,Light,4.280425628373918,Field3,False
3670,2024-06-01 21:00:00,SoilMoisture,85.22598099862694,Field1,False
3671,2024-06-01 22:00:00,Light,85.8974537814523,Field1,False
3672,2024-06-01 23:00:00,Light,81.36431617060637,Field1,False
3673,2024-06-02 00:00:00,SoilPH,83.92460423345459,Field3,False
3674,2024-06-02 01:00:00,Light,2.883620441221002,Field4,False
3675,2024-06-02 02:00:00,Temperature,77.26090189977077,Field4,True
3676,2024-06-02 03:00:00,Humidity,38.48661435842362,Field2,False
3677,2024-06-02 04:00:00,Light,11.061579052657212,Field3,False
3678,2024-06-02 05:00:00,Light,99.87528468013495,Field4,False
3679,2024-06-02 06:00:00,SoilMoisture,65.82409292924211,Field4,False
3680,2024-06-02 07:00:00,SoilMoisture,81.39861813072604,Field4,False
3681,2024-06-02 08:00:00,Temperature,16.7102382841423,Field2,False
3682,2024-06-02 09:00:00,SoilPH,24.89838466216453,Field3,False
3683,2024-06-02 10:00:00,Light,40.670486704048,Field1,False
3684,2024-06-02 11:00:00,Humidity,50.2420419025024,Field1,False
3685,2024-06-02 12:00:00,Light,43.971523749155416,Field3,False
3686,2024-06-02 13:00:00,SoilPH,26.19726871817525,Field2,False
3687,2024-06-02 14:00:00,SoilPH,1.052315843912699,Field1,False
3688,2024-06-02 15:00:00,Humidity,3.959831865635988,Field4,False
3689,2024-06-02 16:00:00,Temperature,66.177653704184,Field4,True
3690,2024-06-02 17:00:00,Light,68.10012825199249,Field3,False
3691,2024-06-02 18:00:00,Light,53.07767807319407,Field3,False
3692,2024-06-02 19:00:00,SoilMoisture,15.634650994265764,Field3,False
3693,2024-06-02 20:00:00,Temperature,39.87396597689168,Field3,False
3694,2024-06-02 21:00:00,Humidity,91.2132888383562,Field3,False
3695,2024-06-02 22:00:00,Light,50.90614647031605,Field1,False
3696,2024-06-02 23:00:00,SoilPH,54.66433991888835,Field3,False
3697,2024-06-03 00:00:00,Temperature,92.7485932637272,Field2,True
3698,2024-06-03 01:00:00,SoilPH,96.99337726614948,Field3,False
3699,2024-06-03 02:00:00,SoilPH,68.5370476379187,Field3,False
3700,2024-06-03 03:00:00,Light,46.13896951458686,Field4,False
3701,2024-06-03 04:00:00,Humidity,28.638246250429788,Field2,False
3702,2024-06-03 05:00:00,Humidity,36.34723362108342,Field4,False
3703,2024-06-03 06:00:00,Humidity,37.7369355965081,Field1,False
3704,2024-06-03 07:00:00,Light,35.54309805276367,Field3,False
3705,2024-06-03 08:00:00,SoilMoisture,61.7052105767851,Field1,False
3706,2024-06-03 09:00:00,Humidity,25.012298116195087,Field4,False
3707,2024-06-03 10:00:00,SoilPH,26.24289730105908,Field3,False
3708,2024-06-03 11:00:00,SoilPH,39.10099144094724,Field4,False
3709,2024-06-03 12:00:00,SoilMoisture,26.613034998382517,Field3,False
3710,2024-06-03 13:00:00,Temperature,89.69434982629232,Field1,True
3711,2024-06-03 14:00:00,Light,3.0822884817072183,Field2,False
3712,2024-06-03 15:00:00,Light,65.37486652388172,Field4,False
3713,2024-06-03 16:00:00,SoilPH,82.01671019048484,Field2,False
3714,2024-06-03 17:00:00,Humidity,40.15054695005612,Field4,False
3715,2024-06-03 18:00:00,Humidity,16.923677911913003,Field3,False
3716,2024-06-03 19:00:00,SoilMoisture,21.35290893941193,Field4,False
3717,2024-06-03 20:00:00,Temperature,77.36957258162347,Field2,True
3718,2024-06-03 21:00:00,Humidity,36.42794225574054,Field3,False
3719,2024-06-03 22:00:00,Humidity,72.16124959401195,Field1,False
3720,2024-06-03 23:00:00,SoilPH,93.75876614644018,Field2,False
3721,2024-06-04 00:00:00,Humidity,52.56099806603493,Field4,False
3722,2024-06-04 01:00:00,Light,0.1694876899487329,Field3,False
3723,2024-06-04 02:00:00,Humidity,33.02690495971717,Field3,False
3724,2024-06-04 03:00:00,Humidity,64.55761400282084,Field2,False
3725,2024-06-04 04:00:00,Temperature,2.4990361142236184,Field4,False
3726,2024-06-04 05:00:00,Light,99.6286769792698,Field2,False
3727,2024-06-04 06:00:00,SoilMoisture,67.12669344479465,Field1,False
3728,2024-06-04 07:00:00,Light,38.258423416525055,Field2,False
3729,2024-06-04 08:00:00,SoilMoisture,52.30473605109124,Field3,False
3730,2024-06-04 09:00:00,Temperature,97.0533948231064,Field2,True
3731,2024-06-04 10:00:00,Temperature,71.91967328357289,Field1,True
3732,2024-06-04 11:00:00,SoilPH,79.36117497032072,Field1,False
3733,2024-06-04 12:00:00,Temperature,35.238734957384075,Field1,False
3734,2024-06-04 13:00:00,Humidity,25.857115472543057,Field1,False
3735,2024-06-04 14:00:00,Light,68.67220693054865,Field1,False
3736,2024-06-04 15:00:00,SoilMoisture,54.20589055608737,Field1,False
3737,2024-06-04 16:00:00,Light,78.18991556916328,Field4,False
3738,2024-06-04 17:00:00,Light,69.19287996377716,Field2,False
3739,2024-06-04 18:00:00,Light,19.809692088542608,Field2,False
3740,2024-06-04 19:00:00,Light,64.70854748545946,Field1,False
3741,2024-06-04 20:00:00,Light,74.14579552442449,Field2,False
3742,2024-06-04 21:00:00,Temperature,45.45942133832243,Field3,False
3743,2024-06-04 22:00:00,Light,82.15410009013974,Field4,False
3744,2024-06-04 23:00:00,Light,54.735245292890426,Field3,False
3745,2024-06-05 00:00:00,SoilMoisture,93.26493934656246,Field3,False
3746,2024-06-05 01:00:00,Light,84.47886950628114,Field4,False
3747,2024-06-05 02:00:00,Light,63.07702686503427,Field4,False
3748,2024-06-05 03:00:00,Light,44.132267969042175,Field2,False
3749,2024-06-05 04:00:00,Humidity,76.9002401862556,Field4,False
3750,2024-06-05 05:00:00,Humidity,32.40164459268161,Field2,False
3751,2024-06-05 06:00:00,Humidity,25.635501338965582,Field1,False
3752,2024-06-05 07:00:00,Light,12.437702811058394,Field4,False
3753,2024-06-05 08:00:00,Temperature,22.315061919368084,Field3,False
3754,2024-06-05 09:00:00,Humidity,46.46059684864433,Field3,False
3755,2024-06-05 10:00:00,SoilPH,89.0694685635248,Field4,False
3756,2024-06-05 11:00:00,Humidity,47.40912050193054,Field2,False
3757,2024-06-05 12:00:00,SoilMoisture,20.43623533001761,Field2,False
3758,2024-06-05 13:00:00,Temperature,29.36235142816379,Field2,False
3759,2024-06-05 14:00:00,SoilMoisture,79.53905351450797,Field1,False
3760,2024-06-05 15:00:00,SoilMoisture,74.71438888992353,Field1,False
3761,2024-06-05 16:00:00,Humidity,95.08229540881092,Field3,False
3762,2024-06-05 17:00:00,SoilMoisture,0.7571824974874297,Field2,False
3763,2024-06-05 18:00:00,SoilMoisture,19.51699400730279,Field4,False
3764,2024-06-05 19:00:00,Temperature,86.34975534308234,Field3,True
3765,2024-06-05 20:00:00,Humidity,81.78524311680984,Field2,False
3766,2024-06-05 21:00:00,Temperature,17.705162687355703,Field1,False
3767,2024-06-05 22:00:00,Light,88.1323180543507,Field2,False
3768,2024-06-05 23:00:00,Humidity,23.19909554425892,Field1,False
3769,2024-06-06 00:00:00,SoilMoisture,7.645701059209431,Field2,False
3770,2024-06-06 01:00:00,Humidity,72.31500087072395,Field2,False
3771,2024-06-06 02:00:00,Humidity,5.134043611298489,Field4,False
3772,2024-06-06 03:00:00,Light,85.8699925196931,Field4,False
3773,2024-06-06 04:00:00,Temperature,78.23734824192982,Field3,True
3774,2024-06-06 05:00:00,Humidity,3.544061899826068,Field1,False
3775,2024-06-06 06:00:00,Humidity,98.87460646023636,Field1,False
3776,2024-06-06 07:00:00,SoilPH,56.23304059015538,Field2,False
3777,2024-06-06 08:00:00,Humidity,7.372457729577952,Field4,False
3778,2024-06-06 09:00:00,Temperature,97.63987106003351,Field3,True
3779,2024-06-06 10:00:00,SoilPH,88.03501563641333,Field2,False
3780,2024-06-06 11:00:00,SoilMoisture,98.06895136860084,Field2,False
3781,2024-06-06 12:00:00,SoilMoisture,90.11209627998994,Field1,False
3782,2024-06-06 13:00:00,Humidity,55.64322764760924,Field4,False
3783,2024-06-06 14:00:00,Temperature,89.64644636939917,Field2,True
3784,2024-06-06 15:00:00,Humidity,23.549191827105886,Field1,False
3785,2024-06-06 16:00:00,SoilMoisture,87.95309390659891,Field1,False
3786,2024-06-06 17:00:00,Humidity,40.46786315809386,Field4,False
3787,2024-06-06 18:00:00,Humidity,31.24818584988521,Field2,False
3788,2024-06-06 19:00:00,SoilMoisture,98.09284585254817,Field2,False
3789,2024-06-06 20:00:00,SoilMoisture,23.118569486368035,Field3,False
3790,2024-06-06 21:00:00,SoilPH,84.42877288311988,Field3,False
3791,2024-06-06 22:00:00,SoilPH,33.49632432339431,Field4,False
3792,2024-06-06 23:00:00,Temperature,10.541697490450897,Field2,False
3793,2024-06-07 00:00:00,Temperature,3.30897762507657,Field3,False
3794,2024-06-07 01:00:00,SoilMoisture,69.83963307541798,Field1,False
3795,2024-06-07 02:00:00,Temperature,8.60683093665726,Field2,False
3796,2024-06-07 03:00:00,Temperature,49.5522199499336,Field2,False
3797,2024-06-07 04:00:00,SoilPH,38.525086872688455,Field2,False
3798,2024-06-07 05:00:00,SoilMoisture,77.9155948154415,Field2,False
3799,2024-06-07 06:00:00,SoilPH,44.54554396850663,Field2,False
3800,2024-06-07 07:00:00,Humidity,67.52249776612811,Field1,False
3801,2024-06-07 08:00:00,SoilMoisture,58.76219347674625,Field2,False
3802,2024-06-07 09:00:00,Light,20.002263589132564,Field4,False
3803,2024-06-07 10:00:00,Temperature,92.49020923060746,Field3,True
3804,2024-06-07 11:00:00,Temperature,11.903496632151288,Field3,False
3805,2024-06-07 12:00:00,SoilMoisture,46.77156619559537,Field3,False
3806,2024-06-07 13:00:00,Light,49.28880782044993,Field3,False
3807,2024-06-07 14:00:00,SoilMoisture,52.02359324107027,Field3,False
3808,2024-06-07 15:00:00,Temperature,67.5731926564368,Field4,True
3809,2024-06-07 16:00:00,Temperature,1.8462729461935723,Field4,False
3810,2024-06-07 17:00:00,SoilMoisture,13.010144754623088,Field2,False
3811,2024-06-07 18:00:00,Humidity,45.76715831508533,Field3,False
3812,2024-06-07 19:00:00,SoilPH,25.054450851467745,Field4,False
3813,2024-06-07 20:00:00,SoilMoisture,9.98355976045162,Field1,False
3814,2024-06-07 21:00:00,Humidity,58.52445983945419,Field2,False
3815,2024-06-07 22:00:00,Light,61.98239870259968,Field1,False
3816,2024-06-07 23:00:00,Temperature,25.236557305924777,Field2,False
3817,2024-06-08 00:00:00,Temperature,77.58212720073513,Field2,True
3818,2024-06-08 01:00:00,SoilMoisture,94.9472479989557,Field4,False
3819,2024-06-08 02:00:00,Light,7.568405749052653,Field1,False
3820,2024-06-08 03:00:00,SoilMoisture,89.99442491260224,Field3,False
3821,2024-06-08 04:00:00,SoilPH,85.88656630180199,Field3,False
3822,2024-06-08 05:00:00,SoilMoisture,38.90638145902911,Field3,False
3823,2024-06-08 06:00:00,Temperature,40.01758007362385,Field1,False
3824,2024-06-08 07:00:00,Temperature,60.33777458588969,Field2,True
3825,2024-06-08 08:00:00,Humidity,73.41880622680183,Field3,False
3826,2024-06-08 09:00:00,SoilPH,23.026444185960404,Field4,False
3827,2024-06-08 10:00:00,Humidity,26.127311417450706,Field3,False
3828,2024-06-08 11:00:00,SoilPH,64.62975035795596,Field3,False
3829,2024-06-08 12:00:00,Temperature,62.35910497053969,Field2,True
3830,2024-06-08 13:00:00,SoilMoisture,44.13212694732949,Field3,False
3831,2024-06-08 14:00:00,Temperature,72.52997993624483,Field3,True
3832,2024-06-08 15:00:00,Humidity,16.937534336930415,Field1,False
3833,2024-06-08 16:00:00,Humidity,92.55007977483216,Field4,False
3834,2024-06-08 17:00:00,SoilMoisture,65.48123364856548,Field2,False
3835,2024-06-08 18:00:00,Light,21.880057977950877,Field2,False
3836,2024-06-08 19:00:00,Temperature,85.21097014525553,Field1,True
3837,2024-06-08 20:00:00,Humidity,22.1566387408926,Field1,False
3838,2024-06-08 21:00:00,Light,80.3286802044876,Field4,False
3839,2024-06-08 22:00:00,Light,87.43975789248226,Field3,False
3840,2024-06-08 23:00:00,Temperature,14.671533684430072,Field1,False
3841,2024-06-09 00:00:00,Humidity,17.848183714275656,Field4,False
3842,2024-06-09 01:00:00,Light,51.84380666575436,Field4,False
3843,2024-06-09 02:00:00,Humidity,93.6241438129248,Field4,False
3844,2024-06-09 03:00:00,Light,57.415654795482,Field4,False
3845,2024-06-09 04:00:00,Temperature,53.67930816550752,Field2,True
3846,2024-06-09 05:00:00,Temperature,99.8841163322875,Field1,True
3847,2024-06-09 06:00:00,Humidity,78.20224077390881,Field2,False
3848,2024-06-09 07:00:00,Temperature,65.8076194122602,Field1,True
3849,2024-06-09 08:00:00,SoilPH,47.07034033662827,Field3,False
3850,2024-06-09 09:00:00,Temperature,44.32017459552697,Field4,False
3851,2024-06-09 10:00:00,SoilMoisture,38.97693589884492,Field1,False
3852,2024-06-09 11:00:00,Temperature,17.458102128823672,Field3,False
3853,2024-06-09 12:00:00,Humidity,4.539906362551315,Field4,False
3854,2024-06-09 13:00:00,Light,47.33299510891519,Field2,False
3855,2024-06-09 14:00:00,SoilPH,79.64569162087275,Field2,False
3856,2024-06-09 15:00:00,Humidity,59.0597568842435,Field1,False
3857,2024-06-09 16:00:00,Humidity,19.137536563732493,Field1,False
3858,2024-06-09 17:00:00,Light,73.12572746089346,Field4,False
3859,2024-06-09 18:00:00,Light,90.99557095755382,Field1,False
3860,2024-06-09 19:00:00,SoilMoisture,84.67948989640296,Field3,False
3861,2024-06-09 20:00:00,Humidity,19.812808028242635,Field2,False
3862,2024-06-09 21:00:00,SoilPH,42.22056142689284,Field4,False
3863,2024-06-09 22:00:00,SoilMoisture,22.99667218978885,Field3,False
3864,2024-06-09 23:00:00,SoilMoisture,44.237510112794745,Field1,False
3865,2024-06-10 00:00:00,SoilPH,98.05133322967502,Field1,False
3866,2024-06-10 01:00:00,Light,47.86648179184472,Field1,False
3867,2024-06-10 02:00:00,Light,99.51221344098128,Field4,False
3868,2024-06-10 03:00:00,Humidity,10.247402668706872,Field1,False
3869,2024-06-10 04:00:00,SoilMoisture,17.40520478040096,Field4,False
3870,2024-06-10 05:00:00,SoilPH,12.76640632006144,Field4,False
3871,2024-06-10 06:00:00,SoilPH,40.797511871626114,Field4,False
3872,2024-06-10 07:00:00,SoilPH,73.77491312092235,Field2,False
3873,2024-06-10 08:00:00,SoilMoisture,84.03245762157238,Field1,False
3874,2024-06-10 09:00:00,Temperature,51.72446646626888,Field2,True
3875,2024-06-10 10:00:00,Temperature,85.59630794643056,Field4,True
3876,2024-06-10 11:00:00,Humidity,95.5757593500019,Field3,False
3877,2024-06-10 12:00:00,SoilMoisture,0.4507593935392018,Field3,False
3878,2024-06-10 13:00:00,SoilMoisture,16.606296357176454,Field3,False
3879,2024-06-10 14:00:00,Temperature,18.102051497383343,Field2,False
3880,2024-06-10 15:00:00,Light,99.15040332504536,Field4,False
3881,2024-06-10 16:00:00,Temperature,89.9093429595822,Field2,True
3882,2024-06-10 17:00:00,SoilMoisture,10.51328671984425,Field3,False
3883,2024-06-10 18:00:00,SoilPH,99.15011765415834,Field2,False
3884,2024-06-10 19:00:00,SoilMoisture,17.866808680730053,Field2,False
3885,2024-06-10 20:00:00,Humidity,32.35201753871615,Field3,False
3886,2024-06-10 21:00:00,Temperature,89.0599074472415,Field3,True
3887,2024-06-10 22:00:00,Humidity,2.18683709477,Field3,False
3888,2024-06-10 23:00:00,Temperature,32.08996425525329,Field3,False
3889,2024-06-11 00:00:00,Temperature,46.14810090440893,Field2,False
3890,2024-06-11 01:00:00,Humidity,7.308053099944334,Field4,False
3891,2024-06-11 02:00:00,Humidity,68.39121948644616,Field1,False
3892,2024-06-11 03:00:00,SoilPH,10.065498854868103,Field2,False
3893,2024-06-11 04:00:00,Humidity,96.37354502110004,Field4,False
3894,2024-06-11 05:00:00,Light,89.58135096528432,Field4,False
3895,2024-06-11 06:00:00,SoilMoisture,4.996586917154322,Field1,False
3896,2024-06-11 07:00:00,SoilPH,3.9376812053684818,Field3,False
3897,2024-06-11 08:00:00,Temperature,87.53051971512198,Field1,True
3898,2024-06-11 09:00:00,Light,8.738878281430262,Field3,False
3899,2024-06-11 10:00:00,Humidity,16.009098335641248,Field1,False
3900,2024-06-11 11:00:00,Humidity,63.33006675301771,Field4,False
3901,2024-06-11 12:00:00,Light,20.95456446344628,Field3,False
3902,2024-06-11 13:00:00,SoilMoisture,33.90083526082155,Field4,False
3903,2024-06-11 14:00:00,Light,74.06298908809715,Field4,False
3904,2024-06-11 15:00:00,Temperature,24.55005763493667,Field2,False
3905,2024-06-11 16:00:00,Light,11.652407147174603,Field3,False
3906,2024-06-11 17:00:00,SoilPH,80.20616090545809,Field2,False
3907,2024-06-11 18:00:00,Light,3.528320145616215,Field1,False
3908,2024-06-11 19:00:00,Light,27.278391754562435,Field4,False
3909,2024-06-11 20:00:00,Temperature,32.45099799750248,Field2,False
3910,2024-06-11 21:00:00,Temperature,27.73499619710392,Field3,False
3911,2024-06-11 22:00:00,SoilMoisture,89.42783041610873,Field2,False
3912,2024-06-11 23:00:00,Temperature,11.766058771524602,Field3,False
3913,2024-06-12 00:00:00,Temperature,5.2764851644562345,Field2,False
3914,2024-06-12 01:00:00,Temperature,11.60491906753638,Field2,False
3915,2024-06-12 02:00:00,Light,10.441140473341804,Field2,False
3916,2024-06-12 03:00:00,Light,2.8052363965975213,Field4,False
3917,2024-06-12 04:00:00,Temperature,26.547053906643548,Field3,False
3918,2024-06-12 05:00:00,Humidity,77.36997695888866,Field1,False
3919,2024-06-12 06:00:00,Temperature,3.323887717536156,Field1,False
3920,2024-06-12 07:00:00,Temperature,83.40289686906294,Field4,True
3921,2024-06-12 08:00:00,SoilMoisture,46.60910390277198,Field1,False
3922,2024-06-12 09:00:00,Temperature,91.39551408516122,Field3,True
3923,2024-06-12 10:00:00,Temperature,47.307310423445394,Field3,False
3924,2024-06-12 11:00:00,SoilMoisture,59.499788000419954,Field2,False
3925,2024-06-12 12:00:00,Temperature,87.80715264347788,Field4,True
3926,2024-06-12 13:00:00,Temperature,8.808989961476177,Field3,False
3927,2024-06-12 14:00:00,SoilPH,90.86919195854658,Field4,False
3928,2024-06-12 15:00:00,SoilMoisture,47.027506258951455,Field2,False
3929,2024-06-12 16:00:00,SoilMoisture,48.09055249611106,Field1,False
3930,2024-06-12 17:00:00,SoilPH,62.02242107295994,Field2,False
3931,2024-06-12 18:00:00,SoilMoisture,87.47385666563214,Field3,False
3932,2024-06-12 19:00:00,Humidity,71.92152082861809,Field2,False
3933,2024-06-12 20:00:00,Light,70.05591678272958,Field4,False
3934,2024-06-12 21:00:00,Light,11.996200949092415,Field4,False
3935,2024-06-12 22:00:00,SoilMoisture,56.32443342087933,Field1,False
3936,2024-06-12 23:00:00,Light,55.43999030307602,Field3,False
3937,2024-06-13 00:00:00,Temperature,51.081986946406765,Field1,True
3938,2024-06-13 01:00:00,Temperature,3.2646445935418766,Field2,False
3939,2024-06-13 02:00:00,Humidity,76.68978577277711,Field3,False
3940,2024-06-13 03:00:00,SoilPH,32.37026548083992,Field2,False
3941,2024-06-13 04:00:00,Light,43.67221476127688,Field2,False
3942,2024-06-13 05:00:00,Humidity,88.1373430257366,Field1,False
3943,2024-06-13 06:00:00,Light,93.13046874100016,Field3,False
3944,2024-06-13 07:00:00,Temperature,1.151745464211229,Field2,False
3945,2024-06-13 08:00:00,Humidity,83.9345566540554,Field2,False
3946,2024-06-13 09:00:00,Humidity,76.11470025212984,Field3,False
3947,2024-06-13 10:00:00,SoilPH,95.8282569279288,Field1,False
3948,2024-06-13 11:00:00,Temperature,95.6643247959405,Field2,True
3949,2024-06-13 12:00:00,Humidity,96.4134500108896,Field3,False
3950,2024-06-13 13:00:00,Temperature,80.44238704198216,Field4,True
3951,2024-06-13 14:00:00,Temperature,97.11758095338938,Field3,True
3952,2024-06-13 15:00:00,SoilMoisture,14.591587121374216,Field1,False
3953,2024-06-13 16:00:00,SoilMoisture,56.73018873974963,Field3,False
3954,2024-06-13 17:00:00,SoilPH,79.92588128420954,Field2,False
3955,2024-06-13 18:00:00,Temperature,18.937530492964004,Field4,False
3956,2024-06-13 19:00:00,SoilMoisture,34.502552982948245,Field2,False
3957,2024-06-13 20:00:00,Light,13.426249031085746,Field2,False
3958,2024-06-13 21:00:00,Temperature,62.135045408737696,Field3,True
3959,2024-06-13 22:00:00,Humidity,20.752541865891672,Field1,False
3960,2024-06-13 23:00:00,Temperature,76.25359830827495,Field3,True
3961,2024-06-14 00:00:00,Humidity,68.41720564503618,Field2,False
3962,2024-06-14 01:00:00,SoilPH,74.33854147003936,Field2,False
3963,2024-06-14 02:00:00,SoilMoisture,58.97020966420933,Field3,False
3964,2024-06-14 03:00:00,Light,0.5992244425189308,Field3,False
3965,2024-06-14 04:00:00,SoilMoisture,11.365476109805616,Field4,False
3966,2024-06-14 05:00:00,Humidity,25.844104408165023,Field3,False
3967,2024-06-14 06:00:00,SoilPH,75.86127374078237,Field2,False
3968,2024-06-14 07:00:00,Humidity,68.21530956132015,Field4,False
3969,2024-06-14 08:00:00,SoilPH,16.199319786445265,Field4,False
3970,2024-06-14 09:00:00,SoilPH,51.8125234919972,Field4,False
3971,2024-06-14 10:00:00,Light,1.931019347663443,Field1,False
3972,2024-06-14 11:00:00,Light,42.606294610303095,Field2,False
3973,2024-06-14 12:00:00,SoilMoisture,76.93715874132869,Field2,False
3974,2024-06-14 13:00:00,Light,14.00664268774926,Field1,False
3975,2024-06-14 14:00:00,Humidity,55.00460532439371,Field1,False
3976,2024-06-14 15:00:00,Humidity,75.86965094002196,Field3,False
3977,2024-06-14 16:00:00,SoilPH,69.37447661222448,Field3,False
3978,2024-06-14 17:00:00,SoilMoisture,17.967941934110033,Field2,False
3979,2024-06-14 18:00:00,SoilMoisture,94.16395245425592,Field2,False
3980,2024-06-14 19:00:00,SoilMoisture,79.90713194615292,Field3,False
3981,2024-06-14 20:00:00,SoilPH,18.41876527045678,Field4,False
3982,2024-06-14 21:00:00,Light,78.1702328370121,Field4,False
3983,2024-06-14 22:00:00,Temperature,25.774452224752032,Field1,False
3984,2024-06-14 23:00:00,Humidity,90.51457101037572,Field1,False
3985,2024-06-15 00:00:00,SoilPH,84.95786197872816,Field2,False
3986,2024-06-15 01:00:00,Humidity,63.72309380982193,Field1,False
3987,2024-06-15 02:00:00,Light,65.40125893221438,Field4,False
3988,2024-06-15 03:00:00,Light,7.321011040801384,Field2,False
3989,2024-06-15 04:00:00,SoilPH,33.57994103227843,Field2,False
3990,2024-06-15 05:00:00,SoilPH,88.78542163348023,Field3,False
3991,2024-06-15 06:00:00,Temperature,31.188088075211795,Field3,False
3992,2024-06-15 07:00:00,SoilMoisture,29.88904179782368,Field2,False
3993,2024-06-15 08:00:00,Temperature,45.98650950437785,Field4,False
3994,2024-06-15 09:00:00,SoilPH,18.683337294711457,Field3,False
3995,2024-06-15 10:00:00,Temperature,87.49920099143087,Field1,True
3996,2024-06-15 11:00:00,Humidity,78.36855539132152,Field4,False
3997,2024-06-15 12:00:00,Light,13.047989144163818,Field2,False
3998,2024-06-15 13:00:00,Light,32.15394123911538,Field1,False
3999,2024-06-15 14:00:00,Temperature,14.794270895771955,Field4,False
4000,2024-06-15 15:00:00,SoilMoisture,38.67806006997352,Field3,False
4001,2024-06-15 16:00:00,SoilPH,65.33742929850273,Field4,False
4002,2024-06-15 17:00:00,Light,26.05345071825249,Field3,False
4003,2024-06-15 18:00:00,Temperature,76.3857830664956,Field2,True
4004,2024-06-15 19:00:00,SoilPH,96.5198596366334,Field4,False
4005,2024-06-15 20:00:00,Light,61.11984971036512,Field4,False
4006,2024-06-15 21:00:00,Temperature,33.19859424528509,Field3,False
4007,2024-06-15 22:00:00,SoilPH,73.28963914301015,Field3,False
4008,2024-06-15 23:00:00,SoilMoisture,26.401416221615705,Field2,False
4009,2024-06-16 00:00:00,Temperature,88.53699556017793,Field3,True
4010,2024-06-16 01:00:00,Temperature,76.24201038552515,Field3,True
4011,2024-06-16 02:00:00,Temperature,42.01197678535764,Field3,False
4012,2024-06-16 03:00:00,Light,73.18527117179632,Field3,False
4013,2024-06-16 04:00:00,SoilMoisture,0.0393056298044869,Field1,False
4014,2024-06-16 05:00:00,SoilMoisture,78.29574343170647,Field1,False
4015,2024-06-16 06:00:00,Temperature,74.08597173967267,Field2,True
4016,2024-06-16 07:00:00,Temperature,37.81114297375044,Field1,False
4017,2024-06-16 08:00:00,SoilMoisture,6.859588957084995,Field4,False
4018,2024-06-16 09:00:00,SoilPH,43.02397339470879,Field1,False
4019,2024-06-16 10:00:00,Temperature,0.1461060170904304,Field3,False
4020,2024-06-16 11:00:00,SoilMoisture,13.47832212200606,Field4,False
4021,2024-06-16 12:00:00,Light,25.629469707013783,Field4,False
4022,2024-06-16 13:00:00,SoilMoisture,3.762265666187104,Field2,False
4023,2024-06-16 14:00:00,SoilPH,60.71429857742914,Field4,False
4024,2024-06-16 15:00:00,Temperature,89.8568815316863,Field3,True
4025,2024-06-16 16:00:00,SoilMoisture,40.715715991638056,Field3,False
4026,2024-06-16 17:00:00,Humidity,69.82542412938358,Field4,False
4027,2024-06-16 18:00:00,Temperature,11.803590181984305,Field2,False
4028,2024-06-16 19:00:00,Temperature,93.5604578552738,Field1,True
4029,2024-06-16 20:00:00,Humidity,86.33016524976763,Field4,False
4030,2024-06-16 21:00:00,Temperature,86.77714131748377,Field2,True
4031,2024-06-16 22:00:00,Light,95.41348150469544,Field3,False
4032,2024-06-16 23:00:00,Light,96.9140658707583,Field3,False
4033,2024-06-17 00:00:00,SoilPH,91.0722553101564,Field1,False
4034,2024-06-17 01:00:00,SoilPH,95.84899012256592,Field1,False
4035,2024-06-17 02:00:00,SoilMoisture,27.636426384863626,Field4,False
4036,2024-06-17 03:00:00,SoilMoisture,68.99963535768207,Field4,False
4037,2024-06-17 04:00:00,Light,83.49706264356352,Field1,False
4038,2024-06-17 05:00:00,Temperature,95.51612134099804,Field2,True
4039,2024-06-17 06:00:00,Humidity,21.125248779260207,Field3,False
4040,2024-06-17 07:00:00,Light,85.04617256668793,Field1,False
4041,2024-06-17 08:00:00,SoilPH,37.220232971163966,Field2,False
4042,2024-06-17 09:00:00,SoilPH,60.69113976110662,Field2,False
4043,2024-06-17 10:00:00,SoilPH,34.78563346817219,Field4,False
4044,2024-06-17 11:00:00,Humidity,79.83914982009948,Field4,False
4045,2024-06-17 12:00:00,SoilPH,2.7211185336259547,Field4,False
4046,2024-06-17 13:00:00,SoilPH,40.50180486686019,Field2,False
4047,2024-06-17 14:00:00,SoilMoisture,36.13349950873328,Field1,False
4048,2024-06-17 15:00:00,Temperature,64.37025359223398,Field4,True
4049,2024-06-17 16:00:00,Temperature,18.80640664921721,Field2,False
4050,2024-06-17 17:00:00,Humidity,66.13927394286216,Field3,False
4051,2024-06-17 18:00:00,SoilPH,30.480371243556093,Field3,False
4052,2024-06-17 19:00:00,SoilMoisture,1.1244630942981335,Field1,False
4053,2024-06-17 20:00:00,Temperature,98.8563828997237,Field1,True
4054,2024-06-17 21:00:00,Humidity,78.49500204494451,Field2,False
4055,2024-06-17 22:00:00,SoilMoisture,98.50618825418536,Field1,False
4056,2024-06-17 23:00:00,SoilPH,94.88846490850754,Field4,False
4057,2024-06-18 00:00:00,Humidity,47.80799207594719,Field1,False
4058,2024-06-18 01:00:00,SoilMoisture,29.836683541246288,Field1,False
4059,2024-06-18 02:00:00,Temperature,89.42745556452873,Field2,True
4060,2024-06-18 03:00:00,Light,1.990206410045603,Field1,False
4061,2024-06-18 04:00:00,Temperature,20.71847996556211,Field4,False
4062,2024-06-18 05:00:00,Light,54.82883514643113,Field1,False
4063,2024-06-18 06:00:00,Humidity,19.555884090876784,Field3,False
4064,2024-06-18 07:00:00,SoilMoisture,37.82040194580265,Field2,False
4065,2024-06-18 08:00:00,SoilMoisture,59.40897628359938,Field1,False
4066,2024-06-18 09:00:00,SoilMoisture,88.74326130541141,Field2,False
4067,2024-06-18 10:00:00,SoilPH,83.12697000672146,Field4,False
4068,2024-06-18 11:00:00,Temperature,78.82086097046913,Field3,True
4069,2024-06-18 12:00:00,Light,60.80323729696957,Field2,False
4070,2024-06-18 13:00:00,SoilPH,77.5970257759418,Field2,False
4071,2024-06-18 14:00:00,Humidity,16.30861891137566,Field1,False
4072,2024-06-18 15:00:00,Humidity,83.58591700217823,Field4,False
4073,2024-06-18 16:00:00,SoilPH,30.721818217129396,Field1,False
4074,2024-06-18 17:00:00,Light,16.744732201702263,Field4,False
4075,2024-06-18 18:00:00,Humidity,39.03487725537889,Field3,False
4076,2024-06-18 19:00:00,Temperature,9.420390322543648,Field3,False
4077,2024-06-18 20:00:00,Humidity,86.97230244863532,Field4,False
4078,2024-06-18 21:00:00,Light,34.08511662670701,Field2,False
4079,2024-06-18 22:00:00,Temperature,15.773269184943285,Field3,False
4080,2024-06-18 23:00:00,SoilPH,91.33328691679802,Field4,False
4081,2024-06-19 00:00:00,Light,10.082203983004046,Field2,False
4082,2024-06-19 01:00:00,Temperature,80.15782294147505,Field4,True
4083,2024-06-19 02:00:00,Temperature,79.30156775407708,Field4,True
4084,2024-06-19 03:00:00,Temperature,87.05619021291857,Field2,True
4085,2024-06-19 04:00:00,Light,26.08792561173641,Field3,False
4086,2024-06-19 05:00:00,SoilMoisture,97.78867827042204,Field4,False
4087,2024-06-19 06:00:00,Humidity,44.60490304266576,Field2,False
4088,2024-06-19 07:00:00,SoilMoisture,53.88486020571636,Field1,False
4089,2024-06-19 08:00:00,Humidity,23.94318709513445,Field3,False
4090,2024-06-19 09:00:00,Light,87.09431828318394,Field3,False
4091,2024-06-19 10:00:00,Humidity,37.35269260501845,Field4,False
4092,2024-06-19 11:00:00,Light,94.299244160499,Field3,False
4093,2024-06-19 12:00:00,Temperature,8.959383706079072,Field2,False
4094,2024-06-19 13:00:00,SoilPH,61.93322453577381,Field2,False
4095,2024-06-19 14:00:00,SoilMoisture,31.739866385993988,Field4,False
4096,2024-06-19 15:00:00,SoilMoisture,65.26354903886472,Field4,False
4097,2024-06-19 16:00:00,Light,97.64840320318017,Field1,False
4098,2024-06-19 17:00:00,Humidity,22.399792221321167,Field4,False
4099,2024-06-19 18:00:00,Humidity,96.65652333485087,Field4,False
4100,2024-06-19 19:00:00,SoilPH,6.753706330062281,Field4,False
4101,2024-06-19 20:00:00,Temperature,95.29647841879948,Field3,True
4102,2024-06-19 21:00:00,Humidity,69.19908232928874,Field3,False
4103,2024-06-19 22:00:00,Humidity,1.0169250961831855,Field2,False
4104,2024-06-19 23:00:00,Temperature,74.05956468595615,Field2,True
4105,2024-06-20 00:00:00,SoilPH,21.941710180772,Field4,False
4106,2024-06-20 01:00:00,Humidity,73.78835966479296,Field2,False
4107,2024-06-20 02:00:00,Light,34.04462647532065,Field4,False
4108,2024-06-20 03:00:00,Temperature,95.84286583020844,Field1,True
4109,2024-06-20 04:00:00,Humidity,59.91435150871259,Field1,False
4110,2024-06-20 05:00:00,SoilPH,72.77996084764365,Field3,False
4111,2024-06-20 06:00:00,SoilMoisture,19.69993790408561,Field2,False
4112,2024-06-20 07:00:00,Light,66.51932831389537,Field3,False
4113,2024-06-20 08:00:00,Light,63.88701903924038,Field2,False
4114,2024-06-20 09:00:00,Light,91.48228097533584,Field4,False
4115,2024-06-20 10:00:00,Light,10.646340451772252,Field2,False
4116,2024-06-20 11:00:00,SoilMoisture,45.4571117452059,Field2,False
4117,2024-06-20 12:00:00,SoilMoisture,56.228873976788606,Field4,False
4118,2024-06-20 13:00:00,SoilMoisture,57.68670225476327,Field1,False
4119,2024-06-20 14:00:00,SoilMoisture,85.6209489712019,Field4,False
4120,2024-06-20 15:00:00,SoilPH,25.988922344982868,Field4,False
4121,2024-06-20 16:00:00,Humidity,40.052775779993176,Field1,False
4122,2024-06-20 17:00:00,SoilMoisture,17.28293284060478,Field3,False
4123,2024-06-20 18:00:00,SoilMoisture,59.629909302174426,Field4,False
4124,2024-06-20 19:00:00,SoilPH,87.16477756597423,Field1,False
4125,2024-06-20 20:00:00,Temperature,47.74160877787112,Field1,False
4126,2024-06-20 21:00:00,SoilPH,8.958918779965098,Field1,False
4127,2024-06-20 22:00:00,Temperature,18.58976586165635,Field3,False
4128,2024-06-20 23:00:00,Light,24.134888643607187,Field4,False
4129,2024-06-21 00:00:00,SoilPH,35.90959954297308,Field1,False
4130,2024-06-21 01:00:00,Light,89.3089643261775,Field1,False
4131,2024-06-21 02:00:00,Temperature,34.51200936626125,Field2,False
4132,2024-06-21 03:00:00,SoilPH,4.316855051970981,Field4,False
4133,2024-06-21 04:00:00,Temperature,31.98876645163259,Field2,False
4134,2024-06-21 05:00:00,Temperature,75.09922501133742,Field2,True
4135,2024-06-21 06:00:00,Light,18.857906164976377,Field4,False
4136,2024-06-21 07:00:00,Temperature,50.45014695465194,Field4,True
4137,2024-06-21 08:00:00,Humidity,59.79756158534431,Field2,False
4138,2024-06-21 09:00:00,SoilMoisture,85.10071836237185,Field1,False
4139,2024-06-21 10:00:00,SoilPH,87.97477960290202,Field3,False
4140,2024-06-21 11:00:00,Light,29.69060439089264,Field1,False
4141,2024-06-21 12:00:00,SoilMoisture,91.24325687065364,Field1,False
4142,2024-06-21 13:00:00,Light,76.46893214651173,Field1,False
4143,2024-06-21 14:00:00,Humidity,33.932399287274464,Field2,False
4144,2024-06-21 15:00:00,SoilMoisture,87.22713429210071,Field1,False
4145,2024-06-21 16:00:00,SoilPH,0.0032575454945504,Field2,False
4146,2024-06-21 17:00:00,Temperature,14.882048940564571,Field3,False
4147,2024-06-21 18:00:00,Temperature,44.84836702069281,Field3,False
4148,2024-06-21 19:00:00,SoilMoisture,9.276704855766626,Field4,False
4149,2024-06-21 20:00:00,Light,11.615099204107192,Field1,False
4150,2024-06-21 21:00:00,SoilPH,43.79033258365919,Field1,False
4151,2024-06-21 22:00:00,Temperature,74.14603188579267,Field1,True
4152,2024-06-21 23:00:00,SoilMoisture,14.89466531185749,Field4,False
4153,2024-06-22 00:00:00,SoilMoisture,87.43352688812756,Field4,False
4154,2024-06-22 01:00:00,Humidity,65.05112202612524,Field3,False
4155,2024-06-22 02:00:00,SoilPH,90.71452901331932,Field2,False
4156,2024-06-22 03:00:00,SoilPH,97.90630895718988,Field4,False
4157,2024-06-22 04:00:00,Light,27.88446117919732,Field4,False
4158,2024-06-22 05:00:00,Light,60.7269847305375,Field3,False
4159,2024-06-22 06:00:00,SoilMoisture,74.95683443390436,Field4,False
4160,2024-06-22 07:00:00,Humidity,79.37714975254784,Field3,False
4161,2024-06-22 08:00:00,SoilMoisture,90.19263207666188,Field3,False
4162,2024-06-22 09:00:00,Light,1.4272930193115596,Field3,False
4163,2024-06-22 10:00:00,Temperature,35.42026822362082,Field4,False
4164,2024-06-22 11:00:00,Humidity,47.54696487894235,Field2,False
4165,2024-06-22 12:00:00,SoilPH,47.07313004485047,Field3,False
4166,2024-06-22 13:00:00,Temperature,33.61031276229715,Field3,False
4167,2024-06-22 14:00:00,Temperature,96.6244629001878,Field2,True
4168,2024-06-22 15:00:00,SoilPH,5.6485969103202365,Field3,False
4169,2024-06-22 16:00:00,SoilMoisture,78.42904900677901,Field2,False
4170,2024-06-22 17:00:00,Humidity,27.53767638488084,Field2,False
4171,2024-06-22 18:00:00,Temperature,38.29784552950842,Field3,False
4172,2024-06-22 19:00:00,SoilMoisture,14.066335650718786,Field1,False
4173,2024-06-22 20:00:00,SoilPH,63.225938197455854,Field2,False
4174,2024-06-22 21:00:00,SoilMoisture,25.76377782199962,Field1,False
4175,2024-06-22 22:00:00,Temperature,27.227829182743974,Field4,False
4176,2024-06-22 23:00:00,Humidity,57.6954037122845,Field2,False
4177,2024-06-23 00:00:00,Humidity,29.3320841907571,Field4,False
4178,2024-06-23 01:00:00,SoilPH,98.67850132323072,Field4,False
4179,2024-06-23 02:00:00,SoilMoisture,98.35182236784092,Field3,False
4180,2024-06-23 03:00:00,Light,68.9881889484686,Field3,False
4181,2024-06-23 04:00:00,Humidity,15.715176172670942,Field3,False
4182,2024-06-23 05:00:00,Light,53.54887670811961,Field4,False
4183,2024-06-23 06:00:00,SoilMoisture,5.36561461094569,Field4,False
4184,2024-06-23 07:00:00,SoilMoisture,43.63951006357226,Field3,False
4185,2024-06-23 08:00:00,Light,6.877686491724944,Field4,False
4186,2024-06-23 09:00:00,SoilPH,39.62243998693632,Field3,False
4187,2024-06-23 10:00:00,Light,85.02363781761227,Field2,False
4188,2024-06-23 11:00:00,Temperature,3.9185333403280898,Field3,False
4189,2024-06-23 12:00:00,Light,73.53417806648639,Field1,False
4190,2024-06-23 13:00:00,Light,67.86436366568515,Field1,False
4191,2024-06-23 14:00:00,SoilPH,96.06485625595865,Field1,False
4192,2024-06-23 15:00:00,Temperature,27.692511361315965,Field4,False
4193,2024-06-23 16:00:00,SoilMoisture,40.97987588634271,Field2,False
4194,2024-06-23 17:00:00,Temperature,36.23163885474682,Field4,False
4195,2024-06-23 18:00:00,Light,16.7641908874808,Field4,False
4196,2024-06-23 19:00:00,SoilMoisture,61.67984542391536,Field4,False
4197,2024-06-23 20:00:00,SoilPH,86.17770962679981,Field1,False
4198,2024-06-23 21:00:00,SoilMoisture,92.96699403005351,Field2,False
4199,2024-06-23 22:00:00,SoilPH,71.12888063287278,Field2,False
4200,2024-06-23 23:00:00,Light,51.21244663609147,Field4,False
4201,2024-06-24 00:00:00,Temperature,74.10464059496522,Field4,True
4202,2024-06-24 01:00:00,Temperature,87.10441671129611,Field1,True
4203,2024-06-24 02:00:00,Temperature,17.189297996623452,Field4,False
4204,2024-06-24 03:00:00,Temperature,73.97308520915178,Field4,True
4205,2024-06-24 04:00:00,Temperature,99.2137345382878,Field2,True
4206,2024-06-24 05:00:00,Humidity,38.15934739742792,Field3,False
4207,2024-06-24 06:00:00,Light,98.4226809104325,Field2,False
4208,2024-06-24 07:00:00,Temperature,21.64294560669702,Field2,False
4209,2024-06-24 08:00:00,Temperature,27.27201020776473,Field3,False
4210,2024-06-24 09:00:00,SoilPH,27.84337562317962,Field3,False
4211,2024-06-24 10:00:00,Light,60.36720940260479,Field4,False
4212,2024-06-24 11:00:00,SoilPH,83.32401344447422,Field2,False
4213,2024-06-24 12:00:00,Temperature,99.60265700072868,Field2,True
4214,2024-06-24 13:00:00,Light,80.60469618181344,Field2,False
4215,2024-06-24 14:00:00,Light,37.145098103547056,Field1,False
4216,2024-06-24 15:00:00,Light,16.037324066971525,Field1,False
4217,2024-06-24 16:00:00,SoilMoisture,89.02198007616397,Field2,False
4218,2024-06-24 17:00:00,Humidity,67.65971900484762,Field1,False
4219,2024-06-24 18:00:00,Humidity,14.237424180134504,Field4,False
4220,2024-06-24 19:00:00,Temperature,33.24188601417226,Field3,False
4221,2024-06-24 20:00:00,Humidity,61.696133233579744,Field1,False
4222,2024-06-24 21:00:00,Light,45.71425372869653,Field4,False
4223,2024-06-24 22:00:00,SoilMoisture,33.95089553946009,Field4,False
4224,2024-06-24 23:00:00,Humidity,48.48990538248127,Field1,False
4225,2024-06-25 00:00:00,Humidity,76.4271327142729,Field1,False
4226,2024-06-25 01:00:00,SoilMoisture,83.37313840077594,Field4,False
4227,2024-06-25 02:00:00,SoilPH,52.77371228501865,Field3,False
4228,2024-06-25 03:00:00,Temperature,14.01376536122082,Field1,False
4229,2024-06-25 04:00:00,Light,83.36073485827397,Field2,False
4230,2024-06-25 05:00:00,SoilMoisture,46.047871631941696,Field4,False
4231,2024-06-25 06:00:00,SoilPH,89.90975059073602,Field4,False
4232,2024-06-25 07:00:00,Temperature,87.3011814539954,Field1,True
4233,2024-06-25 08:00:00,SoilPH,15.038245077137455,Field3,False
4234,2024-06-25 09:00:00,Temperature,35.52105851024494,Field4,False
4235,2024-06-25 10:00:00,Humidity,30.67704693781805,Field4,False
4236,2024-06-25 11:00:00,SoilMoisture,95.34408891164784,Field1,False
4237,2024-06-25 12:00:00,Temperature,56.58120629120605,Field3,True
4238,2024-06-25 13:00:00,SoilMoisture,98.22923975374135,Field1,False
4239,2024-06-25 14:00:00,SoilMoisture,36.47190674645798,Field3,False
4240,2024-06-25 15:00:00,SoilPH,88.47963358703954,Field3,False
4241,2024-06-25 16:00:00,Light,91.14893159927888,Field3,False
4242,2024-06-25 17:00:00,SoilPH,93.12788976579984,Field1,False
4243,2024-06-25 18:00:00,SoilPH,36.16608905900304,Field2,False
4244,2024-06-25 19:00:00,Light,30.771336039368336,Field2,False
4245,2024-06-25 20:00:00,Light,7.2727760733128815,Field4,False
4246,2024-06-25 21:00:00,SoilPH,62.23467419009919,Field2,False
4247,2024-06-25 22:00:00,SoilMoisture,7.093231823137202,Field1,False
4248,2024-06-25 23:00:00,Humidity,56.163245377269874,Field3,False
4249,2024-06-26 00:00:00,Light,32.40691750899251,Field4,False
4250,2024-06-26 01:00:00,Humidity,5.615303669464811,Field1,False
4251,2024-06-26 02:00:00,SoilMoisture,94.45376476023652,Field1,False
4252,2024-06-26 03:00:00,Light,84.35808623136472,Field3,False
4253,2024-06-26 04:00:00,Temperature,76.85332839144058,Field1,True
4254,2024-06-26 05:00:00,Temperature,83.16203846421699,Field3,True
4255,2024-06-26 06:00:00,SoilPH,41.27713549108938,Field2,False
4256,2024-06-26 07:00:00,Humidity,23.99015369425537,Field1,False
4257,2024-06-26 08:00:00,Temperature,17.084018694958946,Field1,False
4258,2024-06-26 09:00:00,SoilPH,69.92092134837361,Field4,False
4259,2024-06-26 10:00:00,SoilPH,78.46071845785019,Field4,False
4260,2024-06-26 11:00:00,SoilPH,12.558270803963012,Field2,False
4261,2024-06-26 12:00:00,SoilMoisture,95.69450697564685,Field3,False
4262,2024-06-26 13:00:00,Humidity,59.96731093488893,Field1,False
4263,2024-06-26 14:00:00,Light,74.33226475414575,Field4,False
4264,2024-06-26 15:00:00,SoilPH,20.36550750099389,Field2,False
4265,2024-06-26 16:00:00,Light,72.18087955061858,Field4,False
4266,2024-06-26 17:00:00,Temperature,0.7272293968756061,Field1,False
4267,2024-06-26 18:00:00,SoilMoisture,59.55170754739041,Field2,False
4268,2024-06-26 19:00:00,Light,80.79812161847674,Field2,False
4269,2024-06-26 20:00:00,SoilPH,4.949678877525898,Field2,False
4270,2024-06-26 21:00:00,SoilMoisture,37.01903313877991,Field2,False
4271,2024-06-26 22:00:00,SoilPH,14.73675794435323,Field3,False
4272,2024-06-26 23:00:00,SoilMoisture,69.19906954783332,Field4,False
4273,2024-06-27 00:00:00,Light,67.66923296961453,Field2,False
4274,2024-06-27 01:00:00,Light,38.782642517751206,Field4,False
4275,2024-06-27 02:00:00,Temperature,39.422450692737385,Field2,False
4276,2024-06-27 03:00:00,Humidity,43.19304109715589,Field1,False
4277,2024-06-27 04:00:00,SoilPH,95.73728190894776,Field4,False
4278,2024-06-27 05:00:00,SoilPH,28.65408911546489,Field3,False
4279,2024-06-27 06:00:00,Temperature,75.88203995451181,Field1,True
4280,2024-06-27 07:00:00,SoilMoisture,80.72301483144726,Field4,False
4281,2024-06-27 08:00:00,SoilMoisture,46.02363022036789,Field4,False
4282,2024-06-27 09:00:00,Light,66.64003575571398,Field3,False
4283,2024-06-27 10:00:00,Light,71.36183361798908,Field4,False
4284,2024-06-27 11:00:00,SoilPH,56.8598230742498,Field1,False
4285,2024-06-27 12:00:00,Humidity,30.459060299301875,Field1,False
4286,2024-06-27 13:00:00,SoilPH,53.28944484090445,Field4,False
4287,2024-06-27 14:00:00,SoilMoisture,18.14457421912786,Field2,False
4288,2024-06-27 15:00:00,Humidity,57.53879283179039,Field1,False
4289,2024-06-27 16:00:00,Humidity,84.4278249322615,Field2,False
4290,2024-06-27 17:00:00,Temperature,14.415929587745469,Field1,False
4291,2024-06-27 18:00:00,Light,41.41525054188334,Field3,False
4292,2024-06-27 19:00:00,Humidity,28.39684018112065,Field4,False
4293,2024-06-27 20:00:00,SoilPH,26.80947486609202,Field4,False
4294,2024-06-27 21:00:00,SoilMoisture,33.653319353614755,Field4,False
4295,2024-06-27 22:00:00,Light,20.408258859470077,Field3,False
4296,2024-06-27 23:00:00,SoilPH,48.68623534996054,Field2,False
4297,2024-06-28 00:00:00,SoilMoisture,8.85830990210038,Field2,False
4298,2024-06-28 01:00:00,SoilPH,88.01544753383389,Field2,False
4299,2024-06-28 02:00:00,SoilPH,60.54594058746783,Field3,False
4300,2024-06-28 03:00:00,Light,90.4273913881231,Field4,False
4301,2024-06-28 04:00:00,SoilMoisture,15.368427259528817,Field1,False
4302,2024-06-28 05:00:00,SoilPH,77.43657999536052,Field1,False
4303,2024-06-28 06:00:00,Humidity,88.86720496588342,Field3,False
4304,2024-06-28 07:00:00,Light,32.046181286770384,Field4,False
4305,2024-06-28 08:00:00,Temperature,82.83945334197207,Field1,True
4306,2024-06-28 09:00:00,Humidity,91.63991250908389,Field4,False
4307,2024-06-28 10:00:00,SoilMoisture,70.08256469077307,Field4,False
4308,2024-06-28 11:00:00,Humidity,33.123265183866124,Field1,False
4309,2024-06-28 12:00:00,SoilPH,59.465146378915456,Field4,False
4310,2024-06-28 13:00:00,Temperature,56.72062399520546,Field2,True
4311,2024-06-28 14:00:00,Light,58.803401371498445,Field4,False
4312,2024-06-28 15:00:00,Temperature,50.96988475853724,Field3,True
4313,2024-06-28 16:00:00,Humidity,52.04252124130935,Field4,False
4314,2024-06-28 17:00:00,Temperature,17.058788815208224,Field2,False
4315,2024-06-28 18:00:00,SoilMoisture,67.63749519618082,Field1,False
4316,2024-06-28 19:00:00,SoilPH,35.28154025702806,Field2,False
4317,2024-06-28 20:00:00,SoilPH,60.31995721592256,Field3,False
4318,2024-06-28 21:00:00,SoilMoisture,29.865345413637733,Field4,False
4319,2024-06-28 22:00:00,SoilPH,70.48075354823663,Field1,False
4320,2024-06-28 23:00:00,Light,59.73360783037413,Field3,False
4321,2024-06-29 00:00:00,SoilPH,72.44786435476438,Field3,False
4322,2024-06-29 01:00:00,SoilPH,74.87136594942741,Field2,False
4323,2024-06-29 02:00:00,Humidity,72.64660023192305,Field2,False
4324,2024-06-29 03:00:00,Temperature,87.24792711649035,Field3,True
4325,2024-06-29 04:00:00,SoilPH,96.19824144376264,Field1,False
4326,2024-06-29 05:00:00,Humidity,46.79328935726613,Field1,False
4327,2024-06-29 06:00:00,SoilMoisture,27.200241065584308,Field1,False
4328,2024-06-29 07:00:00,Light,50.235041318872376,Field1,False
4329,2024-06-29 08:00:00,SoilMoisture,8.512689901572202,Field4,False
4330,2024-06-29 09:00:00,Light,33.97713474042141,Field3,False
4331,2024-06-29 10:00:00,Humidity,31.437367374114388,Field2,False
4332,2024-06-29 11:00:00,SoilMoisture,59.3822969998926,Field2,False
4333,2024-06-29 12:00:00,Humidity,32.812972179599264,Field4,False
4334,2024-06-29 13:00:00,Light,67.66217760242127,Field1,False
4335,2024-06-29 14:00:00,SoilPH,48.9665440306659,Field2,False
4336,2024-06-29 15:00:00,Humidity,89.57691450662139,Field4,False
4337,2024-06-29 16:00:00,Temperature,12.326049079330026,Field3,False
4338,2024-06-29 17:00:00,SoilPH,1.0171664668787717,Field4,False
4339,2024-06-29 18:00:00,SoilPH,47.19819520687372,Field1,False
4340,2024-06-29 19:00:00,Temperature,26.12441355236149,Field1,False
4341,2024-06-29 20:00:00,SoilMoisture,42.42129246129419,Field3,False
4342,2024-06-29 21:00:00,Temperature,98.3350929781136,Field2,True
4343,2024-06-29 22:00:00,SoilPH,93.21069401786548,Field4,False
4344,2024-06-29 23:00:00,SoilMoisture,36.36634836612702,Field2,False
4345,2024-06-30 00:00:00,SoilMoisture,68.81879537588718,Field4,False
4346,2024-06-30 01:00:00,Light,33.41080528998792,Field2,False
4347,2024-06-30 02:00:00,Temperature,41.16908903888245,Field3,False
4348,2024-06-30 03:00:00,SoilPH,5.835038952437788,Field4,False
4349,2024-06-30 04:00:00,Humidity,12.875557711823827,Field2,False
4350,2024-06-30 05:00:00,Light,76.68167677297757,Field3,False
4351,2024-06-30 06:00:00,Humidity,97.34574688494908,Field3,False
4352,2024-06-30 07:00:00,SoilMoisture,77.0200282583928,Field2,False
4353,2024-06-30 08:00:00,SoilPH,91.66032141443972,Field3,False
4354,2024-06-30 09:00:00,SoilPH,31.011189276399765,Field3,False
4355,2024-06-30 10:00:00,Temperature,37.412729290982746,Field4,False
4356,2024-06-30 11:00:00,SoilPH,5.716177401240175,Field3,False
4357,2024-06-30 12:00:00,SoilPH,5.745778254472089,Field2,False
4358,2024-06-30 13:00:00,Temperature,95.29292216190667,Field1,True
4359,2024-06-30 14:00:00,Temperature,21.567564122579576,Field1,False
4360,2024-06-30 15:00:00,SoilPH,22.655973007483297,Field1,False
4361,2024-06-30 16:00:00,SoilPH,26.8439905188675,Field1,False
4362,2024-06-30 17:00:00,Light,31.00695010007212,Field1,False
4363,2024-06-30 18:00:00,Humidity,49.3829910851571,Field1,False
4364,2024-06-30 19:00:00,Light,40.32264802104651,Field2,False
4365,2024-06-30 20:00:00,Light,5.130204779107917,Field3,False
4366,2024-06-30 21:00:00,SoilMoisture,29.161664979869805,Field2,False
4367,2024-06-30 22:00:00,SoilPH,47.46875089273514,Field1,False
4368,2024-06-30 23:00:00,Light,83.62298183608169,Field1,False
4369,2024-07-01 00:00:00,SoilPH,97.63481364303075,Field4,False
4370,2024-07-01 01:00:00,Light,12.90421897159314,Field1,False
4371,2024-07-01 02:00:00,SoilMoisture,30.69683231943158,Field3,False
4372,2024-07-01 03:00:00,SoilPH,4.246488217275934,Field2,False
4373,2024-07-01 04:00:00,Humidity,17.437984292201204,Field2,False
4374,2024-07-01 05:00:00,SoilMoisture,71.95620326279219,Field4,False
4375,2024-07-01 06:00:00,Temperature,82.20476342869553,Field2,True
4376,2024-07-01 07:00:00,Humidity,7.5115847506077245,Field1,False
4377,2024-07-01 08:00:00,Light,73.46472206487408,Field3,False
4378,2024-07-01 09:00:00,SoilPH,42.06242451680644,Field1,False
4379,2024-07-01 10:00:00,SoilPH,39.82828106731665,Field2,False
4380,2024-07-01 11:00:00,Humidity,98.65717995353492,Field3,False
4381,2024-07-01 12:00:00,Temperature,36.65426772097883,Field4,False
4382,2024-07-01 13:00:00,SoilPH,10.048549425972633,Field3,False
4383,2024-07-01 14:00:00,Temperature,18.726196276642003,Field3,False
4384,2024-07-01 15:00:00,Temperature,62.68031942895416,Field3,True
4385,2024-07-01 16:00:00,SoilMoisture,73.43446765806738,Field4,False
4386,2024-07-01 17:00:00,Humidity,61.42510974822378,Field2,False
4387,2024-07-01 18:00:00,Humidity,75.60632584555901,Field4,False
4388,2024-07-01 19:00:00,Humidity,50.21338621678697,Field2,False
4389,2024-07-01 20:00:00,Light,63.40503683945949,Field4,False
4390,2024-07-01 21:00:00,Humidity,0.2617300233362374,Field3,False
4391,2024-07-01 22:00:00,SoilPH,2.3796921561216267,Field2,False
4392,2024-07-01 23:00:00,SoilPH,33.47735175111559,Field1,False
4393,2024-07-02 00:00:00,Humidity,26.73761296653705,Field2,False
4394,2024-07-02 01:00:00,SoilPH,41.262592052772526,Field4,False
4395,2024-07-02 02:00:00,SoilMoisture,51.97188982356692,Field4,False
4396,2024-07-02 03:00:00,Light,18.986641035663176,Field2,False
4397,2024-07-02 04:00:00,Light,87.92396284780604,Field2,False
4398,2024-07-02 05:00:00,Temperature,43.98493828886547,Field3,False
4399,2024-07-02 06:00:00,Temperature,49.1199270565033,Field2,False
4400,2024-07-02 07:00:00,Light,8.736516972883845,Field4,False
4401,2024-07-02 08:00:00,Humidity,24.70603502204909,Field3,False
4402,2024-07-02 09:00:00,Humidity,79.33937764317906,Field3,False
4403,2024-07-02 10:00:00,SoilMoisture,48.71016678960359,Field3,False
4404,2024-07-02 11:00:00,Light,25.7297449585026,Field2,False
4405,2024-07-02 12:00:00,SoilPH,8.600393762093628,Field4,False
4406,2024-07-02 13:00:00,SoilPH,83.11682030738721,Field3,False
4407,2024-07-02 14:00:00,Temperature,81.40259133700702,Field4,True
4408,2024-07-02 15:00:00,Light,40.87215678668805,Field4,False
4409,2024-07-02 16:00:00,Temperature,17.638704501671842,Field4,False
4410,2024-07-02 17:00:00,SoilMoisture,45.31975804026016,Field2,False
4411,2024-07-02 18:00:00,Temperature,28.685454054589545,Field2,False
4412,2024-07-02 19:00:00,SoilMoisture,50.88542801036503,Field1,False
4413,2024-07-02 20:00:00,Light,41.93105053874668,Field3,False
4414,2024-07-02 21:00:00,SoilMoisture,55.03434493525992,Field4,False
4415,2024-07-02 22:00:00,Temperature,64.50170886707608,Field3,True
4416,2024-07-02 23:00:00,Light,25.26589560654966,Field4,False
4417,2024-07-03 00:00:00,Temperature,43.51181061578824,Field4,False
4418,2024-07-03 01:00:00,SoilPH,54.12978638714434,Field2,False
4419,2024-07-03 02:00:00,Humidity,15.61572721821538,Field2,False
4420,2024-07-03 03:00:00,SoilMoisture,44.298070258216526,Field2,False
4421,2024-07-03 04:00:00,SoilMoisture,32.50982023395874,Field2,False
4422,2024-07-03 05:00:00,Humidity,75.74949442297373,Field2,False
4423,2024-07-03 06:00:00,SoilMoisture,36.70746581096858,Field1,False
4424,2024-07-03 07:00:00,SoilMoisture,19.844490983442142,Field3,False
4425,2024-07-03 08:00:00,SoilPH,21.85710929206659,Field1,False
4426,2024-07-03 09:00:00,Light,39.22117296274873,Field1,False
4427,2024-07-03 10:00:00,SoilMoisture,52.42893505452736,Field1,False
4428,2024-07-03 11:00:00,SoilPH,51.44759358090582,Field4,False
4429,2024-07-03 12:00:00,SoilMoisture,44.42795955242384,Field4,False
4430,2024-07-03 13:00:00,Light,70.45490513054979,Field4,False
4431,2024-07-03 14:00:00,SoilPH,41.02104012099501,Field3,False
4432,2024-07-03 15:00:00,SoilMoisture,13.10682426945322,Field1,False
4433,2024-07-03 16:00:00,SoilPH,14.5645308786713,Field4,False
4434,2024-07-03 17:00:00,Humidity,67.40676747678219,Field3,False
4435,2024-07-03 18:00:00,SoilMoisture,63.78932341206915,Field3,False
4436,2024-07-03 19:00:00,Temperature,69.86002051271856,Field1,True
4437,2024-07-03 20:00:00,Light,19.727814216565285,Field4,False
4438,2024-07-03 21:00:00,SoilMoisture,42.596477925895535,Field4,False
4439,2024-07-03 22:00:00,SoilMoisture,19.44700374800368,Field3,False
4440,2024-07-03 23:00:00,Temperature,30.83834819351916,Field2,False
4441,2024-07-04 00:00:00,SoilPH,23.201388206123685,Field1,False
4442,2024-07-04 01:00:00,Light,3.0325312576996666,Field2,False
4443,2024-07-04 02:00:00,Temperature,48.191988990643154,Field1,False
4444,2024-07-04 03:00:00,Light,47.92542131326728,Field1,False
4445,2024-07-04 04:00:00,SoilMoisture,38.746640843557,Field3,False
4446,2024-07-04 05:00:00,Light,9.747502126054451,Field3,False
4447,2024-07-04 06:00:00,SoilPH,46.851098861642114,Field2,False
4448,2024-07-04 07:00:00,Humidity,57.30364700571104,Field2,False
4449,2024-07-04 08:00:00,Light,28.071871929781533,Field1,False
4450,2024-07-04 09:00:00,Humidity,96.24186714914104,Field2,False
4451,2024-07-04 10:00:00,SoilPH,34.184171546553834,Field1,False
4452,2024-07-04 11:00:00,Temperature,11.743643546122264,Field2,False
4453,2024-07-04 12:00:00,Light,21.123587583575908,Field3,False
4454,2024-07-04 13:00:00,Light,90.85542428367978,Field4,False
4455,2024-07-04 14:00:00,Light,50.9272887614908,Field1,False
4456,2024-07-04 15:00:00,Light,99.66537192804464,Field1,False
4457,2024-07-04 16:00:00,Humidity,97.9007358349534,Field2,False
4458,2024-07-04 17:00:00,SoilPH,50.33234379464403,Field4,False
4459,2024-07-04 18:00:00,Humidity,63.58032431885824,Field1,False
4460,2024-07-04 19:00:00,SoilMoisture,35.627060958938515,Field1,False
4461,2024-07-04 20:00:00,SoilMoisture,78.13288569903769,Field4,False
4462,2024-07-04 21:00:00,Temperature,50.38915935992721,Field4,True
4463,2024-07-04 22:00:00,Temperature,56.45367312954288,Field2,True
4464,2024-07-04 23:00:00,Light,65.76957560833449,Field3,False
4465,2024-07-05 00:00:00,SoilMoisture,59.19161708706131,Field2,False
4466,2024-07-05 01:00:00,Humidity,32.505928964007765,Field1,False
4467,2024-07-05 02:00:00,SoilPH,24.739170766685405,Field2,False
4468,2024-07-05 03:00:00,SoilMoisture,17.508143040385537,Field3,False
4469,2024-07-05 04:00:00,SoilMoisture,77.39920256133762,Field3,False
4470,2024-07-05 05:00:00,Humidity,17.115296999803252,Field2,False
4471,2024-07-05 06:00:00,SoilMoisture,47.92729411517232,Field4,False
4472,2024-07-05 07:00:00,Humidity,32.97862580985088,Field1,False
4473,2024-07-05 08:00:00,Humidity,30.24233056890233,Field3,False
4474,2024-07-05 09:00:00,Humidity,23.78156193714198,Field2,False
4475,2024-07-05 10:00:00,Humidity,1.9117152278179783,Field1,False
4476,2024-07-05 11:00:00,SoilMoisture,46.630336154265706,Field3,False
4477,2024-07-05 12:00:00,SoilMoisture,22.643729455329243,Field4,False
4478,2024-07-05 13:00:00,SoilPH,73.27919891650326,Field3,False
4479,2024-07-05 14:00:00,Temperature,99.72342929922368,Field3,True
4480,2024-07-05 15:00:00,SoilPH,62.75549584393427,Field1,False
4481,2024-07-05 16:00:00,Humidity,56.9717019798911,Field2,False
4482,2024-07-05 17:00:00,Light,78.66007515108734,Field1,False
4483,2024-07-05 18:00:00,SoilPH,5.630968226902522,Field2,False
4484,2024-07-05 19:00:00,Light,41.46391703108525,Field1,False
4485,2024-07-05 20:00:00,Light,36.59994501625241,Field4,False
4486,2024-07-05 21:00:00,SoilMoisture,99.71887891471056,Field2,False
4487,2024-07-05 22:00:00,Humidity,69.86740277128973,Field3,False
4488,2024-07-05 23:00:00,Temperature,70.76826408621953,Field2,True
4489,2024-07-06 00:00:00,Temperature,37.56057642988216,Field3,False
4490,2024-07-06 01:00:00,Temperature,82.15133910959733,Field1,True
4491,2024-07-06 02:00:00,Temperature,35.20220133328168,Field2,False
4492,2024-07-06 03:00:00,Temperature,4.371523362773477,Field1,False
4493,2024-07-06 04:00:00,Light,33.1247836265355,Field2,False
4494,2024-07-06 05:00:00,Light,35.35260181643922,Field1,False
4495,2024-07-06 06:00:00,Light,73.74160119313852,Field2,False
4496,2024-07-06 07:00:00,Humidity,89.14272726022884,Field4,False
4497,2024-07-06 08:00:00,SoilPH,54.883818500800544,Field1,False
4498,2024-07-06 09:00:00,SoilMoisture,16.95241367601643,Field2,False
4499,2024-07-06 10:00:00,Light,2.1340676209615994,Field4,False
4500,2024-07-06 11:00:00,Humidity,76.6841358677087,Field3,False
4501,2024-07-06 12:00:00,Humidity,54.49331880228496,Field1,False
4502,2024-07-06 13:00:00,SoilMoisture,52.375456211746375,Field2,False
4503,2024-07-06 14:00:00,Temperature,68.08860559265636,Field1,True
4504,2024-07-06 15:00:00,Humidity,32.34324300507214,Field1,False
4505,2024-07-06 16:00:00,SoilPH,89.0227533213475,Field2,False
4506,2024-07-06 17:00:00,SoilPH,11.533555579541154,Field4,False
4507,2024-07-06 18:00:00,SoilPH,20.12945827027388,Field2,False
4508,2024-07-06 19:00:00,Humidity,81.01265611698354,Field3,False
4509,2024-07-06 20:00:00,Humidity,81.83011341535928,Field3,False
4510,2024-07-06 21:00:00,Humidity,4.036345723700308,Field2,False
4511,2024-07-06 22:00:00,Humidity,60.39796752300497,Field1,False
4512,2024-07-06 23:00:00,SoilPH,68.77651346685893,Field2,False
4513,2024-07-07 00:00:00,SoilMoisture,17.982799361611036,Field1,False
4514,2024-07-07 01:00:00,SoilMoisture,40.27264356867324,Field4,False
4515,2024-07-07 02:00:00,Humidity,63.987726027673816,Field3,False
4516,2024-07-07 03:00:00,SoilPH,7.3473924167810845,Field1,False
4517,2024-07-07 04:00:00,SoilMoisture,55.63528314971546,Field3,False
4518,2024-07-07 05:00:00,SoilPH,44.41011455341164,Field1,False
4519,2024-07-07 06:00:00,Humidity,37.89411574942334,Field4,False
4520,2024-07-07 07:00:00,Humidity,27.282109435975123,Field2,False
4521,2024-07-07 08:00:00,Light,75.5881332551027,Field3,False
4522,2024-07-07 09:00:00,Humidity,64.62108383951634,Field3,False
4523,2024-07-07 10:00:00,SoilPH,58.31658498081735,Field4,False
4524,2024-07-07 11:00:00,Humidity,76.00859572971704,Field1,False
4525,2024-07-07 12:00:00,Temperature,6.437144391258642,Field2,False
4526,2024-07-07 13:00:00,Light,22.813374035370938,Field1,False
4527,2024-07-07 14:00:00,Humidity,45.469458900148,Field2,False
4528,2024-07-07 15:00:00,Humidity,52.4841971425546,Field1,False
4529,2024-07-07 16:00:00,Light,55.08727930336181,Field2,False
4530,2024-07-07 17:00:00,Temperature,51.24108395530818,Field4,True
4531,2024-07-07 18:00:00,Light,37.69579960658363,Field1,False
4532,2024-07-07 19:00:00,SoilPH,3.961349017871663,Field4,False
4533,2024-07-07 20:00:00,SoilPH,86.65121302690734,Field3,False
4534,2024-07-07 21:00:00,Temperature,34.82999297528683,Field4,False
4535,2024-07-07 22:00:00,Humidity,61.11273836841804,Field1,False
4536,2024-07-07 23:00:00,Light,63.09991974065514,Field2,False
4537,2024-07-08 00:00:00,SoilMoisture,70.53679004831088,Field4,False
4538,2024-07-08 01:00:00,Temperature,58.60147951244381,Field3,True
4539,2024-07-08 02:00:00,Light,70.2546090194524,Field2,False
4540,2024-07-08 03:00:00,Light,87.59596411680572,Field3,False
4541,2024-07-08 04:00:00,Temperature,98.34689514395848,Field4,True
4542,2024-07-08 05:00:00,SoilMoisture,75.81938470833536,Field1,False
4543,2024-07-08 06:00:00,SoilPH,74.9768012766753,Field2,False
4544,2024-07-08 07:00:00,SoilPH,89.11207887409351,Field2,False
4545,2024-07-08 08:00:00,Humidity,56.52590666106512,Field3,False
4546,2024-07-08 09:00:00,Humidity,83.27797633764732,Field2,False
4547,2024-07-08 10:00:00,SoilPH,71.99123466446986,Field4,False
4548,2024-07-08 11:00:00,SoilMoisture,64.24130710404586,Field4,False
4549,2024-07-08 12:00:00,Temperature,97.4238848402492,Field2,True
4550,2024-07-08 13:00:00,Light,0.0257056331326888,Field2,False
4551,2024-07-08 14:00:00,Humidity,51.2961192819222,Field1,False
4552,2024-07-08 15:00:00,SoilPH,55.730084421270185,Field2,False
4553,2024-07-08 16:00:00,Light,20.2772469373394,Field2,False
4554,2024-07-08 17:00:00,Temperature,60.33272518953846,Field2,True
4555,2024-07-08 18:00:00,Temperature,22.84927228896875,Field4,False
4556,2024-07-08 19:00:00,Humidity,29.151592873546704,Field2,False
4557,2024-07-08 20:00:00,Humidity,97.24092829153864,Field2,False
4558,2024-07-08 21:00:00,SoilMoisture,50.24043722978052,Field2,False
4559,2024-07-08 22:00:00,Temperature,12.120350029805149,Field2,False
4560,2024-07-08 23:00:00,SoilPH,81.18464761750279,Field1,False
4561,2024-07-09 00:00:00,Temperature,8.456438389956244,Field2,False
4562,2024-07-09 01:00:00,Temperature,73.66731586339083,Field4,True
4563,2024-07-09 02:00:00,SoilMoisture,30.19495834672617,Field3,False
4564,2024-07-09 03:00:00,Temperature,84.5574395578779,Field1,True
4565,2024-07-09 04:00:00,SoilPH,10.915586774701891,Field2,False
4566,2024-07-09 05:00:00,SoilMoisture,49.463639082480015,Field2,False
4567,2024-07-09 06:00:00,Temperature,7.282342196663693,Field3,False
4568,2024-07-09 07:00:00,Humidity,86.15851111185967,Field4,False
4569,2024-07-09 08:00:00,Light,93.39337141033371,Field1,False
4570,2024-07-09 09:00:00,Temperature,70.7981962931525,Field4,True
4571,2024-07-09 10:00:00,SoilPH,86.53261764505027,Field4,False
4572,2024-07-09 11:00:00,SoilPH,15.827249210935824,Field3,False
4573,2024-07-09 12:00:00,Humidity,45.62796134384847,Field1,False
4574,2024-07-09 13:00:00,Temperature,57.86633122908774,Field1,True
4575,2024-07-09 14:00:00,Temperature,96.3692753111365,Field3,True
4576,2024-07-09 15:00:00,Temperature,59.07160829737408,Field2,True
4577,2024-07-09 16:00:00,SoilPH,44.5928811530725,Field4,False
4578,2024-07-09 17:00:00,SoilMoisture,91.86666104623096,Field1,False
4579,2024-07-09 18:00:00,SoilMoisture,68.40429241868732,Field3,False
4580,2024-07-09 19:00:00,Humidity,92.37724470351264,Field4,False
4581,2024-07-09 20:00:00,SoilPH,6.8626557242101205,Field1,False
4582,2024-07-09 21:00:00,Light,7.965959305721848,Field2,False
4583,2024-07-09 22:00:00,Humidity,84.12919582069841,Field1,False
4584,2024-07-09 23:00:00,SoilMoisture,82.76103169367019,Field4,False
4585,2024-07-10 00:00:00,Light,13.13624018410836,Field4,False
4586,2024-07-10 01:00:00,Humidity,56.17308627625437,Field2,False
4587,2024-07-10 02:00:00,Humidity,32.29246335561983,Field3,False
4588,2024-07-10 03:00:00,SoilPH,29.50660386347393,Field3,False
4589,2024-07-10 04:00:00,Temperature,15.608051644414743,Field4,False
4590,2024-07-10 05:00:00,SoilMoisture,34.786186069303206,Field4,False
4591,2024-07-10 06:00:00,SoilMoisture,83.89067370197148,Field4,False
4592,2024-07-10 07:00:00,Temperature,87.56677360537013,Field2,True
4593,2024-07-10 08:00:00,Light,59.17007200830616,Field4,False
4594,2024-07-10 09:00:00,Light,41.27153148800343,Field3,False
4595,2024-07-10 10:00:00,Light,14.558043983381108,Field1,False
4596,2024-07-10 11:00:00,Temperature,14.856259464206722,Field1,False
4597,2024-07-10 12:00:00,SoilPH,96.32723494863382,Field4,False
4598,2024-07-10 13:00:00,SoilPH,89.18445607263261,Field2,False
4599,2024-07-10 14:00:00,Humidity,95.8251032920216,Field2,False
4600,2024-07-10 15:00:00,SoilMoisture,53.94990165767717,Field4,False
4601,2024-07-10 16:00:00,Temperature,98.84754467285998,Field3,True
4602,2024-07-10 17:00:00,SoilPH,69.63220954687974,Field4,False
4603,2024-07-10 18:00:00,SoilMoisture,70.88475387158891,Field4,False
4604,2024-07-10 19:00:00,Light,89.39890545678995,Field1,False
4605,2024-07-10 20:00:00,Temperature,76.40843608278128,Field3,True
4606,2024-07-10 21:00:00,SoilMoisture,74.12810423149809,Field3,False
4607,2024-07-10 22:00:00,SoilPH,6.601592972257119,Field2,False
4608,2024-07-10 23:00:00,Light,81.04361769817586,Field3,False
4609,2024-07-11 00:00:00,Humidity,22.134113199353312,Field4,False
4610,2024-07-11 01:00:00,Humidity,67.34818925132606,Field1,False
4611,2024-07-11 02:00:00,Humidity,96.60683927232184,Field2,False
4612,2024-07-11 03:00:00,SoilPH,73.29090057713569,Field2,False
4613,2024-07-11 04:00:00,Temperature,61.49370668512598,Field4,True
4614,2024-07-11 05:00:00,SoilMoisture,15.23965266130124,Field1,False
4615,2024-07-11 06:00:00,SoilPH,27.937232541061903,Field1,False
4616,2024-07-11 07:00:00,SoilMoisture,84.25101368479847,Field2,False
4617,2024-07-11 08:00:00,SoilPH,95.48788551173708,Field2,False
4618,2024-07-11 09:00:00,Light,28.927692972331943,Field1,False
4619,2024-07-11 10:00:00,SoilPH,36.44733000819102,Field3,False
4620,2024-07-11 11:00:00,Humidity,54.42917984204634,Field2,False
4621,2024-07-11 12:00:00,Temperature,22.812007867699148,Field3,False
4622,2024-07-11 13:00:00,SoilMoisture,64.38244583888174,Field1,False
4623,2024-07-11 14:00:00,Light,15.44701906974667,Field2,False
4624,2024-07-11 15:00:00,Humidity,19.251440486195136,Field1,False
4625,2024-07-11 16:00:00,Light,76.30773896962427,Field4,False
4626,2024-07-11 17:00:00,SoilMoisture,15.751964288371612,Field4,False
4627,2024-07-11 18:00:00,SoilPH,49.35128655219086,Field1,False
4628,2024-07-11 19:00:00,Temperature,84.40988621414125,Field4,True
4629,2024-07-11 20:00:00,Humidity,45.027006835126905,Field3,False
4630,2024-07-11 21:00:00,Temperature,2.3925232149680675,Field3,False
4631,2024-07-11 22:00:00,SoilMoisture,13.745462830651244,Field1,False
4632,2024-07-11 23:00:00,Light,30.862662085099192,Field4,False
4633,2024-07-12 00:00:00,Temperature,41.78997986076628,Field3,False
4634,2024-07-12 01:00:00,Light,2.712753125697198,Field2,False
4635,2024-07-12 02:00:00,Temperature,99.98964116704738,Field3,True
4636,2024-07-12 03:00:00,SoilMoisture,87.72949668827823,Field4,False
4637,2024-07-12 04:00:00,Light,27.367739498184907,Field3,False
4638,2024-07-12 05:00:00,Temperature,31.788922019262323,Field3,False
4639,2024-07-12 06:00:00,Temperature,97.41317509963756,Field1,True
4640,2024-07-12 07:00:00,SoilMoisture,21.011049232448432,Field4,False
4641,2024-07-12 08:00:00,Light,72.19981155800006,Field1,False
4642,2024-07-12 09:00:00,Temperature,30.376539179407715,Field4,False
4643,2024-07-12 10:00:00,Humidity,52.332887189593954,Field4,False
4644,2024-07-12 11:00:00,SoilMoisture,92.18898258188256,Field3,False
4645,2024-07-12 12:00:00,Temperature,13.743843729759607,Field1,False
4646,2024-07-12 13:00:00,SoilMoisture,51.75648559516729,Field3,False
4647,2024-07-12 14:00:00,SoilPH,82.93490402369582,Field4,False
4648,2024-07-12 15:00:00,Temperature,3.355603326406276,Field4,False
4649,2024-07-12 16:00:00,Humidity,78.28531466169892,Field3,False
4650,2024-07-12 17:00:00,SoilPH,82.58410306753619,Field1,False
4651,2024-07-12 18:00:00,SoilMoisture,55.920117520040336,Field1,False
4652,2024-07-12 19:00:00,Light,45.879826205425736,Field4,False
4653,2024-07-12 20:00:00,Light,80.60575560237618,Field1,False
4654,2024-07-12 21:00:00,SoilMoisture,60.77084643484305,Field2,False
4655,2024-07-12 22:00:00,Light,54.13642350878253,Field4,False
4656,2024-07-12 23:00:00,Light,47.49346659987399,Field4,False
4657,2024-07-13 00:00:00,Humidity,78.05122790843943,Field4,False
4658,2024-07-13 01:00:00,SoilPH,56.3789945875946,Field3,False
4659,2024-07-13 02:00:00,Temperature,6.91157275762162,Field1,False
4660,2024-07-13 03:00:00,SoilPH,62.568853272386605,Field2,False
4661,2024-07-13 04:00:00,SoilMoisture,3.5626034651646377,Field2,False
4662,2024-07-13 05:00:00,Humidity,29.787742922222535,Field4,False
4663,2024-07-13 06:00:00,SoilMoisture,13.717909724930545,Field1,False
4664,2024-07-13 07:00:00,SoilPH,17.67307271034142,Field4,False
4665,2024-07-13 08:00:00,Humidity,49.90371102510902,Field3,False
4666,2024-07-13 09:00:00,Humidity,18.207689805673056,Field1,False
4667,2024-07-13 10:00:00,SoilPH,58.64418369971297,Field2,False
4668,2024-07-13 11:00:00,Temperature,10.454686927737932,Field1,False
4669,2024-07-13 12:00:00,SoilPH,98.5889643944598,Field2,False
4670,2024-07-13 13:00:00,Humidity,59.60790590552045,Field1,False
4671,2024-07-13 14:00:00,Humidity,58.47735077398768,Field3,False
4672,2024-07-13 15:00:00,Temperature,44.34099573801937,Field4,False
4673,2024-07-13 16:00:00,Temperature,43.713793847790924,Field2,False
4674,2024-07-13 17:00:00,SoilMoisture,67.98109776093362,Field4,False
4675,2024-07-13 18:00:00,SoilMoisture,6.8260750928586855,Field2,False
4676,2024-07-13 19:00:00,Humidity,40.76427865642663,Field1,False
4677,2024-07-13 20:00:00,SoilMoisture,49.79321884440336,Field4,False
4678,2024-07-13 21:00:00,Temperature,37.166464747371954,Field4,False
4679,2024-07-13 22:00:00,SoilMoisture,85.79775473290752,Field3,False
4680,2024-07-13 23:00:00,SoilMoisture,45.18176174323332,Field4,False
4681,2024-07-14 00:00:00,Humidity,87.75288243270502,Field1,False
4682,2024-07-14 01:00:00,SoilPH,86.45698735225508,Field1,False
4683,2024-07-14 02:00:00,SoilPH,73.68231082620896,Field2,False
4684,2024-07-14 03:00:00,Light,13.83981821453153,Field1,False
4685,2024-07-14 04:00:00,Light,3.4798560864296224,Field1,False
4686,2024-07-14 05:00:00,Humidity,30.195925223262037,Field3,False
4687,2024-07-14 06:00:00,Humidity,50.037916226849546,Field2,False
4688,2024-07-14 07:00:00,SoilPH,69.86575383293042,Field3,False
4689,2024-07-14 08:00:00,Humidity,44.78702434045433,Field1,False
4690,2024-07-14 09:00:00,Temperature,86.61556989346892,Field2,True
4691,2024-07-14 10:00:00,Humidity,36.11388569868382,Field3,False
4692,2024-07-14 11:00:00,SoilMoisture,19.552222265274636,Field1,False
4693,2024-07-14 12:00:00,Humidity,3.6200006150597375,Field4,False
4694,2024-07-14 13:00:00,SoilPH,71.72239514579807,Field3,False
4695,2024-07-14 14:00:00,Temperature,51.81830359700263,Field4,True
4696,2024-07-14 15:00:00,Light,69.15150162682696,Field4,False
4697,2024-07-14 16:00:00,Temperature,49.58466491425922,Field4,False
4698,2024-07-14 17:00:00,Temperature,22.95045816586384,Field4,False
4699,2024-07-14 18:00:00,SoilMoisture,70.96754524431257,Field2,False
4700,2024-07-14 19:00:00,Temperature,24.174938001988977,Field4,False
4701,2024-07-14 20:00:00,Humidity,49.42115682632884,Field1,False
4702,2024-07-14 21:00:00,SoilPH,82.32174763812019,Field1,False
4703,2024-07-14 22:00:00,Temperature,87.00030099606981,Field3,True
4704,2024-07-14 23:00:00,Temperature,41.15079545116216,Field2,False
4705,2024-07-15 00:00:00,Humidity,30.605311461952574,Field1,False
4706,2024-07-15 01:00:00,Temperature,5.928086572284686,Field3,False
4707,2024-07-15 02:00:00,Light,89.36156281007794,Field3,False
4708,2024-07-15 03:00:00,Temperature,76.50796482615118,Field2,True
4709,2024-07-15 04:00:00,Temperature,39.93022310231985,Field3,False
4710,2024-07-15 05:00:00,Temperature,43.29497916405687,Field2,False
4711,2024-07-15 06:00:00,Light,7.32304079851509,Field4,False
4712,2024-07-15 07:00:00,Light,81.20172423960175,Field4,False
4713,2024-07-15 08:00:00,Light,58.77359691792724,Field2,False
4714,2024-07-15 09:00:00,Light,57.70609980553335,Field4,False
4715,2024-07-15 10:00:00,Temperature,71.56195370200763,Field2,True
4716,2024-07-15 11:00:00,Humidity,85.30076466698182,Field4,False
4717,2024-07-15 12:00:00,SoilPH,0.4565591856646178,Field2,False
4718,2024-07-15 13:00:00,SoilPH,10.289442627526393,Field4,False
4719,2024-07-15 14:00:00,Temperature,56.73410717911983,Field3,True
4720,2024-07-15 15:00:00,SoilMoisture,38.602881191428736,Field4,False
4721,2024-07-15 16:00:00,SoilPH,17.755543214274027,Field1,False
4722,2024-07-15 17:00:00,Light,87.30002361233466,Field2,False
4723,2024-07-15 18:00:00,SoilMoisture,95.59636614980408,Field4,False
4724,2024-07-15 19:00:00,Humidity,15.714475101609128,Field1,False
4725,2024-07-15 20:00:00,SoilMoisture,85.2936364415531,Field4,False
4726,2024-07-15 21:00:00,Humidity,23.643160156763177,Field3,False
4727,2024-07-15 22:00:00,SoilMoisture,96.66837961816287,Field2,False
4728,2024-07-15 23:00:00,SoilPH,95.90543578503458,Field1,False
4729,2024-07-16 00:00:00,Light,56.85375633637722,Field3,False
4730,2024-07-16 01:00:00,Humidity,70.5964994427911,Field4,False
4731,2024-07-16 02:00:00,Humidity,69.71156169463838,Field3,False
4732,2024-07-16 03:00:00,SoilMoisture,66.23682099151267,Field2,False
4733,2024-07-16 04:00:00,Light,64.70122375450195,Field3,False
4734,2024-07-16 05:00:00,Temperature,25.27562002897167,Field3,False
4735,2024-07-16 06:00:00,Humidity,56.70122732365479,Field4,False
4736,2024-07-16 07:00:00,Light,74.69877001578854,Field3,False
4737,2024-07-16 08:00:00,Temperature,95.28864458694528,Field4,True
4738,2024-07-16 09:00:00,Humidity,27.252340242421543,Field4,False
4739,2024-07-16 10:00:00,Light,75.45094419297347,Field3,False
4740,2024-07-16 11:00:00,Humidity,20.008387640665624,Field2,False
4741,2024-07-16 12:00:00,SoilPH,98.99380663203286,Field4,False
4742,2024-07-16 13:00:00,Light,42.22018748637081,Field3,False
4743,2024-07-16 14:00:00,SoilMoisture,73.86484233554586,Field2,False
4744,2024-07-16 15:00:00,SoilMoisture,22.056389651549534,Field1,False
4745,2024-07-16 16:00:00,Temperature,56.75358596963213,Field3,True
4746,2024-07-16 17:00:00,SoilPH,75.05324075668722,Field3,False
4747,2024-07-16 18:00:00,Temperature,75.1399128749624,Field2,True
4748,2024-07-16 19:00:00,SoilMoisture,70.29114973250076,Field4,False
4749,2024-07-16 20:00:00,Light,31.697046270874687,Field2,False
4750,2024-07-16 21:00:00,SoilPH,43.6241988709008,Field4,False
4751,2024-07-16 22:00:00,Humidity,12.66711062265159,Field4,False
4752,2024-07-16 23:00:00,Humidity,54.98961574752115,Field2,False
4753,2024-07-17 00:00:00,Light,41.724925462845285,Field2,False
4754,2024-07-17 01:00:00,SoilMoisture,2.8918806747969428,Field4,False
4755,2024-07-17 02:00:00,Temperature,21.323657652669425,Field4,False
4756,2024-07-17 03:00:00,SoilMoisture,12.408977368238585,Field3,False
4757,2024-07-17 04:00:00,Light,8.451308381309097,Field3,False
4758,2024-07-17 05:00:00,SoilMoisture,3.6676767482763273,Field3,False
4759,2024-07-17 06:00:00,Temperature,54.10569721873867,Field4,True
4760,2024-07-17 07:00:00,Temperature,82.10145513142062,Field3,True
4761,2024-07-17 08:00:00,SoilPH,80.67964772528315,Field1,False
4762,2024-07-17 09:00:00,SoilPH,4.201478094034384,Field2,False
4763,2024-07-17 10:00:00,SoilPH,18.75843904588512,Field3,False
4764,2024-07-17 11:00:00,SoilMoisture,11.266438389485844,Field2,False
4765,2024-07-17 12:00:00,Humidity,25.687528464225583,Field2,False
4766,2024-07-17 13:00:00,SoilMoisture,28.780491900769512,Field4,False
4767,2024-07-17 14:00:00,Temperature,18.22826493371208,Field4,False
4768,2024-07-17 15:00:00,SoilPH,69.92014657677505,Field2,False
4769,2024-07-17 16:00:00,Light,39.61077422576111,Field2,False
4770,2024-07-17 17:00:00,Humidity,5.32508001862716,Field1,False
4771,2024-07-17 18:00:00,SoilMoisture,41.38483591440375,Field2,False
4772,2024-07-17 19:00:00,Humidity,81.81575151002446,Field2,False
4773,2024-07-17 20:00:00,Light,27.739597691373007,Field4,False
4774,2024-07-17 21:00:00,SoilPH,38.2058877497646,Field1,False
4775,2024-07-17 22:00:00,SoilPH,4.588345668804516,Field3,False
4776,2024-07-17 23:00:00,Temperature,6.490492174689444,Field2,False
4777,2024-07-18 00:00:00,SoilMoisture,89.27087924135736,Field2,False
4778,2024-07-18 01:00:00,Temperature,4.042681646556012,Field1,False
4779,2024-07-18 02:00:00,Humidity,55.83976702278032,Field1,False
4780,2024-07-18 03:00:00,Light,5.015065294119092,Field1,False
4781,2024-07-18 04:00:00,Light,95.9188578612634,Field4,False
4782,2024-07-18 05:00:00,Temperature,14.141874628819872,Field1,False
4783,2024-07-18 06:00:00,Temperature,10.894282527691878,Field4,False
4784,2024-07-18 07:00:00,Humidity,88.58718755338208,Field3,False
4785,2024-07-18 08:00:00,SoilPH,27.584358865700075,Field1,False
4786,2024-07-18 09:00:00,Light,38.84453055363147,Field1,False
4787,2024-07-18 10:00:00,Temperature,81.11641411079984,Field4,True
4788,2024-07-18 11:00:00,Light,51.20743573899961,Field1,False
4789,2024-07-18 12:00:00,SoilPH,46.33833516626078,Field3,False
4790,2024-07-18 13:00:00,Light,73.32541902296661,Field1,False
4791,2024-07-18 14:00:00,SoilPH,78.65087164960333,Field1,False
4792,2024-07-18 15:00:00,SoilPH,22.500890252140948,Field2,False
4793,2024-07-18 16:00:00,SoilMoisture,67.93909157359951,Field3,False
4794,2024-07-18 17:00:00,Humidity,96.41161959675976,Field1,False
4795,2024-07-18 18:00:00,Light,91.17489198967412,Field4,False
4796,2024-07-18 19:00:00,SoilPH,45.11084094075953,Field3,False
4797,2024-07-18 20:00:00,Light,11.245086679125505,Field2,False
4798,2024-07-18 21:00:00,Temperature,46.81883423872956,Field3,False
4799,2024-07-18 22:00:00,Humidity,73.21270337498524,Field1,False
4800,2024-07-18 23:00:00,Humidity,27.594363223731467,Field1,False
4801,2024-07-19 00:00:00,Temperature,8.920448525291658,Field1,False
4802,2024-07-19 01:00:00,Temperature,93.74447083486996,Field4,True
4803,2024-07-19 02:00:00,Light,14.893889541579751,Field1,False
4804,2024-07-19 03:00:00,SoilMoisture,8.283857452517662,Field3,False
4805,2024-07-19 04:00:00,Light,53.245595132771264,Field3,False
4806,2024-07-19 05:00:00,Light,38.48385473035138,Field4,False
4807,2024-07-19 06:00:00,SoilPH,87.69208949911739,Field2,False
4808,2024-07-19 07:00:00,Light,34.865307045373854,Field1,False
4809,2024-07-19 08:00:00,Humidity,26.78488972144778,Field4,False
4810,2024-07-19 09:00:00,SoilMoisture,74.76910941742997,Field4,False
4811,2024-07-19 10:00:00,Temperature,6.686341913494632,Field3,False
4812,2024-07-19 11:00:00,Humidity,87.88950411348397,Field3,False
4813,2024-07-19 12:00:00,Temperature,87.20035757205564,Field2,True
4814,2024-07-19 13:00:00,SoilPH,89.03969883530908,Field2,False
4815,2024-07-19 14:00:00,Light,81.21934582704691,Field2,False
4816,2024-07-19 15:00:00,SoilPH,68.75324547217775,Field3,False
4817,2024-07-19 16:00:00,Temperature,9.366632041552805,Field4,False
4818,2024-07-19 17:00:00,Light,43.51391912382893,Field1,False
4819,2024-07-19 18:00:00,Light,17.558380123073892,Field4,False
4820,2024-07-19 19:00:00,SoilPH,64.92491790519492,Field4,False
4821,2024-07-19 20:00:00,Temperature,27.8401472645336,Field4,False
4822,2024-07-19 21:00:00,SoilMoisture,95.9391830630674,Field2,False
4823,2024-07-19 22:00:00,SoilPH,91.49074938198208,Field2,False
4824,2024-07-19 23:00:00,Humidity,27.41539787402285,Field1,False
4825,2024-07-20 00:00:00,Humidity,11.816222437068811,Field1,False
4826,2024-07-20 01:00:00,Humidity,80.142029186024,Field4,False
4827,2024-07-20 02:00:00,Temperature,49.76609243773786,Field4,False
4828,2024-07-20 03:00:00,Humidity,91.55012245926972,Field4,False
4829,2024-07-20 04:00:00,Humidity,97.37645521831874,Field1,False
4830,2024-07-20 05:00:00,Light,62.65537671301056,Field3,False
4831,2024-07-20 06:00:00,Light,94.45583395454211,Field1,False
4832,2024-07-20 07:00:00,Light,96.8577480675663,Field1,False
4833,2024-07-20 08:00:00,Temperature,96.75752175033504,Field1,True
4834,2024-07-20 09:00:00,Humidity,1.6180227147469917,Field4,False
4835,2024-07-20 10:00:00,SoilPH,10.9299790375905,Field3,False
4836,2024-07-20 11:00:00,Humidity,1.1924549256126404,Field4,False
4837,2024-07-20 12:00:00,Light,33.14091113365405,Field1,False
4838,2024-07-20 13:00:00,Humidity,33.10070639794961,Field1,False
4839,2024-07-20 14:00:00,Light,56.20480026935768,Field2,False
4840,2024-07-20 15:00:00,Humidity,96.20645192323268,Field3,False
4841,2024-07-20 16:00:00,Temperature,68.98351039690597,Field3,True
4842,2024-07-20 17:00:00,SoilMoisture,43.27662737524409,Field3,False
4843,2024-07-20 18:00:00,SoilMoisture,50.15248757065339,Field4,False
4844,2024-07-20 19:00:00,Humidity,10.899144240066615,Field1,False
4845,2024-07-20 20:00:00,SoilPH,78.56324473210987,Field2,False
4846,2024-07-20 21:00:00,Humidity,63.37005663270309,Field3,False
4847,2024-07-20 22:00:00,Humidity,36.92606174916525,Field4,False
4848,2024-07-20 23:00:00,SoilMoisture,61.37949752372804,Field3,False
4849,2024-07-21 00:00:00,Humidity,92.1508676094194,Field2,False
4850,2024-07-21 01:00:00,Humidity,30.848201063885927,Field1,False
4851,2024-07-21 02:00:00,Light,95.36121180408875,Field3,False
4852,2024-07-21 03:00:00,Humidity,21.993251981866635,Field3,False
4853,2024-07-21 04:00:00,Light,62.03066608313227,Field3,False
4854,2024-07-21 05:00:00,Temperature,58.58943132687018,Field3,True
4855,2024-07-21 06:00:00,SoilPH,55.49454006388128,Field3,False
4856,2024-07-21 07:00:00,Humidity,37.76877409246687,Field3,False
4857,2024-07-21 08:00:00,Light,3.3705475088060988,Field3,False
4858,2024-07-21 09:00:00,Light,46.12353109432939,Field1,False
4859,2024-07-21 10:00:00,Humidity,46.77942803291697,Field3,False
4860,2024-07-21 11:00:00,SoilMoisture,14.16837773183255,Field4,False
4861,2024-07-21 12:00:00,SoilMoisture,67.22314428102801,Field3,False
4862,2024-07-21 13:00:00,Humidity,39.70310864345096,Field3,False
4863,2024-07-21 14:00:00,Humidity,80.76009047836418,Field2,False
4864,2024-07-21 15:00:00,SoilMoisture,86.20535757780429,Field2,False
4865,2024-07-21 16:00:00,Humidity,29.1624714119583,Field2,False
4866,2024-07-21 17:00:00,Humidity,20.733962887973924,Field1,False
4867,2024-07-21 18:00:00,SoilMoisture,74.59865386004061,Field1,False
4868,2024-07-21 19:00:00,Light,92.86169404713952,Field2,False
4869,2024-07-21 20:00:00,Temperature,39.681375599408256,Field1,False
4870,2024-07-21 21:00:00,Humidity,18.61377338072867,Field4,False
4871,2024-07-21 22:00:00,SoilMoisture,27.906147245880643,Field2,False
4872,2024-07-21 23:00:00,Humidity,32.730362224526864,Field3,False
4873,2024-07-22 00:00:00,Humidity,18.46514583059105,Field3,False
4874,2024-07-22 01:00:00,Light,43.95503400988135,Field3,False
4875,2024-07-22 02:00:00,Temperature,16.875875952297125,Field2,False
4876,2024-07-22 03:00:00,Humidity,72.5660966956777,Field3,False
4877,2024-07-22 04:00:00,Temperature,15.349433964200598,Field3,False
4878,2024-07-22 05:00:00,SoilMoisture,74.31456328273599,Field1,False
4879,2024-07-22 06:00:00,SoilMoisture,35.919648473589575,Field1,False
4880,2024-07-22 07:00:00,SoilPH,20.094662501298288,Field2,False
4881,2024-07-22 08:00:00,Light,36.82096029790032,Field4,False
4882,2024-07-22 09:00:00,SoilMoisture,86.12149947485076,Field3,False
4883,2024-07-22 10:00:00,Humidity,41.95913962583971,Field2,False
4884,2024-07-22 11:00:00,Humidity,4.061896060133541,Field4,False
4885,2024-07-22 12:00:00,SoilMoisture,58.670920664604886,Field2,False
4886,2024-07-22 13:00:00,SoilPH,84.64544682807167,Field4,False
4887,2024-07-22 14:00:00,Light,77.61953639315107,Field2,False
4888,2024-07-22 15:00:00,SoilPH,35.410740045068,Field1,False
4889,2024-07-22 16:00:00,Temperature,16.47271161648003,Field2,False
4890,2024-07-22 17:00:00,Light,95.24954361142908,Field4,False
4891,2024-07-22 18:00:00,Light,61.50195959426848,Field2,False
4892,2024-07-22 19:00:00,Humidity,30.0519819297254,Field1,False
4893,2024-07-22 20:00:00,Light,38.634706324449766,Field4,False
4894,2024-07-22 21:00:00,Light,4.647095519141664,Field1,False
4895,2024-07-22 22:00:00,Humidity,9.401327916411717,Field1,False
4896,2024-07-22 23:00:00,Light,1.8735468724828896,Field2,False
4897,2024-07-23 00:00:00,SoilPH,20.294556018496333,Field3,False
4898,2024-07-23 01:00:00,Light,9.342567617296094,Field2,False
4899,2024-07-23 02:00:00,SoilMoisture,21.23292268782328,Field3,False
4900,2024-07-23 03:00:00,Light,65.95861706702412,Field4,False
4901,2024-07-23 04:00:00,Light,61.342466479239,Field2,False
4902,2024-07-23 05:00:00,Temperature,40.5129803197604,Field4,False
4903,2024-07-23 06:00:00,Temperature,93.87179683152031,Field2,True
4904,2024-07-23 07:00:00,SoilPH,91.41015575620732,Field2,False
4905,2024-07-23 08:00:00,Temperature,52.45286073366834,Field3,True
4906,2024-07-23 09:00:00,SoilPH,77.4110046018528,Field1,False
4907,2024-07-23 10:00:00,Temperature,9.907525444614818,Field3,False
4908,2024-07-23 11:00:00,Temperature,46.63771809957124,Field3,False
4909,2024-07-23 12:00:00,Humidity,66.29235615653998,Field4,False
4910,2024-07-23 13:00:00,SoilPH,89.69943104011932,Field4,False
4911,2024-07-23 14:00:00,Light,4.393269035493274,Field2,False
4912,2024-07-23 15:00:00,Temperature,15.126319720090397,Field1,False
4913,2024-07-23 16:00:00,SoilPH,87.52249171153822,Field3,False
4914,2024-07-23 17:00:00,Light,99.19843248052372,Field1,False
4915,2024-07-23 18:00:00,Temperature,38.6674456845004,Field2,False
4916,2024-07-23 19:00:00,SoilMoisture,83.3248616271887,Field1,False
4917,2024-07-23 20:00:00,Light,93.6880389290438,Field3,False
4918,2024-07-23 21:00:00,Temperature,81.1127562033027,Field4,True
4919,2024-07-23 22:00:00,Temperature,50.57423799615681,Field1,True
4920,2024-07-23 23:00:00,Light,88.74556025757221,Field4,False
4921,2024-07-24 00:00:00,SoilPH,44.9783204333236,Field1,False
4922,2024-07-24 01:00:00,Humidity,64.16701057037353,Field1,False
4923,2024-07-24 02:00:00,Temperature,4.898571020241338,Field3,False
4924,2024-07-24 03:00:00,SoilPH,68.95420519276352,Field3,False
4925,2024-07-24 04:00:00,SoilMoisture,52.09312494432383,Field2,False
4926,2024-07-24 05:00:00,Light,46.93706250546754,Field3,False
4927,2024-07-24 06:00:00,SoilPH,99.56642064380678,Field3,False
4928,2024-07-24 07:00:00,SoilPH,91.02576519801605,Field2,False
4929,2024-07-24 08:00:00,SoilPH,46.64275762434852,Field1,False
4930,2024-07-24 09:00:00,Humidity,90.21541824003732,Field2,False
4931,2024-07-24 10:00:00,Humidity,63.72341996126952,Field2,False
4932,2024-07-24 11:00:00,SoilMoisture,92.03872721716937,Field4,False
4933,2024-07-24 12:00:00,Temperature,31.156641061994872,Field4,False
4934,2024-07-24 13:00:00,Humidity,68.49275156731875,Field3,False
4935,2024-07-24 14:00:00,Humidity,46.2883927282706,Field2,False
4936,2024-07-24 15:00:00,Humidity,14.640516450128526,Field2,False
4937,2024-07-24 16:00:00,Humidity,79.15551394923028,Field2,False
4938,2024-07-24 17:00:00,SoilMoisture,28.95057196129201,Field3,False
4939,2024-07-24 18:00:00,SoilPH,2.1327541432650365,Field2,False
4940,2024-07-24 19:00:00,Light,53.5173154053948,Field4,False
4941,2024-07-24 20:00:00,Light,19.75147137822122,Field4,False
4942,2024-07-24 21:00:00,SoilPH,99.20321686033716,Field4,False
4943,2024-07-24 22:00:00,Temperature,89.27795655485107,Field2,True
4944,2024-07-24 23:00:00,SoilMoisture,69.80175804086812,Field4,False
4945,2024-07-25 00:00:00,SoilMoisture,60.66742982674046,Field3,False
4946,2024-07-25 01:00:00,Humidity,24.99201566004337,Field1,False
4947,2024-07-25 02:00:00,SoilPH,22.38152569604193,Field2,False
4948,2024-07-25 03:00:00,Humidity,32.71067207114724,Field1,False
4949,2024-07-25 04:00:00,Light,17.686091922018278,Field1,False
4950,2024-07-25 05:00:00,Light,77.05076473834716,Field1,False
4951,2024-07-25 06:00:00,SoilPH,8.017603702149344,Field1,False
4952,2024-07-25 07:00:00,Light,65.09583655170233,Field4,False
4953,2024-07-25 08:00:00,SoilMoisture,89.2963194215111,Field4,False
4954,2024-07-25 09:00:00,Humidity,79.7595269379289,Field3,False
4955,2024-07-25 10:00:00,SoilMoisture,48.527915944100506,Field2,False
4956,2024-07-25 11:00:00,SoilPH,76.73257945889883,Field1,False
4957,2024-07-25 12:00:00,SoilPH,93.2900443680454,Field3,False
4958,2024-07-25 13:00:00,Light,20.612287469009598,Field4,False
4959,2024-07-25 14:00:00,Temperature,44.0365500387619,Field1,False
4960,2024-07-25 15:00:00,Temperature,50.851725739338825,Field4,True
4961,2024-07-25 16:00:00,SoilPH,68.57146438117041,Field3,False
4962,2024-07-25 17:00:00,SoilMoisture,92.04416958774168,Field3,False
4963,2024-07-25 18:00:00,Humidity,38.0032748544474,Field3,False
4964,2024-07-25 19:00:00,Temperature,16.390933560024035,Field2,False
4965,2024-07-25 20:00:00,Temperature,64.93653322264538,Field3,True
4966,2024-07-25 21:00:00,SoilMoisture,58.5269797386786,Field4,False
4967,2024-07-25 22:00:00,SoilPH,48.34439985627107,Field4,False
4968,2024-07-25 23:00:00,Light,53.709076251527,Field3,False
4969,2024-07-26 00:00:00,SoilMoisture,54.198222404590815,Field4,False
4970,2024-07-26 01:00:00,SoilPH,78.6691828626617,Field3,False
4971,2024-07-26 02:00:00,Humidity,30.447238974405224,Field1,False
4972,2024-07-26 03:00:00,SoilPH,63.90968458081824,Field4,False
4973,2024-07-26 04:00:00,Light,52.25409826593261,Field3,False
4974,2024-07-26 05:00:00,SoilPH,15.752246218322709,Field3,False
4975,2024-07-26 06:00:00,SoilPH,45.87420552222584,Field3,False
4976,2024-07-26 07:00:00,SoilMoisture,76.10846297115336,Field1,False
4977,2024-07-26 08:00:00,Light,34.01311009360944,Field3,False
4978,2024-07-26 09:00:00,Light,25.782302256405785,Field4,False
4979,2024-07-26 10:00:00,Temperature,15.724284508672037,Field3,False
4980,2024-07-26 11:00:00,Temperature,68.34650438452739,Field3,True
4981,2024-07-26 12:00:00,Humidity,99.02535882962265,Field3,False
4982,2024-07-26 13:00:00,Humidity,51.52162586637596,Field3,False
4983,2024-07-26 14:00:00,Light,35.08979761319493,Field4,False
4984,2024-07-26 15:00:00,SoilPH,59.65125394902152,Field3,False
4985,2024-07-26 16:00:00,Temperature,17.823849962165994,Field1,False
4986,2024-07-26 17:00:00,Humidity,64.80455646404609,Field1,False
4987,2024-07-26 18:00:00,Light,39.918624888279176,Field1,False
4988,2024-07-26 19:00:00,SoilPH,22.916106976631237,Field1,False
4989,2024-07-26 20:00:00,SoilMoisture,65.40619381689707,Field1,False
4990,2024-07-26 21:00:00,SoilPH,34.05803305897217,Field1,False
4991,2024-07-26 22:00:00,Temperature,7.5695987474966415,Field1,False
4992,2024-07-26 23:00:00,SoilPH,91.36513138406929,Field4,False
4993,2024-07-27 00:00:00,Temperature,34.64877083153994,Field2,False
4994,2024-07-27 01:00:00,SoilMoisture,56.71836418576327,Field4,False
4995,2024-07-27 02:00:00,SoilPH,99.28614462084612,Field2,False
4996,2024-07-27 03:00:00,SoilMoisture,8.147484342998446,Field1,False
4997,2024-07-27 04:00:00,Temperature,61.31510746405044,Field3,True
4998,2024-07-27 05:00:00,Temperature,1.0754476333392216,Field4,False
4999,2024-07-27 06:00:00,Temperature,73.58548011226945,Field4,True
5000,2024-07-27 07:00:00,Light,24.760139120973413,Field3,False
5001,2024-07-27 08:00:00,Temperature,87.73372314863953,Field4,True
5002,2024-07-27 09:00:00,Humidity,24.463207005796693,Field2,False
5003,2024-07-27 10:00:00,SoilPH,26.721050146991885,Field1,False
5004,2024-07-27 11:00:00,Light,7.878281767857176,Field1,False
5005,2024-07-27 12:00:00,SoilMoisture,8.753469686619242,Field1,False
5006,2024-07-27 13:00:00,SoilMoisture,27.816864727277046,Field4,False
5007,2024-07-27 14:00:00,Humidity,74.13191424229971,Field4,False
5008,2024-07-27 15:00:00,SoilPH,73.69176253310164,Field2,False
5009,2024-07-27 16:00:00,Humidity,44.51200556665209,Field4,False
5010,2024-07-27 17:00:00,SoilPH,91.2675776838706,Field1,False
5011,2024-07-27 18:00:00,SoilMoisture,59.5162039025238,Field4,False
5012,2024-07-27 19:00:00,Humidity,45.854507357708194,Field2,False
5013,2024-07-27 20:00:00,SoilMoisture,95.300649911849,Field4,False
5014,2024-07-27 21:00:00,SoilPH,10.418652749982382,Field1,False
5015,2024-07-27 22:00:00,Humidity,9.729532680110498,Field3,False
5016,2024-07-27 23:00:00,Humidity,13.541778768119272,Field4,False
5017,2024-07-28 00:00:00,Light,49.72118319293629,Field2,False
5018,2024-07-28 01:00:00,Light,40.04992570425138,Field4,False
5019,2024-07-28 02:00:00,SoilPH,64.73367091390124,Field1,False
5020,2024-07-28 03:00:00,SoilPH,69.79054051528755,Field4,False
5021,2024-07-28 04:00:00,Humidity,78.40689946547295,Field4,False
5022,2024-07-28 05:00:00,Light,6.986312416337137,Field3,False
5023,2024-07-28 06:00:00,SoilPH,30.76200868315737,Field2,False
5024,2024-07-28 07:00:00,Humidity,62.43889467477813,Field4,False
5025,2024-07-28 08:00:00,SoilPH,28.37192009498525,Field3,False
5026,2024-07-28 09:00:00,Temperature,54.23056918078889,Field1,True
5027,2024-07-28 10:00:00,Light,35.88699932843997,Field3,False
5028,2024-07-28 11:00:00,SoilPH,34.43952139071107,Field3,False
5029,2024-07-28 12:00:00,SoilMoisture,91.39098615579124,Field4,False
5030,2024-07-28 13:00:00,Humidity,17.60766768271157,Field4,False
5031,2024-07-28 14:00:00,Humidity,18.95002904760139,Field4,False
5032,2024-07-28 15:00:00,Light,1.6263241034751077,Field4,False
5033,2024-07-28 16:00:00,Light,11.250266641391038,Field1,False
5034,2024-07-28 17:00:00,Humidity,15.79558459377952,Field3,False
5035,2024-07-28 18:00:00,SoilPH,77.87776371678173,Field3,False
5036,2024-07-28 19:00:00,Light,22.894006891690143,Field4,False
5037,2024-07-28 20:00:00,Light,88.57258736667558,Field4,False
5038,2024-07-28 21:00:00,Humidity,68.30596085861512,Field4,False
5039,2024-07-28 22:00:00,Humidity,9.968102838554085,Field1,False
5040,2024-07-28 23:00:00,SoilPH,72.67729549768579,Field2,False
5041,2024-07-29 00:00:00,Humidity,45.73393930074173,Field4,False
5042,2024-07-29 01:00:00,Temperature,79.53227833097178,Field2,True
5043,2024-07-29 02:00:00,SoilPH,57.35612495029995,Field2,False
5044,2024-07-29 03:00:00,SoilMoisture,41.4098781274994,Field2,False
5045,2024-07-29 04:00:00,SoilPH,1.1978795166733611,Field3,False
5046,2024-07-29 05:00:00,Temperature,3.60586911337536,Field4,False
5047,2024-07-29 06:00:00,SoilMoisture,79.43072634363062,Field4,False
5048,2024-07-29 07:00:00,SoilPH,4.939700908291755,Field4,False
5049,2024-07-29 08:00:00,Humidity,32.680013781349295,Field4,False
5050,2024-07-29 09:00:00,SoilMoisture,14.995394581617392,Field4,False
5051,2024-07-29 10:00:00,Light,44.407839655031125,Field2,False
5052,2024-07-29 11:00:00,Humidity,77.8661110759381,Field3,False
5053,2024-07-29 12:00:00,SoilPH,0.9838826957520586,Field1,False
5054,2024-07-29 13:00:00,Humidity,61.11213176338941,Field2,False
5055,2024-07-29 14:00:00,Humidity,9.83059804420302,Field3,False
5056,2024-07-29 15:00:00,Humidity,74.6572921309103,Field2,False
5057,2024-07-29 16:00:00,Light,82.4480612065622,Field2,False
5058,2024-07-29 17:00:00,Humidity,24.29062760812075,Field4,False
5059,2024-07-29 18:00:00,Light,24.34746594643789,Field2,False
5060,2024-07-29 19:00:00,SoilPH,57.52361342624759,Field2,False
5061,2024-07-29 20:00:00,Temperature,37.678022954512656,Field1,False
5062,2024-07-29 21:00:00,Light,84.3911960531638,Field2,False
5063,2024-07-29 22:00:00,Humidity,15.943007325533776,Field3,False
5064,2024-07-29 23:00:00,Light,5.740589892978242,Field4,False
5065,2024-07-30 00:00:00,SoilMoisture,66.65617161547046,Field2,False
5066,2024-07-30 01:00:00,SoilPH,19.73007805675297,Field4,False
5067,2024-07-30 02:00:00,Humidity,13.615366369986702,Field3,False
5068,2024-07-30 03:00:00,SoilMoisture,69.33936804859593,Field2,False
5069,2024-07-30 04:00:00,SoilMoisture,86.3326589923564,Field4,False
5070,2024-07-30 05:00:00,Light,77.329592929851,Field3,False
5071,2024-07-30 06:00:00,SoilMoisture,14.884458818967005,Field2,False
5072,2024-07-30 07:00:00,Humidity,57.52939452274204,Field2,False
5073,2024-07-30 08:00:00,SoilMoisture,29.712799558875457,Field2,False
5074,2024-07-30 09:00:00,SoilMoisture,9.065531898803236,Field4,False
5075,2024-07-30 10:00:00,Light,27.19084655580464,Field3,False
5076,2024-07-30 11:00:00,Humidity,44.00691996441163,Field3,False
5077,2024-07-30 12:00:00,Temperature,20.500806587525823,Field2,False
5078,2024-07-30 13:00:00,SoilPH,78.87045138886486,Field1,False
5079,2024-07-30 14:00:00,Temperature,77.69413988328738,Field2,True
5080,2024-07-30 15:00:00,Temperature,24.49845971321284,Field2,False
5081,2024-07-30 16:00:00,Humidity,75.66844061442164,Field1,False
5082,2024-07-30 17:00:00,Humidity,34.02939016006974,Field3,False
5083,2024-07-30 18:00:00,SoilMoisture,64.106622746393,Field2,False
5084,2024-07-30 19:00:00,SoilPH,55.6385686879141,Field1,False
5085,2024-07-30 20:00:00,Light,55.12950381398076,Field3,False
5086,2024-07-30 21:00:00,Humidity,19.404733398853512,Field1,False
5087,2024-07-30 22:00:00,Humidity,16.22867350028957,Field2,False
5088,2024-07-30 23:00:00,SoilMoisture,48.374180438430045,Field3,False
5089,2024-07-31 00:00:00,SoilPH,89.02886265288431,Field4,False
5090,2024-07-31 01:00:00,Light,4.803980150891118,Field4,False
5091,2024-07-31 02:00:00,SoilPH,56.41032088036998,Field1,False
5092,2024-07-31 03:00:00,SoilPH,3.7772585285630544,Field1,False
5093,2024-07-31 04:00:00,SoilMoisture,14.854948800654888,Field2,False
5094,2024-07-31 05:00:00,Temperature,17.34847734975471,Field2,False
5095,2024-07-31 06:00:00,Humidity,50.15639133939109,Field3,False
5096,2024-07-31 07:00:00,Temperature,95.88474625126868,Field4,True
5097,2024-07-31 08:00:00,Temperature,57.73104041233454,Field2,True
5098,2024-07-31 09:00:00,Temperature,94.80176988877606,Field2,True
5099,2024-07-31 10:00:00,SoilMoisture,20.288565283512007,Field1,False
5100,2024-07-31 11:00:00,Light,23.280703345421937,Field1,False
5101,2024-07-31 12:00:00,SoilPH,43.22251151424549,Field1,False
5102,2024-07-31 13:00:00,Temperature,36.7385374637918,Field3,False
5103,2024-07-31 14:00:00,Light,94.20346929349245,Field3,False
5104,2024-07-31 15:00:00,SoilMoisture,79.42886199655273,Field3,False
5105,2024-07-31 16:00:00,Light,98.17336991203705,Field4,False
5106,2024-07-31 17:00:00,SoilMoisture,43.59186660863641,Field1,False
5107,2024-07-31 18:00:00,SoilPH,2.800044290385894,Field2,False
5108,2024-07-31 19:00:00,Humidity,5.428604253367331,Field3,False
5109,2024-07-31 20:00:00,Humidity,25.14282887125907,Field4,False
5110,2024-07-31 21:00:00,SoilPH,35.288702404325775,Field3,False
5111,2024-07-31 22:00:00,SoilMoisture,6.994891462829189,Field1,False
5112,2024-07-31 23:00:00,Humidity,56.22747282837596,Field2,False
5113,2024-08-01 00:00:00,Temperature,74.80208242528145,Field4,True
5114,2024-08-01 01:00:00,SoilMoisture,55.491146493571165,Field4,False
5115,2024-08-01 02:00:00,Humidity,26.889234169991493,Field1,False
5116,2024-08-01 03:00:00,Humidity,76.55388306496098,Field4,False
5117,2024-08-01 04:00:00,Temperature,79.75062358640365,Field2,True
5118,2024-08-01 05:00:00,SoilPH,36.15651936094252,Field1,False
5119,2024-08-01 06:00:00,Humidity,68.95871042635451,Field2,False
5120,2024-08-01 07:00:00,Temperature,76.33550098211576,Field3,True
5121,2024-08-01 08:00:00,Light,22.98850405317772,Field3,False
5122,2024-08-01 09:00:00,SoilPH,13.40051074966352,Field2,False
5123,2024-08-01 10:00:00,SoilMoisture,84.18389496842767,Field4,False
5124,2024-08-01 11:00:00,SoilPH,50.278409396606506,Field3,False
5125,2024-08-01 12:00:00,Humidity,78.21226636592962,Field2,False
5126,2024-08-01 13:00:00,Humidity,38.528631653332,Field2,False
5127,2024-08-01 14:00:00,Temperature,91.87872488833798,Field1,True
5128,2024-08-01 15:00:00,Humidity,63.48126343088405,Field1,False
5129,2024-08-01 16:00:00,SoilPH,96.82205872228998,Field2,False
5130,2024-08-01 17:00:00,Temperature,21.465626331722344,Field1,False
5131,2024-08-01 18:00:00,Light,53.389001226,Field2,False
5132,2024-08-01 19:00:00,Light,16.678432159354895,Field1,False
5133,2024-08-01 20:00:00,Light,13.333335779904122,Field3,False
5134,2024-08-01 21:00:00,Temperature,69.15134205241917,Field3,True
5135,2024-08-01 22:00:00,SoilPH,22.071823246453743,Field1,False
5136,2024-08-01 23:00:00,Temperature,79.5640360230687,Field2,True
5137,2024-08-02 00:00:00,SoilMoisture,53.00895986649641,Field2,False
5138,2024-08-02 01:00:00,Temperature,83.77560139049235,Field4,True
5139,2024-08-02 02:00:00,Humidity,30.6394959639302,Field1,False
5140,2024-08-02 03:00:00,Light,56.09702728131356,Field4,False
5141,2024-08-02 04:00:00,Temperature,58.293306460122565,Field3,True
5142,2024-08-02 05:00:00,SoilMoisture,23.67486586294017,Field1,False
5143,2024-08-02 06:00:00,Humidity,72.74122885429313,Field1,False
5144,2024-08-02 07:00:00,SoilPH,69.39343619635535,Field3,False
5145,2024-08-02 08:00:00,Temperature,82.345627694699,Field3,True
5146,2024-08-02 09:00:00,Light,55.18466523807923,Field3,False
5147,2024-08-02 10:00:00,Humidity,47.32556139099021,Field2,False
5148,2024-08-02 11:00:00,Temperature,31.51516741043873,Field3,False
5149,2024-08-02 12:00:00,Humidity,42.9915089589208,Field3,False
5150,2024-08-02 13:00:00,Humidity,59.137401387893405,Field4,False
5151,2024-08-02 14:00:00,Humidity,28.16076944506507,Field4,False
5152,2024-08-02 15:00:00,SoilMoisture,50.77000436118897,Field1,False
5153,2024-08-02 16:00:00,Temperature,73.00771628940845,Field3,True
5154,2024-08-02 17:00:00,Humidity,43.80186747184312,Field1,False
5155,2024-08-02 18:00:00,Temperature,22.423708443444568,Field2,False
5156,2024-08-02 19:00:00,Humidity,44.01470484034745,Field1,False
5157,2024-08-02 20:00:00,Light,85.32656653891084,Field3,False
5158,2024-08-02 21:00:00,Temperature,56.69934214114439,Field1,True
5159,2024-08-02 22:00:00,Temperature,70.64566671387303,Field3,True
5160,2024-08-02 23:00:00,Light,19.79169819148262,Field2,False
5161,2024-08-03 00:00:00,Temperature,14.378089886541437,Field3,False
5162,2024-08-03 01:00:00,Humidity,21.065269088588323,Field1,False
5163,2024-08-03 02:00:00,SoilMoisture,70.86835161248098,Field1,False
5164,2024-08-03 03:00:00,Temperature,87.65331072606286,Field1,True
5165,2024-08-03 04:00:00,Light,98.61729193691228,Field4,False
5166,2024-08-03 05:00:00,SoilMoisture,87.74700911728863,Field2,False
5167,2024-08-03 06:00:00,Temperature,86.35424094778129,Field2,True
5168,2024-08-03 07:00:00,Humidity,76.63886025863783,Field4,False
5169,2024-08-03 08:00:00,SoilPH,98.85449819205292,Field2,False
5170,2024-08-03 09:00:00,SoilPH,6.058191773620769,Field2,False
5171,2024-08-03 10:00:00,SoilMoisture,70.16993941897073,Field3,False
5172,2024-08-03 11:00:00,Light,74.50964493553492,Field3,False
5173,2024-08-03 12:00:00,Temperature,48.039563056863855,Field4,False
5174,2024-08-03 13:00:00,SoilPH,96.36625071077847,Field4,False
5175,2024-08-03 14:00:00,SoilPH,68.28036176414501,Field2,False
5176,2024-08-03 15:00:00,Temperature,48.7688898193303,Field2,False
5177,2024-08-03 16:00:00,Temperature,53.42000703605967,Field3,True
5178,2024-08-03 17:00:00,Light,87.92314766786521,Field4,False
5179,2024-08-03 18:00:00,Temperature,50.34720587607436,Field2,True
5180,2024-08-03 19:00:00,SoilPH,60.247806081717606,Field3,False
5181,2024-08-03 20:00:00,Temperature,86.6867764386966,Field4,True
5182,2024-08-03 21:00:00,Humidity,58.854184844780434,Field2,False
5183,2024-08-03 22:00:00,SoilPH,92.23385033135246,Field2,False
5184,2024-08-03 23:00:00,SoilMoisture,27.496537269471755,Field3,False
5185,2024-08-04 00:00:00,Light,39.09385248983529,Field4,False
5186,2024-08-04 01:00:00,SoilPH,12.46137911086378,Field4,False
5187,2024-08-04 02:00:00,Temperature,29.476832670097853,Field4,False
5188,2024-08-04 03:00:00,Light,58.97156360711337,Field3,False
5189,2024-08-04 04:00:00,Light,74.69608217002941,Field2,False
5190,2024-08-04 05:00:00,SoilMoisture,17.41519878849106,Field4,False
5191,2024-08-04 06:00:00,Humidity,6.984874819319198,Field3,False
5192,2024-08-04 07:00:00,Humidity,49.74059922566734,Field1,False
5193,2024-08-04 08:00:00,Temperature,45.66197998018603,Field4,False
5194,2024-08-04 09:00:00,Humidity,46.607808963623896,Field3,False
5195,2024-08-04 10:00:00,Light,37.77586701865998,Field4,False
5196,2024-08-04 11:00:00,Temperature,4.998822296428074,Field2,False
5197,2024-08-04 12:00:00,Humidity,67.72571202581406,Field2,False
5198,2024-08-04 13:00:00,Temperature,14.528808137867845,Field4,False
5199,2024-08-04 14:00:00,Light,32.78990469172302,Field4,False
5200,2024-08-04 15:00:00,Light,84.26113605191108,Field3,False
5201,2024-08-04 16:00:00,SoilPH,93.17349026824238,Field1,False
5202,2024-08-04 17:00:00,Humidity,11.706247795692493,Field3,False
5203,2024-08-04 18:00:00,Humidity,24.30503606934925,Field4,False
5204,2024-08-04 19:00:00,SoilMoisture,88.8092766198274,Field2,False
5205,2024-08-04 20:00:00,Humidity,29.03945825177251,Field3,False
5206,2024-08-04 21:00:00,Temperature,7.1669707957729205,Field2,False
5207,2024-08-04 22:00:00,Temperature,88.33930293096094,Field4,True
5208,2024-08-04 23:00:00,Light,39.307404723239806,Field1,False
5209,2024-08-05 00:00:00,Temperature,6.42035953836645,Field2,False
5210,2024-08-05 01:00:00,SoilMoisture,16.83112863323526,Field1,False
5211,2024-08-05 02:00:00,Light,77.1698616454892,Field2,False
5212,2024-08-05 03:00:00,Light,51.631240351474176,Field3,False
5213,2024-08-05 04:00:00,Light,69.09842804185533,Field4,False
5214,2024-08-05 05:00:00,Humidity,62.96465445398658,Field3,False
5215,2024-08-05 06:00:00,Temperature,62.1830097516879,Field3,True
5216,2024-08-05 07:00:00,Humidity,21.482179618714547,Field2,False
5217,2024-08-05 08:00:00,SoilPH,55.61035948311079,Field1,False
5218,2024-08-05 09:00:00,Light,29.88509903273753,Field4,False
5219,2024-08-05 10:00:00,SoilPH,8.40110502588145,Field2,False
5220,2024-08-05 11:00:00,Humidity,54.253454304135175,Field2,False
5221,2024-08-05 12:00:00,Temperature,21.393790351157406,Field3,False
5222,2024-08-05 13:00:00,Light,98.72292491913956,Field3,False
5223,2024-08-05 14:00:00,SoilPH,93.08026034538612,Field2,False
5224,2024-08-05 15:00:00,SoilPH,15.177475134295747,Field1,False
5225,2024-08-05 16:00:00,Light,33.05329839627631,Field2,False
5226,2024-08-05 17:00:00,SoilMoisture,4.614678892018964,Field4,False
5227,2024-08-05 18:00:00,Light,47.20695896275041,Field2,False
5228,2024-08-05 19:00:00,SoilPH,8.286004588976393,Field3,False
5229,2024-08-05 20:00:00,Humidity,96.31217356456882,Field3,False
5230,2024-08-05 21:00:00,Humidity,60.53782373018047,Field1,False
5231,2024-08-05 22:00:00,SoilPH,32.33180577047582,Field2,False
5232,2024-08-05 23:00:00,Humidity,37.45613176629536,Field3,False
5233,2024-08-06 00:00:00,Humidity,75.01597120913057,Field1,False
5234,2024-08-06 01:00:00,SoilMoisture,66.1438109663253,Field1,False
5235,2024-08-06 02:00:00,SoilPH,31.88807323678321,Field1,False
5236,2024-08-06 03:00:00,Temperature,88.75950477607107,Field4,True
5237,2024-08-06 04:00:00,SoilMoisture,83.90480932444969,Field1,False
5238,2024-08-06 05:00:00,SoilPH,7.778195759032336,Field2,False
5239,2024-08-06 06:00:00,Humidity,4.673950017114425,Field4,False
5240,2024-08-06 07:00:00,Humidity,82.08320294659165,Field4,False
5241,2024-08-06 08:00:00,Temperature,36.57948408689477,Field2,False
5242,2024-08-06 09:00:00,Humidity,1.348669906097677,Field3,False
5243,2024-08-06 10:00:00,Temperature,9.556744867312704,Field3,False
5244,2024-08-06 11:00:00,Humidity,83.64598772865524,Field3,False
5245,2024-08-06 12:00:00,Light,81.44351125037332,Field1,False
5246,2024-08-06 13:00:00,Light,73.56234122687263,Field2,False
5247,2024-08-06 14:00:00,Humidity,36.73164503438087,Field2,False
5248,2024-08-06 15:00:00,Temperature,25.414301935484364,Field4,False
5249,2024-08-06 16:00:00,Temperature,87.37776689000877,Field1,True
5250,2024-08-06 17:00:00,SoilMoisture,16.626904028107013,Field4,False
5251,2024-08-06 18:00:00,Light,42.62528076584344,Field3,False
5252,2024-08-06 19:00:00,SoilMoisture,87.6488148788276,Field4,False
5253,2024-08-06 20:00:00,Temperature,46.75067501362565,Field3,False
5254,2024-08-06 21:00:00,Humidity,35.70098488564031,Field4,False
5255,2024-08-06 22:00:00,Light,51.09925579534617,Field3,False
5256,2024-08-06 23:00:00,SoilPH,81.86974692378679,Field2,False
5257,2024-08-07 00:00:00,Humidity,47.88420896952277,Field4,False
5258,2024-08-07 01:00:00,Temperature,57.46488808134954,Field1,True
5259,2024-08-07 02:00:00,Light,39.23611795509839,Field3,False
5260,2024-08-07 03:00:00,Temperature,53.63611282843747,Field2,True
5261,2024-08-07 04:00:00,Temperature,80.66472143868937,Field3,True
5262,2024-08-07 05:00:00,SoilPH,54.782978473481805,Field2,False
5263,2024-08-07 06:00:00,Temperature,49.62530521669566,Field2,False
5264,2024-08-07 07:00:00,Temperature,47.10255110355202,Field4,False
5265,2024-08-07 08:00:00,Temperature,77.64674685787053,Field1,True
5266,2024-08-07 09:00:00,SoilPH,22.817301082123898,Field1,False
5267,2024-08-07 10:00:00,SoilMoisture,42.46299705395269,Field3,False
5268,2024-08-07 11:00:00,Temperature,30.76077638989529,Field2,False
5269,2024-08-07 12:00:00,Temperature,11.792982738476354,Field2,False
5270,2024-08-07 13:00:00,Humidity,62.02772322510812,Field3,False
5271,2024-08-07 14:00:00,Light,66.21217503250216,Field1,False
5272,2024-08-07 15:00:00,Light,9.717986081906238,Field4,False
5273,2024-08-07 16:00:00,Light,92.5281909841137,Field3,False
5274,2024-08-07 17:00:00,Light,59.13216104884905,Field1,False
5275,2024-08-07 18:00:00,Light,28.08108000507995,Field3,False
5276,2024-08-07 19:00:00,Humidity,2.0539401256255974,Field2,False
5277,2024-08-07 20:00:00,SoilPH,54.09532661551145,Field2,False
5278,2024-08-07 21:00:00,Light,33.26636225493296,Field4,False
5279,2024-08-07 22:00:00,Humidity,97.92677262689448,Field1,False
5280,2024-08-07 23:00:00,Humidity,96.64886691468544,Field4,False
5281,2024-08-08 00:00:00,Temperature,48.042633632163415,Field2,False
5282,2024-08-08 01:00:00,Light,68.51275984093294,Field3,False
5283,2024-08-08 02:00:00,Humidity,57.98978628063385,Field1,False
5284,2024-08-08 03:00:00,Humidity,10.211062366371891,Field3,False
5285,2024-08-08 04:00:00,Humidity,27.431692048457112,Field3,False
5286,2024-08-08 05:00:00,Humidity,17.504592672600626,Field3,False
5287,2024-08-08 06:00:00,SoilMoisture,32.25489304667486,Field3,False
5288,2024-08-08 07:00:00,Humidity,26.90975334685264,Field2,False
5289,2024-08-08 08:00:00,SoilPH,23.906721679619803,Field4,False
5290,2024-08-08 09:00:00,SoilPH,75.46058030760217,Field1,False
5291,2024-08-08 10:00:00,Light,84.9470972754061,Field4,False
5292,2024-08-08 11:00:00,Light,45.71208954777705,Field4,False
5293,2024-08-08 12:00:00,Light,77.64368962736445,Field1,False
5294,2024-08-08 13:00:00,Humidity,10.456154634624736,Field3,False
5295,2024-08-08 14:00:00,Light,80.68717207577778,Field2,False
5296,2024-08-08 15:00:00,Light,61.952436410865786,Field3,False
5297,2024-08-08 16:00:00,SoilPH,70.9993682940276,Field1,False
5298,2024-08-08 17:00:00,Light,17.788788007182653,Field2,False
5299,2024-08-08 18:00:00,Temperature,90.69090346135278,Field4,True
5300,2024-08-08 19:00:00,Humidity,40.416025970933376,Field3,False
5301,2024-08-08 20:00:00,Humidity,13.711853208091329,Field3,False
5302,2024-08-08 21:00:00,Humidity,76.49024401672521,Field4,False
5303,2024-08-08 22:00:00,Temperature,78.77634867457837,Field2,True
5304,2024-08-08 23:00:00,SoilMoisture,50.01676584926818,Field2,False
5305,2024-08-09 00:00:00,SoilMoisture,27.377651520365053,Field1,False
5306,2024-08-09 01:00:00,SoilPH,8.733063468362701,Field1,False
5307,2024-08-09 02:00:00,SoilMoisture,33.68809049886878,Field4,False
5308,2024-08-09 03:00:00,Temperature,59.52822170678387,Field4,True
5309,2024-08-09 04:00:00,SoilPH,74.77133376883721,Field4,False
5310,2024-08-09 05:00:00,Humidity,88.85960060029593,Field3,False
5311,2024-08-09 06:00:00,Light,56.9965962190785,Field3,False
5312,2024-08-09 07:00:00,Humidity,10.622228222117602,Field1,False
5313,2024-08-09 08:00:00,Light,68.30549307956824,Field1,False
5314,2024-08-09 09:00:00,Light,2.781871760968291,Field3,False
5315,2024-08-09 10:00:00,Humidity,76.35423018423417,Field1,False
5316,2024-08-09 11:00:00,Temperature,47.24474526192704,Field4,False
5317,2024-08-09 12:00:00,Humidity,68.7268442756345,Field3,False
5318,2024-08-09 13:00:00,Temperature,83.69288385935356,Field4,True
5319,2024-08-09 14:00:00,SoilMoisture,29.731223478859004,Field4,False
5320,2024-08-09 15:00:00,SoilMoisture,55.37234261001688,Field4,False
5321,2024-08-09 16:00:00,Humidity,27.26723012272243,Field4,False
5322,2024-08-09 17:00:00,Temperature,71.28165813459152,Field2,True
5323,2024-08-09 18:00:00,Humidity,41.63842456053003,Field1,False
5324,2024-08-09 19:00:00,Temperature,30.58824561639204,Field4,False
5325,2024-08-09 20:00:00,Temperature,90.92637730653053,Field4,True
5326,2024-08-09 21:00:00,Humidity,12.878306148734197,Field1,False
5327,2024-08-09 22:00:00,Temperature,13.860088603970034,Field3,False
5328,2024-08-09 23:00:00,Temperature,48.24534270132664,Field2,False
5329,2024-08-10 00:00:00,SoilPH,75.86139750042385,Field3,False
5330,2024-08-10 01:00:00,SoilPH,7.845158621293846,Field1,False
5331,2024-08-10 02:00:00,Light,86.95322249520697,Field2,False
5332,2024-08-10 03:00:00,Temperature,4.266710337150115,Field3,False
5333,2024-08-10 04:00:00,Light,9.5840049481824,Field3,False
5334,2024-08-10 05:00:00,SoilMoisture,47.50519240034096,Field1,False
5335,2024-08-10 06:00:00,Temperature,45.31130739448762,Field1,False
5336,2024-08-10 07:00:00,SoilMoisture,28.674624440898523,Field1,False
5337,2024-08-10 08:00:00,SoilPH,93.76791761195076,Field4,False
5338,2024-08-10 09:00:00,SoilMoisture,58.13674591331802,Field4,False
5339,2024-08-10 10:00:00,SoilMoisture,3.466671284460288,Field4,False
5340,2024-08-10 11:00:00,Humidity,74.15625817669958,Field1,False
5341,2024-08-10 12:00:00,Temperature,18.65242257954877,Field1,False
5342,2024-08-10 13:00:00,Temperature,74.92335998210591,Field2,True
5343,2024-08-10 14:00:00,Light,55.61358505205865,Field4,False
5344,2024-08-10 15:00:00,SoilMoisture,0.745007943604048,Field1,False
5345,2024-08-10 16:00:00,SoilPH,83.23990467758908,Field3,False
5346,2024-08-10 17:00:00,SoilPH,51.05112664995097,Field4,False
5347,2024-08-10 18:00:00,SoilMoisture,78.91932645792168,Field2,False
5348,2024-08-10 19:00:00,Humidity,44.54380752404548,Field3,False
5349,2024-08-10 20:00:00,SoilMoisture,84.91438874687289,Field1,False
5350,2024-08-10 21:00:00,SoilMoisture,85.22298381768123,Field1,False
5351,2024-08-10 22:00:00,SoilPH,53.30676148912071,Field4,False
5352,2024-08-10 23:00:00,SoilMoisture,69.24752586427375,Field3,False
5353,2024-08-11 00:00:00,Light,36.09241380641856,Field2,False
5354,2024-08-11 01:00:00,SoilPH,82.86080965473104,Field2,False
5355,2024-08-11 02:00:00,SoilPH,23.4394594407826,Field1,False
5356,2024-08-11 03:00:00,Humidity,94.15430640919384,Field1,False
5357,2024-08-11 04:00:00,SoilMoisture,32.988760343702154,Field4,False
5358,2024-08-11 05:00:00,SoilPH,69.94801009772186,Field4,False
5359,2024-08-11 06:00:00,SoilMoisture,20.106937567528483,Field3,False
5360,2024-08-11 07:00:00,Temperature,8.429985262124795,Field2,False
5361,2024-08-11 08:00:00,Humidity,20.961985648044468,Field2,False
5362,2024-08-11 09:00:00,SoilPH,99.86256904580932,Field4,False
5363,2024-08-11 10:00:00,Light,97.58480660305548,Field3,False
5364,2024-08-11 11:00:00,Humidity,3.084128410640796,Field2,False
5365,2024-08-11 12:00:00,SoilMoisture,48.21793494294106,Field1,False
5366,2024-08-11 13:00:00,Humidity,65.86498907627129,Field2,False
5367,2024-08-11 14:00:00,Temperature,12.159681837541235,Field4,False
5368,2024-08-11 15:00:00,Humidity,37.31111873970083,Field4,False
5369,2024-08-11 16:00:00,SoilPH,27.46420865406236,Field3,False
5370,2024-08-11 17:00:00,Temperature,51.67698372531241,Field3,True
5371,2024-08-11 18:00:00,SoilMoisture,28.967285691231915,Field1,False
5372,2024-08-11 19:00:00,Temperature,43.50515036057792,Field1,False
5373,2024-08-11 20:00:00,Light,29.57232317623928,Field3,False
5374,2024-08-11 21:00:00,Humidity,1.5674233154483797,Field2,False
5375,2024-08-11 22:00:00,SoilMoisture,84.40593214483326,Field4,False
5376,2024-08-11 23:00:00,SoilPH,85.8675739608199,Field1,False
5377,2024-08-12 00:00:00,Light,96.54086426104848,Field1,False
5378,2024-08-12 01:00:00,Humidity,73.34121268058234,Field2,False
5379,2024-08-12 02:00:00,SoilPH,81.22123508018403,Field2,False
5380,2024-08-12 03:00:00,Light,6.277243674324873,Field2,False
5381,2024-08-12 04:00:00,Humidity,96.05175942139697,Field3,False
5382,2024-08-12 05:00:00,SoilPH,30.58314804541221,Field1,False
5383,2024-08-12 06:00:00,SoilMoisture,4.7274671978850265,Field4,False
5384,2024-08-12 07:00:00,Humidity,59.11903847602419,Field2,False
5385,2024-08-12 08:00:00,SoilPH,5.122131210868608,Field1,False
5386,2024-08-12 09:00:00,Light,19.1070685853984,Field1,False
5387,2024-08-12 10:00:00,SoilMoisture,97.15761893662322,Field3,False
5388,2024-08-12 11:00:00,Light,59.88926692074196,Field1,False
5389,2024-08-12 12:00:00,SoilMoisture,78.39472700578514,Field2,False
5390,2024-08-12 13:00:00,SoilPH,1.4158364188599948,Field3,False
5391,2024-08-12 14:00:00,Humidity,43.87314737159538,Field4,False
5392,2024-08-12 15:00:00,SoilPH,42.202568175050935,Field4,False
5393,2024-08-12 16:00:00,Light,78.49475226010505,Field3,False
5394,2024-08-12 17:00:00,Temperature,23.59063993909321,Field3,False
5395,2024-08-12 18:00:00,SoilPH,39.57601360103087,Field1,False
5396,2024-08-12 19:00:00,SoilMoisture,4.535652519494093,Field2,False
5397,2024-08-12 20:00:00,Light,35.69092268788248,Field2,False
5398,2024-08-12 21:00:00,SoilPH,15.484951946485348,Field2,False
5399,2024-08-12 22:00:00,Light,89.45554498286121,Field1,False
5400,2024-08-12 23:00:00,SoilMoisture,91.08151546194354,Field1,False
5401,2024-08-13 00:00:00,SoilMoisture,98.59253305484144,Field1,False
5402,2024-08-13 01:00:00,SoilMoisture,31.96033221719714,Field4,False
5403,2024-08-13 02:00:00,Humidity,37.20132302274225,Field1,False
5404,2024-08-13 03:00:00,SoilPH,71.70387062212696,Field4,False
5405,2024-08-13 04:00:00,Humidity,70.08594013259963,Field1,False
5406,2024-08-13 05:00:00,SoilMoisture,53.78635769416885,Field1,False
5407,2024-08-13 06:00:00,Temperature,54.11994797124745,Field3,True
5408,2024-08-13 07:00:00,SoilPH,22.125292255473617,Field4,False
5409,2024-08-13 08:00:00,SoilPH,22.819546159940675,Field3,False
5410,2024-08-13 09:00:00,Light,45.13372462478043,Field3,False
5411,2024-08-13 10:00:00,Humidity,3.692554197366371,Field3,False
5412,2024-08-13 11:00:00,Temperature,46.9658138078603,Field4,False
5413,2024-08-13 12:00:00,Humidity,59.51494770278807,Field4,False
5414,2024-08-13 13:00:00,Humidity,45.46786702740137,Field3,False
5415,2024-08-13 14:00:00,SoilMoisture,26.44002460845044,Field1,False
5416,2024-08-13 15:00:00,SoilPH,71.56473130035688,Field2,False
5417,2024-08-13 16:00:00,Humidity,5.723816212742694,Field2,False
5418,2024-08-13 17:00:00,Temperature,79.45744178575231,Field2,True
5419,2024-08-13 18:00:00,SoilPH,37.41846944751844,Field4,False
5420,2024-08-13 19:00:00,SoilPH,32.81280153414801,Field4,False
5421,2024-08-13 20:00:00,Humidity,88.00097025950572,Field1,False
5422,2024-08-13 21:00:00,Humidity,68.44941443874002,Field2,False
5423,2024-08-13 22:00:00,Temperature,42.7430416581274,Field2,False
5424,2024-08-13 23:00:00,Temperature,63.84544195059203,Field4,True
5425,2024-08-14 00:00:00,SoilPH,14.94180568480492,Field1,False
5426,2024-08-14 01:00:00,Light,83.79347405503978,Field2,False
5427,2024-08-14 02:00:00,SoilPH,47.51269762294882,Field3,False
5428,2024-08-14 03:00:00,Light,83.96986400155855,Field2,False
5429,2024-08-14 04:00:00,Temperature,23.977194069581497,Field4,False
5430,2024-08-14 05:00:00,SoilMoisture,30.037540441115627,Field3,False
5431,2024-08-14 06:00:00,Humidity,48.02125543053252,Field1,False
5432,2024-08-14 07:00:00,Humidity,87.05108705780333,Field2,False
5433,2024-08-14 08:00:00,Humidity,43.54834762120839,Field1,False
5434,2024-08-14 09:00:00,Light,79.29182951114943,Field3,False
5435,2024-08-14 10:00:00,Light,73.35536011508628,Field3,False
5436,2024-08-14 11:00:00,SoilPH,40.711768283316594,Field2,False
5437,2024-08-14 12:00:00,Temperature,15.870501590936325,Field4,False
5438,2024-08-14 13:00:00,SoilMoisture,20.230498180220717,Field3,False
5439,2024-08-14 14:00:00,Light,28.67545393426789,Field1,False
5440,2024-08-14 15:00:00,SoilPH,99.2053919764909,Field2,False
5441,2024-08-14 16:00:00,SoilPH,5.9424901387227225,Field2,False
5442,2024-08-14 17:00:00,Temperature,41.65571087189554,Field3,False
5443,2024-08-14 18:00:00,SoilPH,86.16514251206517,Field4,False
5444,2024-08-14 19:00:00,SoilMoisture,30.40449265717761,Field3,False
5445,2024-08-14 20:00:00,Temperature,24.60366922893695,Field1,False
5446,2024-08-14 21:00:00,Humidity,90.6857744280631,Field1,False
5447,2024-08-14 22:00:00,SoilMoisture,89.73334521630693,Field4,False
5448,2024-08-14 23:00:00,Humidity,8.305922284067336,Field1,False
5449,2024-08-15 00:00:00,SoilMoisture,13.234710725730082,Field3,False
5450,2024-08-15 01:00:00,Humidity,98.71707081692696,Field3,False
5451,2024-08-15 02:00:00,SoilPH,50.95138622564812,Field1,False
5452,2024-08-15 03:00:00,Light,3.5460024270331347,Field1,False
5453,2024-08-15 04:00:00,Light,36.38783295532304,Field2,False
5454,2024-08-15 05:00:00,SoilMoisture,65.13536366922314,Field1,False
5455,2024-08-15 06:00:00,Humidity,14.89548665078927,Field4,False
5456,2024-08-15 07:00:00,SoilMoisture,0.7771871442331046,Field4,False
5457,2024-08-15 08:00:00,SoilPH,37.38055651901395,Field4,False
5458,2024-08-15 09:00:00,Light,34.94978379859267,Field4,False
5459,2024-08-15 10:00:00,Humidity,98.2916763371395,Field2,False
5460,2024-08-15 11:00:00,Humidity,87.24156814084067,Field4,False
5461,2024-08-15 12:00:00,SoilPH,73.03807100070253,Field3,False
5462,2024-08-15 13:00:00,Light,89.51722049955151,Field1,False
5463,2024-08-15 14:00:00,Humidity,77.1118848981543,Field2,False
5464,2024-08-15 15:00:00,Light,75.6123892801136,Field1,False
5465,2024-08-15 16:00:00,Temperature,44.99929759045141,Field2,False
5466,2024-08-15 17:00:00,SoilMoisture,15.291829673225156,Field1,False
5467,2024-08-15 18:00:00,SoilPH,51.09097178754997,Field1,False
5468,2024-08-15 19:00:00,Humidity,84.44228549988696,Field1,False
5469,2024-08-15 20:00:00,Temperature,93.1570911688872,Field4,True
5470,2024-08-15 21:00:00,Humidity,11.660611522814037,Field3,False
5471,2024-08-15 22:00:00,Temperature,26.081781126106986,Field1,False
5472,2024-08-15 23:00:00,Temperature,79.18380693644161,Field1,True
5473,2024-08-16 00:00:00,Light,67.41352422419831,Field2,False
5474,2024-08-16 01:00:00,SoilPH,39.36239780849684,Field4,False
5475,2024-08-16 02:00:00,Humidity,71.3680208744169,Field4,False
5476,2024-08-16 03:00:00,SoilMoisture,20.92375575770632,Field2,False
5477,2024-08-16 04:00:00,SoilPH,6.6941153536676845,Field3,False
5478,2024-08-16 05:00:00,SoilMoisture,33.9894660043529,Field2,False
5479,2024-08-16 06:00:00,Humidity,90.37863054576844,Field1,False
5480,2024-08-16 07:00:00,Humidity,80.78883887957443,Field1,False
5481,2024-08-16 08:00:00,SoilMoisture,80.4504307292882,Field2,False
5482,2024-08-16 09:00:00,Humidity,97.1460858324282,Field3,False
5483,2024-08-16 10:00:00,Temperature,93.2570055688074,Field3,True
5484,2024-08-16 11:00:00,Temperature,40.269843245823765,Field4,False
5485,2024-08-16 12:00:00,Humidity,23.031857184295067,Field2,False
5486,2024-08-16 13:00:00,Light,0.1296812648717837,Field2,False
5487,2024-08-16 14:00:00,Humidity,63.22176923514979,Field1,False
5488,2024-08-16 15:00:00,Humidity,65.51783376218656,Field3,False
5489,2024-08-16 16:00:00,SoilMoisture,93.37481003267766,Field2,False
5490,2024-08-16 17:00:00,Temperature,46.45504597850345,Field4,False
5491,2024-08-16 18:00:00,Light,10.061802352175263,Field1,False
5492,2024-08-16 19:00:00,Temperature,82.59831471645508,Field1,True
5493,2024-08-16 20:00:00,Light,36.90744332622495,Field3,False
5494,2024-08-16 21:00:00,SoilPH,17.858413031093324,Field3,False
5495,2024-08-16 22:00:00,SoilPH,45.17156121516754,Field4,False
5496,2024-08-16 23:00:00,Light,55.62912367089374,Field2,False
5497,2024-08-17 00:00:00,Humidity,62.99274504853361,Field2,False
5498,2024-08-17 01:00:00,Temperature,23.85749966074838,Field3,False
5499,2024-08-17 02:00:00,SoilMoisture,53.25436480252922,Field3,False
5500,2024-08-17 03:00:00,SoilPH,80.42576752540633,Field1,False
5501,2024-08-17 04:00:00,SoilMoisture,25.38010640333035,Field3,False
5502,2024-08-17 05:00:00,Humidity,15.994913752475073,Field4,False
5503,2024-08-17 06:00:00,Light,76.25034671542662,Field1,False
5504,2024-08-17 07:00:00,SoilMoisture,28.089034453185214,Field2,False
5505,2024-08-17 08:00:00,Humidity,69.21254901486704,Field3,False
5506,2024-08-17 09:00:00,Humidity,54.29698995576429,Field2,False
5507,2024-08-17 10:00:00,SoilMoisture,1.7581174836501123,Field1,False
5508,2024-08-17 11:00:00,Temperature,35.34514617702268,Field2,False
5509,2024-08-17 12:00:00,SoilPH,23.40847664533532,Field1,False
5510,2024-08-17 13:00:00,SoilPH,83.22912218245222,Field4,False
5511,2024-08-17 14:00:00,Humidity,1.99103690432344,Field4,False
5512,2024-08-17 15:00:00,SoilPH,56.26330213498915,Field4,False
5513,2024-08-17 16:00:00,Humidity,17.037474721659805,Field3,False
5514,2024-08-17 17:00:00,Temperature,53.441256544348114,Field2,True
5515,2024-08-17 18:00:00,Light,78.36545491747692,Field3,False
5516,2024-08-17 19:00:00,Light,24.52679947971336,Field1,False
5517,2024-08-17 20:00:00,Light,71.84255745492315,Field4,False
5518,2024-08-17 21:00:00,Temperature,67.66072051380246,Field1,True
5519,2024-08-17 22:00:00,Light,72.55516003518157,Field3,False
5520,2024-08-17 23:00:00,Light,40.97623066527783,Field1,False
5521,2024-08-18 00:00:00,SoilMoisture,3.100937373985746,Field1,False
5522,2024-08-18 01:00:00,Temperature,0.0004011685566074,Field2,False
5523,2024-08-18 02:00:00,Light,89.98353111941469,Field2,False
5524,2024-08-18 03:00:00,SoilMoisture,53.09888400846881,Field3,False
5525,2024-08-18 04:00:00,Light,31.74270359253521,Field1,False
5526,2024-08-18 05:00:00,Humidity,71.55429755530696,Field2,False
5527,2024-08-18 06:00:00,Light,4.391773027277502,Field3,False
5528,2024-08-18 07:00:00,SoilMoisture,64.33705519765137,Field4,False
5529,2024-08-18 08:00:00,Humidity,37.47339348867662,Field4,False
5530,2024-08-18 09:00:00,Temperature,88.65392606005422,Field1,True
5531,2024-08-18 10:00:00,Temperature,25.618061881281264,Field2,False
5532,2024-08-18 11:00:00,Temperature,36.2189770898857,Field4,False
5533,2024-08-18 12:00:00,Light,35.83691011474177,Field3,False
5534,2024-08-18 13:00:00,SoilMoisture,0.4281674010652603,Field2,False
5535,2024-08-18 14:00:00,Temperature,43.21101729503029,Field1,False
5536,2024-08-18 15:00:00,SoilMoisture,48.47319115076417,Field3,False
5537,2024-08-18 16:00:00,Temperature,95.23413304948087,Field2,True
5538,2024-08-18 17:00:00,SoilPH,92.67669089410666,Field4,False
5539,2024-08-18 18:00:00,Humidity,65.50093443777615,Field2,False
5540,2024-08-18 19:00:00,Light,35.600058440711926,Field2,False
5541,2024-08-18 20:00:00,Humidity,47.131215804095305,Field2,False
5542,2024-08-18 21:00:00,Humidity,65.6109503215351,Field3,False
5543,2024-08-18 22:00:00,SoilPH,29.65051913778708,Field4,False
5544,2024-08-18 23:00:00,SoilMoisture,4.9351517055393535,Field1,False
5545,2024-08-19 00:00:00,Humidity,73.2141510451694,Field1,False
5546,2024-08-19 01:00:00,SoilPH,84.20342031344198,Field1,False
5547,2024-08-19 02:00:00,SoilMoisture,50.98058100698275,Field2,False
5548,2024-08-19 03:00:00,SoilPH,6.082075118979279,Field2,False
5549,2024-08-19 04:00:00,SoilMoisture,47.60151188878525,Field3,False
5550,2024-08-19 05:00:00,SoilPH,8.049472072521569,Field2,False
5551,2024-08-19 06:00:00,Humidity,4.540872911269833,Field4,False
5552,2024-08-19 07:00:00,Humidity,69.19094018168131,Field3,False
5553,2024-08-19 08:00:00,SoilPH,58.91104324493419,Field2,False
5554,2024-08-19 09:00:00,Humidity,31.22974550101939,Field3,False
5555,2024-08-19 10:00:00,SoilPH,54.68293965177576,Field3,False
5556,2024-08-19 11:00:00,SoilPH,67.73937157611198,Field2,False
5557,2024-08-19 12:00:00,Light,72.73151156965345,Field3,False
5558,2024-08-19 13:00:00,Temperature,51.559157906836525,Field4,True
5559,2024-08-19 14:00:00,Humidity,72.34978325806438,Field2,False
5560,2024-08-19 15:00:00,SoilPH,42.06083139979183,Field4,False
5561,2024-08-19 16:00:00,Temperature,46.968254155007536,Field1,False
5562,2024-08-19 17:00:00,SoilPH,56.48990090937769,Field2,False
5563,2024-08-19 18:00:00,Humidity,71.6728345018257,Field4,False
5564,2024-08-19 19:00:00,SoilPH,21.232756459508305,Field4,False
5565,2024-08-19 20:00:00,SoilMoisture,15.801912807942086,Field3,False
5566,2024-08-19 21:00:00,SoilMoisture,79.84087252134596,Field3,False
5567,2024-08-19 22:00:00,Light,29.89408787887201,Field4,False
5568,2024-08-19 23:00:00,Humidity,43.32901292670049,Field2,False
5569,2024-08-20 00:00:00,Humidity,22.10848118067672,Field4,False
5570,2024-08-20 01:00:00,Temperature,6.77362549581384,Field1,False
5571,2024-08-20 02:00:00,SoilPH,79.53797466131023,Field2,False
5572,2024-08-20 03:00:00,Humidity,33.15966663916598,Field3,False
5573,2024-08-20 04:00:00,Humidity,74.42774615420532,Field4,False
5574,2024-08-20 05:00:00,Temperature,72.37321533093244,Field1,True
5575,2024-08-20 06:00:00,SoilMoisture,49.17328116166245,Field3,False
5576,2024-08-20 07:00:00,Humidity,47.65411355937482,Field4,False
5577,2024-08-20 08:00:00,Temperature,76.01540952854336,Field2,True
5578,2024-08-20 09:00:00,SoilMoisture,41.52016617713925,Field2,False
5579,2024-08-20 10:00:00,Humidity,69.45550529677543,Field4,False
5580,2024-08-20 11:00:00,SoilMoisture,53.99712438253439,Field4,False
5581,2024-08-20 12:00:00,Humidity,83.8380837834177,Field2,False
5582,2024-08-20 13:00:00,Light,91.19738572025528,Field1,False
5583,2024-08-20 14:00:00,SoilPH,75.25173935989827,Field3,False
5584,2024-08-20 15:00:00,Temperature,20.42637044925325,Field2,False
5585,2024-08-20 16:00:00,Humidity,88.18396908633456,Field4,False
5586,2024-08-20 17:00:00,SoilPH,69.14801353444075,Field2,False
5587,2024-08-20 18:00:00,Light,83.55213448043493,Field3,False
5588,2024-08-20 19:00:00,SoilMoisture,46.52528137798984,Field1,False
5589,2024-08-20 20:00:00,Light,69.82377880503944,Field2,False
5590,2024-08-20 21:00:00,SoilPH,90.03877967774838,Field2,False
5591,2024-08-20 22:00:00,Temperature,59.60196258375233,Field3,True
5592,2024-08-20 23:00:00,SoilPH,66.97912632980902,Field3,False
5593,2024-08-21 00:00:00,SoilMoisture,20.559750904949546,Field1,False
5594,2024-08-21 01:00:00,SoilPH,23.65685307996864,Field4,False
5595,2024-08-21 02:00:00,Light,14.369670484403551,Field4,False
5596,2024-08-21 03:00:00,SoilPH,61.06652800486193,Field4,False
5597,2024-08-21 04:00:00,SoilPH,2.1818524077143358,Field4,False
5598,2024-08-21 05:00:00,SoilPH,85.62341470312633,Field1,False
5599,2024-08-21 06:00:00,SoilPH,61.22511813327787,Field2,False
5600,2024-08-21 07:00:00,SoilMoisture,38.72481257702317,Field2,False
5601,2024-08-21 08:00:00,SoilPH,36.99576130348121,Field2,False
5602,2024-08-21 09:00:00,Temperature,43.28107793161399,Field1,False
5603,2024-08-21 10:00:00,SoilMoisture,58.42456556571608,Field4,False
5604,2024-08-21 11:00:00,SoilMoisture,42.29200418514464,Field2,False
5605,2024-08-21 12:00:00,SoilPH,68.11751504924797,Field2,False
5606,2024-08-21 13:00:00,Light,19.760679592050455,Field3,False
5607,2024-08-21 14:00:00,SoilPH,36.582194145367566,Field1,False
5608,2024-08-21 15:00:00,SoilMoisture,36.33403217761075,Field2,False
5609,2024-08-21 16:00:00,Humidity,93.81717750335656,Field3,False
5610,2024-08-21 17:00:00,Temperature,92.35284399813648,Field3,True
5611,2024-08-21 18:00:00,Light,40.6615571204621,Field3,False
5612,2024-08-21 19:00:00,Light,13.806025371528886,Field4,False
5613,2024-08-21 20:00:00,Light,36.47194395912192,Field3,False
5614,2024-08-21 21:00:00,SoilMoisture,28.98581267147925,Field4,False
5615,2024-08-21 22:00:00,Light,82.99264470753323,Field1,False
5616,2024-08-21 23:00:00,Light,97.16423818528584,Field4,False
5617,2024-08-22 00:00:00,Humidity,81.43421569713442,Field3,False
5618,2024-08-22 01:00:00,Humidity,0.1192296252266245,Field2,False
5619,2024-08-22 02:00:00,Humidity,88.71593963741753,Field3,False
5620,2024-08-22 03:00:00,Light,62.84830697002529,Field1,False
5621,2024-08-22 04:00:00,Light,47.23725265763549,Field1,False
5622,2024-08-22 05:00:00,SoilPH,91.9839717724889,Field2,False
5623,2024-08-22 06:00:00,SoilMoisture,62.537762243138026,Field4,False
5624,2024-08-22 07:00:00,SoilPH,54.11225001719279,Field3,False
5625,2024-08-22 08:00:00,SoilMoisture,80.6198984814348,Field2,False
5626,2024-08-22 09:00:00,SoilPH,86.31324138831842,Field1,False
5627,2024-08-22 10:00:00,Humidity,89.04913092196371,Field4,False
5628,2024-08-22 11:00:00,Light,45.498327769643566,Field1,False
5629,2024-08-22 12:00:00,Humidity,28.970130797195427,Field2,False
5630,2024-08-22 13:00:00,SoilPH,69.66702085885484,Field4,False
5631,2024-08-22 14:00:00,SoilMoisture,19.57443991287414,Field3,False
5632,2024-08-22 15:00:00,Temperature,49.425116138139416,Field1,False
5633,2024-08-22 16:00:00,Temperature,44.12963658067427,Field1,False
5634,2024-08-22 17:00:00,Light,44.67750016660952,Field1,False
5635,2024-08-22 18:00:00,Light,39.80605932026621,Field1,False
5636,2024-08-22 19:00:00,SoilPH,57.76592056132032,Field2,False
5637,2024-08-22 20:00:00,SoilMoisture,99.54152067785222,Field1,False
5638,2024-08-22 21:00:00,SoilMoisture,0.0163098596888788,Field4,False
5639,2024-08-22 22:00:00,Humidity,32.406566672139725,Field3,False
5640,2024-08-22 23:00:00,SoilPH,42.48472720723536,Field2,False
5641,2024-08-23 00:00:00,Humidity,42.68734961555924,Field1,False
5642,2024-08-23 01:00:00,SoilPH,72.75611386319892,Field4,False
5643,2024-08-23 02:00:00,SoilPH,4.5394357691918135,Field4,False
5644,2024-08-23 03:00:00,Light,17.580923972845643,Field4,False
5645,2024-08-23 04:00:00,Light,56.32439849510923,Field1,False
5646,2024-08-23 05:00:00,SoilMoisture,24.919264649485108,Field1,False
5647,2024-08-23 06:00:00,SoilMoisture,98.04646728691492,Field3,False
5648,2024-08-23 07:00:00,Light,33.655683942129656,Field1,False
5649,2024-08-23 08:00:00,Temperature,96.14904559615928,Field1,True
5650,2024-08-23 09:00:00,SoilMoisture,90.92990580088916,Field4,False
5651,2024-08-23 10:00:00,Humidity,72.12132211751842,Field3,False
5652,2024-08-23 11:00:00,Temperature,64.93693887735576,Field4,True
5653,2024-08-23 12:00:00,Humidity,93.12422930586358,Field1,False
5654,2024-08-23 13:00:00,SoilPH,83.21156025300883,Field3,False
5655,2024-08-23 14:00:00,SoilPH,68.18631887126038,Field4,False
5656,2024-08-23 15:00:00,SoilPH,48.40167376125366,Field2,False
5657,2024-08-23 16:00:00,SoilMoisture,55.511469033303854,Field2,False
5658,2024-08-23 17:00:00,SoilMoisture,35.59815774149636,Field2,False
5659,2024-08-23 18:00:00,SoilPH,21.419526875301408,Field1,False
5660,2024-08-23 19:00:00,SoilMoisture,27.679740886785478,Field4,False
5661,2024-08-23 20:00:00,SoilMoisture,0.4663607450518636,Field1,False
5662,2024-08-23 21:00:00,Humidity,74.17263776084923,Field2,False
5663,2024-08-23 22:00:00,Light,21.3682781876244,Field3,False
5664,2024-08-23 23:00:00,SoilPH,10.914443181065614,Field4,False
5665,2024-08-24 00:00:00,Temperature,35.57489280884776,Field2,False
5666,2024-08-24 01:00:00,Light,36.03725335485797,Field1,False
5667,2024-08-24 02:00:00,Light,73.9759692742873,Field4,False
5668,2024-08-24 03:00:00,Humidity,21.84139144905157,Field2,False
5669,2024-08-24 04:00:00,SoilPH,31.926657436249563,Field3,False
5670,2024-08-24 05:00:00,Temperature,56.14672337511463,Field3,True
5671,2024-08-24 06:00:00,Temperature,45.85900830836799,Field2,False
5672,2024-08-24 07:00:00,Humidity,61.80289197856119,Field1,False
5673,2024-08-24 08:00:00,Light,70.18178187952029,Field3,False
5674,2024-08-24 09:00:00,Humidity,63.48401576736017,Field1,False
5675,2024-08-24 10:00:00,Temperature,68.96816850854907,Field2,True
5676,2024-08-24 11:00:00,Light,3.889286416837412,Field3,False
5677,2024-08-24 12:00:00,Light,63.19843600387135,Field4,False
5678,2024-08-24 13:00:00,Humidity,72.65382705202492,Field2,False
5679,2024-08-24 14:00:00,SoilPH,28.44192910614408,Field1,False
5680,2024-08-24 15:00:00,SoilMoisture,55.42377449761613,Field2,False
5681,2024-08-24 16:00:00,Light,0.5969133537113147,Field4,False
5682,2024-08-24 17:00:00,Light,3.7818251633461855,Field1,False
5683,2024-08-24 18:00:00,SoilMoisture,63.41907488291319,Field2,False
5684,2024-08-24 19:00:00,Temperature,67.19653391305167,Field2,True
5685,2024-08-24 20:00:00,SoilMoisture,69.34617274409999,Field4,False
5686,2024-08-24 21:00:00,Humidity,48.728324118524746,Field2,False
5687,2024-08-24 22:00:00,Light,59.79569139756538,Field1,False
5688,2024-08-24 23:00:00,Light,14.391163826980724,Field2,False
5689,2024-08-25 00:00:00,SoilPH,32.70059081594003,Field3,False
5690,2024-08-25 01:00:00,Temperature,50.22798928360645,Field3,True
5691,2024-08-25 02:00:00,Humidity,12.668154472516235,Field3,False
5692,2024-08-25 03:00:00,SoilMoisture,34.17515831302337,Field2,False
5693,2024-08-25 04:00:00,Temperature,12.042665249126872,Field3,False
5694,2024-08-25 05:00:00,Temperature,88.46438000890508,Field4,True
5695,2024-08-25 06:00:00,Humidity,83.19558591488837,Field3,False
5696,2024-08-25 07:00:00,SoilPH,20.079620091899976,Field1,False
5697,2024-08-25 08:00:00,Humidity,89.3716667028284,Field2,False
5698,2024-08-25 09:00:00,Humidity,54.05067807115649,Field2,False
5699,2024-08-25 10:00:00,SoilPH,10.069060231355063,Field4,False
5700,2024-08-25 11:00:00,Temperature,79.98995592607722,Field1,True
5701,2024-08-25 12:00:00,Temperature,61.03262302247781,Field4,True
5702,2024-08-25 13:00:00,SoilMoisture,55.73095158275439,Field4,False
5703,2024-08-25 14:00:00,SoilPH,84.00178725885986,Field3,False
5704,2024-08-25 15:00:00,Temperature,6.517513248826623,Field1,False
5705,2024-08-25 16:00:00,Temperature,79.77836952886823,Field1,True
5706,2024-08-25 17:00:00,SoilPH,14.082835866412214,Field2,False
5707,2024-08-25 18:00:00,Light,18.107904118822404,Field3,False
5708,2024-08-25 19:00:00,Temperature,53.7542101171066,Field1,True
5709,2024-08-25 20:00:00,SoilPH,87.77375279338096,Field4,False
5710,2024-08-25 21:00:00,Light,28.06119942731961,Field3,False
5711,2024-08-25 22:00:00,Light,78.70926711630605,Field3,False
5712,2024-08-25 23:00:00,Temperature,41.57037335445742,Field4,False
5713,2024-08-26 00:00:00,SoilMoisture,39.777353337868014,Field2,False
5714,2024-08-26 01:00:00,Humidity,10.06378947739498,Field3,False
5715,2024-08-26 02:00:00,SoilMoisture,84.42996459960224,Field3,False
5716,2024-08-26 03:00:00,SoilMoisture,54.86315583113256,Field1,False
5717,2024-08-26 04:00:00,Temperature,36.34844821603679,Field1,False
5718,2024-08-26 05:00:00,SoilPH,17.100269251292012,Field4,False
5719,2024-08-26 06:00:00,SoilPH,51.32435100393423,Field1,False
5720,2024-08-26 07:00:00,Light,18.104957851358797,Field2,False
5721,2024-08-26 08:00:00,SoilMoisture,20.288768518372567,Field3,False
5722,2024-08-26 09:00:00,Humidity,53.28188142914861,Field2,False
5723,2024-08-26 10:00:00,Light,86.2656955963793,Field4,False
5724,2024-08-26 11:00:00,Humidity,82.27446889878391,Field3,False
5725,2024-08-26 12:00:00,Light,62.38104809920405,Field2,False
5726,2024-08-26 13:00:00,SoilPH,32.71100190715318,Field2,False
5727,2024-08-26 14:00:00,Temperature,25.339363421555134,Field3,False
5728,2024-08-26 15:00:00,Humidity,57.0931295190187,Field1,False
5729,2024-08-26 16:00:00,Temperature,62.25641276265564,Field2,True
5730,2024-08-26 17:00:00,Light,93.36189869293206,Field3,False
5731,2024-08-26 18:00:00,Light,93.34282135359284,Field1,False
5732,2024-08-26 19:00:00,Temperature,32.53779891907721,Field1,False
5733,2024-08-26 20:00:00,SoilPH,16.121301068807657,Field3,False
5734,2024-08-26 21:00:00,Humidity,97.045940708871,Field4,False
5735,2024-08-26 22:00:00,Temperature,84.34213939901741,Field3,True
5736,2024-08-26 23:00:00,Light,3.982487245270272,Field3,False
5737,2024-08-27 00:00:00,Humidity,72.27615343398435,Field3,False
5738,2024-08-27 01:00:00,Humidity,17.54275589234361,Field1,False
5739,2024-08-27 02:00:00,SoilMoisture,42.23460362247957,Field4,False
5740,2024-08-27 03:00:00,Humidity,57.7706761578723,Field1,False
5741,2024-08-27 04:00:00,SoilPH,36.93820938220449,Field2,False
5742,2024-08-27 05:00:00,Temperature,51.10307685199334,Field3,True
5743,2024-08-27 06:00:00,SoilPH,15.775923441203298,Field1,False
5744,2024-08-27 07:00:00,SoilMoisture,46.32794673641547,Field3,False
5745,2024-08-27 08:00:00,SoilPH,54.85326231719312,Field2,False
5746,2024-08-27 09:00:00,Humidity,7.767337000113484,Field2,False
5747,2024-08-27 10:00:00,Humidity,66.62570647375705,Field4,False
5748,2024-08-27 11:00:00,Humidity,25.188667242277173,Field4,False
5749,2024-08-27 12:00:00,Temperature,38.45991259510926,Field4,False
5750,2024-08-27 13:00:00,Light,2.696639053854044,Field2,False
5751,2024-08-27 14:00:00,Light,75.61445411493284,Field4,False
5752,2024-08-27 15:00:00,SoilMoisture,53.6785206008454,Field2,False
5753,2024-08-27 16:00:00,SoilPH,30.183794180758905,Field4,False
5754,2024-08-27 17:00:00,Light,1.465547748529028,Field1,False
5755,2024-08-27 18:00:00,Temperature,27.3652612465104,Field3,False
5756,2024-08-27 19:00:00,Humidity,82.38026373574532,Field2,False
5757,2024-08-27 20:00:00,SoilMoisture,66.53693433324001,Field3,False
5758,2024-08-27 21:00:00,Humidity,48.12950609438978,Field3,False
5759,2024-08-27 22:00:00,Temperature,17.7122288946873,Field1,False
5760,2024-08-27 23:00:00,Humidity,13.733573218284834,Field3,False
5761,2024-08-28 00:00:00,Temperature,27.099246306131576,Field4,False
5762,2024-08-28 01:00:00,SoilPH,73.91599399067223,Field2,False
5763,2024-08-28 02:00:00,Temperature,54.66454436223282,Field4,True
5764,2024-08-28 03:00:00,SoilPH,2.343910832802698,Field3,False
5765,2024-08-28 04:00:00,SoilPH,47.98779626630496,Field3,False
5766,2024-08-28 05:00:00,SoilPH,9.98452683435147,Field4,False
5767,2024-08-28 06:00:00,Humidity,39.36535927916819,Field2,False
5768,2024-08-28 07:00:00,Humidity,12.628811486216271,Field4,False
5769,2024-08-28 08:00:00,Humidity,21.66522653802492,Field4,False
5770,2024-08-28 09:00:00,SoilMoisture,92.87107168806747,Field4,False
5771,2024-08-28 10:00:00,SoilMoisture,72.85995526797848,Field3,False
5772,2024-08-28 11:00:00,Light,79.96878739793802,Field2,False
5773,2024-08-28 12:00:00,SoilMoisture,62.60585244778911,Field1,False
5774,2024-08-28 13:00:00,Humidity,11.177118109509932,Field2,False
5775,2024-08-28 14:00:00,SoilMoisture,81.35208119515347,Field3,False
5776,2024-08-28 15:00:00,SoilMoisture,48.64073827085582,Field4,False
5777,2024-08-28 16:00:00,SoilMoisture,14.11801533239425,Field2,False
5778,2024-08-28 17:00:00,Light,63.75113902626931,Field3,False
5779,2024-08-28 18:00:00,SoilPH,14.980379934100364,Field4,False
5780,2024-08-28 19:00:00,Humidity,83.25657859892405,Field4,False
5781,2024-08-28 20:00:00,Humidity,24.491749606555548,Field1,False
5782,2024-08-28 21:00:00,Light,66.32850621099196,Field3,False
5783,2024-08-28 22:00:00,Temperature,79.47430990886308,Field2,True
5784,2024-08-28 23:00:00,SoilPH,64.63497937756334,Field2,False
5785,2024-08-29 00:00:00,Light,50.73480359515082,Field2,False
5786,2024-08-29 01:00:00,Humidity,21.33336494225173,Field4,False
5787,2024-08-29 02:00:00,SoilMoisture,93.69057370745016,Field2,False
5788,2024-08-29 03:00:00,Light,9.020530963747186,Field1,False
5789,2024-08-29 04:00:00,Temperature,47.44219579298545,Field3,False
5790,2024-08-29 05:00:00,Light,68.5692658886238,Field1,False
5791,2024-08-29 06:00:00,Temperature,12.825115870871972,Field4,False
5792,2024-08-29 07:00:00,Light,32.801672762159725,Field2,False
5793,2024-08-29 08:00:00,Temperature,85.27540628635589,Field2,True
5794,2024-08-29 09:00:00,Light,33.69259312824728,Field3,False
5795,2024-08-29 10:00:00,Temperature,25.50467579610952,Field4,False
5796,2024-08-29 11:00:00,Temperature,77.19600742661584,Field1,True
5797,2024-08-29 12:00:00,Light,21.690038425576684,Field4,False
5798,2024-08-29 13:00:00,Humidity,46.887897834722416,Field3,False
5799,2024-08-29 14:00:00,Light,90.18427899332002,Field4,False
5800,2024-08-29 15:00:00,Humidity,97.42617984552903,Field1,False
5801,2024-08-29 16:00:00,Temperature,76.19113792600281,Field1,True
5802,2024-08-29 17:00:00,Light,0.2342463976135467,Field4,False
5803,2024-08-29 18:00:00,Temperature,14.94336421041238,Field1,False
5804,2024-08-29 19:00:00,Humidity,62.212707703540616,Field4,False
5805,2024-08-29 20:00:00,Light,56.77256356125915,Field2,False
5806,2024-08-29 21:00:00,Light,52.6311116411804,Field2,False
5807,2024-08-29 22:00:00,Light,60.535074182190186,Field1,False
5808,2024-08-29 23:00:00,SoilPH,7.699167407898955,Field2,False
5809,2024-08-30 00:00:00,Humidity,37.48605373233962,Field3,False
5810,2024-08-30 01:00:00,Temperature,90.19065717929386,Field2,True
5811,2024-08-30 02:00:00,Temperature,44.440194682501286,Field1,False
5812,2024-08-30 03:00:00,Light,55.68666029492969,Field4,False
5813,2024-08-30 04:00:00,SoilMoisture,63.07871823221728,Field4,False
5814,2024-08-30 05:00:00,SoilMoisture,27.105910615538587,Field1,False
5815,2024-08-30 06:00:00,SoilPH,57.18163557906134,Field2,False
5816,2024-08-30 07:00:00,Temperature,54.977672061521886,Field1,True
5817,2024-08-30 08:00:00,Light,95.57295856213688,Field2,False
5818,2024-08-30 09:00:00,SoilPH,94.26363966108848,Field1,False
5819,2024-08-30 10:00:00,Light,70.97156581226044,Field1,False
5820,2024-08-30 11:00:00,Temperature,25.189200206085548,Field2,False
5821,2024-08-30 12:00:00,SoilMoisture,31.13018046478733,Field1,False
5822,2024-08-30 13:00:00,Humidity,42.38129644857861,Field2,False
5823,2024-08-30 14:00:00,Humidity,32.88001606513211,Field2,False
5824,2024-08-30 15:00:00,Light,6.136906868328895,Field2,False
5825,2024-08-30 16:00:00,SoilPH,47.15804514349302,Field3,False
5826,2024-08-30 17:00:00,Humidity,51.02204289245095,Field1,False
5827,2024-08-30 18:00:00,SoilPH,0.9600838491790832,Field3,False
5828,2024-08-30 19:00:00,Temperature,63.35103359464888,Field1,True
5829,2024-08-30 20:00:00,Light,11.59260490087255,Field4,False
5830,2024-08-30 21:00:00,SoilPH,11.451200723465982,Field2,False
5831,2024-08-30 22:00:00,Light,14.47682841538952,Field2,False
5832,2024-08-30 23:00:00,Humidity,18.27877850907501,Field4,False
5833,2024-08-31 00:00:00,SoilMoisture,37.995573824525366,Field2,False
5834,2024-08-31 01:00:00,Temperature,17.545432591013522,Field4,False
5835,2024-08-31 02:00:00,Humidity,23.150037218440467,Field2,False
5836,2024-08-31 03:00:00,Light,17.250760865796934,Field1,False
5837,2024-08-31 04:00:00,SoilPH,8.801372387945438,Field1,False
5838,2024-08-31 05:00:00,Light,30.15478446336301,Field4,False
5839,2024-08-31 06:00:00,SoilPH,14.230029941131283,Field1,False
5840,2024-08-31 07:00:00,Light,59.85952371624536,Field4,False
5841,2024-08-31 08:00:00,Temperature,39.11356221297354,Field4,False
5842,2024-08-31 09:00:00,SoilMoisture,9.437661814724985,Field3,False
5843,2024-08-31 10:00:00,SoilPH,29.68608290776976,Field3,False
5844,2024-08-31 11:00:00,Humidity,4.870448005152617,Field4,False
5845,2024-08-31 12:00:00,SoilMoisture,76.06359028166368,Field3,False
5846,2024-08-31 13:00:00,Temperature,66.29277707074802,Field1,True
5847,2024-08-31 14:00:00,SoilPH,26.110939511608432,Field2,False
5848,2024-08-31 15:00:00,Light,58.08637171956006,Field2,False
5849,2024-08-31 16:00:00,Light,71.28998033006285,Field4,False
5850,2024-08-31 17:00:00,SoilMoisture,26.918624160332705,Field2,False
5851,2024-08-31 18:00:00,Light,92.10320420341436,Field3,False
5852,2024-08-31 19:00:00,SoilMoisture,94.50351637304648,Field4,False
5853,2024-08-31 20:00:00,SoilMoisture,64.84432307109552,Field3,False
5854,2024-08-31 21:00:00,Humidity,26.59793910822229,Field1,False
5855,2024-08-31 22:00:00,Humidity,73.87716514715389,Field2,False
5856,2024-08-31 23:00:00,Humidity,90.36430067813828,Field4,False
5857,2024-09-01 00:00:00,Light,69.82604086494662,Field3,False
5858,2024-09-01 01:00:00,SoilPH,62.63718987009072,Field1,False
5859,2024-09-01 02:00:00,SoilPH,56.94019780735404,Field4,False
5860,2024-09-01 03:00:00,Humidity,26.840936990434077,Field4,False
5861,2024-09-01 04:00:00,Humidity,27.04503437115533,Field4,False
5862,2024-09-01 05:00:00,SoilPH,47.00293029437482,Field3,False
5863,2024-09-01 06:00:00,Humidity,91.64078210309624,Field2,False
5864,2024-09-01 07:00:00,SoilMoisture,7.68320439402742,Field1,False
5865,2024-09-01 08:00:00,Temperature,40.348230706779376,Field4,False
5866,2024-09-01 09:00:00,SoilMoisture,0.904441191687888,Field3,False
5867,2024-09-01 10:00:00,SoilPH,50.48744360807271,Field1,False
5868,2024-09-01 11:00:00,Humidity,60.45462194115889,Field2,False
5869,2024-09-01 12:00:00,Temperature,71.74352419689544,Field1,True
5870,2024-09-01 13:00:00,Humidity,95.31679185632296,Field1,False
5871,2024-09-01 14:00:00,SoilMoisture,55.23200377899051,Field4,False
5872,2024-09-01 15:00:00,Humidity,82.40965755398697,Field1,False
5873,2024-09-01 16:00:00,SoilMoisture,61.31375340503437,Field3,False
5874,2024-09-01 17:00:00,Temperature,84.07716021221502,Field4,True
5875,2024-09-01 18:00:00,Light,88.12296321606219,Field2,False
5876,2024-09-01 19:00:00,Light,18.12624908705244,Field3,False
5877,2024-09-01 20:00:00,Temperature,99.56996676744888,Field1,True
5878,2024-09-01 21:00:00,Humidity,85.07605125614572,Field1,False
5879,2024-09-01 22:00:00,Light,14.0895233009371,Field4,False
5880,2024-09-01 23:00:00,SoilMoisture,87.4297474014458,Field3,False
5881,2024-09-02 00:00:00,Light,14.60143738764349,Field4,False
5882,2024-09-02 01:00:00,SoilMoisture,85.05347707825916,Field1,False
5883,2024-09-02 02:00:00,Temperature,16.13233133341151,Field4,False
5884,2024-09-02 03:00:00,Light,59.89253946139351,Field2,False
5885,2024-09-02 04:00:00,Temperature,79.6936395820784,Field1,True
5886,2024-09-02 05:00:00,SoilPH,49.15324256173318,Field4,False
5887,2024-09-02 06:00:00,Temperature,23.65753981926976,Field1,False
5888,2024-09-02 07:00:00,Light,50.5850418490914,Field2,False
5889,2024-09-02 08:00:00,SoilMoisture,87.23435236535023,Field3,False
5890,2024-09-02 09:00:00,Temperature,28.21239885390271,Field3,False
5891,2024-09-02 10:00:00,Light,23.07613361766415,Field1,False
5892,2024-09-02 11:00:00,Humidity,46.78175527632425,Field4,False
5893,2024-09-02 12:00:00,SoilMoisture,29.648283885210848,Field3,False
5894,2024-09-02 13:00:00,Humidity,80.75830092254128,Field2,False
5895,2024-09-02 14:00:00,Humidity,85.39389296639611,Field3,False
5896,2024-09-02 15:00:00,SoilPH,1.8733879520080432,Field2,False
5897,2024-09-02 16:00:00,Temperature,68.33571370427873,Field4,True
5898,2024-09-02 17:00:00,Humidity,56.10170592910553,Field3,False
5899,2024-09-02 18:00:00,SoilMoisture,0.0046286554179819,Field2,False
5900,2024-09-02 19:00:00,Humidity,35.7206215268998,Field4,False
5901,2024-09-02 20:00:00,SoilPH,3.4977417129642974,Field1,False
5902,2024-09-02 21:00:00,Light,16.422018267758677,Field3,False
5903,2024-09-02 22:00:00,SoilMoisture,14.630586795614152,Field3,False
5904,2024-09-02 23:00:00,SoilMoisture,84.11327815603322,Field2,False
5905,2024-09-03 00:00:00,Light,92.06403172241777,Field4,False
5906,2024-09-03 01:00:00,SoilPH,54.65331373866168,Field4,False
5907,2024-09-03 02:00:00,SoilPH,93.56726058263692,Field3,False
5908,2024-09-03 03:00:00,Temperature,74.85075725847742,Field3,True
5909,2024-09-03 04:00:00,SoilMoisture,31.13607341861663,Field1,False
5910,2024-09-03 05:00:00,Temperature,79.75111717205107,Field4,True
5911,2024-09-03 06:00:00,Humidity,83.58772790968165,Field2,False
5912,2024-09-03 07:00:00,Temperature,51.21849559491625,Field3,True
5913,2024-09-03 08:00:00,Temperature,19.33929482318509,Field2,False
5914,2024-09-03 09:00:00,Light,7.10405138596697,Field2,False
5915,2024-09-03 10:00:00,Temperature,63.97580058499888,Field4,True
5916,2024-09-03 11:00:00,Humidity,18.268386972321217,Field2,False
5917,2024-09-03 12:00:00,Temperature,89.83172664401522,Field1,True
5918,2024-09-03 13:00:00,SoilPH,54.08992572133759,Field4,False
5919,2024-09-03 14:00:00,Temperature,24.716672257257024,Field3,False
5920,2024-09-03 15:00:00,Light,6.336695502482614,Field2,False
5921,2024-09-03 16:00:00,Light,61.362235480316784,Field2,False
5922,2024-09-03 17:00:00,Light,40.58567627819725,Field2,False
5923,2024-09-03 18:00:00,Temperature,25.382427539881224,Field1,False
5924,2024-09-03 19:00:00,Humidity,42.697134918934175,Field1,False
5925,2024-09-03 20:00:00,SoilMoisture,83.61091688706325,Field3,False
5926,2024-09-03 21:00:00,Light,66.75309006972543,Field1,False
5927,2024-09-03 22:00:00,Temperature,8.234727052617908,Field1,False
5928,2024-09-03 23:00:00,SoilMoisture,69.19327610155553,Field4,False
5929,2024-09-04 00:00:00,SoilPH,94.08150406967954,Field1,False
5930,2024-09-04 01:00:00,SoilPH,95.67651847981816,Field2,False
5931,2024-09-04 02:00:00,Light,22.8493327826806,Field3,False
5932,2024-09-04 03:00:00,Light,59.12413839157754,Field3,False
5933,2024-09-04 04:00:00,SoilPH,56.5809570260145,Field1,False
5934,2024-09-04 05:00:00,Light,80.46779487952516,Field1,False
5935,2024-09-04 06:00:00,SoilPH,63.23705879578808,Field2,False
5936,2024-09-04 07:00:00,Temperature,38.30205168523938,Field1,False
5937,2024-09-04 08:00:00,SoilMoisture,70.60296737452525,Field1,False
5938,2024-09-04 09:00:00,Temperature,81.08145490532821,Field2,True
5939,2024-09-04 10:00:00,SoilPH,22.43962003894442,Field4,False
5940,2024-09-04 11:00:00,Temperature,96.2577034090209,Field2,True
5941,2024-09-04 12:00:00,SoilPH,3.91087365254742,Field2,False
5942,2024-09-04 13:00:00,Temperature,79.06071097993915,Field4,True
5943,2024-09-04 14:00:00,SoilMoisture,32.86721153047315,Field3,False
5944,2024-09-04 15:00:00,SoilPH,33.397504451159286,Field2,False
5945,2024-09-04 16:00:00,Light,59.28415363089166,Field4,False
5946,2024-09-04 17:00:00,Light,89.013251896744,Field1,False
5947,2024-09-04 18:00:00,Light,92.8207048612708,Field1,False
5948,2024-09-04 19:00:00,SoilPH,33.810867795653934,Field1,False
5949,2024-09-04 20:00:00,Light,64.7555655429069,Field3,False
5950,2024-09-04 21:00:00,Humidity,71.89607086650867,Field1,False
5951,2024-09-04 22:00:00,SoilMoisture,73.43436715155806,Field1,False
5952,2024-09-04 23:00:00,Humidity,15.148964292273224,Field2,False
5953,2024-09-05 00:00:00,SoilPH,81.53397413450143,Field2,False
5954,2024-09-05 01:00:00,SoilPH,43.31477301624454,Field3,False
5955,2024-09-05 02:00:00,SoilMoisture,66.97022262196943,Field4,False
5956,2024-09-05 03:00:00,Temperature,28.488289263600382,Field2,False
5957,2024-09-05 04:00:00,SoilMoisture,29.427395833259084,Field4,False
5958,2024-09-05 05:00:00,Humidity,71.8864063068681,Field3,False
5959,2024-09-05 06:00:00,Humidity,18.157921482687826,Field1,False
5960,2024-09-05 07:00:00,Humidity,12.489282392629564,Field3,False
5961,2024-09-05 08:00:00,Humidity,72.19786046206976,Field2,False
5962,2024-09-05 09:00:00,Temperature,82.39488432926258,Field4,True
5963,2024-09-05 10:00:00,SoilPH,32.30158358718715,Field1,False
5964,2024-09-05 11:00:00,SoilPH,86.510333823028,Field3,False
5965,2024-09-05 12:00:00,SoilMoisture,79.37441739056752,Field1,False
5966,2024-09-05 13:00:00,SoilPH,98.7225732131592,Field1,False
5967,2024-09-05 14:00:00,SoilPH,69.63545316947162,Field2,False
5968,2024-09-05 15:00:00,SoilPH,46.082413578234025,Field3,False
5969,2024-09-05 16:00:00,Temperature,19.028297858952715,Field1,False
5970,2024-09-05 17:00:00,Temperature,73.30665121093449,Field1,True
5971,2024-09-05 18:00:00,SoilPH,81.80439664905352,Field2,False
5972,2024-09-05 19:00:00,Humidity,82.40127090814987,Field1,False
5973,2024-09-05 20:00:00,SoilPH,47.250773715714665,Field4,False
5974,2024-09-05 21:00:00,SoilMoisture,18.931474126162783,Field1,False
5975,2024-09-05 22:00:00,Light,67.40998202526352,Field1,False
5976,2024-09-05 23:00:00,SoilMoisture,65.45876888946445,Field3,False
5977,2024-09-06 00:00:00,Light,14.278658409566669,Field2,False
5978,2024-09-06 01:00:00,Temperature,67.52118213191366,Field4,True
5979,2024-09-06 02:00:00,Temperature,31.692293272177217,Field3,False
5980,2024-09-06 03:00:00,SoilPH,92.10256707296868,Field1,False
5981,2024-09-06 04:00:00,Light,15.9866151199899,Field3,False
5982,2024-09-06 05:00:00,Temperature,46.17204991265492,Field4,False
5983,2024-09-06 06:00:00,Temperature,83.70341725849256,Field1,True
5984,2024-09-06 07:00:00,SoilPH,8.34801528352136,Field1,False
5985,2024-09-06 08:00:00,Temperature,43.83054652558104,Field2,False
5986,2024-09-06 09:00:00,Light,31.374183649111632,Field1,False
5987,2024-09-06 10:00:00,SoilMoisture,81.60068771991426,Field3,False
5988,2024-09-06 11:00:00,Temperature,58.60362195017736,Field3,True
5989,2024-09-06 12:00:00,Humidity,43.23494961459456,Field3,False
5990,2024-09-06 13:00:00,Temperature,35.5239126884315,Field3,False
5991,2024-09-06 14:00:00,SoilMoisture,70.80726297793184,Field3,False
5992,2024-09-06 15:00:00,SoilPH,7.332093236126147,Field2,False
5993,2024-09-06 16:00:00,SoilPH,79.51588047277491,Field1,False
5994,2024-09-06 17:00:00,SoilMoisture,77.25182048441596,Field1,False
5995,2024-09-06 18:00:00,SoilPH,40.99711437931517,Field2,False
5996,2024-09-06 19:00:00,Temperature,51.155608785455634,Field2,True
5997,2024-09-06 20:00:00,Light,99.35591072682028,Field3,False
5998,2024-09-06 21:00:00,Temperature,16.033117302513165,Field1,False
5999,2024-09-06 22:00:00,Light,17.947746490356707,Field1,False
6000,2024-09-06 23:00:00,Humidity,70.48468133575082,Field1,False
6001,2024-09-07 00:00:00,SoilMoisture,17.969842364893328,Field4,False
6002,2024-09-07 01:00:00,SoilMoisture,77.4999952708103,Field1,False
6003,2024-09-07 02:00:00,Temperature,72.38384470297994,Field4,True
6004,2024-09-07 03:00:00,SoilPH,23.156570479386176,Field4,False
6005,2024-09-07 04:00:00,SoilMoisture,36.48594539580661,Field4,False
6006,2024-09-07 05:00:00,Light,13.86088540622108,Field1,False
6007,2024-09-07 06:00:00,SoilPH,94.392918334643,Field1,False
6008,2024-09-07 07:00:00,Light,68.75411021222662,Field3,False
6009,2024-09-07 08:00:00,SoilMoisture,24.149248082533337,Field4,False
6010,2024-09-07 09:00:00,Light,14.33791941166904,Field2,False
6011,2024-09-07 10:00:00,Humidity,8.28444014416837,Field2,False
6012,2024-09-07 11:00:00,Light,26.097229437089776,Field2,False
6013,2024-09-07 12:00:00,Temperature,50.33458263998766,Field1,True
6014,2024-09-07 13:00:00,Humidity,2.189430503039669,Field2,False
6015,2024-09-07 14:00:00,Temperature,55.26153006287229,Field3,True
6016,2024-09-07 15:00:00,Light,56.086393453366014,Field2,False
6017,2024-09-07 16:00:00,SoilPH,21.057496938716515,Field3,False
6018,2024-09-07 17:00:00,Temperature,0.9784686813312238,Field3,False
6019,2024-09-07 18:00:00,SoilPH,45.534362351636325,Field1,False
6020,2024-09-07 19:00:00,Humidity,51.80025916718499,Field3,False
6021,2024-09-07 20:00:00,Light,94.21913659476115,Field3,False
6022,2024-09-07 21:00:00,SoilPH,2.668105534457599,Field3,False
6023,2024-09-07 22:00:00,Temperature,57.3385714110947,Field1,True
6024,2024-09-07 23:00:00,SoilMoisture,99.95401199150406,Field2,False
6025,2024-09-08 00:00:00,Humidity,11.987013930964372,Field4,False
6026,2024-09-08 01:00:00,Humidity,33.183322923225234,Field1,False
6027,2024-09-08 02:00:00,SoilPH,52.801212162222754,Field3,False
6028,2024-09-08 03:00:00,Humidity,2.7311274780831174,Field2,False
6029,2024-09-08 04:00:00,Light,74.66077359845697,Field4,False
6030,2024-09-08 05:00:00,Humidity,95.62596518838608,Field1,False
6031,2024-09-08 06:00:00,Light,50.50759023000359,Field1,False
6032,2024-09-08 07:00:00,Humidity,65.71681509636214,Field4,False
6033,2024-09-08 08:00:00,Light,32.44260916073172,Field1,False
6034,2024-09-08 09:00:00,Temperature,38.09629117071635,Field4,False
6035,2024-09-08 10:00:00,Temperature,48.31636313340459,Field1,False
6036,2024-09-08 11:00:00,Humidity,34.195540025613965,Field1,False
6037,2024-09-08 12:00:00,Humidity,33.67389223771829,Field4,False
6038,2024-09-08 13:00:00,Humidity,5.4595919661237335,Field2,False
6039,2024-09-08 14:00:00,Light,55.49922122887004,Field2,False
6040,2024-09-08 15:00:00,SoilMoisture,1.9469456339692548,Field4,False
6041,2024-09-08 16:00:00,Humidity,85.33152448134894,Field4,False
6042,2024-09-08 17:00:00,Humidity,26.665268832375244,Field2,False
6043,2024-09-08 18:00:00,SoilPH,73.18951890765342,Field1,False
6044,2024-09-08 19:00:00,Humidity,3.727812640552208,Field2,False
6045,2024-09-08 20:00:00,SoilMoisture,49.24985498912564,Field4,False
6046,2024-09-08 21:00:00,Temperature,71.81042274504857,Field2,True
6047,2024-09-08 22:00:00,SoilPH,13.585436742774547,Field1,False
6048,2024-09-08 23:00:00,SoilPH,88.47160623788197,Field1,False
6049,2024-09-09 00:00:00,SoilPH,48.42474678153324,Field1,False
6050,2024-09-09 01:00:00,Temperature,84.1617169729798,Field1,True
6051,2024-09-09 02:00:00,Light,16.06404584510408,Field4,False
6052,2024-09-09 03:00:00,Light,40.279521862622914,Field4,False
6053,2024-09-09 04:00:00,Temperature,15.788477965492495,Field2,False
6054,2024-09-09 05:00:00,SoilPH,54.08453417240408,Field1,False
6055,2024-09-09 06:00:00,SoilMoisture,30.74782813480802,Field3,False
6056,2024-09-09 07:00:00,Temperature,48.18069064621229,Field2,False
6057,2024-09-09 08:00:00,SoilPH,56.84382575428268,Field2,False
6058,2024-09-09 09:00:00,SoilPH,43.50664607158339,Field3,False
6059,2024-09-09 10:00:00,Humidity,70.19001656914192,Field2,False
6060,2024-09-09 11:00:00,Temperature,46.0760872378804,Field4,False
6061,2024-09-09 12:00:00,Light,56.32013308043582,Field2,False
6062,2024-09-09 13:00:00,SoilPH,22.221628025536894,Field2,False
6063,2024-09-09 14:00:00,Light,96.01022270614769,Field3,False
6064,2024-09-09 15:00:00,Light,30.6125776925564,Field1,False
6065,2024-09-09 16:00:00,Humidity,40.40784392790307,Field4,False
6066,2024-09-09 17:00:00,Humidity,43.690566053264014,Field3,False
6067,2024-09-09 18:00:00,Temperature,85.8816834951378,Field1,True
6068,2024-09-09 19:00:00,Temperature,98.2510564110258,Field4,True
6069,2024-09-09 20:00:00,SoilPH,91.04233605690608,Field3,False
6070,2024-09-09 21:00:00,SoilMoisture,43.457715866317216,Field4,False
6071,2024-09-09 22:00:00,SoilPH,63.884092715023165,Field4,False
6072,2024-09-09 23:00:00,Light,47.65406997886642,Field2,False
6073,2024-09-10 00:00:00,Temperature,18.41018505936123,Field2,False
6074,2024-09-10 01:00:00,Temperature,9.017504522578225,Field2,False
6075,2024-09-10 02:00:00,Temperature,35.373124126497856,Field4,False
6076,2024-09-10 03:00:00,Temperature,87.18392457952223,Field3,True
6077,2024-09-10 04:00:00,SoilMoisture,56.16663194016763,Field4,False
6078,2024-09-10 05:00:00,SoilPH,17.81390420976503,Field2,False
6079,2024-09-10 06:00:00,Temperature,57.00194185336621,Field1,True
6080,2024-09-10 07:00:00,SoilMoisture,38.97268419931106,Field3,False
6081,2024-09-10 08:00:00,Humidity,60.46859600339813,Field2,False
6082,2024-09-10 09:00:00,SoilMoisture,57.727409305318965,Field1,False
6083,2024-09-10 10:00:00,Temperature,7.789228213247301,Field4,False
6084,2024-09-10 11:00:00,Temperature,13.90196090664302,Field3,False
6085,2024-09-10 12:00:00,SoilMoisture,98.61475444100898,Field1,False
6086,2024-09-10 13:00:00,Temperature,42.71374557137323,Field4,False
6087,2024-09-10 14:00:00,Temperature,11.879628033220524,Field3,False
6088,2024-09-10 15:00:00,SoilMoisture,7.782172805846532,Field1,False
6089,2024-09-10 16:00:00,SoilPH,33.82487673446916,Field4,False
6090,2024-09-10 17:00:00,Light,51.29092206730221,Field2,False
6091,2024-09-10 18:00:00,SoilPH,79.9276613763185,Field3,False
6092,2024-09-10 19:00:00,SoilMoisture,18.164603538062384,Field2,False
6093,2024-09-10 20:00:00,Temperature,15.420652883266628,Field2,False
6094,2024-09-10 21:00:00,SoilPH,52.61957779085713,Field1,False
6095,2024-09-10 22:00:00,SoilMoisture,14.92048156902318,Field3,False
6096,2024-09-10 23:00:00,SoilMoisture,69.71180752145104,Field3,False
6097,2024-09-11 00:00:00,Humidity,13.946614360077517,Field1,False
6098,2024-09-11 01:00:00,Temperature,68.43790755312156,Field3,True
6099,2024-09-11 02:00:00,Humidity,94.05871921535926,Field4,False
6100,2024-09-11 03:00:00,Light,40.0623125674169,Field2,False
6101,2024-09-11 04:00:00,SoilMoisture,12.975625834695649,Field4,False
6102,2024-09-11 05:00:00,SoilMoisture,98.08341508185816,Field2,False
6103,2024-09-11 06:00:00,Temperature,56.07244320942677,Field4,True
6104,2024-09-11 07:00:00,Humidity,63.17675966091068,Field1,False
6105,2024-09-11 08:00:00,Humidity,82.08022727522331,Field1,False
6106,2024-09-11 09:00:00,Temperature,69.4434994276204,Field4,True
6107,2024-09-11 10:00:00,Humidity,44.02741944053468,Field2,False
6108,2024-09-11 11:00:00,Temperature,51.45625561425536,Field4,True
6109,2024-09-11 12:00:00,Humidity,55.607734154400354,Field4,False
6110,2024-09-11 13:00:00,Temperature,44.536041276350005,Field1,False
6111,2024-09-11 14:00:00,Light,70.97860993749116,Field2,False
6112,2024-09-11 15:00:00,Temperature,46.55109375978667,Field4,False
6113,2024-09-11 16:00:00,Temperature,22.716346912978857,Field2,False
6114,2024-09-11 17:00:00,Humidity,26.373240519929187,Field3,False
6115,2024-09-11 18:00:00,Humidity,85.36530683858521,Field1,False
6116,2024-09-11 19:00:00,Temperature,14.513599535839116,Field1,False
6117,2024-09-11 20:00:00,Temperature,26.207348326361423,Field3,False
6118,2024-09-11 21:00:00,Humidity,69.51739995410394,Field4,False
6119,2024-09-11 22:00:00,SoilMoisture,2.1055998115749874,Field4,False
6120,2024-09-11 23:00:00,SoilPH,80.05987470172174,Field3,False
6121,2024-09-12 00:00:00,Light,58.72171879986049,Field4,False
6122,2024-09-12 01:00:00,Temperature,25.706374198205463,Field3,False
6123,2024-09-12 02:00:00,Humidity,38.43401139515661,Field2,False
6124,2024-09-12 03:00:00,SoilPH,58.56805789136532,Field4,False
6125,2024-09-12 04:00:00,Temperature,45.3477871049354,Field3,False
6126,2024-09-12 05:00:00,Humidity,92.08792938820882,Field4,False
6127,2024-09-12 06:00:00,Humidity,95.2735137302334,Field4,False
6128,2024-09-12 07:00:00,SoilMoisture,28.323483949490846,Field1,False
6129,2024-09-12 08:00:00,Temperature,5.959885891314953,Field2,False
6130,2024-09-12 09:00:00,SoilPH,20.789518545330854,Field2,False
6131,2024-09-12 10:00:00,Light,8.347563615493058,Field1,False
6132,2024-09-12 11:00:00,SoilMoisture,32.53299110528839,Field2,False
6133,2024-09-12 12:00:00,Light,68.28123502724097,Field3,False
6134,2024-09-12 13:00:00,Temperature,85.56561869111755,Field3,True
6135,2024-09-12 14:00:00,SoilPH,58.69715966571004,Field3,False
6136,2024-09-12 15:00:00,SoilPH,55.37353945780551,Field4,False
6137,2024-09-12 16:00:00,SoilPH,51.11310480466581,Field2,False
6138,2024-09-12 17:00:00,Humidity,65.57300483444526,Field3,False
6139,2024-09-12 18:00:00,SoilPH,24.008336578181837,Field3,False
6140,2024-09-12 19:00:00,Humidity,51.024193331647616,Field3,False
6141,2024-09-12 20:00:00,SoilPH,73.15334784615057,Field2,False
6142,2024-09-12 21:00:00,Light,45.194233105248685,Field4,False
6143,2024-09-12 22:00:00,Light,62.14972384433051,Field1,False
6144,2024-09-12 23:00:00,SoilPH,94.23753855328832,Field2,False
6145,2024-09-13 00:00:00,SoilPH,2.211583151556762,Field2,False
6146,2024-09-13 01:00:00,Humidity,56.55257698122168,Field3,False
6147,2024-09-13 02:00:00,Humidity,48.10933145009238,Field4,False
6148,2024-09-13 03:00:00,Humidity,96.15808806591298,Field4,False
6149,2024-09-13 04:00:00,Temperature,32.16366972706531,Field2,False
6150,2024-09-13 05:00:00,Humidity,97.62282893503831,Field2,False
6151,2024-09-13 06:00:00,Humidity,99.39219693978356,Field4,False
6152,2024-09-13 07:00:00,Temperature,66.89330402696407,Field4,True
6153,2024-09-13 08:00:00,SoilPH,66.0081352515197,Field1,False
6154,2024-09-13 09:00:00,SoilMoisture,68.51327435643152,Field2,False
6155,2024-09-13 10:00:00,Temperature,89.65543201337981,Field1,True
6156,2024-09-13 11:00:00,Humidity,89.28377863363778,Field4,False
6157,2024-09-13 12:00:00,Temperature,70.61411768055451,Field1,True
6158,2024-09-13 13:00:00,Light,90.41720514037128,Field4,False
6159,2024-09-13 14:00:00,Light,72.36267628630088,Field3,False
6160,2024-09-13 15:00:00,SoilPH,71.34876066826091,Field4,False
6161,2024-09-13 16:00:00,Humidity,96.27476379505724,Field3,False
6162,2024-09-13 17:00:00,Light,25.191965263871907,Field3,False
6163,2024-09-13 18:00:00,Temperature,49.7482463979014,Field4,False
6164,2024-09-13 19:00:00,Humidity,58.84008862846009,Field3,False
6165,2024-09-13 20:00:00,SoilPH,89.00059714337513,Field2,False
6166,2024-09-13 21:00:00,Humidity,53.55040239096533,Field1,False
6167,2024-09-13 22:00:00,Humidity,98.07504707082772,Field4,False
6168,2024-09-13 23:00:00,Temperature,81.34809983706482,Field2,True
6169,2024-09-14 00:00:00,Humidity,62.37335855101161,Field2,False
6170,2024-09-14 01:00:00,Temperature,63.33662615371081,Field1,True
6171,2024-09-14 02:00:00,Temperature,12.368023424194496,Field4,False
6172,2024-09-14 03:00:00,Humidity,69.72648759197337,Field1,False
6173,2024-09-14 04:00:00,SoilPH,81.3343023304236,Field1,False
6174,2024-09-14 05:00:00,SoilPH,37.15319880088212,Field4,False
6175,2024-09-14 06:00:00,SoilMoisture,62.27005998494024,Field2,False
6176,2024-09-14 07:00:00,Light,47.54174048816624,Field2,False
6177,2024-09-14 08:00:00,Humidity,76.78891067985339,Field4,False
6178,2024-09-14 09:00:00,Humidity,1.4817033616334685,Field1,False
6179,2024-09-14 10:00:00,Temperature,5.0799153849452106,Field3,False
6180,2024-09-14 11:00:00,SoilPH,47.29527058676628,Field2,False
6181,2024-09-14 12:00:00,Humidity,63.4107213551056,Field2,False
6182,2024-09-14 13:00:00,SoilPH,7.348896101694857,Field1,False
6183,2024-09-14 14:00:00,SoilMoisture,71.59052931072375,Field1,False
6184,2024-09-14 15:00:00,Humidity,63.84417335761796,Field1,False
6185,2024-09-14 16:00:00,Temperature,53.00357143507265,Field4,True
6186,2024-09-14 17:00:00,SoilPH,52.02899987417371,Field3,False
6187,2024-09-14 18:00:00,Light,68.62124360315204,Field1,False
6188,2024-09-14 19:00:00,SoilPH,52.85826067047776,Field1,False
6189,2024-09-14 20:00:00,SoilPH,66.78416645506036,Field2,False
6190,2024-09-14 21:00:00,Light,39.94128719015661,Field1,False
6191,2024-09-14 22:00:00,SoilPH,65.13475779305887,Field1,False
6192,2024-09-14 23:00:00,SoilMoisture,33.25101017384458,Field3,False
6193,2024-09-15 00:00:00,Humidity,95.4606020448311,Field3,False
6194,2024-09-15 01:00:00,Humidity,88.54834607753374,Field4,False
6195,2024-09-15 02:00:00,Humidity,44.51435053779629,Field3,False
6196,2024-09-15 03:00:00,SoilPH,87.2431724331686,Field4,False
6197,2024-09-15 04:00:00,Light,72.98104713298987,Field3,False
6198,2024-09-15 05:00:00,SoilPH,87.9831127088967,Field4,False
6199,2024-09-15 06:00:00,Humidity,88.00981479900221,Field1,False
6200,2024-09-15 07:00:00,Light,11.696641877432668,Field4,False
6201,2024-09-15 08:00:00,Humidity,36.03338340436508,Field2,False
6202,2024-09-15 09:00:00,Humidity,85.94526389383469,Field3,False
6203,2024-09-15 10:00:00,SoilMoisture,37.828609305822205,Field2,False
6204,2024-09-15 11:00:00,SoilMoisture,51.04681915173994,Field2,False
6205,2024-09-15 12:00:00,SoilPH,99.041606453498,Field3,False
6206,2024-09-15 13:00:00,SoilMoisture,96.45811121739892,Field1,False
6207,2024-09-15 14:00:00,Light,45.325223683886186,Field4,False
6208,2024-09-15 15:00:00,Temperature,51.66220351647039,Field4,True
6209,2024-09-15 16:00:00,Light,17.622655352574835,Field2,False
6210,2024-09-15 17:00:00,Humidity,75.5896352624443,Field3,False
6211,2024-09-15 18:00:00,Humidity,29.684579287922507,Field4,False
6212,2024-09-15 19:00:00,SoilMoisture,71.84198016644851,Field4,False
6213,2024-09-15 20:00:00,Humidity,11.013825536515675,Field3,False
6214,2024-09-15 21:00:00,Temperature,94.21143066733048,Field4,True
6215,2024-09-15 22:00:00,SoilPH,9.362869041073552,Field1,False
6216,2024-09-15 23:00:00,SoilPH,97.691463292456,Field2,False
6217,2024-09-16 00:00:00,Light,45.64028051907649,Field3,False
6218,2024-09-16 01:00:00,SoilPH,71.94660774848448,Field2,False
6219,2024-09-16 02:00:00,SoilMoisture,30.8030491941811,Field4,False
6220,2024-09-16 03:00:00,SoilMoisture,27.67038415220232,Field4,False
6221,2024-09-16 04:00:00,Humidity,57.575648003132976,Field4,False
6222,2024-09-16 05:00:00,SoilMoisture,78.39833546762625,Field1,False
6223,2024-09-16 06:00:00,SoilMoisture,92.94954458228936,Field1,False
6224,2024-09-16 07:00:00,SoilPH,99.45544788106352,Field3,False
6225,2024-09-16 08:00:00,Temperature,50.16081640706537,Field4,True
6226,2024-09-16 09:00:00,Humidity,46.25075745782424,Field1,False
6227,2024-09-16 10:00:00,Light,75.21746601465314,Field1,False
6228,2024-09-16 11:00:00,SoilPH,77.69255357429431,Field4,False
6229,2024-09-16 12:00:00,Humidity,21.607604776535872,Field4,False
6230,2024-09-16 13:00:00,SoilPH,46.93103099787281,Field1,False
6231,2024-09-16 14:00:00,SoilMoisture,75.85484929317059,Field4,False
6232,2024-09-16 15:00:00,Light,57.589368410224985,Field4,False
6233,2024-09-16 16:00:00,Light,0.2156179088698806,Field1,False
6234,2024-09-16 17:00:00,Temperature,79.74567579802346,Field2,True
6235,2024-09-16 18:00:00,Humidity,86.53811067389933,Field3,False
6236,2024-09-16 19:00:00,Light,35.134490656059846,Field3,False
6237,2024-09-16 20:00:00,SoilPH,73.9312144796543,Field1,False
6238,2024-09-16 21:00:00,Humidity,41.65397948181994,Field1,False
6239,2024-09-16 22:00:00,SoilMoisture,60.21398557005181,Field1,False
6240,2024-09-16 23:00:00,Temperature,18.317153405413656,Field4,False
6241,2024-09-17 00:00:00,SoilMoisture,73.78116767382453,Field2,False
6242,2024-09-17 01:00:00,Light,3.0214717133140168,Field3,False
6243,2024-09-17 02:00:00,SoilMoisture,62.52647073289283,Field1,False
6244,2024-09-17 03:00:00,SoilPH,54.117668944941045,Field2,False
6245,2024-09-17 04:00:00,SoilPH,4.839717527059573,Field3,False
6246,2024-09-17 05:00:00,Humidity,35.68202642868451,Field3,False
6247,2024-09-17 06:00:00,Temperature,17.064960714810518,Field3,False
6248,2024-09-17 07:00:00,Temperature,62.07371185821178,Field1,True
6249,2024-09-17 08:00:00,SoilPH,41.26971884016665,Field3,False
6250,2024-09-17 09:00:00,SoilMoisture,40.92369542202077,Field4,False
6251,2024-09-17 10:00:00,SoilMoisture,14.55195803789784,Field3,False
6252,2024-09-17 11:00:00,Humidity,0.1865112315971528,Field4,False
6253,2024-09-17 12:00:00,Light,97.21198050042788,Field3,False
6254,2024-09-17 13:00:00,Light,25.19444936172067,Field1,False
6255,2024-09-17 14:00:00,Humidity,71.01132100813365,Field4,False
6256,2024-09-17 15:00:00,Light,21.45533302241166,Field1,False
6257,2024-09-17 16:00:00,SoilPH,17.73795874956988,Field4,False
6258,2024-09-17 17:00:00,Temperature,65.36553460570921,Field1,True
6259,2024-09-17 18:00:00,Temperature,8.762885757889471,Field1,False
6260,2024-09-17 19:00:00,Light,88.32334146734337,Field3,False
6261,2024-09-17 20:00:00,Light,68.16382655544786,Field1,False
6262,2024-09-17 21:00:00,Light,29.52650327341648,Field1,False
6263,2024-09-17 22:00:00,Temperature,56.33162743233267,Field3,True
6264,2024-09-17 23:00:00,Light,69.87462044885105,Field3,False
6265,2024-09-18 00:00:00,SoilMoisture,48.99631288244225,Field1,False
6266,2024-09-18 01:00:00,SoilMoisture,46.05472991310957,Field1,False
6267,2024-09-18 02:00:00,SoilPH,16.397870991701268,Field3,False
6268,2024-09-18 03:00:00,Humidity,55.852501509252185,Field4,False
6269,2024-09-18 04:00:00,SoilPH,77.87766428490374,Field4,False
6270,2024-09-18 05:00:00,Temperature,99.2790733873843,Field2,True
6271,2024-09-18 06:00:00,SoilMoisture,64.04467925600036,Field1,False
6272,2024-09-18 07:00:00,Humidity,66.56921682100128,Field4,False
6273,2024-09-18 08:00:00,SoilMoisture,42.522641296974605,Field3,False
6274,2024-09-18 09:00:00,Light,52.093851536835615,Field1,False
6275,2024-09-18 10:00:00,Temperature,69.2619479828107,Field1,True
6276,2024-09-18 11:00:00,Humidity,5.783628271072305,Field1,False
6277,2024-09-18 12:00:00,SoilPH,33.86905901666971,Field1,False
6278,2024-09-18 13:00:00,Temperature,26.40050302164515,Field2,False
6279,2024-09-18 14:00:00,SoilPH,96.34797140040588,Field2,False
6280,2024-09-18 15:00:00,SoilPH,6.828705283677272,Field1,False
6281,2024-09-18 16:00:00,SoilPH,13.789085998690808,Field2,False
6282,2024-09-18 17:00:00,Light,42.05781818994044,Field3,False
6283,2024-09-18 18:00:00,SoilPH,18.453555935841937,Field2,False
6284,2024-09-18 19:00:00,SoilMoisture,61.257262290025736,Field2,False
6285,2024-09-18 20:00:00,Humidity,74.73985247972483,Field1,False
6286,2024-09-18 21:00:00,Humidity,39.10516851190725,Field2,False
6287,2024-09-18 22:00:00,Temperature,84.26461248808214,Field3,True
6288,2024-09-18 23:00:00,SoilMoisture,75.68766701750336,Field4,False
6289,2024-09-19 00:00:00,SoilPH,56.47929165863575,Field4,False
6290,2024-09-19 01:00:00,SoilMoisture,65.98541570033788,Field4,False
6291,2024-09-19 02:00:00,SoilPH,73.79501085142812,Field2,False
6292,2024-09-19 03:00:00,SoilPH,63.16609367344566,Field3,False
6293,2024-09-19 04:00:00,Humidity,80.25273565082962,Field1,False
6294,2024-09-19 05:00:00,Light,58.82938156974069,Field3,False
6295,2024-09-19 06:00:00,Temperature,71.08126967207433,Field4,True
6296,2024-09-19 07:00:00,Humidity,40.74094559442033,Field3,False
6297,2024-09-19 08:00:00,SoilPH,94.34572639205156,Field2,False
6298,2024-09-19 09:00:00,Temperature,23.445944998104697,Field3,False
6299,2024-09-19 10:00:00,SoilPH,55.406656734238815,Field4,False
6300,2024-09-19 11:00:00,Humidity,70.48278234055975,Field1,False
6301,2024-09-19 12:00:00,SoilPH,44.544199294056654,Field4,False
6302,2024-09-19 13:00:00,Temperature,59.381683995915466,Field3,True
6303,2024-09-19 14:00:00,SoilPH,12.761382929532106,Field2,False
6304,2024-09-19 15:00:00,Humidity,91.7126888023299,Field2,False
6305,2024-09-19 16:00:00,SoilPH,84.29565359619913,Field2,False
6306,2024-09-19 17:00:00,Temperature,45.736654146343184,Field4,False
6307,2024-09-19 18:00:00,SoilMoisture,56.86180675871461,Field1,False
6308,2024-09-19 19:00:00,SoilMoisture,36.06252930008961,Field2,False
6309,2024-09-19 20:00:00,Light,88.0231263383513,Field4,False
6310,2024-09-19 21:00:00,Light,25.820615048606456,Field3,False
6311,2024-09-19 22:00:00,Humidity,41.29754159290694,Field3,False
6312,2024-09-19 23:00:00,SoilPH,29.28000120404769,Field2,False
6313,2024-09-20 00:00:00,SoilPH,1.6153704418726544,Field4,False
6314,2024-09-20 01:00:00,SoilPH,27.90096759625579,Field4,False
6315,2024-09-20 02:00:00,Humidity,54.07778392274921,Field4,False
6316,2024-09-20 03:00:00,Humidity,7.841442473184001,Field3,False
6317,2024-09-20 04:00:00,SoilPH,78.01718402691688,Field1,False
6318,2024-09-20 05:00:00,Temperature,51.19204571004875,Field4,True
6319,2024-09-20 06:00:00,Humidity,46.10991280411327,Field1,False
6320,2024-09-20 07:00:00,Light,14.665859387168334,Field1,False
6321,2024-09-20 08:00:00,Temperature,38.57233886208738,Field3,False
6322,2024-09-20 09:00:00,SoilMoisture,79.12488920198719,Field2,False
6323,2024-09-20 10:00:00,SoilPH,19.12298075911944,Field1,False
6324,2024-09-20 11:00:00,Light,99.80681441223815,Field1,False
6325,2024-09-20 12:00:00,Light,31.09686812108504,Field2,False
6326,2024-09-20 13:00:00,Light,4.873230624280711,Field4,False
6327,2024-09-20 14:00:00,Light,40.59893935327716,Field1,False
6328,2024-09-20 15:00:00,SoilPH,73.35497480290803,Field2,False
6329,2024-09-20 16:00:00,Light,85.54949230896258,Field4,False
6330,2024-09-20 17:00:00,Light,29.972940301650787,Field2,False
6331,2024-09-20 18:00:00,Temperature,67.69218991782688,Field4,True
6332,2024-09-20 19:00:00,Humidity,23.641099901733664,Field2,False
6333,2024-09-20 20:00:00,SoilMoisture,88.48896203491437,Field1,False
6334,2024-09-20 21:00:00,SoilPH,12.269874320371532,Field1,False
6335,2024-09-20 22:00:00,SoilMoisture,77.79044643478642,Field2,False
6336,2024-09-20 23:00:00,SoilMoisture,75.9617821165352,Field1,False
6337,2024-09-21 00:00:00,Humidity,79.63044243471458,Field3,False
6338,2024-09-21 01:00:00,SoilPH,88.1795821951036,Field4,False
6339,2024-09-21 02:00:00,Temperature,80.99367069743528,Field3,True
6340,2024-09-21 03:00:00,Humidity,1.733632905571314,Field1,False
6341,2024-09-21 04:00:00,Light,39.00163829278384,Field2,False
6342,2024-09-21 05:00:00,Light,25.135423898293585,Field2,False
6343,2024-09-21 06:00:00,SoilMoisture,37.9362218626888,Field3,False
6344,2024-09-21 07:00:00,Temperature,70.85473807256942,Field2,True
6345,2024-09-21 08:00:00,SoilMoisture,56.8841301948414,Field4,False
6346,2024-09-21 09:00:00,Light,77.80243398006071,Field1,False
6347,2024-09-21 10:00:00,SoilPH,54.86681390532072,Field4,False
6348,2024-09-21 11:00:00,Humidity,19.47166177698245,Field1,False
6349,2024-09-21 12:00:00,Temperature,88.10931745790992,Field1,True
6350,2024-09-21 13:00:00,Humidity,95.4607333181205,Field4,False
6351,2024-09-21 14:00:00,Humidity,17.02457150300297,Field1,False
6352,2024-09-21 15:00:00,SoilMoisture,58.28754888507658,Field2,False
6353,2024-09-21 16:00:00,Light,7.506801862350909,Field1,False
6354,2024-09-21 17:00:00,Temperature,35.07047690521657,Field4,False
6355,2024-09-21 18:00:00,Humidity,23.255141321410445,Field2,False
6356,2024-09-21 19:00:00,Temperature,91.8754140971966,Field1,True
6357,2024-09-21 20:00:00,Temperature,54.47074282522737,Field1,True
6358,2024-09-21 21:00:00,Light,71.27664384360676,Field4,False
6359,2024-09-21 22:00:00,Humidity,43.72653980316279,Field3,False
6360,2024-09-21 23:00:00,Temperature,45.76084772803127,Field1,False
6361,2024-09-22 00:00:00,Temperature,42.576287703507,Field4,False
6362,2024-09-22 01:00:00,Humidity,2.6699714671862163,Field1,False
6363,2024-09-22 02:00:00,Humidity,97.51846480308691,Field3,False
6364,2024-09-22 03:00:00,Humidity,46.97336130764188,Field3,False
6365,2024-09-22 04:00:00,SoilMoisture,34.91664266926166,Field3,False
6366,2024-09-22 05:00:00,Humidity,84.96298454407975,Field2,False
6367,2024-09-22 06:00:00,Light,44.87359628901272,Field1,False
6368,2024-09-22 07:00:00,Temperature,4.01043009069102,Field1,False
6369,2024-09-22 08:00:00,SoilMoisture,3.9686386900982473,Field2,False
6370,2024-09-22 09:00:00,Humidity,70.87991871482866,Field3,False
6371,2024-09-22 10:00:00,SoilPH,5.767888705334013,Field1,False
6372,2024-09-22 11:00:00,SoilMoisture,16.360700690087427,Field2,False
6373,2024-09-22 12:00:00,SoilMoisture,63.39088514028867,Field1,False
6374,2024-09-22 13:00:00,SoilMoisture,3.728221524318176,Field3,False
6375,2024-09-22 14:00:00,SoilMoisture,23.96565682462567,Field1,False
6376,2024-09-22 15:00:00,Temperature,77.91092680162589,Field4,True
6377,2024-09-22 16:00:00,Temperature,96.17734664237838,Field4,True
6378,2024-09-22 17:00:00,SoilMoisture,27.07225327487994,Field1,False
6379,2024-09-22 18:00:00,SoilPH,90.8532568788106,Field2,False
6380,2024-09-22 19:00:00,Humidity,27.274066994945777,Field2,False
6381,2024-09-22 20:00:00,SoilMoisture,55.953613904435294,Field4,False
6382,2024-09-22 21:00:00,SoilMoisture,66.01790804832517,Field2,False
6383,2024-09-22 22:00:00,Humidity,94.31053859508448,Field4,False
6384,2024-09-22 23:00:00,Temperature,51.82498652056202,Field2,True
6385,2024-09-23 00:00:00,SoilMoisture,7.235354611899291,Field4,False
6386,2024-09-23 01:00:00,SoilMoisture,66.54088874041716,Field4,False
6387,2024-09-23 02:00:00,SoilMoisture,51.14411460684076,Field2,False
6388,2024-09-23 03:00:00,SoilMoisture,26.9650875753227,Field3,False
6389,2024-09-23 04:00:00,Humidity,56.42535189018909,Field3,False
6390,2024-09-23 05:00:00,Temperature,62.58274260276203,Field3,True
6391,2024-09-23 06:00:00,SoilPH,65.5554511441563,Field1,False
6392,2024-09-23 07:00:00,Humidity,80.5504473834302,Field2,False
6393,2024-09-23 08:00:00,SoilPH,87.27336352894217,Field4,False
6394,2024-09-23 09:00:00,SoilPH,61.53605216413583,Field3,False
6395,2024-09-23 10:00:00,Humidity,75.40257482455263,Field3,False
6396,2024-09-23 11:00:00,Temperature,81.08874088315928,Field3,True
6397,2024-09-23 12:00:00,Temperature,96.7830929069214,Field1,True
6398,2024-09-23 13:00:00,Temperature,71.65583087114229,Field3,True
6399,2024-09-23 14:00:00,Humidity,46.04916677163041,Field4,False
6400,2024-09-23 15:00:00,Humidity,66.63926578399519,Field1,False
6401,2024-09-23 16:00:00,Light,96.81611891204888,Field4,False
6402,2024-09-23 17:00:00,Humidity,27.9805118502344,Field4,False
6403,2024-09-23 18:00:00,Light,15.205720072031305,Field2,False
6404,2024-09-23 19:00:00,SoilPH,42.62110740516174,Field1,False
6405,2024-09-23 20:00:00,Humidity,90.17053968700873,Field1,False
6406,2024-09-23 21:00:00,Light,83.14098460722644,Field4,False
6407,2024-09-23 22:00:00,Temperature,54.51328734631813,Field3,True
6408,2024-09-23 23:00:00,SoilPH,45.00391580846457,Field2,False
6409,2024-09-24 00:00:00,Humidity,13.91670972173734,Field3,False
6410,2024-09-24 01:00:00,SoilMoisture,32.350763468226354,Field3,False
6411,2024-09-24 02:00:00,SoilPH,20.502440707214756,Field2,False
6412,2024-09-24 03:00:00,SoilPH,88.0017569094012,Field1,False
6413,2024-09-24 04:00:00,Light,70.3229006762213,Field1,False
6414,2024-09-24 05:00:00,Humidity,67.81897855306742,Field3,False
6415,2024-09-24 06:00:00,Light,77.291278842073,Field4,False
6416,2024-09-24 07:00:00,SoilPH,84.08838811755878,Field1,False
6417,2024-09-24 08:00:00,Temperature,9.531500374729996,Field2,False
6418,2024-09-24 09:00:00,Humidity,72.02500396574227,Field1,False
6419,2024-09-24 10:00:00,Humidity,4.451675651630415,Field2,False
6420,2024-09-24 11:00:00,Humidity,17.40124136027039,Field2,False
6421,2024-09-24 12:00:00,Temperature,51.7853357066889,Field2,True
6422,2024-09-24 13:00:00,SoilPH,22.88533507528262,Field2,False
6423,2024-09-24 14:00:00,SoilMoisture,64.14443273879439,Field3,False
6424,2024-09-24 15:00:00,SoilPH,81.30568819802106,Field1,False
6425,2024-09-24 16:00:00,Temperature,77.51802252470749,Field1,True
6426,2024-09-24 17:00:00,Light,36.38911876733477,Field4,False
6427,2024-09-24 18:00:00,Light,25.117110491257375,Field1,False
6428,2024-09-24 19:00:00,SoilMoisture,29.443012121310964,Field2,False
6429,2024-09-24 20:00:00,Light,10.114187771395578,Field3,False
6430,2024-09-24 21:00:00,Temperature,81.83468374033377,Field3,True
6431,2024-09-24 22:00:00,SoilMoisture,66.98742835422587,Field4,False
6432,2024-09-24 23:00:00,Temperature,13.96276946348176,Field2,False
6433,2024-09-25 00:00:00,Humidity,10.79280263213922,Field2,False
6434,2024-09-25 01:00:00,Light,73.0531746287477,Field1,False
6435,2024-09-25 02:00:00,Humidity,18.40304343953497,Field3,False
6436,2024-09-25 03:00:00,SoilPH,72.37642676307429,Field4,False
6437,2024-09-25 04:00:00,Humidity,38.34231034487785,Field1,False
6438,2024-09-25 05:00:00,Light,19.589060688636263,Field3,False
6439,2024-09-25 06:00:00,SoilPH,50.20197655015107,Field3,False
6440,2024-09-25 07:00:00,Light,21.63005433597788,Field4,False
6441,2024-09-25 08:00:00,Light,33.677508330468896,Field3,False
6442,2024-09-25 09:00:00,Light,98.70841373025824,Field4,False
6443,2024-09-25 10:00:00,Temperature,38.83109296178248,Field4,False
6444,2024-09-25 11:00:00,Light,5.482495609395288,Field4,False
6445,2024-09-25 12:00:00,SoilPH,38.03713825182447,Field4,False
6446,2024-09-25 13:00:00,SoilPH,61.950175100162696,Field3,False
6447,2024-09-25 14:00:00,SoilMoisture,23.353480471661424,Field4,False
6448,2024-09-25 15:00:00,Light,54.40764757252518,Field1,False
6449,2024-09-25 16:00:00,Temperature,39.90355731942836,Field4,False
6450,2024-09-25 17:00:00,Light,39.66529194069477,Field2,False
6451,2024-09-25 18:00:00,SoilPH,42.40080272819203,Field3,False
6452,2024-09-25 19:00:00,Humidity,27.491533851304904,Field2,False
6453,2024-09-25 20:00:00,Light,32.5336933087805,Field4,False
6454,2024-09-25 21:00:00,Temperature,1.8914697165318684,Field1,False
6455,2024-09-25 22:00:00,SoilPH,20.15642498439229,Field4,False
6456,2024-09-25 23:00:00,Light,26.00089858120788,Field3,False
6457,2024-09-26 00:00:00,SoilMoisture,62.333527611078665,Field3,False
6458,2024-09-26 01:00:00,Humidity,97.9278857887476,Field2,False
6459,2024-09-26 02:00:00,SoilPH,38.60045779168806,Field1,False
6460,2024-09-26 03:00:00,SoilMoisture,76.38087215169452,Field1,False
6461,2024-09-26 04:00:00,SoilPH,25.964153928716023,Field4,False
6462,2024-09-26 05:00:00,Humidity,56.70454951703632,Field2,False
6463,2024-09-26 06:00:00,SoilMoisture,79.32166287515136,Field4,False
6464,2024-09-26 07:00:00,SoilMoisture,10.965706191713554,Field3,False
6465,2024-09-26 08:00:00,Humidity,1.7484484656475563,Field2,False
6466,2024-09-26 09:00:00,Humidity,10.91148932469178,Field3,False
6467,2024-09-26 10:00:00,Humidity,50.17781819284525,Field1,False
6468,2024-09-26 11:00:00,SoilPH,73.3538443458826,Field3,False
6469,2024-09-26 12:00:00,SoilPH,18.48920596236537,Field3,False
6470,2024-09-26 13:00:00,Temperature,55.58287147772556,Field3,True
6471,2024-09-26 14:00:00,SoilMoisture,30.42512862854715,Field4,False
6472,2024-09-26 15:00:00,SoilMoisture,39.70555910278668,Field1,False
6473,2024-09-26 16:00:00,Light,13.185548302592032,Field3,False
6474,2024-09-26 17:00:00,SoilMoisture,83.64395283959905,Field2,False
6475,2024-09-26 18:00:00,Temperature,62.13927340463694,Field1,True
6476,2024-09-26 19:00:00,Temperature,86.26782864133867,Field3,True
6477,2024-09-26 20:00:00,Humidity,15.723158423666284,Field1,False
6478,2024-09-26 21:00:00,SoilMoisture,84.87233584685488,Field1,False
6479,2024-09-26 22:00:00,Temperature,20.139220508182294,Field1,False
6480,2024-09-26 23:00:00,Humidity,22.366303325893057,Field1,False
6481,2024-09-27 00:00:00,Temperature,63.095379993436815,Field3,True
6482,2024-09-27 01:00:00,SoilMoisture,4.09511402384104,Field4,False
6483,2024-09-27 02:00:00,SoilMoisture,22.584047790081343,Field1,False
6484,2024-09-27 03:00:00,Humidity,9.316071187423756,Field3,False
6485,2024-09-27 04:00:00,SoilMoisture,90.86266773290522,Field1,False
6486,2024-09-27 05:00:00,Humidity,24.3296692780984,Field3,False
6487,2024-09-27 06:00:00,SoilMoisture,23.45694924867866,Field4,False
6488,2024-09-27 07:00:00,Light,43.792726637227496,Field1,False
6489,2024-09-27 08:00:00,Humidity,36.55447150775773,Field3,False
6490,2024-09-27 09:00:00,Light,47.52048991326523,Field2,False
6491,2024-09-27 10:00:00,SoilMoisture,1.2916618250542355,Field2,False
6492,2024-09-27 11:00:00,SoilPH,54.81106391339839,Field4,False
6493,2024-09-27 12:00:00,SoilMoisture,71.770346151136,Field1,False
6494,2024-09-27 13:00:00,SoilPH,16.59758593077605,Field2,False
6495,2024-09-27 14:00:00,SoilMoisture,86.46738213527462,Field1,False
6496,2024-09-27 15:00:00,Humidity,53.27504450542156,Field3,False
6497,2024-09-27 16:00:00,Temperature,82.70521506241207,Field4,True
6498,2024-09-27 17:00:00,Humidity,45.42028830728246,Field1,False
6499,2024-09-27 18:00:00,SoilPH,21.214592949936485,Field4,False
6500,2024-09-27 19:00:00,SoilMoisture,40.93238010501101,Field1,False
6501,2024-09-27 20:00:00,SoilMoisture,38.81617681404771,Field4,False
6502,2024-09-27 21:00:00,SoilMoisture,64.98519020299909,Field2,False
6503,2024-09-27 22:00:00,Temperature,9.113580356668882,Field2,False
6504,2024-09-27 23:00:00,Temperature,6.299430831679542,Field3,False
6505,2024-09-28 00:00:00,Humidity,80.58711181159144,Field3,False
6506,2024-09-28 01:00:00,Humidity,79.45880165819847,Field3,False
6507,2024-09-28 02:00:00,SoilPH,29.56482174384192,Field1,False
6508,2024-09-28 03:00:00,Temperature,1.920825820879879,Field3,False
6509,2024-09-28 04:00:00,Light,26.03728035546987,Field3,False
6510,2024-09-28 05:00:00,Humidity,55.48786877139816,Field4,False
6511,2024-09-28 06:00:00,Light,69.25125913073737,Field3,False
6512,2024-09-28 07:00:00,Humidity,84.04988830858333,Field1,False
6513,2024-09-28 08:00:00,Light,62.741970628841614,Field4,False
6514,2024-09-28 09:00:00,Light,72.79354266275323,Field2,False
6515,2024-09-28 10:00:00,Humidity,16.36117638854735,Field2,False
6516,2024-09-28 11:00:00,Temperature,13.25936514351309,Field4,False
6517,2024-09-28 12:00:00,Humidity,4.787283296211209,Field3,False
6518,2024-09-28 13:00:00,Temperature,47.52276631981335,Field1,False
6519,2024-09-28 14:00:00,SoilMoisture,34.785205188972455,Field4,False
6520,2024-09-28 15:00:00,SoilMoisture,2.240821830209238,Field2,False
6521,2024-09-28 16:00:00,SoilMoisture,18.60793922078502,Field3,False
6522,2024-09-28 17:00:00,SoilMoisture,15.032162541466764,Field3,False
6523,2024-09-28 18:00:00,SoilPH,57.94554148168173,Field1,False
6524,2024-09-28 19:00:00,SoilPH,19.05752071004958,Field3,False
6525,2024-09-28 20:00:00,Humidity,18.392570052953737,Field1,False
6526,2024-09-28 21:00:00,Light,91.85655251409943,Field2,False
6527,2024-09-28 22:00:00,SoilPH,90.99666957340597,Field3,False
6528,2024-09-28 23:00:00,SoilPH,14.673955986672194,Field2,False
6529,2024-09-29 00:00:00,Light,12.594875240884171,Field1,False
6530,2024-09-29 01:00:00,SoilPH,11.400316367409811,Field2,False
6531,2024-09-29 02:00:00,Light,36.9623392893003,Field3,False
6532,2024-09-29 03:00:00,SoilPH,41.589747596142544,Field4,False
6533,2024-09-29 04:00:00,SoilMoisture,42.44086112909975,Field2,False
6534,2024-09-29 05:00:00,Light,34.16104677976837,Field3,False
6535,2024-09-29 06:00:00,SoilMoisture,13.007800336977692,Field1,False
6536,2024-09-29 07:00:00,Humidity,20.23463319178663,Field4,False
6537,2024-09-29 08:00:00,Light,63.27599530139663,Field3,False
6538,2024-09-29 09:00:00,Light,18.78822928615884,Field3,False
6539,2024-09-29 10:00:00,Temperature,92.2501549936374,Field1,True
6540,2024-09-29 11:00:00,SoilPH,39.39739151784774,Field4,False
6541,2024-09-29 12:00:00,Light,14.214543092195642,Field1,False
6542,2024-09-29 13:00:00,Temperature,49.77315136967327,Field2,False
6543,2024-09-29 14:00:00,Temperature,3.180037150388748,Field1,False
6544,2024-09-29 15:00:00,Temperature,60.31231725739262,Field4,True
6545,2024-09-29 16:00:00,SoilMoisture,67.3488123886183,Field2,False
6546,2024-09-29 17:00:00,Temperature,10.340814601611392,Field2,False
6547,2024-09-29 18:00:00,Light,74.4155249845181,Field4,False
6548,2024-09-29 19:00:00,Humidity,41.815962859738775,Field3,False
6549,2024-09-29 20:00:00,SoilPH,5.614410672961445,Field3,False
6550,2024-09-29 21:00:00,SoilMoisture,93.93980936920592,Field1,False
6551,2024-09-29 22:00:00,Temperature,92.37039135005826,Field3,True
6552,2024-09-29 23:00:00,Temperature,51.26512969373904,Field3,True
6553,2024-09-30 00:00:00,SoilMoisture,91.13113723300218,Field1,False
6554,2024-09-30 01:00:00,SoilMoisture,49.024733906537385,Field4,False
6555,2024-09-30 02:00:00,Light,98.87780983082172,Field4,False
6556,2024-09-30 03:00:00,Light,11.83414701332146,Field2,False
6557,2024-09-30 04:00:00,Humidity,67.77068747865391,Field2,False
6558,2024-09-30 05:00:00,Light,87.59803775007718,Field4,False
6559,2024-09-30 06:00:00,Light,85.87979387264832,Field3,False
6560,2024-09-30 07:00:00,SoilMoisture,71.12845426107852,Field4,False
6561,2024-09-30 08:00:00,SoilMoisture,14.250203320253396,Field4,False
6562,2024-09-30 09:00:00,SoilPH,60.17327405628111,Field4,False
6563,2024-09-30 10:00:00,SoilMoisture,52.61202274542101,Field4,False
6564,2024-09-30 11:00:00,SoilMoisture,24.006643241545746,Field2,False
6565,2024-09-30 12:00:00,Light,34.17611472622042,Field1,False
6566,2024-09-30 13:00:00,Light,93.64430639157985,Field3,False
6567,2024-09-30 14:00:00,SoilMoisture,75.48488502895043,Field1,False
6568,2024-09-30 15:00:00,SoilMoisture,58.18210050489087,Field2,False
6569,2024-09-30 16:00:00,SoilPH,2.7938064502515902,Field2,False
6570,2024-09-30 17:00:00,Temperature,8.949284382060153,Field3,False
6571,2024-09-30 18:00:00,SoilMoisture,55.12523265149808,Field3,False
6572,2024-09-30 19:00:00,Humidity,37.95193040543198,Field2,False
6573,2024-09-30 20:00:00,SoilPH,58.77666564610398,Field2,False
6574,2024-09-30 21:00:00,Temperature,62.269445681905175,Field2,True
6575,2024-09-30 22:00:00,Light,52.60744260925233,Field3,False
6576,2024-09-30 23:00:00,SoilMoisture,29.178535305097377,Field1,False
6577,2024-10-01 00:00:00,Humidity,31.22008931113298,Field2,False
6578,2024-10-01 01:00:00,Light,2.135532491700342,Field3,False
6579,2024-10-01 02:00:00,SoilMoisture,72.62161034527838,Field1,False
6580,2024-10-01 03:00:00,Temperature,31.88450124506977,Field2,False
6581,2024-10-01 04:00:00,SoilMoisture,79.1389149262761,Field3,False
6582,2024-10-01 05:00:00,SoilMoisture,45.86489205347301,Field3,False
6583,2024-10-01 06:00:00,Humidity,36.56347306159851,Field1,False
6584,2024-10-01 07:00:00,SoilPH,84.58789761543039,Field3,False
6585,2024-10-01 08:00:00,Light,18.667215183490004,Field4,False
6586,2024-10-01 09:00:00,Light,50.50018913939985,Field3,False
6587,2024-10-01 10:00:00,SoilMoisture,62.24889226249595,Field3,False
6588,2024-10-01 11:00:00,Humidity,17.13555792135214,Field1,False
6589,2024-10-01 12:00:00,SoilPH,63.1085728244989,Field4,False
6590,2024-10-01 13:00:00,SoilMoisture,30.797634078974045,Field4,False
6591,2024-10-01 14:00:00,Light,62.5696897748782,Field2,False
6592,2024-10-01 15:00:00,SoilMoisture,41.78727330173384,Field2,False
6593,2024-10-01 16:00:00,Temperature,35.77415127548379,Field1,False
6594,2024-10-01 17:00:00,SoilPH,16.595142411694564,Field2,False
6595,2024-10-01 18:00:00,SoilMoisture,22.127921207551125,Field2,False
6596,2024-10-01 19:00:00,Humidity,56.35799986107425,Field2,False
6597,2024-10-01 20:00:00,Light,23.617659160161462,Field1,False
6598,2024-10-01 21:00:00,Temperature,59.056979418764165,Field1,True
6599,2024-10-01 22:00:00,Humidity,47.6930781566756,Field1,False
6600,2024-10-01 23:00:00,Light,80.86306449753955,Field2,False
6601,2024-10-02 00:00:00,Temperature,43.87043637847935,Field1,False
6602,2024-10-02 01:00:00,Light,22.485409969295667,Field4,False
6603,2024-10-02 02:00:00,SoilPH,76.86832869115105,Field2,False
6604,2024-10-02 03:00:00,SoilMoisture,97.49863420882104,Field1,False
6605,2024-10-02 04:00:00,Light,41.50702828042549,Field2,False
6606,2024-10-02 05:00:00,Temperature,28.4038942743198,Field3,False
6607,2024-10-02 06:00:00,SoilPH,40.51077224344971,Field3,False
6608,2024-10-02 07:00:00,SoilMoisture,71.0836502047153,Field3,False
6609,2024-10-02 08:00:00,SoilPH,26.986433499926733,Field3,False
6610,2024-10-02 09:00:00,Humidity,81.12964631658895,Field4,False
6611,2024-10-02 10:00:00,Humidity,63.3374493595531,Field2,False
6612,2024-10-02 11:00:00,SoilMoisture,42.93575225630045,Field2,False
6613,2024-10-02 12:00:00,Humidity,26.41699600971077,Field2,False
6614,2024-10-02 13:00:00,SoilMoisture,27.482806536692,Field2,False
6615,2024-10-02 14:00:00,Humidity,60.18698808711085,Field3,False
6616,2024-10-02 15:00:00,Humidity,39.58881163503746,Field4,False
6617,2024-10-02 16:00:00,Humidity,85.84870196165681,Field2,False
6618,2024-10-02 17:00:00,SoilMoisture,94.82468226986086,Field3,False
6619,2024-10-02 18:00:00,Light,80.84795028892874,Field3,False
6620,2024-10-02 19:00:00,Light,12.4761838261629,Field4,False
6621,2024-10-02 20:00:00,Humidity,27.3097579081406,Field1,False
6622,2024-10-02 21:00:00,Light,97.67420080301174,Field4,False
6623,2024-10-02 22:00:00,SoilPH,75.97103293076853,Field1,False
6624,2024-10-02 23:00:00,Humidity,27.239024177679017,Field3,False
6625,2024-10-03 00:00:00,SoilPH,33.04060574757517,Field2,False
6626,2024-10-03 01:00:00,Light,29.106961634434835,Field1,False
6627,2024-10-03 02:00:00,SoilMoisture,70.24745831158096,Field1,False
6628,2024-10-03 03:00:00,Temperature,24.925675616486,Field1,False
6629,2024-10-03 04:00:00,SoilMoisture,95.84822600162384,Field1,False
6630,2024-10-03 05:00:00,SoilMoisture,21.324387045590356,Field2,False
6631,2024-10-03 06:00:00,Light,21.772097779781078,Field2,False
6632,2024-10-03 07:00:00,SoilMoisture,24.93263912764689,Field4,False
6633,2024-10-03 08:00:00,Light,86.03066436623253,Field3,False
6634,2024-10-03 09:00:00,Temperature,52.478159947343485,Field1,True
6635,2024-10-03 10:00:00,Light,0.5303685894159194,Field3,False
6636,2024-10-03 11:00:00,SoilPH,12.154718551012412,Field3,False
6637,2024-10-03 12:00:00,Light,4.024189687570578,Field1,False
6638,2024-10-03 13:00:00,SoilPH,54.69714821683318,Field3,False
6639,2024-10-03 14:00:00,SoilMoisture,34.03944374986221,Field3,False
6640,2024-10-03 15:00:00,SoilMoisture,79.94538487831977,Field1,False
6641,2024-10-03 16:00:00,SoilPH,29.91288864559112,Field1,False
6642,2024-10-03 17:00:00,SoilMoisture,0.7452338513737056,Field3,False
6643,2024-10-03 18:00:00,Humidity,95.77106092169028,Field4,False
6644,2024-10-03 19:00:00,Temperature,74.05164499046577,Field2,True
6645,2024-10-03 20:00:00,Light,8.63725400755846,Field3,False
6646,2024-10-03 21:00:00,Temperature,98.70463417005926,Field1,True
6647,2024-10-03 22:00:00,SoilMoisture,13.931142640385977,Field1,False
6648,2024-10-03 23:00:00,Temperature,18.824155500307395,Field4,False
6649,2024-10-04 00:00:00,Humidity,74.11249973564868,Field4,False
6650,2024-10-04 01:00:00,Humidity,48.73464760655372,Field1,False
6651,2024-10-04 02:00:00,Light,80.06644257401163,Field4,False
6652,2024-10-04 03:00:00,SoilMoisture,66.97541397876932,Field3,False
6653,2024-10-04 04:00:00,SoilMoisture,35.19320753278087,Field2,False
6654,2024-10-04 05:00:00,Humidity,74.4513342060054,Field2,False
6655,2024-10-04 06:00:00,SoilPH,60.03415644330131,Field1,False
6656,2024-10-04 07:00:00,Temperature,51.1507507989945,Field3,True
6657,2024-10-04 08:00:00,Humidity,36.45460102166743,Field2,False
6658,2024-10-04 09:00:00,Temperature,46.805514142799545,Field4,False
6659,2024-10-04 10:00:00,Light,61.199743772253335,Field3,False
6660,2024-10-04 11:00:00,Humidity,46.88157436374476,Field2,False
6661,2024-10-04 12:00:00,Light,72.66788312683538,Field3,False
6662,2024-10-04 13:00:00,SoilPH,76.42140586974145,Field3,False
6663,2024-10-04 14:00:00,SoilPH,67.34681748735098,Field1,False
6664,2024-10-04 15:00:00,SoilMoisture,27.84565521499,Field1,False
6665,2024-10-04 16:00:00,Light,47.455872660174336,Field1,False
6666,2024-10-04 17:00:00,Humidity,6.880069611315576,Field2,False
6667,2024-10-04 18:00:00,Temperature,82.9511196767671,Field1,True
6668,2024-10-04 19:00:00,Temperature,64.76261362949688,Field4,True
6669,2024-10-04 20:00:00,Light,85.64565046972538,Field3,False
6670,2024-10-04 21:00:00,Humidity,11.82599887264254,Field4,False
6671,2024-10-04 22:00:00,SoilMoisture,37.85361243997358,Field2,False
6672,2024-10-04 23:00:00,SoilPH,36.42881831815066,Field3,False
6673,2024-10-05 00:00:00,SoilPH,41.30561771901262,Field4,False
6674,2024-10-05 01:00:00,SoilMoisture,75.403073042602,Field4,False
6675,2024-10-05 02:00:00,Humidity,38.433538275420574,Field3,False
6676,2024-10-05 03:00:00,Temperature,55.53411247100713,Field3,True
6677,2024-10-05 04:00:00,Temperature,74.49621749446841,Field3,True
6678,2024-10-05 05:00:00,Temperature,40.35754611650931,Field1,False
6679,2024-10-05 06:00:00,Humidity,9.379886593759212,Field2,False
6680,2024-10-05 07:00:00,Humidity,29.90845111696776,Field2,False
6681,2024-10-05 08:00:00,Light,26.034514575168256,Field1,False
6682,2024-10-05 09:00:00,Light,10.829553940583292,Field1,False
6683,2024-10-05 10:00:00,SoilMoisture,27.37117385361011,Field2,False
6684,2024-10-05 11:00:00,SoilMoisture,41.986359501921285,Field4,False
6685,2024-10-05 12:00:00,Temperature,87.22120637055414,Field2,True
6686,2024-10-05 13:00:00,Humidity,17.66345074815251,Field3,False
6687,2024-10-05 14:00:00,Light,63.8419727620372,Field3,False
6688,2024-10-05 15:00:00,Temperature,53.58978245757974,Field1,True
6689,2024-10-05 16:00:00,Light,63.08398180344782,Field4,False
6690,2024-10-05 17:00:00,Humidity,30.41614168789486,Field1,False
6691,2024-10-05 18:00:00,Humidity,83.67454936333627,Field4,False
6692,2024-10-05 19:00:00,SoilMoisture,27.947118469514308,Field1,False
6693,2024-10-05 20:00:00,Humidity,23.67386016133213,Field1,False
6694,2024-10-05 21:00:00,Humidity,43.5435016211734,Field4,False
6695,2024-10-05 22:00:00,Temperature,68.38389699586128,Field1,True
6696,2024-10-05 23:00:00,Humidity,43.11882868287909,Field1,False
6697,2024-10-06 00:00:00,SoilPH,76.89393787141506,Field2,False
6698,2024-10-06 01:00:00,Temperature,53.22701121259885,Field4,True
6699,2024-10-06 02:00:00,SoilMoisture,34.32855344326138,Field2,False
6700,2024-10-06 03:00:00,Temperature,71.49429207162822,Field2,True
6701,2024-10-06 04:00:00,Temperature,64.49249720505182,Field2,True
6702,2024-10-06 05:00:00,Humidity,73.07350262103502,Field2,False
6703,2024-10-06 06:00:00,Temperature,13.27749119948447,Field1,False
6704,2024-10-06 07:00:00,Light,77.56626035994259,Field3,False
6705,2024-10-06 08:00:00,SoilPH,30.086641501634706,Field1,False
6706,2024-10-06 09:00:00,Light,32.63866319843054,Field3,False
6707,2024-10-06 10:00:00,SoilMoisture,76.96147018440598,Field2,False
6708,2024-10-06 11:00:00,SoilPH,12.356260514052364,Field1,False
6709,2024-10-06 12:00:00,Humidity,33.57807431375491,Field1,False
6710,2024-10-06 13:00:00,SoilPH,86.70999830112771,Field2,False
6711,2024-10-06 14:00:00,Humidity,35.50824010119845,Field1,False
6712,2024-10-06 15:00:00,Temperature,99.74253991126116,Field4,True
6713,2024-10-06 16:00:00,Humidity,32.8086416079885,Field4,False
6714,2024-10-06 17:00:00,SoilMoisture,58.86282464747168,Field2,False
6715,2024-10-06 18:00:00,Light,74.44175312582217,Field1,False
6716,2024-10-06 19:00:00,SoilPH,23.48803145751856,Field1,False
6717,2024-10-06 20:00:00,Light,36.33838215935605,Field4,False
6718,2024-10-06 21:00:00,Light,87.92597898484156,Field4,False
6719,2024-10-06 22:00:00,Light,69.4319035783237,Field2,False
6720,2024-10-06 23:00:00,Light,1.4210758498625853,Field2,False
6721,2024-10-07 00:00:00,Temperature,3.117188013092431,Field1,False
6722,2024-10-07 01:00:00,SoilMoisture,65.45874350927572,Field3,False
6723,2024-10-07 02:00:00,SoilMoisture,93.91799485318144,Field2,False
6724,2024-10-07 03:00:00,Humidity,1.611617316371028,Field2,False
6725,2024-10-07 04:00:00,Humidity,31.919263215231386,Field3,False
6726,2024-10-07 05:00:00,Humidity,0.6920246793481355,Field2,False
6727,2024-10-07 06:00:00,SoilMoisture,69.79739764923897,Field3,False
6728,2024-10-07 07:00:00,SoilMoisture,41.70801064995432,Field1,False
6729,2024-10-07 08:00:00,SoilMoisture,70.86743470398714,Field2,False
6730,2024-10-07 09:00:00,Humidity,51.280506196302,Field1,False
6731,2024-10-07 10:00:00,Temperature,49.84738137277888,Field3,False
6732,2024-10-07 11:00:00,Light,89.06225611145115,Field2,False
6733,2024-10-07 12:00:00,SoilMoisture,88.44962388113211,Field4,False
6734,2024-10-07 13:00:00,SoilMoisture,36.61530187896352,Field1,False
6735,2024-10-07 14:00:00,SoilPH,82.70152408132644,Field1,False
6736,2024-10-07 15:00:00,SoilMoisture,17.774636684726786,Field3,False
6737,2024-10-07 16:00:00,Light,94.21991558920668,Field3,False
6738,2024-10-07 17:00:00,Humidity,90.1409312426458,Field1,False
6739,2024-10-07 18:00:00,SoilPH,23.54457340279511,Field3,False
6740,2024-10-07 19:00:00,Light,79.05976465185469,Field1,False
6741,2024-10-07 20:00:00,Temperature,35.02456025545801,Field3,False
6742,2024-10-07 21:00:00,Light,94.41701902712974,Field2,False
6743,2024-10-07 22:00:00,SoilMoisture,27.57560234815426,Field1,False
6744,2024-10-07 23:00:00,Humidity,54.85180343514943,Field1,False
6745,2024-10-08 00:00:00,Light,88.56932491403498,Field4,False
6746,2024-10-08 01:00:00,SoilPH,44.19078454517119,Field4,False
6747,2024-10-08 02:00:00,Light,18.216836724057828,Field1,False
6748,2024-10-08 03:00:00,SoilPH,25.217695809889484,Field1,False
6749,2024-10-08 04:00:00,SoilPH,87.7029336320458,Field4,False
6750,2024-10-08 05:00:00,Light,84.04958943724858,Field3,False
6751,2024-10-08 06:00:00,SoilPH,54.928460545152,Field3,False
6752,2024-10-08 07:00:00,Humidity,12.294322165381455,Field4,False
6753,2024-10-08 08:00:00,SoilMoisture,76.68067953996794,Field4,False
6754,2024-10-08 09:00:00,Temperature,93.81170379718624,Field3,True
6755,2024-10-08 10:00:00,Light,74.41707548792422,Field1,False
6756,2024-10-08 11:00:00,SoilPH,48.32003114635758,Field2,False
6757,2024-10-08 12:00:00,SoilMoisture,66.84720875685744,Field1,False
6758,2024-10-08 13:00:00,SoilPH,68.11101652152311,Field2,False
6759,2024-10-08 14:00:00,SoilMoisture,79.4419497881289,Field4,False
6760,2024-10-08 15:00:00,Light,51.01646589550962,Field4,False
6761,2024-10-08 16:00:00,SoilPH,1.7169351765789376,Field2,False
6762,2024-10-08 17:00:00,Temperature,83.17940100973587,Field1,True
6763,2024-10-08 18:00:00,Temperature,2.607201282482763,Field4,False
6764,2024-10-08 19:00:00,Light,45.96722368765688,Field3,False
6765,2024-10-08 20:00:00,SoilPH,92.56280782736862,Field4,False
6766,2024-10-08 21:00:00,Light,39.14334350237999,Field1,False
6767,2024-10-08 22:00:00,SoilMoisture,60.64216889324931,Field4,False
6768,2024-10-08 23:00:00,Light,22.88577941894716,Field1,False
6769,2024-10-09 00:00:00,Temperature,35.401181315548094,Field1,False
6770,2024-10-09 01:00:00,Humidity,32.974147495618986,Field4,False
6771,2024-10-09 02:00:00,SoilPH,49.703812326099495,Field3,False
6772,2024-10-09 03:00:00,Humidity,18.02082763840691,Field2,False
6773,2024-10-09 04:00:00,Temperature,68.12227941920374,Field4,True
6774,2024-10-09 05:00:00,Humidity,74.78380215564401,Field4,False
6775,2024-10-09 06:00:00,SoilMoisture,81.14078905677214,Field1,False
6776,2024-10-09 07:00:00,Humidity,56.98215936655706,Field2,False
6777,2024-10-09 08:00:00,Light,22.939206388359977,Field3,False
6778,2024-10-09 09:00:00,Temperature,17.151703331992074,Field3,False
6779,2024-10-09 10:00:00,SoilPH,23.680853935108093,Field3,False
6780,2024-10-09 11:00:00,Temperature,55.36967446489341,Field3,True
6781,2024-10-09 12:00:00,Light,74.93826026385223,Field2,False
6782,2024-10-09 13:00:00,Temperature,92.5272333785324,Field4,True
6783,2024-10-09 14:00:00,Humidity,11.47342562842335,Field4,False
6784,2024-10-09 15:00:00,Humidity,22.620623741963,Field4,False
6785,2024-10-09 16:00:00,SoilMoisture,66.49573445434733,Field2,False
6786,2024-10-09 17:00:00,Light,12.981563184192456,Field2,False
6787,2024-10-09 18:00:00,Light,21.8598083005514,Field3,False
6788,2024-10-09 19:00:00,SoilPH,55.95626271702869,Field3,False
6789,2024-10-09 20:00:00,SoilPH,47.62709417110024,Field3,False
6790,2024-10-09 21:00:00,SoilPH,96.41994446641588,Field1,False
6791,2024-10-09 22:00:00,Light,35.33543619954512,Field1,False
6792,2024-10-09 23:00:00,SoilMoisture,46.37830947866763,Field2,False
6793,2024-10-10 00:00:00,SoilPH,97.1346947478534,Field4,False
6794,2024-10-10 01:00:00,Humidity,37.069471549323886,Field4,False
6795,2024-10-10 02:00:00,SoilPH,49.98697436892346,Field2,False
6796,2024-10-10 03:00:00,SoilPH,80.15519722313141,Field1,False
6797,2024-10-10 04:00:00,Light,8.208844433403161,Field1,False
6798,2024-10-10 05:00:00,Temperature,74.3446877557639,Field3,True
6799,2024-10-10 06:00:00,Temperature,97.03089289511212,Field2,True
6800,2024-10-10 07:00:00,Humidity,69.42351488937923,Field3,False
6801,2024-10-10 08:00:00,SoilPH,40.36905011369687,Field2,False
6802,2024-10-10 09:00:00,Humidity,31.26290331614592,Field3,False
6803,2024-10-10 10:00:00,Humidity,8.530744361375698,Field3,False
6804,2024-10-10 11:00:00,SoilPH,20.16912838660873,Field1,False
6805,2024-10-10 12:00:00,Humidity,17.54458615737421,Field4,False
6806,2024-10-10 13:00:00,Humidity,7.28534005812338,Field2,False
6807,2024-10-10 14:00:00,SoilMoisture,13.337923173265551,Field3,False
6808,2024-10-10 15:00:00,Humidity,26.29322971307342,Field1,False
6809,2024-10-10 16:00:00,Temperature,43.57971858701135,Field4,False
6810,2024-10-10 17:00:00,SoilMoisture,81.97896550438917,Field1,False
6811,2024-10-10 18:00:00,Light,59.43239631921059,Field4,False
6812,2024-10-10 19:00:00,SoilPH,50.20748512726737,Field2,False
6813,2024-10-10 20:00:00,Light,3.5335885012286905,Field4,False
6814,2024-10-10 21:00:00,SoilPH,76.3435895096251,Field1,False
6815,2024-10-10 22:00:00,SoilMoisture,18.964717324296743,Field1,False
6816,2024-10-10 23:00:00,Light,80.47684585010751,Field4,False
6817,2024-10-11 00:00:00,Temperature,10.22348685120491,Field2,False
6818,2024-10-11 01:00:00,Humidity,64.13705725438525,Field4,False
6819,2024-10-11 02:00:00,SoilPH,18.818725517831545,Field1,False
6820,2024-10-11 03:00:00,Light,70.97850330317553,Field3,False
6821,2024-10-11 04:00:00,SoilPH,71.37919434758626,Field1,False
6822,2024-10-11 05:00:00,Humidity,60.43503773091078,Field4,False
6823,2024-10-11 06:00:00,SoilMoisture,62.65626044455767,Field1,False
6824,2024-10-11 07:00:00,SoilMoisture,73.18051102409552,Field2,False
6825,2024-10-11 08:00:00,Temperature,10.139834484516609,Field2,False
6826,2024-10-11 09:00:00,Temperature,7.358008617202083,Field2,False
6827,2024-10-11 10:00:00,SoilMoisture,77.46830758762383,Field2,False
6828,2024-10-11 11:00:00,SoilPH,27.229691901720777,Field2,False
6829,2024-10-11 12:00:00,SoilPH,58.97566346476418,Field4,False
6830,2024-10-11 13:00:00,SoilPH,37.3764872092504,Field1,False
6831,2024-10-11 14:00:00,SoilPH,31.128419004717976,Field4,False
6832,2024-10-11 15:00:00,Humidity,49.24510420716835,Field2,False
6833,2024-10-11 16:00:00,SoilMoisture,7.484113497598487,Field2,False
6834,2024-10-11 17:00:00,Light,77.27893678062456,Field3,False
6835,2024-10-11 18:00:00,SoilMoisture,72.20558187997872,Field4,False
6836,2024-10-11 19:00:00,Temperature,35.41011722528786,Field4,False
6837,2024-10-11 20:00:00,SoilPH,34.47687839386021,Field1,False
6838,2024-10-11 21:00:00,SoilMoisture,65.70143366203793,Field1,False
6839,2024-10-11 22:00:00,SoilPH,74.68331129385835,Field1,False
6840,2024-10-11 23:00:00,SoilPH,87.17217015431468,Field1,False
6841,2024-10-12 00:00:00,Humidity,39.13093513242182,Field4,False
6842,2024-10-12 01:00:00,Humidity,79.08317153856311,Field1,False
6843,2024-10-12 02:00:00,SoilPH,92.93061279205877,Field2,False
6844,2024-10-12 03:00:00,SoilMoisture,39.97552343547993,Field4,False
6845,2024-10-12 04:00:00,Light,19.54608512226852,Field3,False
6846,2024-10-12 05:00:00,Humidity,40.06751914652001,Field3,False
6847,2024-10-12 06:00:00,Light,39.73601827912795,Field2,False
6848,2024-10-12 07:00:00,Light,24.259767052626515,Field3,False
6849,2024-10-12 08:00:00,SoilPH,32.474989977797655,Field4,False
6850,2024-10-12 09:00:00,Humidity,99.53004983547522,Field3,False
6851,2024-10-12 10:00:00,SoilPH,65.30840066382501,Field3,False
6852,2024-10-12 11:00:00,Humidity,57.0413854198315,Field1,False
6853,2024-10-12 12:00:00,Temperature,35.428486830379704,Field1,False
6854,2024-10-12 13:00:00,SoilMoisture,18.8848854322252,Field1,False
6855,2024-10-12 14:00:00,Temperature,86.48699919948885,Field3,True
6856,2024-10-12 15:00:00,SoilMoisture,78.51836264934254,Field4,False
6857,2024-10-12 16:00:00,SoilMoisture,54.60548625914923,Field3,False
6858,2024-10-12 17:00:00,SoilMoisture,9.15600064168226,Field3,False
6859,2024-10-12 18:00:00,Humidity,71.16366035767938,Field1,False
6860,2024-10-12 19:00:00,Humidity,72.23006417278711,Field4,False
6861,2024-10-12 20:00:00,SoilMoisture,24.555811980867997,Field2,False
6862,2024-10-12 21:00:00,Temperature,89.77106602426794,Field4,True
6863,2024-10-12 22:00:00,Light,43.47369667932951,Field3,False
6864,2024-10-12 23:00:00,SoilMoisture,41.72439655147097,Field2,False
6865,2024-10-13 00:00:00,Light,18.412276975590625,Field4,False
6866,2024-10-13 01:00:00,Temperature,91.02514430160046,Field4,True
6867,2024-10-13 02:00:00,Light,38.757484704081634,Field3,False
6868,2024-10-13 03:00:00,Humidity,99.50244315798142,Field1,False
6869,2024-10-13 04:00:00,Temperature,30.268236989819776,Field4,False
6870,2024-10-13 05:00:00,Humidity,36.33091684255562,Field4,False
6871,2024-10-13 06:00:00,Light,35.08484248115946,Field3,False
6872,2024-10-13 07:00:00,SoilPH,33.45212414109761,Field3,False
6873,2024-10-13 08:00:00,Temperature,74.2040706010182,Field1,True
6874,2024-10-13 09:00:00,SoilPH,82.46686532383718,Field2,False
6875,2024-10-13 10:00:00,SoilMoisture,17.090332592279545,Field3,False
6876,2024-10-13 11:00:00,SoilPH,41.47571783677034,Field3,False
6877,2024-10-13 12:00:00,Humidity,82.22285306797264,Field3,False
6878,2024-10-13 13:00:00,Humidity,43.674191557840366,Field3,False
6879,2024-10-13 14:00:00,Light,19.51879509628876,Field4,False
6880,2024-10-13 15:00:00,Light,24.62172704141834,Field1,False
6881,2024-10-13 16:00:00,SoilMoisture,27.620571144355026,Field2,False
6882,2024-10-13 17:00:00,Humidity,90.38011224773976,Field1,False
6883,2024-10-13 18:00:00,Temperature,76.0781291441879,Field4,True
6884,2024-10-13 19:00:00,SoilMoisture,44.32801043451053,Field2,False
6885,2024-10-13 20:00:00,SoilPH,33.189651709375255,Field1,False
6886,2024-10-13 21:00:00,Temperature,16.083386192436734,Field3,False
6887,2024-10-13 22:00:00,SoilMoisture,0.17014176976341,Field4,False
6888,2024-10-13 23:00:00,SoilPH,53.26018698768227,Field3,False
6889,2024-10-14 00:00:00,Temperature,95.9939388977743,Field2,True
6890,2024-10-14 01:00:00,Light,95.17604367654208,Field2,False
6891,2024-10-14 02:00:00,Humidity,69.29636137348263,Field4,False
6892,2024-10-14 03:00:00,SoilPH,80.41324971951843,Field1,False
6893,2024-10-14 04:00:00,Humidity,95.36927382438633,Field1,False
6894,2024-10-14 05:00:00,SoilPH,4.030092482970038,Field2,False
6895,2024-10-14 06:00:00,Humidity,95.63818386142984,Field4,False
6896,2024-10-14 07:00:00,SoilPH,83.17581828708848,Field2,False
6897,2024-10-14 08:00:00,Humidity,76.25573688005977,Field3,False
6898,2024-10-14 09:00:00,Light,77.47026180930851,Field3,False
6899,2024-10-14 10:00:00,Humidity,76.01789037843372,Field3,False
6900,2024-10-14 11:00:00,SoilPH,51.32248399732829,Field1,False
6901,2024-10-14 12:00:00,Humidity,81.39730838882605,Field1,False
6902,2024-10-14 13:00:00,Humidity,16.070141698785413,Field2,False
6903,2024-10-14 14:00:00,SoilMoisture,83.71623742616102,Field1,False
6904,2024-10-14 15:00:00,SoilPH,20.648666355564828,Field2,False
6905,2024-10-14 16:00:00,Humidity,79.24171809693907,Field3,False
6906,2024-10-14 17:00:00,SoilPH,20.433182203410773,Field2,False
6907,2024-10-14 18:00:00,SoilMoisture,23.075007601107323,Field2,False
6908,2024-10-14 19:00:00,SoilPH,54.30180010053558,Field2,False
6909,2024-10-14 20:00:00,SoilPH,28.76613656671564,Field3,False
6910,2024-10-14 21:00:00,SoilPH,83.63755374190963,Field3,False
6911,2024-10-14 22:00:00,Temperature,13.636550619741971,Field3,False
6912,2024-10-14 23:00:00,Humidity,35.42349378993544,Field2,False
6913,2024-10-15 00:00:00,Temperature,98.92819292966568,Field4,True
6914,2024-10-15 01:00:00,Humidity,10.711056230632307,Field2,False
6915,2024-10-15 02:00:00,Humidity,39.14317761658784,Field3,False
6916,2024-10-15 03:00:00,SoilMoisture,26.84403091813158,Field1,False
6917,2024-10-15 04:00:00,Temperature,2.4942194363884007,Field1,False
6918,2024-10-15 05:00:00,Temperature,12.134803707596586,Field4,False
6919,2024-10-15 06:00:00,Light,89.23491338547555,Field4,False
6920,2024-10-15 07:00:00,SoilMoisture,54.20734378452163,Field1,False
6921,2024-10-15 08:00:00,Humidity,96.76625719654972,Field2,False
6922,2024-10-15 09:00:00,Humidity,86.0635283567287,Field1,False
6923,2024-10-15 10:00:00,Light,86.51055671076205,Field1,False
6924,2024-10-15 11:00:00,Humidity,97.14771404527713,Field4,False
6925,2024-10-15 12:00:00,Temperature,2.332302043040402,Field2,False
6926,2024-10-15 13:00:00,Light,98.93527407271957,Field1,False
6927,2024-10-15 14:00:00,Light,79.01657530734015,Field1,False
6928,2024-10-15 15:00:00,Humidity,1.3474944621490237,Field3,False
6929,2024-10-15 16:00:00,Humidity,93.78128810180624,Field2,False
6930,2024-10-15 17:00:00,Light,86.67879067514414,Field2,False
6931,2024-10-15 18:00:00,Temperature,39.48988491516429,Field1,False
6932,2024-10-15 19:00:00,Humidity,56.264581322330606,Field1,False
6933,2024-10-15 20:00:00,Humidity,27.45847015644376,Field4,False
6934,2024-10-15 21:00:00,Light,73.40944908031577,Field2,False
6935,2024-10-15 22:00:00,SoilMoisture,62.77359071973595,Field2,False
6936,2024-10-15 23:00:00,Temperature,5.824330674020861,Field1,False
6937,2024-10-16 00:00:00,Humidity,39.81585729470663,Field2,False
6938,2024-10-16 01:00:00,Humidity,69.76641998795891,Field2,False
6939,2024-10-16 02:00:00,SoilMoisture,63.25104646774903,Field1,False
6940,2024-10-16 03:00:00,Humidity,11.095731183274104,Field2,False
6941,2024-10-16 04:00:00,SoilPH,12.583072241996009,Field4,False
6942,2024-10-16 05:00:00,Light,7.112836807299527,Field1,False
6943,2024-10-16 06:00:00,Humidity,88.5471113641124,Field2,False
6944,2024-10-16 07:00:00,SoilPH,52.4587867766909,Field3,False
6945,2024-10-16 08:00:00,Humidity,82.41536277209613,Field1,False
6946,2024-10-16 09:00:00,Light,87.80808025544037,Field2,False
6947,2024-10-16 10:00:00,SoilPH,24.123064008353268,Field2,False
6948,2024-10-16 11:00:00,SoilPH,88.81296903028027,Field1,False
6949,2024-10-16 12:00:00,Light,20.50674199522522,Field4,False
6950,2024-10-16 13:00:00,SoilMoisture,86.93843805666725,Field3,False
6951,2024-10-16 14:00:00,SoilMoisture,47.08568520655345,Field4,False
6952,2024-10-16 15:00:00,Light,57.01464791191716,Field4,False
6953,2024-10-16 16:00:00,Humidity,52.36308448110811,Field1,False
6954,2024-10-16 17:00:00,Temperature,27.62320283630133,Field3,False
6955,2024-10-16 18:00:00,Humidity,12.042294890642069,Field2,False
6956,2024-10-16 19:00:00,SoilPH,43.16487327745146,Field4,False
6957,2024-10-16 20:00:00,Temperature,51.86292753419319,Field2,True
6958,2024-10-16 21:00:00,SoilPH,92.38157283801876,Field1,False
6959,2024-10-16 22:00:00,SoilPH,58.47675603772227,Field4,False
6960,2024-10-16 23:00:00,Light,60.0031098749257,Field1,False
6961,2024-10-17 00:00:00,SoilMoisture,26.842104529528637,Field1,False
6962,2024-10-17 01:00:00,SoilMoisture,2.8163810421516944,Field3,False
6963,2024-10-17 02:00:00,SoilMoisture,38.85961727339722,Field4,False
6964,2024-10-17 03:00:00,SoilMoisture,31.799381711748108,Field1,False
6965,2024-10-17 04:00:00,Temperature,17.610212560934425,Field3,False
6966,2024-10-17 05:00:00,SoilMoisture,16.830935173534378,Field3,False
6967,2024-10-17 06:00:00,Light,89.8187260652202,Field1,False
6968,2024-10-17 07:00:00,Humidity,3.978063885476091,Field3,False
6969,2024-10-17 08:00:00,SoilPH,80.24156783380423,Field4,False
6970,2024-10-17 09:00:00,Humidity,17.644249379218113,Field4,False
6971,2024-10-17 10:00:00,Temperature,15.305537621333476,Field2,False
6972,2024-10-17 11:00:00,Light,77.46239695422416,Field2,False
6973,2024-10-17 12:00:00,SoilPH,64.64113967270374,Field3,False
6974,2024-10-17 13:00:00,Temperature,80.79931619541799,Field4,True
6975,2024-10-17 14:00:00,Light,20.998227977658534,Field3,False
6976,2024-10-17 15:00:00,SoilPH,12.235555213720309,Field3,False
6977,2024-10-17 16:00:00,SoilMoisture,91.53454289179432,Field2,False
6978,2024-10-17 17:00:00,SoilPH,44.28615326356435,Field2,False
6979,2024-10-17 18:00:00,Temperature,99.18375802438638,Field2,True
6980,2024-10-17 19:00:00,Temperature,58.50758998334676,Field2,True
6981,2024-10-17 20:00:00,SoilPH,0.5773861454057339,Field4,False
6982,2024-10-17 21:00:00,Light,92.5675253673426,Field4,False
6983,2024-10-17 22:00:00,Light,72.3858812087563,Field3,False
6984,2024-10-17 23:00:00,SoilMoisture,95.28200847538558,Field3,False
6985,2024-10-18 00:00:00,Temperature,45.328729190680505,Field1,False
6986,2024-10-18 01:00:00,SoilMoisture,98.00174112212018,Field3,False
6987,2024-10-18 02:00:00,SoilMoisture,95.94952297952312,Field2,False
6988,2024-10-18 03:00:00,Light,97.11874634179335,Field4,False
6989,2024-10-18 04:00:00,SoilMoisture,61.30135066185009,Field3,False
6990,2024-10-18 05:00:00,Humidity,68.66969249198998,Field2,False
6991,2024-10-18 06:00:00,SoilMoisture,62.56851187987499,Field1,False
6992,2024-10-18 07:00:00,SoilMoisture,40.28543981419316,Field4,False
6993,2024-10-18 08:00:00,Temperature,20.072242291027585,Field2,False
6994,2024-10-18 09:00:00,SoilPH,21.20561389915624,Field2,False
6995,2024-10-18 10:00:00,SoilMoisture,54.9947020921454,Field4,False
6996,2024-10-18 11:00:00,SoilMoisture,24.936266875288947,Field2,False
6997,2024-10-18 12:00:00,SoilPH,24.551582728826727,Field2,False
6998,2024-10-18 13:00:00,Temperature,93.33469929487345,Field3,True
6999,2024-10-18 14:00:00,Temperature,90.31853256140448,Field3,True
7000,2024-10-18 15:00:00,Humidity,46.53742297834096,Field2,False
7001,2024-10-18 16:00:00,Light,17.820186043964135,Field2,False
7002,2024-10-18 17:00:00,Temperature,40.1656048265884,Field4,False
7003,2024-10-18 18:00:00,Temperature,38.22012766468455,Field1,False
7004,2024-10-18 19:00:00,Humidity,62.42901066256042,Field2,False
7005,2024-10-18 20:00:00,SoilPH,94.10426471359996,Field3,False
7006,2024-10-18 21:00:00,Temperature,62.54517001245407,Field1,True
7007,2024-10-18 22:00:00,Temperature,33.07566332532497,Field2,False
7008,2024-10-18 23:00:00,SoilMoisture,86.50887579549881,Field3,False
7009,2024-10-19 00:00:00,Light,91.26508194267122,Field1,False
7010,2024-10-19 01:00:00,SoilPH,80.79204748541746,Field4,False
7011,2024-10-19 02:00:00,SoilMoisture,0.040444944316953,Field2,False
7012,2024-10-19 03:00:00,Light,52.15853570060612,Field1,False
7013,2024-10-19 04:00:00,SoilPH,80.15810327496709,Field2,False
7014,2024-10-19 05:00:00,Light,37.443678054548165,Field4,False
7015,2024-10-19 06:00:00,SoilPH,35.91903671619446,Field2,False
7016,2024-10-19 07:00:00,Temperature,5.384660681329912,Field2,False
7017,2024-10-19 08:00:00,SoilPH,41.94482219014593,Field3,False
7018,2024-10-19 09:00:00,Humidity,78.64440629512227,Field3,False
7019,2024-10-19 10:00:00,SoilMoisture,47.82293606388623,Field1,False
7020,2024-10-19 11:00:00,Humidity,50.97965010223913,Field1,False
7021,2024-10-19 12:00:00,Light,27.35488913129126,Field2,False
7022,2024-10-19 13:00:00,Light,14.742678652913954,Field1,False
7023,2024-10-19 14:00:00,Humidity,42.09519192241018,Field3,False
7024,2024-10-19 15:00:00,SoilPH,24.671142945013912,Field3,False
7025,2024-10-19 16:00:00,SoilMoisture,43.54921830752249,Field4,False
7026,2024-10-19 17:00:00,Temperature,72.44290419422981,Field3,True
7027,2024-10-19 18:00:00,SoilMoisture,3.152273137970163,Field2,False
7028,2024-10-19 19:00:00,SoilMoisture,9.548958176729515,Field4,False
7029,2024-10-19 20:00:00,SoilPH,46.95122508778076,Field4,False
7030,2024-10-19 21:00:00,Light,34.733278649402955,Field2,False
7031,2024-10-19 22:00:00,SoilPH,17.0126877305254,Field1,False
7032,2024-10-19 23:00:00,SoilPH,75.90211536168783,Field4,False
7033,2024-10-20 00:00:00,Temperature,74.73280723725753,Field4,True
7034,2024-10-20 01:00:00,Light,97.24095896080588,Field1,False
7035,2024-10-20 02:00:00,Light,68.47577032003734,Field2,False
7036,2024-10-20 03:00:00,Temperature,95.35476282750834,Field4,True
7037,2024-10-20 04:00:00,SoilMoisture,97.79934068477093,Field4,False
7038,2024-10-20 05:00:00,Light,14.791947153772757,Field3,False
7039,2024-10-20 06:00:00,Humidity,17.751446734322595,Field4,False
7040,2024-10-20 07:00:00,Humidity,4.899921260595819,Field2,False
7041,2024-10-20 08:00:00,Humidity,26.56313695312974,Field2,False
7042,2024-10-20 09:00:00,SoilMoisture,64.99266342262945,Field4,False
7043,2024-10-20 10:00:00,Humidity,22.362456767663485,Field2,False
7044,2024-10-20 11:00:00,Temperature,75.47181436023193,Field1,True
7045,2024-10-20 12:00:00,Light,45.41532141920291,Field3,False
7046,2024-10-20 13:00:00,Temperature,39.68003484385697,Field2,False
7047,2024-10-20 14:00:00,Light,16.03902301828989,Field3,False
7048,2024-10-20 15:00:00,Temperature,81.87566221933514,Field1,True
7049,2024-10-20 16:00:00,Temperature,88.92305294996434,Field4,True
7050,2024-10-20 17:00:00,SoilPH,31.41235241273129,Field4,False
7051,2024-10-20 18:00:00,SoilMoisture,63.92325408634024,Field4,False
7052,2024-10-20 19:00:00,Temperature,3.156550385371615,Field4,False
7053,2024-10-20 20:00:00,SoilMoisture,44.02525390509508,Field3,False
7054,2024-10-20 21:00:00,SoilMoisture,53.09601955563193,Field1,False
7055,2024-10-20 22:00:00,SoilPH,48.18609203004476,Field3,False
7056,2024-10-20 23:00:00,Temperature,29.30584044959904,Field1,False
7057,2024-10-21 00:00:00,Temperature,56.4619499904042,Field1,True
7058,2024-10-21 01:00:00,Humidity,79.55749386225655,Field1,False
7059,2024-10-21 02:00:00,SoilMoisture,84.39880132999834,Field3,False
7060,2024-10-21 03:00:00,SoilPH,90.47190047151888,Field4,False
7061,2024-10-21 04:00:00,SoilMoisture,11.745628666790086,Field2,False
7062,2024-10-21 05:00:00,Temperature,96.15478028082656,Field1,True
7063,2024-10-21 06:00:00,Humidity,71.59416875340509,Field1,False
7064,2024-10-21 07:00:00,Temperature,34.87275104601477,Field3,False
7065,2024-10-21 08:00:00,Light,11.090978430431909,Field1,False
7066,2024-10-21 09:00:00,Humidity,98.88516378654862,Field3,False
7067,2024-10-21 10:00:00,SoilPH,39.34522838377443,Field4,False
7068,2024-10-21 11:00:00,SoilPH,84.78609329391065,Field4,False
7069,2024-10-21 12:00:00,SoilMoisture,89.75991191142057,Field3,False
7070,2024-10-21 13:00:00,SoilMoisture,36.99353963744218,Field1,False
7071,2024-10-21 14:00:00,Humidity,47.12435616731925,Field4,False
7072,2024-10-21 15:00:00,Temperature,19.86570446309981,Field2,False
7073,2024-10-21 16:00:00,Humidity,27.892601734600746,Field3,False
7074,2024-10-21 17:00:00,Light,58.31066781106827,Field1,False
7075,2024-10-21 18:00:00,Humidity,67.13132829450471,Field2,False
7076,2024-10-21 19:00:00,Humidity,23.2387592701753,Field4,False
7077,2024-10-21 20:00:00,Light,61.344523586851,Field2,False
7078,2024-10-21 21:00:00,Temperature,42.65803277614382,Field1,False
7079,2024-10-21 22:00:00,Light,34.40892205555276,Field3,False
7080,2024-10-21 23:00:00,Humidity,32.97851350679132,Field1,False
7081,2024-10-22 00:00:00,SoilMoisture,22.437155097011264,Field3,False
7082,2024-10-22 01:00:00,SoilPH,82.72904349461393,Field3,False
7083,2024-10-22 02:00:00,Temperature,42.40313705454846,Field2,False
7084,2024-10-22 03:00:00,Temperature,28.38096703750068,Field4,False
7085,2024-10-22 04:00:00,Light,21.040486601900955,Field1,False
7086,2024-10-22 05:00:00,SoilMoisture,49.058051409520864,Field1,False
7087,2024-10-22 06:00:00,Humidity,30.428764783503205,Field4,False
7088,2024-10-22 07:00:00,SoilMoisture,9.657290693530465,Field4,False
7089,2024-10-22 08:00:00,Light,99.03399650051875,Field4,False
7090,2024-10-22 09:00:00,Temperature,78.01460825144207,Field1,True
7091,2024-10-22 10:00:00,Humidity,75.91056183489141,Field3,False
7092,2024-10-22 11:00:00,Light,53.35469452680931,Field3,False
7093,2024-10-22 12:00:00,SoilPH,33.4895980781177,Field4,False
7094,2024-10-22 13:00:00,SoilPH,24.478568455709823,Field4,False
7095,2024-10-22 14:00:00,SoilPH,53.58580945771052,Field3,False
7096,2024-10-22 15:00:00,Temperature,14.2563172399351,Field4,False
7097,2024-10-22 16:00:00,Temperature,7.593753225171951,Field3,False
7098,2024-10-22 17:00:00,SoilMoisture,56.13998869887882,Field2,False
7099,2024-10-22 18:00:00,SoilMoisture,20.969390096740305,Field4,False
7100,2024-10-22 19:00:00,SoilPH,99.27809984483528,Field4,False
7101,2024-10-22 20:00:00,Light,80.24799828242332,Field4,False
7102,2024-10-22 21:00:00,SoilPH,3.5591609038851058,Field3,False
7103,2024-10-22 22:00:00,Humidity,71.211631513649,Field1,False
7104,2024-10-22 23:00:00,Humidity,55.88647635969883,Field4,False
7105,2024-10-23 00:00:00,SoilPH,39.20124298831858,Field1,False
7106,2024-10-23 01:00:00,Light,4.586013351244544,Field1,False
7107,2024-10-23 02:00:00,SoilMoisture,78.22798315410621,Field4,False
7108,2024-10-23 03:00:00,SoilPH,27.055517830223508,Field3,False
7109,2024-10-23 04:00:00,Light,36.07446545654355,Field1,False
7110,2024-10-23 05:00:00,Light,88.6160031979204,Field3,False
7111,2024-10-23 06:00:00,Humidity,19.066380549941407,Field1,False
7112,2024-10-23 07:00:00,SoilMoisture,20.30061633272008,Field4,False
7113,2024-10-23 08:00:00,Light,78.49708152456203,Field1,False
7114,2024-10-23 09:00:00,SoilPH,65.15582276772322,Field1,False
7115,2024-10-23 10:00:00,Light,19.833462770976507,Field1,False
7116,2024-10-23 11:00:00,SoilPH,44.453674281633205,Field1,False
7117,2024-10-23 12:00:00,Light,71.67359061211741,Field4,False
7118,2024-10-23 13:00:00,Humidity,34.231151080912845,Field4,False
7119,2024-10-23 14:00:00,SoilMoisture,19.73129153195844,Field1,False
7120,2024-10-23 15:00:00,Light,38.84040622699148,Field4,False
7121,2024-10-23 16:00:00,Light,53.02236912247695,Field4,False
7122,2024-10-23 17:00:00,Humidity,83.70648389295407,Field4,False
7123,2024-10-23 18:00:00,Light,45.34948516149797,Field2,False
7124,2024-10-23 19:00:00,Temperature,29.04264321192489,Field4,False
7125,2024-10-23 20:00:00,Temperature,33.11601652260168,Field3,False
7126,2024-10-23 21:00:00,SoilPH,79.06447698815414,Field3,False
7127,2024-10-23 22:00:00,Light,16.383442947562955,Field3,False
7128,2024-10-23 23:00:00,SoilPH,85.58712801984989,Field1,False
7129,2024-10-24 00:00:00,Light,90.93064371571856,Field3,False
7130,2024-10-24 01:00:00,Humidity,17.54265208725868,Field3,False
7131,2024-10-24 02:00:00,SoilMoisture,61.08562513748256,Field4,False
7132,2024-10-24 03:00:00,SoilMoisture,87.00285746708974,Field3,False
7133,2024-10-24 04:00:00,SoilPH,61.61247452753981,Field1,False
7134,2024-10-24 05:00:00,Temperature,37.414583312040136,Field3,False
7135,2024-10-24 06:00:00,Light,61.04409941202642,Field1,False
7136,2024-10-24 07:00:00,SoilMoisture,26.632440119638567,Field3,False
7137,2024-10-24 08:00:00,SoilPH,34.32652532536945,Field4,False
7138,2024-10-24 09:00:00,Light,17.246657046956305,Field4,False
7139,2024-10-24 10:00:00,Humidity,88.5306740920569,Field1,False
7140,2024-10-24 11:00:00,SoilPH,54.49573915341841,Field1,False
7141,2024-10-24 12:00:00,Temperature,83.11361591398251,Field3,True
7142,2024-10-24 13:00:00,Light,70.19043289799873,Field3,False
7143,2024-10-24 14:00:00,Light,16.764282648770255,Field1,False
7144,2024-10-24 15:00:00,SoilMoisture,68.32864000081787,Field2,False
7145,2024-10-24 16:00:00,SoilMoisture,35.89272791903557,Field1,False
7146,2024-10-24 17:00:00,SoilPH,53.19513099779648,Field2,False
7147,2024-10-24 18:00:00,Temperature,74.34449003630644,Field3,True
7148,2024-10-24 19:00:00,SoilMoisture,15.301744413624474,Field2,False
7149,2024-10-24 20:00:00,Light,81.16349409486034,Field3,False
7150,2024-10-24 21:00:00,SoilPH,54.49774488261559,Field2,False
7151,2024-10-24 22:00:00,SoilPH,90.63038016576516,Field2,False
7152,2024-10-24 23:00:00,Temperature,0.5534867951731193,Field3,False
7153,2024-10-25 00:00:00,SoilMoisture,44.76824817494533,Field3,False
7154,2024-10-25 01:00:00,SoilMoisture,10.759860137104528,Field1,False
7155,2024-10-25 02:00:00,Temperature,86.47105719591885,Field1,True
7156,2024-10-25 03:00:00,Light,97.5346326109787,Field1,False
7157,2024-10-25 04:00:00,SoilPH,1.503503285970842,Field3,False
7158,2024-10-25 05:00:00,Temperature,40.38988946262182,Field2,False
7159,2024-10-25 06:00:00,Humidity,25.81450576384382,Field4,False
7160,2024-10-25 07:00:00,Temperature,25.41826603137756,Field4,False
7161,2024-10-25 08:00:00,SoilPH,46.68218517128737,Field2,False
7162,2024-10-25 09:00:00,Light,53.26860280309532,Field2,False
7163,2024-10-25 10:00:00,Humidity,3.511162100436349,Field4,False
7164,2024-10-25 11:00:00,Humidity,55.04251403526818,Field4,False
7165,2024-10-25 12:00:00,Humidity,5.401965713523116,Field4,False
7166,2024-10-25 13:00:00,SoilPH,0.7073176797245506,Field3,False
7167,2024-10-25 14:00:00,Temperature,84.49563335746787,Field3,True
7168,2024-10-25 15:00:00,SoilMoisture,14.229349525238687,Field4,False
7169,2024-10-25 16:00:00,SoilPH,16.664155601909403,Field4,False
7170,2024-10-25 17:00:00,SoilPH,12.974760886925797,Field4,False
7171,2024-10-25 18:00:00,SoilPH,99.52287523726532,Field2,False
7172,2024-10-25 19:00:00,SoilMoisture,63.07444390066569,Field4,False
7173,2024-10-25 20:00:00,SoilPH,37.53168714273036,Field4,False
7174,2024-10-25 21:00:00,SoilMoisture,46.791027203552304,Field4,False
7175,2024-10-25 22:00:00,Humidity,30.6774495170969,Field3,False
7176,2024-10-25 23:00:00,Temperature,67.17154271645568,Field4,True
7177,2024-10-26 00:00:00,SoilPH,55.01675233111577,Field4,False
7178,2024-10-26 01:00:00,SoilMoisture,62.497515175171294,Field1,False
7179,2024-10-26 02:00:00,Humidity,44.56457186685859,Field2,False
7180,2024-10-26 03:00:00,Light,25.37390818613685,Field1,False
7181,2024-10-26 04:00:00,Temperature,80.40213064224349,Field2,True
7182,2024-10-26 05:00:00,Light,19.735884939554804,Field4,False
7183,2024-10-26 06:00:00,Temperature,4.736230930546592,Field4,False
7184,2024-10-26 07:00:00,SoilPH,3.0667836371395474,Field1,False
7185,2024-10-26 08:00:00,SoilMoisture,61.717035385498384,Field3,False
7186,2024-10-26 09:00:00,Temperature,99.62560549750418,Field1,True
7187,2024-10-26 10:00:00,SoilPH,61.5356798549752,Field3,False
7188,2024-10-26 11:00:00,Humidity,10.25561669614018,Field4,False
7189,2024-10-26 12:00:00,SoilPH,60.77153337583907,Field3,False
7190,2024-10-26 13:00:00,Light,75.38379653647947,Field3,False
7191,2024-10-26 14:00:00,Temperature,32.49139302517033,Field4,False
7192,2024-10-26 15:00:00,SoilMoisture,94.5909096308108,Field3,False
7193,2024-10-26 16:00:00,Light,61.21355635232789,Field4,False
7194,2024-10-26 17:00:00,Humidity,83.11683585933174,Field3,False
7195,2024-10-26 18:00:00,SoilPH,13.347714128315824,Field4,False
7196,2024-10-26 19:00:00,Temperature,31.971006876311257,Field4,False
7197,2024-10-26 20:00:00,Humidity,75.28273372268896,Field3,False
7198,2024-10-26 21:00:00,SoilMoisture,38.05023151100237,Field4,False
7199,2024-10-26 22:00:00,Light,4.812995572024659,Field2,False
7200,2024-10-26 23:00:00,Temperature,68.79841098565382,Field3,True
7201,2024-10-27 00:00:00,Humidity,57.08518436792265,Field3,False
7202,2024-10-27 01:00:00,SoilMoisture,34.77888587511653,Field2,False
7203,2024-10-27 02:00:00,SoilPH,68.94942171800483,Field2,False
7204,2024-10-27 03:00:00,SoilMoisture,70.85991724770868,Field1,False
7205,2024-10-27 04:00:00,Light,6.898516354264228,Field3,False
7206,2024-10-27 05:00:00,Humidity,12.72652827586046,Field3,False
7207,2024-10-27 06:00:00,SoilMoisture,51.23935843933174,Field3,False
7208,2024-10-27 07:00:00,Temperature,16.773620498940424,Field2,False
7209,2024-10-27 08:00:00,Light,55.16079415114879,Field3,False
7210,2024-10-27 09:00:00,Temperature,76.01823126889548,Field2,True
7211,2024-10-27 10:00:00,SoilMoisture,90.2805251817291,Field4,False
7212,2024-10-27 11:00:00,SoilMoisture,64.43739683887935,Field3,False
7213,2024-10-27 12:00:00,Light,36.57408869792334,Field2,False
7214,2024-10-27 13:00:00,Light,91.36737257213902,Field2,False
7215,2024-10-27 14:00:00,SoilPH,82.84724344116107,Field4,False
7216,2024-10-27 15:00:00,SoilMoisture,7.609757741605727,Field3,False
7217,2024-10-27 16:00:00,SoilMoisture,24.59150461060473,Field1,False
7218,2024-10-27 17:00:00,Temperature,50.37165396000371,Field3,True
7219,2024-10-27 18:00:00,SoilPH,5.791609100562967,Field1,False
7220,2024-10-27 19:00:00,Temperature,60.74407159213402,Field1,True
7221,2024-10-27 20:00:00,SoilMoisture,56.74900376047417,Field3,False
7222,2024-10-27 21:00:00,Temperature,20.426100431517813,Field4,False
7223,2024-10-27 22:00:00,Humidity,76.22606973129697,Field3,False
7224,2024-10-27 23:00:00,Light,38.79405117749196,Field4,False
7225,2024-10-28 00:00:00,Temperature,4.243785652278042,Field2,False
7226,2024-10-28 01:00:00,Temperature,26.50734457370998,Field2,False
7227,2024-10-28 02:00:00,SoilMoisture,45.5394204733782,Field3,False
7228,2024-10-28 03:00:00,SoilPH,95.82918155014072,Field3,False
7229,2024-10-28 04:00:00,Temperature,60.261515753052606,Field1,True
7230,2024-10-28 05:00:00,Humidity,43.40514138730145,Field1,False
7231,2024-10-28 06:00:00,SoilMoisture,47.95842165666819,Field4,False
7232,2024-10-28 07:00:00,SoilPH,50.940735599449546,Field2,False
7233,2024-10-28 08:00:00,Temperature,90.36562345541272,Field3,True
7234,2024-10-28 09:00:00,Light,5.339604617677551,Field4,False
7235,2024-10-28 10:00:00,Light,78.63191677714887,Field4,False
7236,2024-10-28 11:00:00,Light,54.267505575193,Field1,False
7237,2024-10-28 12:00:00,SoilMoisture,4.341986857685165,Field1,False
7238,2024-10-28 13:00:00,Light,99.70842327666767,Field4,False
7239,2024-10-28 14:00:00,SoilPH,53.48885226699052,Field1,False
7240,2024-10-28 15:00:00,SoilMoisture,12.139466191831817,Field1,False
7241,2024-10-28 16:00:00,Humidity,32.994888033697066,Field3,False
7242,2024-10-28 17:00:00,Humidity,96.05168988450008,Field1,False
7243,2024-10-28 18:00:00,Light,55.27591567317971,Field3,False
7244,2024-10-28 19:00:00,SoilMoisture,59.123585716634906,Field3,False
7245,2024-10-28 20:00:00,Light,58.78309979004297,Field1,False
7246,2024-10-28 21:00:00,Light,46.51701825226691,Field1,False
7247,2024-10-28 22:00:00,Humidity,66.34693139047722,Field4,False
7248,2024-10-28 23:00:00,Humidity,95.03049843489757,Field2,False
7249,2024-10-29 00:00:00,SoilMoisture,65.52408754544004,Field4,False
7250,2024-10-29 01:00:00,Light,9.1812981735076,Field1,False
7251,2024-10-29 02:00:00,SoilMoisture,70.95004858642393,Field4,False
7252,2024-10-29 03:00:00,SoilPH,41.57474150334755,Field4,False
7253,2024-10-29 04:00:00,SoilPH,63.2212884274584,Field4,False
7254,2024-10-29 05:00:00,Temperature,59.78980030324349,Field4,True
7255,2024-10-29 06:00:00,Humidity,94.60678248821684,Field4,False
7256,2024-10-29 07:00:00,SoilMoisture,51.278360614696005,Field2,False
7257,2024-10-29 08:00:00,Light,67.14766493887109,Field2,False
7258,2024-10-29 09:00:00,Temperature,47.90202344193754,Field3,False
7259,2024-10-29 10:00:00,SoilPH,61.75396466456648,Field1,False
7260,2024-10-29 11:00:00,Light,20.664349413499504,Field1,False
7261,2024-10-29 12:00:00,Temperature,90.57396772626842,Field2,True
7262,2024-10-29 13:00:00,Temperature,5.231293982420338,Field3,False
7263,2024-10-29 14:00:00,SoilPH,51.84047613171224,Field2,False
7264,2024-10-29 15:00:00,Light,86.65535179881279,Field4,False
7265,2024-10-29 16:00:00,Light,42.64735816721623,Field4,False
7266,2024-10-29 17:00:00,Temperature,94.77236130102972,Field1,True
7267,2024-10-29 18:00:00,Humidity,86.90276547281991,Field2,False
7268,2024-10-29 19:00:00,Humidity,60.10352366971574,Field3,False
7269,2024-10-29 20:00:00,Humidity,60.80440318330223,Field1,False
7270,2024-10-29 21:00:00,Temperature,72.90860746127318,Field4,True
7271,2024-10-29 22:00:00,Humidity,8.111871743445887,Field2,False
7272,2024-10-29 23:00:00,SoilPH,73.55622572055478,Field3,False
7273,2024-10-30 00:00:00,Temperature,21.82661929420403,Field1,False
7274,2024-10-30 01:00:00,Humidity,43.33087331885339,Field2,False
7275,2024-10-30 02:00:00,SoilMoisture,62.862044298584365,Field3,False
7276,2024-10-30 03:00:00,Light,38.1019297009593,Field3,False
7277,2024-10-30 04:00:00,Temperature,89.25667693412937,Field3,True
7278,2024-10-30 05:00:00,Light,76.8189612934411,Field3,False
7279,2024-10-30 06:00:00,Light,63.35124347742504,Field2,False
7280,2024-10-30 07:00:00,Humidity,27.81833665573754,Field4,False
7281,2024-10-30 08:00:00,SoilMoisture,38.371217281566885,Field4,False
7282,2024-10-30 09:00:00,Humidity,3.082011145745112,Field1,False
7283,2024-10-30 10:00:00,SoilMoisture,11.696584742332162,Field1,False
7284,2024-10-30 11:00:00,SoilMoisture,49.27926892666976,Field4,False
7285,2024-10-30 12:00:00,Light,53.6699668618306,Field1,False
7286,2024-10-30 13:00:00,Light,12.342795652216132,Field4,False
7287,2024-10-30 14:00:00,SoilMoisture,44.46625684679098,Field1,False
7288,2024-10-30 15:00:00,SoilMoisture,74.378589122119,Field4,False
7289,2024-10-30 16:00:00,SoilMoisture,18.25370625722037,Field4,False
7290,2024-10-30 17:00:00,Light,24.60856536321924,Field2,False
7291,2024-10-30 18:00:00,SoilPH,3.936118109733256,Field1,False
7292,2024-10-30 19:00:00,SoilPH,84.49489166793757,Field1,False
7293,2024-10-30 20:00:00,Temperature,64.48809241697668,Field4,True
7294,2024-10-30 21:00:00,SoilPH,17.184673329002408,Field4,False
7295,2024-10-30 22:00:00,Humidity,35.32171399300531,Field1,False
7296,2024-10-30 23:00:00,Light,36.9765480894682,Field1,False
7297,2024-10-31 00:00:00,SoilPH,95.67555760057,Field4,False
7298,2024-10-31 01:00:00,SoilMoisture,96.39922066220392,Field2,False
7299,2024-10-31 02:00:00,SoilMoisture,15.571240339385684,Field1,False
7300,2024-10-31 03:00:00,Humidity,86.0418701798779,Field2,False
7301,2024-10-31 04:00:00,Temperature,25.91247459387188,Field2,False
7302,2024-10-31 05:00:00,SoilMoisture,4.280885819532565,Field1,False
7303,2024-10-31 06:00:00,SoilPH,5.5030476244638304,Field1,False
7304,2024-10-31 07:00:00,SoilMoisture,95.05850828576573,Field2,False
7305,2024-10-31 08:00:00,Temperature,15.67019106386962,Field3,False
7306,2024-10-31 09:00:00,Humidity,70.87129694391932,Field1,False
7307,2024-10-31 10:00:00,Temperature,91.01670309059662,Field1,True
7308,2024-10-31 11:00:00,Temperature,99.69484912629945,Field2,True
7309,2024-10-31 12:00:00,Light,58.145392429923525,Field2,False
7310,2024-10-31 13:00:00,SoilMoisture,60.14577213603697,Field1,False
7311,2024-10-31 14:00:00,SoilMoisture,99.9028522073352,Field1,False
7312,2024-10-31 15:00:00,SoilPH,14.66327693684275,Field4,False
7313,2024-10-31 16:00:00,Temperature,71.35613992065076,Field1,True
7314,2024-10-31 17:00:00,Humidity,33.0473951557116,Field1,False
7315,2024-10-31 18:00:00,SoilMoisture,64.56327787161445,Field2,False
7316,2024-10-31 19:00:00,SoilMoisture,79.96485502236777,Field1,False
7317,2024-10-31 20:00:00,Humidity,31.74305772781866,Field3,False
7318,2024-10-31 21:00:00,Light,53.355680349865374,Field2,False
7319,2024-10-31 22:00:00,SoilPH,7.117682899215804,Field1,False
7320,2024-10-31 23:00:00,SoilMoisture,82.03097196315863,Field4,False
7321,2024-11-01 00:00:00,SoilMoisture,82.1599000805385,Field4,False
7322,2024-11-01 01:00:00,SoilPH,80.88001849163237,Field1,False
7323,2024-11-01 02:00:00,SoilPH,15.71513220241403,Field4,False
7324,2024-11-01 03:00:00,SoilMoisture,49.36038496825137,Field1,False
7325,2024-11-01 04:00:00,SoilPH,24.24015983131857,Field2,False
7326,2024-11-01 05:00:00,SoilPH,35.0644168009596,Field1,False
7327,2024-11-01 06:00:00,Humidity,11.72091586019468,Field3,False
7328,2024-11-01 07:00:00,SoilPH,16.234984510650353,Field2,False
7329,2024-11-01 08:00:00,Humidity,29.089496101247747,Field3,False
7330,2024-11-01 09:00:00,Temperature,84.09697479140303,Field4,True
7331,2024-11-01 10:00:00,SoilPH,15.25814952507818,Field2,False
7332,2024-11-01 11:00:00,Humidity,31.575806944926864,Field4,False
7333,2024-11-01 12:00:00,Temperature,5.506706545545203,Field2,False
7334,2024-11-01 13:00:00,SoilPH,60.759905340584055,Field2,False
7335,2024-11-01 14:00:00,SoilPH,51.06144888713019,Field1,False
7336,2024-11-01 15:00:00,Light,71.19504452920296,Field4,False
7337,2024-11-01 16:00:00,SoilMoisture,72.32346613401197,Field3,False
7338,2024-11-01 17:00:00,Light,71.60792952450115,Field4,False
7339,2024-11-01 18:00:00,SoilPH,44.10779397439342,Field4,False
7340,2024-11-01 19:00:00,Light,95.12327804890528,Field1,False
7341,2024-11-01 20:00:00,Light,33.923205737295206,Field2,False
7342,2024-11-01 21:00:00,SoilPH,73.85104829001918,Field4,False
7343,2024-11-01 22:00:00,SoilMoisture,87.95052229666928,Field4,False
7344,2024-11-01 23:00:00,Temperature,57.95546123842006,Field3,True
7345,2024-11-02 00:00:00,SoilPH,36.34215795908413,Field1,False
7346,2024-11-02 01:00:00,SoilPH,8.145604078551571,Field4,False
7347,2024-11-02 02:00:00,Humidity,98.28431436534572,Field1,False
7348,2024-11-02 03:00:00,Temperature,42.89091678181218,Field4,False
7349,2024-11-02 04:00:00,SoilPH,10.236614395994293,Field3,False
7350,2024-11-02 05:00:00,SoilMoisture,50.495591981335984,Field3,False
7351,2024-11-02 06:00:00,Temperature,48.19459699724662,Field3,False
7352,2024-11-02 07:00:00,Humidity,38.50757289342195,Field4,False
7353,2024-11-02 08:00:00,Temperature,85.79511710716665,Field2,True
7354,2024-11-02 09:00:00,Humidity,97.77691594728866,Field1,False
7355,2024-11-02 10:00:00,SoilPH,93.79507616161614,Field4,False
7356,2024-11-02 11:00:00,SoilPH,19.25527338059586,Field2,False
7357,2024-11-02 12:00:00,Temperature,61.38404041975486,Field1,True
7358,2024-11-02 13:00:00,SoilMoisture,10.120212794047056,Field4,False
7359,2024-11-02 14:00:00,Light,6.109953074709096,Field4,False
7360,2024-11-02 15:00:00,Temperature,87.41948485222363,Field4,True
7361,2024-11-02 16:00:00,Light,36.755346369900685,Field3,False
7362,2024-11-02 17:00:00,SoilPH,9.08617721185474,Field2,False
7363,2024-11-02 18:00:00,SoilMoisture,21.361882588737316,Field1,False
7364,2024-11-02 19:00:00,Temperature,72.89871317723713,Field2,True
7365,2024-11-02 20:00:00,Light,16.137814918489124,Field3,False
7366,2024-11-02 21:00:00,Temperature,71.44978758843847,Field4,True
7367,2024-11-02 22:00:00,Temperature,21.893718109184647,Field4,False
7368,2024-11-02 23:00:00,SoilMoisture,29.410305602587997,Field2,False
7369,2024-11-03 00:00:00,Light,53.98848582986317,Field4,False
7370,2024-11-03 01:00:00,SoilPH,48.817169909529866,Field4,False
7371,2024-11-03 02:00:00,SoilPH,69.07882389970929,Field4,False
7372,2024-11-03 03:00:00,SoilPH,43.59906282708014,Field1,False
7373,2024-11-03 04:00:00,Humidity,22.85303507714641,Field1,False
7374,2024-11-03 05:00:00,Humidity,79.63457382331586,Field1,False
7375,2024-11-03 06:00:00,SoilMoisture,60.24744516685877,Field4,False
7376,2024-11-03 07:00:00,Light,34.11428320382911,Field3,False
7377,2024-11-03 08:00:00,Light,4.7654633022039095,Field3,False
7378,2024-11-03 09:00:00,Humidity,58.16938648579495,Field2,False
7379,2024-11-03 10:00:00,Humidity,27.878905077766586,Field4,False
7380,2024-11-03 11:00:00,Humidity,5.023543484362413,Field2,False
7381,2024-11-03 12:00:00,SoilMoisture,36.02302968321093,Field3,False
7382,2024-11-03 13:00:00,Temperature,7.864075431735018,Field4,False
7383,2024-11-03 14:00:00,Temperature,33.3014790598669,Field4,False
7384,2024-11-03 15:00:00,Temperature,75.91772372366404,Field2,True
7385,2024-11-03 16:00:00,Light,37.66462370867223,Field1,False
7386,2024-11-03 17:00:00,Temperature,61.09238942331818,Field3,True
7387,2024-11-03 18:00:00,SoilMoisture,24.114246256496173,Field3,False
7388,2024-11-03 19:00:00,Humidity,7.308632764237144,Field1,False
7389,2024-11-03 20:00:00,Light,51.26952537266279,Field2,False
7390,2024-11-03 21:00:00,Temperature,65.10907047306722,Field2,True
7391,2024-11-03 22:00:00,Humidity,33.2264276414322,Field4,False
7392,2024-11-03 23:00:00,Light,74.686737925283,Field1,False
7393,2024-11-04 00:00:00,SoilPH,85.59233306481673,Field4,False
7394,2024-11-04 01:00:00,SoilMoisture,43.94989113809983,Field3,False
7395,2024-11-04 02:00:00,SoilMoisture,26.056729027187544,Field4,False
7396,2024-11-04 03:00:00,SoilMoisture,15.305709267693755,Field1,False
7397,2024-11-04 04:00:00,SoilMoisture,52.41599767695229,Field3,False
7398,2024-11-04 05:00:00,SoilMoisture,28.29306086001592,Field3,False
7399,2024-11-04 06:00:00,Temperature,32.2199661173229,Field3,False
7400,2024-11-04 07:00:00,Temperature,31.853997357565767,Field4,False
7401,2024-11-04 08:00:00,SoilPH,65.22515120799632,Field3,False
7402,2024-11-04 09:00:00,Light,9.414685081674424,Field4,False
7403,2024-11-04 10:00:00,Temperature,71.74493875587419,Field4,True
7404,2024-11-04 11:00:00,SoilMoisture,28.196358880008187,Field4,False
7405,2024-11-04 12:00:00,Humidity,9.59213381704619,Field2,False
7406,2024-11-04 13:00:00,Humidity,49.81995998111983,Field4,False
7407,2024-11-04 14:00:00,Light,70.91490296521033,Field3,False
7408,2024-11-04 15:00:00,SoilPH,67.45099786931148,Field2,False
7409,2024-11-04 16:00:00,SoilPH,47.66754316334512,Field4,False
7410,2024-11-04 17:00:00,Temperature,66.32429892346087,Field4,True
7411,2024-11-04 18:00:00,SoilPH,68.61404665789271,Field2,False
7412,2024-11-04 19:00:00,SoilPH,16.71209957905727,Field2,False
7413,2024-11-04 20:00:00,SoilMoisture,80.69474832659672,Field3,False
7414,2024-11-04 21:00:00,Humidity,19.702758276303637,Field4,False
7415,2024-11-04 22:00:00,Temperature,47.50332697381313,Field3,False
7416,2024-11-04 23:00:00,SoilPH,53.867565119047256,Field2,False
7417,2024-11-05 00:00:00,SoilPH,55.29619466736462,Field2,False
7418,2024-11-05 01:00:00,Humidity,52.48509178290238,Field3,False
7419,2024-11-05 02:00:00,Light,68.3984890475241,Field3,False
7420,2024-11-05 03:00:00,Temperature,26.956864241005874,Field3,False
7421,2024-11-05 04:00:00,SoilPH,18.373355779127888,Field4,False
7422,2024-11-05 05:00:00,Temperature,30.776383128431476,Field2,False
7423,2024-11-05 06:00:00,Temperature,62.55529917078789,Field3,True
7424,2024-11-05 07:00:00,Light,26.537156137459892,Field1,False
7425,2024-11-05 08:00:00,SoilPH,75.93154350513764,Field4,False
7426,2024-11-05 09:00:00,Temperature,9.741597836899206,Field3,False
7427,2024-11-05 10:00:00,SoilPH,98.37517112470704,Field1,False
7428,2024-11-05 11:00:00,SoilPH,12.937116257248748,Field4,False
7429,2024-11-05 12:00:00,SoilMoisture,35.261196215114346,Field2,False
7430,2024-11-05 13:00:00,Light,4.272088570495358,Field2,False
7431,2024-11-05 14:00:00,Temperature,96.84391210381504,Field4,True
7432,2024-11-05 15:00:00,Temperature,77.80823689233779,Field1,True
7433,2024-11-05 16:00:00,SoilPH,77.18539366827605,Field2,False
7434,2024-11-05 17:00:00,Temperature,16.28911857722708,Field4,False
7435,2024-11-05 18:00:00,SoilMoisture,45.6057437430874,Field4,False
7436,2024-11-05 19:00:00,SoilMoisture,34.89821432454511,Field4,False
7437,2024-11-05 20:00:00,Humidity,55.08528491107094,Field4,False
7438,2024-11-05 21:00:00,Temperature,30.30347635509667,Field3,False
7439,2024-11-05 22:00:00,Temperature,20.34839100374117,Field2,False
7440,2024-11-05 23:00:00,Light,80.39110176835713,Field3,False
7441,2024-11-06 00:00:00,SoilPH,44.40737762176896,Field3,False
7442,2024-11-06 01:00:00,Light,48.57095882934178,Field4,False
7443,2024-11-06 02:00:00,SoilMoisture,94.4046949152128,Field2,False
7444,2024-11-06 03:00:00,Temperature,23.060667604277583,Field1,False
7445,2024-11-06 04:00:00,Temperature,85.90573036507779,Field4,True
7446,2024-11-06 05:00:00,Light,33.091151047195844,Field2,False
7447,2024-11-06 06:00:00,Light,97.11306556168758,Field1,False
7448,2024-11-06 07:00:00,Humidity,93.06298297286132,Field2,False
7449,2024-11-06 08:00:00,Humidity,30.94620150099501,Field4,False
7450,2024-11-06 09:00:00,Humidity,99.59661104029962,Field1,False
7451,2024-11-06 10:00:00,Light,4.205438092393465,Field4,False
7452,2024-11-06 11:00:00,SoilPH,4.731639794416765,Field4,False
7453,2024-11-06 12:00:00,Light,63.12965925260483,Field4,False
7454,2024-11-06 13:00:00,SoilMoisture,44.6211368298243,Field2,False
7455,2024-11-06 14:00:00,Temperature,65.85238471470998,Field3,True
7456,2024-11-06 15:00:00,SoilPH,37.54042275203104,Field4,False
7457,2024-11-06 16:00:00,Temperature,62.52208760917669,Field4,True
7458,2024-11-06 17:00:00,SoilPH,35.6367980900111,Field2,False
7459,2024-11-06 18:00:00,SoilPH,70.6647572322147,Field1,False
7460,2024-11-06 19:00:00,SoilMoisture,40.77500963514476,Field2,False
7461,2024-11-06 20:00:00,SoilMoisture,6.232257941324637,Field2,False
7462,2024-11-06 21:00:00,SoilMoisture,38.96640163127817,Field4,False
7463,2024-11-06 22:00:00,Temperature,96.07088387629368,Field3,True
7464,2024-11-06 23:00:00,SoilMoisture,17.043986203871963,Field3,False
7465,2024-11-07 00:00:00,SoilPH,84.31478901385994,Field3,False
7466,2024-11-07 01:00:00,Temperature,59.50536984216753,Field4,True
7467,2024-11-07 02:00:00,SoilPH,91.22709917251748,Field4,False
7468,2024-11-07 03:00:00,Humidity,71.30702889326666,Field3,False
7469,2024-11-07 04:00:00,Temperature,21.81421997325548,Field2,False
7470,2024-11-07 05:00:00,SoilPH,19.298370416572787,Field1,False
7471,2024-11-07 06:00:00,SoilPH,7.922301180870129,Field1,False
7472,2024-11-07 07:00:00,Temperature,81.97197234980966,Field3,True
7473,2024-11-07 08:00:00,Humidity,88.77563593280459,Field1,False
7474,2024-11-07 09:00:00,Temperature,85.17213885275132,Field2,True
7475,2024-11-07 10:00:00,SoilMoisture,81.23183880122775,Field2,False
7476,2024-11-07 11:00:00,SoilMoisture,8.819132242963256,Field2,False
7477,2024-11-07 12:00:00,SoilMoisture,6.435868611461193,Field2,False
7478,2024-11-07 13:00:00,Light,96.50122525222972,Field4,False
7479,2024-11-07 14:00:00,Humidity,3.106870625791369,Field2,False
7480,2024-11-07 15:00:00,Temperature,9.079749007327475,Field1,False
7481,2024-11-07 16:00:00,Light,18.895237959490608,Field4,False
7482,2024-11-07 17:00:00,Humidity,60.0951297204852,Field2,False
7483,2024-11-07 18:00:00,SoilPH,63.718716859827154,Field1,False
7484,2024-11-07 19:00:00,Temperature,55.907186548418,Field3,True
7485,2024-11-07 20:00:00,SoilMoisture,41.43082884402891,Field1,False
7486,2024-11-07 21:00:00,Humidity,99.18389990702148,Field1,False
7487,2024-11-07 22:00:00,SoilPH,7.261543553098393,Field2,False
7488,2024-11-07 23:00:00,Humidity,20.52891224948391,Field2,False
7489,2024-11-08 00:00:00,SoilPH,47.1511086807953,Field2,False
7490,2024-11-08 01:00:00,Humidity,35.52757893539996,Field4,False
7491,2024-11-08 02:00:00,SoilMoisture,48.34895342888984,Field1,False
7492,2024-11-08 03:00:00,Light,64.3334218351542,Field4,False
7493,2024-11-08 04:00:00,SoilPH,74.42048994837538,Field1,False
7494,2024-11-08 05:00:00,Temperature,19.21142103593585,Field2,False
7495,2024-11-08 06:00:00,Temperature,88.44516964161826,Field2,True
7496,2024-11-08 07:00:00,Humidity,83.07273311386683,Field1,False
7497,2024-11-08 08:00:00,Light,12.473436559346284,Field3,False
7498,2024-11-08 09:00:00,SoilPH,69.45841290156254,Field2,False
7499,2024-11-08 10:00:00,Light,69.59902920221938,Field4,False
7500,2024-11-08 11:00:00,Humidity,17.569206644187286,Field1,False
7501,2024-11-08 12:00:00,SoilPH,35.876993192461384,Field2,False
7502,2024-11-08 13:00:00,Temperature,97.4665386025741,Field4,True
7503,2024-11-08 14:00:00,Temperature,32.305830974984865,Field1,False
7504,2024-11-08 15:00:00,SoilPH,32.74146560821403,Field2,False
7505,2024-11-08 16:00:00,SoilPH,28.66293783103924,Field2,False
7506,2024-11-08 17:00:00,SoilPH,91.11048282539038,Field4,False
7507,2024-11-08 18:00:00,Temperature,64.41045544557639,Field3,True
7508,2024-11-08 19:00:00,SoilPH,87.07200239952019,Field4,False
7509,2024-11-08 20:00:00,SoilPH,55.0360437542318,Field3,False
7510,2024-11-08 21:00:00,Light,55.990511484255975,Field4,False
7511,2024-11-08 22:00:00,Humidity,79.50086803981314,Field2,False
7512,2024-11-08 23:00:00,Light,59.59551521782554,Field1,False
7513,2024-11-09 00:00:00,Humidity,68.12589548795125,Field3,False
7514,2024-11-09 01:00:00,Humidity,41.82583695301088,Field1,False
7515,2024-11-09 02:00:00,Humidity,62.644515780610455,Field2,False
7516,2024-11-09 03:00:00,Temperature,79.6921874151002,Field2,True
7517,2024-11-09 04:00:00,Temperature,70.97057952891625,Field4,True
7518,2024-11-09 05:00:00,SoilPH,57.02233164704573,Field4,False
7519,2024-11-09 06:00:00,Light,21.22261760961785,Field3,False
7520,2024-11-09 07:00:00,Light,92.82778283568572,Field2,False
7521,2024-11-09 08:00:00,SoilPH,3.84522408323752,Field2,False
7522,2024-11-09 09:00:00,Light,59.21380658345336,Field2,False
7523,2024-11-09 10:00:00,SoilPH,5.091601686049918,Field3,False
7524,2024-11-09 11:00:00,SoilMoisture,2.4164710960513203,Field2,False
7525,2024-11-09 12:00:00,Light,4.75637174990392,Field1,False
7526,2024-11-09 13:00:00,Temperature,98.89901839567509,Field3,True
7527,2024-11-09 14:00:00,SoilMoisture,43.64144293570498,Field2,False
7528,2024-11-09 15:00:00,SoilPH,55.34473440538024,Field2,False
7529,2024-11-09 16:00:00,Temperature,91.91433523132162,Field2,True
7530,2024-11-09 17:00:00,Light,40.96822481029285,Field2,False
7531,2024-11-09 18:00:00,Humidity,50.90923147116656,Field3,False
7532,2024-11-09 19:00:00,SoilPH,89.84599230914091,Field3,False
7533,2024-11-09 20:00:00,Light,37.432050396760495,Field3,False
7534,2024-11-09 21:00:00,Light,47.50769460035744,Field2,False
7535,2024-11-09 22:00:00,SoilPH,41.53768665899936,Field1,False
7536,2024-11-09 23:00:00,SoilPH,42.070619984587424,Field1,False
7537,2024-11-10 00:00:00,SoilPH,49.93574920829799,Field2,False
7538,2024-11-10 01:00:00,Light,68.3870772145778,Field4,False
7539,2024-11-10 02:00:00,SoilMoisture,45.18057241440678,Field4,False
7540,2024-11-10 03:00:00,Humidity,64.12979274478793,Field3,False
7541,2024-11-10 04:00:00,Light,9.91635825064241,Field2,False
7542,2024-11-10 05:00:00,SoilPH,3.322068335345807,Field2,False
7543,2024-11-10 06:00:00,SoilMoisture,6.099962352331756,Field1,False
7544,2024-11-10 07:00:00,Humidity,81.39369552244148,Field3,False
7545,2024-11-10 08:00:00,SoilMoisture,4.585188167040677,Field3,False
7546,2024-11-10 09:00:00,SoilPH,47.336613137475325,Field4,False
7547,2024-11-10 10:00:00,Humidity,30.806498889130275,Field2,False
7548,2024-11-10 11:00:00,SoilMoisture,90.72497616697058,Field3,False
7549,2024-11-10 12:00:00,SoilMoisture,50.6551160850856,Field1,False
7550,2024-11-10 13:00:00,SoilMoisture,96.91419152715422,Field1,False
7551,2024-11-10 14:00:00,Humidity,22.30319642115839,Field4,False
7552,2024-11-10 15:00:00,SoilPH,64.3204641316549,Field4,False
7553,2024-11-10 16:00:00,Humidity,4.071252389237867,Field3,False
7554,2024-11-10 17:00:00,SoilMoisture,76.76065745614699,Field3,False
7555,2024-11-10 18:00:00,SoilMoisture,86.18597692983548,Field3,False
7556,2024-11-10 19:00:00,SoilPH,26.17303607414585,Field2,False
7557,2024-11-10 20:00:00,Temperature,52.32269350241096,Field1,True
7558,2024-11-10 21:00:00,SoilPH,56.8643633995657,Field2,False
7559,2024-11-10 22:00:00,Humidity,24.95973864660719,Field3,False
7560,2024-11-10 23:00:00,SoilMoisture,33.52061583203672,Field2,False
7561,2024-11-11 00:00:00,Light,60.622050882546944,Field4,False
7562,2024-11-11 01:00:00,SoilMoisture,37.04768140275469,Field2,False
7563,2024-11-11 02:00:00,Temperature,45.37947357433031,Field3,False
7564,2024-11-11 03:00:00,Temperature,40.4008392093337,Field1,False
7565,2024-11-11 04:00:00,SoilPH,22.87264417328434,Field1,False
7566,2024-11-11 05:00:00,Light,29.076731032890667,Field1,False
7567,2024-11-11 06:00:00,Humidity,99.60698630898762,Field3,False
7568,2024-11-11 07:00:00,SoilPH,80.8729389480594,Field3,False
7569,2024-11-11 08:00:00,SoilMoisture,2.7382918040347204,Field3,False
7570,2024-11-11 09:00:00,Light,30.811138872805643,Field3,False
7571,2024-11-11 10:00:00,SoilMoisture,70.07166120392658,Field4,False
7572,2024-11-11 11:00:00,Light,16.529846083927946,Field1,False
7573,2024-11-11 12:00:00,Light,11.395942348706722,Field3,False
7574,2024-11-11 13:00:00,Light,64.44142312643415,Field2,False
7575,2024-11-11 14:00:00,Humidity,74.37342046188161,Field2,False
7576,2024-11-11 15:00:00,Light,16.43923843366224,Field2,False
7577,2024-11-11 16:00:00,SoilPH,98.17583286125536,Field2,False
7578,2024-11-11 17:00:00,Temperature,90.6020212867735,Field2,True
7579,2024-11-11 18:00:00,Light,50.1565278619588,Field3,False
7580,2024-11-11 19:00:00,Humidity,54.939800386785095,Field1,False
7581,2024-11-11 20:00:00,SoilMoisture,12.514438868148616,Field1,False
7582,2024-11-11 21:00:00,Light,43.61939577903027,Field3,False
7583,2024-11-11 22:00:00,Temperature,48.0920587645961,Field2,False
7584,2024-11-11 23:00:00,Humidity,46.170931613198775,Field2,False
7585,2024-11-12 00:00:00,Humidity,53.2289976861408,Field3,False
7586,2024-11-12 01:00:00,SoilMoisture,78.6957613121029,Field4,False
7587,2024-11-12 02:00:00,Light,30.7778961048937,Field2,False
7588,2024-11-12 03:00:00,SoilPH,17.451018276477782,Field1,False
7589,2024-11-12 04:00:00,Light,70.05773595746764,Field3,False
7590,2024-11-12 05:00:00,Humidity,31.682994538616228,Field4,False
7591,2024-11-12 06:00:00,Light,4.344189067196558,Field3,False
7592,2024-11-12 07:00:00,SoilPH,94.9820222170986,Field1,False
7593,2024-11-12 08:00:00,SoilPH,93.52317091149465,Field1,False
7594,2024-11-12 09:00:00,Humidity,34.05338261214336,Field1,False
7595,2024-11-12 10:00:00,Temperature,23.877147177700543,Field3,False
7596,2024-11-12 11:00:00,Humidity,12.838046474494968,Field4,False
7597,2024-11-12 12:00:00,SoilPH,87.09001676130717,Field1,False
7598,2024-11-12 13:00:00,SoilPH,44.24102963547784,Field2,False
7599,2024-11-12 14:00:00,Light,44.54344637176735,Field4,False
7600,2024-11-12 15:00:00,SoilMoisture,89.37000256234431,Field1,False
7601,2024-11-12 16:00:00,SoilPH,12.975137747923837,Field2,False
7602,2024-11-12 17:00:00,Temperature,36.44203912111461,Field4,False
7603,2024-11-12 18:00:00,Humidity,27.376294995021723,Field3,False
7604,2024-11-12 19:00:00,SoilPH,46.78705090577792,Field4,False
7605,2024-11-12 20:00:00,Light,88.36806300680651,Field1,False
7606,2024-11-12 21:00:00,Light,90.75536990592634,Field2,False
7607,2024-11-12 22:00:00,SoilMoisture,39.62543486173824,Field3,False
7608,2024-11-12 23:00:00,Humidity,69.62522592969191,Field4,False
7609,2024-11-13 00:00:00,SoilPH,73.93949821756087,Field4,False
7610,2024-11-13 01:00:00,SoilMoisture,87.26854368784936,Field2,False
7611,2024-11-13 02:00:00,Temperature,2.750743712318482,Field2,False
7612,2024-11-13 03:00:00,SoilPH,18.58747356878667,Field1,False
7613,2024-11-13 04:00:00,SoilMoisture,64.16095497439305,Field4,False
7614,2024-11-13 05:00:00,Temperature,87.42297630150009,Field2,True
7615,2024-11-13 06:00:00,Light,22.50335936681722,Field1,False
7616,2024-11-13 07:00:00,Humidity,81.39689399240227,Field1,False
7617,2024-11-13 08:00:00,Humidity,0.8298575048687362,Field2,False
7618,2024-11-13 09:00:00,Temperature,2.548291032020611,Field3,False
7619,2024-11-13 10:00:00,SoilPH,53.10313432947196,Field1,False
7620,2024-11-13 11:00:00,Humidity,28.76650325868494,Field1,False
7621,2024-11-13 12:00:00,Humidity,52.27667200904186,Field4,False
7622,2024-11-13 13:00:00,Temperature,68.54320162223408,Field2,True
7623,2024-11-13 14:00:00,Temperature,93.66742170991589,Field3,True
7624,2024-11-13 15:00:00,Light,33.582373885857244,Field4,False
7625,2024-11-13 16:00:00,Temperature,90.5432471373268,Field1,True
7626,2024-11-13 17:00:00,Temperature,83.07637243015824,Field2,True
7627,2024-11-13 18:00:00,SoilMoisture,82.68687987582122,Field2,False
7628,2024-11-13 19:00:00,SoilPH,98.07165149366574,Field3,False
7629,2024-11-13 20:00:00,SoilMoisture,73.48911633154273,Field4,False
7630,2024-11-13 21:00:00,Temperature,7.338634861579374,Field1,False
7631,2024-11-13 22:00:00,Light,7.397918523001678,Field4,False
7632,2024-11-13 23:00:00,SoilPH,30.850653556717443,Field1,False
7633,2024-11-14 00:00:00,SoilMoisture,85.70040189775204,Field1,False
7634,2024-11-14 01:00:00,SoilMoisture,76.71757371634827,Field3,False
7635,2024-11-14 02:00:00,SoilPH,50.95727755148943,Field3,False
7636,2024-11-14 03:00:00,Temperature,0.4661218476834983,Field4,False
7637,2024-11-14 04:00:00,SoilPH,17.10989791325114,Field3,False
7638,2024-11-14 05:00:00,SoilMoisture,2.2788819109169856,Field3,False
7639,2024-11-14 06:00:00,Humidity,68.92350074995544,Field1,False
7640,2024-11-14 07:00:00,SoilPH,43.431626467125625,Field2,False
7641,2024-11-14 08:00:00,Light,3.730643382990584,Field3,False
7642,2024-11-14 09:00:00,SoilMoisture,71.72544976116868,Field4,False
7643,2024-11-14 10:00:00,SoilMoisture,68.32453625964159,Field1,False
7644,2024-11-14 11:00:00,Humidity,46.66221322263273,Field4,False
7645,2024-11-14 12:00:00,Humidity,16.401867079381027,Field1,False
7646,2024-11-14 13:00:00,Humidity,74.51829334875188,Field2,False
7647,2024-11-14 14:00:00,Humidity,74.28218004944075,Field2,False
7648,2024-11-14 15:00:00,Temperature,0.8901982196449554,Field2,False
7649,2024-11-14 16:00:00,SoilPH,84.66522930852054,Field3,False
7650,2024-11-14 17:00:00,Light,28.443766711423656,Field3,False
7651,2024-11-14 18:00:00,Light,89.17634088260857,Field4,False
7652,2024-11-14 19:00:00,SoilMoisture,33.248079876597615,Field4,False
7653,2024-11-14 20:00:00,Temperature,92.21501119701212,Field4,True
7654,2024-11-14 21:00:00,SoilMoisture,15.368682220264462,Field4,False
7655,2024-11-14 22:00:00,Light,58.776985414335215,Field4,False
7656,2024-11-14 23:00:00,SoilPH,82.59023797172291,Field3,False
7657,2024-11-15 00:00:00,Temperature,49.595903207362525,Field2,False
7658,2024-11-15 01:00:00,Temperature,68.03203510818638,Field4,True
7659,2024-11-15 02:00:00,Light,31.455189785694454,Field3,False
7660,2024-11-15 03:00:00,SoilMoisture,10.394283929724624,Field2,False
7661,2024-11-15 04:00:00,SoilPH,9.87853577605896,Field3,False
7662,2024-11-15 05:00:00,Temperature,2.7207993566365385,Field4,False
7663,2024-11-15 06:00:00,SoilMoisture,89.42730250376259,Field4,False
7664,2024-11-15 07:00:00,Temperature,64.59578335636675,Field1,True
7665,2024-11-15 08:00:00,SoilMoisture,48.54138801355613,Field2,False
7666,2024-11-15 09:00:00,Humidity,25.15506525784349,Field2,False
7667,2024-11-15 10:00:00,SoilMoisture,66.42956430447032,Field3,False
7668,2024-11-15 11:00:00,Light,65.27741730337027,Field1,False
7669,2024-11-15 12:00:00,SoilPH,25.862598575230894,Field4,False
7670,2024-11-15 13:00:00,Temperature,1.4551460462291277,Field2,False
7671,2024-11-15 14:00:00,SoilMoisture,41.80620158945421,Field2,False
7672,2024-11-15 15:00:00,Light,47.43710627459754,Field1,False
7673,2024-11-15 16:00:00,SoilPH,29.75086211531076,Field4,False
7674,2024-11-15 17:00:00,SoilMoisture,11.245730612839113,Field3,False
7675,2024-11-15 18:00:00,SoilMoisture,4.042549736142764,Field3,False
7676,2024-11-15 19:00:00,Temperature,84.68174843004766,Field1,True
7677,2024-11-15 20:00:00,Humidity,23.47463097212713,Field2,False
7678,2024-11-15 21:00:00,Temperature,2.100076711960785,Field3,False
7679,2024-11-15 22:00:00,Humidity,13.397995964355436,Field2,False
7680,2024-11-15 23:00:00,SoilPH,44.21689166299186,Field1,False
7681,2024-11-16 00:00:00,Temperature,98.29975818300883,Field4,True
7682,2024-11-16 01:00:00,Light,86.80445137907022,Field1,False
7683,2024-11-16 02:00:00,Light,88.63560993979314,Field3,False
7684,2024-11-16 03:00:00,Light,77.49377413692692,Field4,False
7685,2024-11-16 04:00:00,Light,14.249881042204226,Field4,False
7686,2024-11-16 05:00:00,Humidity,84.67930212336131,Field4,False
7687,2024-11-16 06:00:00,SoilMoisture,24.435488552357636,Field4,False
7688,2024-11-16 07:00:00,SoilPH,16.78451775265404,Field2,False
7689,2024-11-16 08:00:00,Light,41.91035202714757,Field1,False
7690,2024-11-16 09:00:00,SoilPH,90.670945298161,Field3,False
7691,2024-11-16 10:00:00,Temperature,35.995688445011766,Field2,False
7692,2024-11-16 11:00:00,Humidity,72.19973736695763,Field3,False
7693,2024-11-16 12:00:00,Humidity,22.940201179075693,Field4,False
7694,2024-11-16 13:00:00,Humidity,71.75081748770792,Field3,False
7695,2024-11-16 14:00:00,SoilMoisture,78.56529584946564,Field3,False
7696,2024-11-16 15:00:00,SoilMoisture,77.62474226723508,Field2,False
7697,2024-11-16 16:00:00,Humidity,62.00076341614235,Field3,False
7698,2024-11-16 17:00:00,SoilMoisture,94.03351404297314,Field3,False
7699,2024-11-16 18:00:00,SoilPH,37.003909334131,Field1,False
7700,2024-11-16 19:00:00,SoilPH,95.3723550579627,Field4,False
7701,2024-11-16 20:00:00,SoilPH,7.227802605319111,Field1,False
7702,2024-11-16 21:00:00,SoilPH,95.670814321449,Field2,False
7703,2024-11-16 22:00:00,Temperature,8.002599796809607,Field1,False
7704,2024-11-16 23:00:00,Temperature,67.72076633277445,Field2,True
7705,2024-11-17 00:00:00,Humidity,66.2041576185743,Field2,False
7706,2024-11-17 01:00:00,Light,64.79515036924546,Field2,False
7707,2024-11-17 02:00:00,SoilMoisture,63.27529694782129,Field2,False
7708,2024-11-17 03:00:00,SoilMoisture,44.21037271493415,Field4,False
7709,2024-11-17 04:00:00,Humidity,76.79874439950403,Field4,False
7710,2024-11-17 05:00:00,SoilMoisture,70.35828264059775,Field1,False
7711,2024-11-17 06:00:00,SoilPH,71.25512061484523,Field1,False
7712,2024-11-17 07:00:00,SoilMoisture,72.6201729719347,Field4,False
7713,2024-11-17 08:00:00,Humidity,73.60577969318135,Field1,False
7714,2024-11-17 09:00:00,SoilMoisture,9.818783356286664,Field4,False
7715,2024-11-17 10:00:00,Humidity,70.41359941480582,Field4,False
7716,2024-11-17 11:00:00,SoilMoisture,61.84179225345888,Field4,False
7717,2024-11-17 12:00:00,SoilPH,14.010012690380949,Field4,False
7718,2024-11-17 13:00:00,Light,75.0925220513537,Field1,False
7719,2024-11-17 14:00:00,Temperature,76.03118655464459,Field1,True
7720,2024-11-17 15:00:00,Temperature,91.3162751326619,Field3,True
7721,2024-11-17 16:00:00,SoilPH,36.27179954476435,Field4,False
7722,2024-11-17 17:00:00,SoilMoisture,30.1854024626415,Field1,False
7723,2024-11-17 18:00:00,Humidity,66.38140346837817,Field3,False
7724,2024-11-17 19:00:00,SoilMoisture,18.070306703098023,Field3,False
7725,2024-11-17 20:00:00,SoilPH,99.41847838589888,Field4,False
7726,2024-11-17 21:00:00,Humidity,97.96581452541425,Field1,False
7727,2024-11-17 22:00:00,Light,71.64371793887226,Field1,False
7728,2024-11-17 23:00:00,Humidity,15.51278268581433,Field1,False
7729,2024-11-18 00:00:00,Temperature,18.16529638051766,Field3,False
7730,2024-11-18 01:00:00,SoilMoisture,91.66618896570552,Field1,False
7731,2024-11-18 02:00:00,Light,44.754367529285965,Field2,False
7732,2024-11-18 03:00:00,Light,10.98963513054726,Field1,False
7733,2024-11-18 04:00:00,Humidity,36.24438643165789,Field3,False
7734,2024-11-18 05:00:00,Temperature,78.32415652847592,Field1,True
7735,2024-11-18 06:00:00,Temperature,76.77884686607852,Field2,True
7736,2024-11-18 07:00:00,Temperature,88.5545648737241,Field1,True
7737,2024-11-18 08:00:00,Light,88.50913477918694,Field1,False
7738,2024-11-18 09:00:00,Humidity,50.19710470847022,Field2,False
7739,2024-11-18 10:00:00,Light,68.92792930168126,Field1,False
7740,2024-11-18 11:00:00,Temperature,11.938977570542695,Field2,False
7741,2024-11-18 12:00:00,Temperature,86.5718054513604,Field3,True
7742,2024-11-18 13:00:00,Humidity,35.54436035368865,Field3,False
7743,2024-11-18 14:00:00,Temperature,1.227508187031512,Field3,False
7744,2024-11-18 15:00:00,Light,22.892013272010324,Field1,False
7745,2024-11-18 16:00:00,Humidity,23.55114151300607,Field3,False
7746,2024-11-18 17:00:00,Light,17.364699481798084,Field1,False
7747,2024-11-18 18:00:00,SoilPH,58.09710635879532,Field3,False
7748,2024-11-18 19:00:00,SoilPH,76.17952019230437,Field1,False
7749,2024-11-18 20:00:00,Light,79.56046086369109,Field4,False
7750,2024-11-18 21:00:00,SoilMoisture,87.15313608215368,Field3,False
7751,2024-11-18 22:00:00,Temperature,17.129064883414415,Field1,False
7752,2024-11-18 23:00:00,SoilPH,26.52696884807369,Field1,False
7753,2024-11-19 00:00:00,Light,90.29390620634832,Field4,False
7754,2024-11-19 01:00:00,Humidity,48.417452543743536,Field2,False
7755,2024-11-19 02:00:00,Light,37.119071790943046,Field3,False
7756,2024-11-19 03:00:00,SoilPH,84.32379249679586,Field4,False
7757,2024-11-19 04:00:00,Temperature,6.520436528646956,Field2,False
7758,2024-11-19 05:00:00,Light,83.77606795339786,Field3,False
7759,2024-11-19 06:00:00,SoilPH,83.85791194512299,Field4,False
7760,2024-11-19 07:00:00,Light,25.11972235923905,Field2,False
7761,2024-11-19 08:00:00,Light,39.24487404251482,Field3,False
7762,2024-11-19 09:00:00,SoilPH,8.144731288241614,Field4,False
7763,2024-11-19 10:00:00,SoilMoisture,42.31777592926106,Field1,False
7764,2024-11-19 11:00:00,Humidity,54.29497461294218,Field1,False
7765,2024-11-19 12:00:00,Humidity,16.62179476256801,Field2,False
7766,2024-11-19 13:00:00,Humidity,24.529633991580045,Field4,False
7767,2024-11-19 14:00:00,SoilPH,34.8775278512388,Field4,False
7768,2024-11-19 15:00:00,SoilMoisture,58.59304639896516,Field2,False
7769,2024-11-19 16:00:00,Temperature,0.0364136557436278,Field1,False
7770,2024-11-19 17:00:00,Temperature,95.98890406062716,Field2,True
7771,2024-11-19 18:00:00,Temperature,78.89805792691249,Field4,True
7772,2024-11-19 19:00:00,SoilMoisture,91.58988220385194,Field4,False
7773,2024-11-19 20:00:00,Temperature,17.69941918929786,Field2,False
7774,2024-11-19 21:00:00,SoilPH,71.28236657548891,Field4,False
7775,2024-11-19 22:00:00,Light,83.82134932220545,Field3,False
7776,2024-11-19 23:00:00,Temperature,14.140150976256136,Field4,False
7777,2024-11-20 00:00:00,Light,75.21945153112063,Field3,False
7778,2024-11-20 01:00:00,SoilMoisture,60.44291173380989,Field3,False
7779,2024-11-20 02:00:00,Humidity,43.17844769650616,Field3,False
7780,2024-11-20 03:00:00,Light,25.336677420854592,Field3,False
7781,2024-11-20 04:00:00,Light,30.685165211455057,Field1,False
7782,2024-11-20 05:00:00,Temperature,27.42123466470509,Field2,False
7783,2024-11-20 06:00:00,Light,85.68292973398944,Field1,False
7784,2024-11-20 07:00:00,Temperature,31.05349570180273,Field1,False
7785,2024-11-20 08:00:00,Humidity,33.130442083246,Field1,False
7786,2024-11-20 09:00:00,Light,19.56039282512564,Field3,False
7787,2024-11-20 10:00:00,Humidity,37.03486673019464,Field4,False
7788,2024-11-20 11:00:00,Humidity,48.86992969460464,Field4,False
7789,2024-11-20 12:00:00,Temperature,8.894923361893724,Field1,False
7790,2024-11-20 13:00:00,Humidity,48.46684959134142,Field3,False
7791,2024-11-20 14:00:00,Light,61.72931133388473,Field4,False
7792,2024-11-20 15:00:00,Light,34.74585171455885,Field3,False
7793,2024-11-20 16:00:00,Temperature,51.36766359885866,Field1,True
7794,2024-11-20 17:00:00,Humidity,74.08544314769459,Field1,False
7795,2024-11-20 18:00:00,Humidity,28.984852930485427,Field1,False
7796,2024-11-20 19:00:00,Humidity,65.74144230594653,Field4,False
7797,2024-11-20 20:00:00,Humidity,52.307746104074745,Field3,False
7798,2024-11-20 21:00:00,SoilPH,75.44838299690548,Field4,False
7799,2024-11-20 22:00:00,Temperature,19.481702919523624,Field4,False
7800,2024-11-20 23:00:00,SoilMoisture,91.5609442147114,Field1,False
7801,2024-11-21 00:00:00,SoilMoisture,7.8432379190709,Field4,False
7802,2024-11-21 01:00:00,SoilPH,84.64956081480241,Field3,False
7803,2024-11-21 02:00:00,Humidity,69.3981033069706,Field4,False
7804,2024-11-21 03:00:00,Light,54.87606040650657,Field1,False
7805,2024-11-21 04:00:00,Humidity,44.63436415361818,Field4,False
7806,2024-11-21 05:00:00,Humidity,26.085340037206528,Field3,False
7807,2024-11-21 06:00:00,SoilMoisture,3.5249446035999887,Field4,False
7808,2024-11-21 07:00:00,SoilPH,2.454521140498012,Field4,False
7809,2024-11-21 08:00:00,Temperature,96.55646916483433,Field4,True
7810,2024-11-21 09:00:00,Humidity,49.70056577539628,Field4,False
7811,2024-11-21 10:00:00,Temperature,86.09981977900642,Field1,True
7812,2024-11-21 11:00:00,Temperature,39.7727975535964,Field4,False
7813,2024-11-21 12:00:00,SoilPH,94.787106073404,Field3,False
7814,2024-11-21 13:00:00,Light,57.39910094869819,Field1,False
7815,2024-11-21 14:00:00,Humidity,46.21258639424867,Field1,False
7816,2024-11-21 15:00:00,SoilMoisture,3.972705303079771,Field1,False
7817,2024-11-21 16:00:00,SoilMoisture,15.215711100263285,Field1,False
7818,2024-11-21 17:00:00,SoilMoisture,59.36512510034635,Field3,False
7819,2024-11-21 18:00:00,Temperature,25.651522068527644,Field4,False
7820,2024-11-21 19:00:00,Light,2.0937299150339928,Field2,False
7821,2024-11-21 20:00:00,Light,68.026330749872,Field1,False
7822,2024-11-21 21:00:00,SoilPH,15.820954028764032,Field3,False
7823,2024-11-21 22:00:00,Temperature,52.30112282352625,Field1,True
7824,2024-11-21 23:00:00,Light,47.88765350531088,Field3,False
7825,2024-11-22 00:00:00,SoilMoisture,13.246131921854245,Field4,False
7826,2024-11-22 01:00:00,SoilMoisture,54.31311740554288,Field1,False
7827,2024-11-22 02:00:00,SoilMoisture,68.98790811141208,Field4,False
7828,2024-11-22 03:00:00,Light,75.92442168638885,Field4,False
7829,2024-11-22 04:00:00,SoilMoisture,79.92179283921963,Field3,False
7830,2024-11-22 05:00:00,Light,3.293732035091246,Field2,False
7831,2024-11-22 06:00:00,Light,28.77571743197621,Field3,False
7832,2024-11-22 07:00:00,Humidity,81.78466638992698,Field2,False
7833,2024-11-22 08:00:00,SoilMoisture,8.075508281474775,Field3,False
7834,2024-11-22 09:00:00,Light,29.680618078879217,Field4,False
7835,2024-11-22 10:00:00,Light,81.74658743923764,Field1,False
7836,2024-11-22 11:00:00,SoilMoisture,19.87165294658956,Field2,False
7837,2024-11-22 12:00:00,SoilMoisture,72.39837417652396,Field2,False
7838,2024-11-22 13:00:00,SoilMoisture,34.46017334578592,Field1,False
7839,2024-11-22 14:00:00,SoilPH,11.13149440432838,Field2,False
7840,2024-11-22 15:00:00,SoilMoisture,45.63250693802375,Field1,False
7841,2024-11-22 16:00:00,Humidity,36.97452476555574,Field1,False
7842,2024-11-22 17:00:00,Temperature,99.2635021135175,Field4,True
7843,2024-11-22 18:00:00,Light,31.40635043992539,Field3,False
7844,2024-11-22 19:00:00,SoilMoisture,1.3104067576172107,Field2,False
7845,2024-11-22 20:00:00,SoilPH,74.22852166046916,Field1,False
7846,2024-11-22 21:00:00,Light,54.50823619847495,Field4,False
7847,2024-11-22 22:00:00,Light,16.436307600270506,Field2,False
7848,2024-11-22 23:00:00,Humidity,87.58218689653977,Field3,False
7849,2024-11-23 00:00:00,SoilPH,49.16939156510224,Field2,False
7850,2024-11-23 01:00:00,Light,8.603861567981053,Field2,False
7851,2024-11-23 02:00:00,Humidity,7.922209257072444,Field4,False
7852,2024-11-23 03:00:00,SoilPH,22.35520376954132,Field1,False
7853,2024-11-23 04:00:00,SoilPH,10.210721554166568,Field2,False
7854,2024-11-23 05:00:00,SoilMoisture,23.261050202330424,Field4,False
7855,2024-11-23 06:00:00,SoilPH,47.83930137958063,Field4,False
7856,2024-11-23 07:00:00,Humidity,55.5543110764342,Field1,False
7857,2024-11-23 08:00:00,SoilPH,0.2509737804332945,Field1,False
7858,2024-11-23 09:00:00,SoilPH,97.8216324371756,Field1,False
7859,2024-11-23 10:00:00,SoilPH,51.86769932548053,Field2,False
7860,2024-11-23 11:00:00,SoilMoisture,44.37756518009143,Field4,False
7861,2024-11-23 12:00:00,Light,22.42583457827363,Field1,False
7862,2024-11-23 13:00:00,SoilPH,64.93233252264855,Field1,False
7863,2024-11-23 14:00:00,Temperature,78.32754906932247,Field4,True
7864,2024-11-23 15:00:00,Light,53.58836354926572,Field3,False
7865,2024-11-23 16:00:00,Temperature,25.170852204727577,Field3,False
7866,2024-11-23 17:00:00,SoilPH,39.64077624660516,Field3,False
7867,2024-11-23 18:00:00,SoilMoisture,24.964177380848756,Field3,False
7868,2024-11-23 19:00:00,Humidity,39.93819080104112,Field1,False
7869,2024-11-23 20:00:00,Light,1.3803099768603166,Field3,False
7870,2024-11-23 21:00:00,SoilPH,65.58227499426943,Field3,False
7871,2024-11-23 22:00:00,Temperature,53.85090429494006,Field4,True
7872,2024-11-23 23:00:00,SoilPH,34.42777165271701,Field1,False
7873,2024-11-24 00:00:00,Humidity,92.82615425709676,Field4,False
7874,2024-11-24 01:00:00,SoilPH,66.49809411328393,Field1,False
7875,2024-11-24 02:00:00,Temperature,1.0653876157254991,Field4,False
7876,2024-11-24 03:00:00,Temperature,89.53906619275644,Field2,True
7877,2024-11-24 04:00:00,SoilPH,23.70799119790482,Field4,False
7878,2024-11-24 05:00:00,SoilPH,98.79325647523648,Field1,False
7879,2024-11-24 06:00:00,Light,58.18390771147547,Field1,False
7880,2024-11-24 07:00:00,SoilMoisture,31.678843857787253,Field1,False
7881,2024-11-24 08:00:00,Humidity,22.19750183774658,Field3,False
7882,2024-11-24 09:00:00,SoilMoisture,83.27691922079946,Field2,False
7883,2024-11-24 10:00:00,SoilPH,79.36508806522453,Field3,False
7884,2024-11-24 11:00:00,SoilMoisture,8.249312972728474,Field1,False
7885,2024-11-24 12:00:00,Humidity,14.15520519730322,Field1,False
7886,2024-11-24 13:00:00,SoilMoisture,37.08592719083085,Field2,False
7887,2024-11-24 14:00:00,Humidity,77.15885702304762,Field1,False
7888,2024-11-24 15:00:00,Temperature,48.520489311613424,Field4,False
7889,2024-11-24 16:00:00,Temperature,47.411070181872304,Field3,False
7890,2024-11-24 17:00:00,SoilPH,52.60495228801689,Field2,False
7891,2024-11-24 18:00:00,SoilMoisture,0.0949898822096062,Field3,False
7892,2024-11-24 19:00:00,Temperature,40.93993394284323,Field4,False
7893,2024-11-24 20:00:00,SoilMoisture,12.83164700932804,Field4,False
7894,2024-11-24 21:00:00,Temperature,86.59608327336372,Field4,True
7895,2024-11-24 22:00:00,SoilPH,46.59337693699559,Field3,False
7896,2024-11-24 23:00:00,Temperature,37.49904058501558,Field1,False
7897,2024-11-25 00:00:00,Temperature,40.04551601873651,Field2,False
7898,2024-11-25 01:00:00,Humidity,59.34124148760991,Field3,False
7899,2024-11-25 02:00:00,SoilPH,89.28683189296201,Field1,False
7900,2024-11-25 03:00:00,Light,49.942526451118376,Field2,False
7901,2024-11-25 04:00:00,SoilMoisture,64.05136307930137,Field1,False
7902,2024-11-25 05:00:00,Light,82.17620889856217,Field2,False
7903,2024-11-25 06:00:00,Light,9.26690702534827,Field4,False
7904,2024-11-25 07:00:00,Humidity,23.05362807554895,Field2,False
7905,2024-11-25 08:00:00,Light,92.33336632446068,Field2,False
7906,2024-11-25 09:00:00,Temperature,12.439461484994608,Field4,False
7907,2024-11-25 10:00:00,Humidity,30.408570426852467,Field2,False
7908,2024-11-25 11:00:00,Humidity,18.32924567842448,Field2,False
7909,2024-11-25 12:00:00,Humidity,7.335500583689769,Field4,False
7910,2024-11-25 13:00:00,SoilPH,78.1164386963917,Field1,False
7911,2024-11-25 14:00:00,Light,0.5619229965244443,Field4,False
7912,2024-11-25 15:00:00,Humidity,71.34825880255194,Field3,False
7913,2024-11-25 16:00:00,Temperature,31.99932444502771,Field1,False
7914,2024-11-25 17:00:00,Temperature,9.27046792239874,Field1,False
7915,2024-11-25 18:00:00,Humidity,75.24789239938234,Field3,False
7916,2024-11-25 19:00:00,SoilPH,42.31561728470069,Field3,False
7917,2024-11-25 20:00:00,SoilMoisture,59.08092722322639,Field3,False
7918,2024-11-25 21:00:00,Humidity,43.6271023214575,Field2,False
7919,2024-11-25 22:00:00,SoilMoisture,0.8951038664534838,Field1,False
7920,2024-11-25 23:00:00,SoilPH,69.72138290528065,Field1,False
7921,2024-11-26 00:00:00,Humidity,62.96551555008384,Field3,False
7922,2024-11-26 01:00:00,Humidity,0.6023619257553126,Field3,False
7923,2024-11-26 02:00:00,Temperature,78.72496258687259,Field4,True
7924,2024-11-26 03:00:00,Humidity,12.568316459322949,Field1,False
7925,2024-11-26 04:00:00,Humidity,75.61628493651416,Field1,False
7926,2024-11-26 05:00:00,Humidity,23.53234651635674,Field2,False
7927,2024-11-26 06:00:00,Temperature,33.39067055676702,Field3,False
7928,2024-11-26 07:00:00,SoilMoisture,19.605477024559917,Field4,False
7929,2024-11-26 08:00:00,Temperature,19.67765691257484,Field4,False
7930,2024-11-26 09:00:00,Temperature,92.896307279203,Field4,True
7931,2024-11-26 10:00:00,Humidity,28.196796837827275,Field3,False
7932,2024-11-26 11:00:00,Humidity,38.81949071950091,Field1,False
7933,2024-11-26 12:00:00,Light,72.11034264595028,Field2,False
7934,2024-11-26 13:00:00,Light,21.01813547916017,Field1,False
7935,2024-11-26 14:00:00,SoilPH,94.22490435924948,Field1,False
7936,2024-11-26 15:00:00,Light,95.18492404353682,Field4,False
7937,2024-11-26 16:00:00,Humidity,74.82167749004066,Field4,False
7938,2024-11-26 17:00:00,SoilPH,31.686655698024925,Field1,False
7939,2024-11-26 18:00:00,SoilMoisture,24.177720049252883,Field3,False
7940,2024-11-26 19:00:00,Light,20.398567676011115,Field2,False
7941,2024-11-26 20:00:00,Light,66.85822346609413,Field2,False
7942,2024-11-26 21:00:00,Humidity,72.68363631651015,Field4,False
7943,2024-11-26 22:00:00,Humidity,43.75910851530416,Field1,False
7944,2024-11-26 23:00:00,Temperature,78.52997581125541,Field3,True
7945,2024-11-27 00:00:00,Temperature,31.881711905218257,Field2,False
7946,2024-11-27 01:00:00,Light,94.61903395946642,Field3,False
7947,2024-11-27 02:00:00,Light,91.82961495863282,Field2,False
7948,2024-11-27 03:00:00,SoilPH,92.84089072441708,Field1,False
7949,2024-11-27 04:00:00,Light,23.148930234448205,Field1,False
7950,2024-11-27 05:00:00,Humidity,97.07325294697068,Field2,False
7951,2024-11-27 06:00:00,Humidity,75.26530751921753,Field3,False
7952,2024-11-27 07:00:00,SoilPH,19.956285097094984,Field2,False
7953,2024-11-27 08:00:00,SoilMoisture,1.6043660766563606,Field1,False
7954,2024-11-27 09:00:00,SoilMoisture,60.69566119518627,Field3,False
7955,2024-11-27 10:00:00,Humidity,19.578190813473352,Field3,False
7956,2024-11-27 11:00:00,Temperature,63.55223561241954,Field3,True
7957,2024-11-27 12:00:00,SoilMoisture,41.13664066425402,Field3,False
7958,2024-11-27 13:00:00,Temperature,87.42140186567747,Field1,True
7959,2024-11-27 14:00:00,Humidity,26.78096994804664,Field2,False
7960,2024-11-27 15:00:00,Humidity,11.558060198292477,Field2,False
7961,2024-11-27 16:00:00,Temperature,80.22215910648976,Field1,True
7962,2024-11-27 17:00:00,Humidity,76.4919669506654,Field4,False
7963,2024-11-27 18:00:00,Light,31.260812310396258,Field1,False
7964,2024-11-27 19:00:00,Humidity,61.39088587648104,Field4,False
7965,2024-11-27 20:00:00,Light,40.41804660586688,Field4,False
7966,2024-11-27 21:00:00,SoilPH,61.41441314472702,Field1,False
7967,2024-11-27 22:00:00,Temperature,11.472991238243344,Field3,False
7968,2024-11-27 23:00:00,SoilMoisture,73.41877123497589,Field1,False
7969,2024-11-28 00:00:00,SoilPH,28.5928019660614,Field1,False
7970,2024-11-28 01:00:00,Temperature,81.87329793046543,Field4,True
7971,2024-11-28 02:00:00,SoilMoisture,49.47507653902287,Field2,False
7972,2024-11-28 03:00:00,Light,66.08875572018776,Field3,False
7973,2024-11-28 04:00:00,SoilMoisture,73.96681431129501,Field4,False
7974,2024-11-28 05:00:00,Light,77.45765316706891,Field1,False
7975,2024-11-28 06:00:00,Humidity,92.69525620800076,Field2,False
7976,2024-11-28 07:00:00,Humidity,68.56929997741614,Field1,False
7977,2024-11-28 08:00:00,Light,50.423670894428085,Field3,False
7978,2024-11-28 09:00:00,SoilPH,90.84197725976672,Field1,False
7979,2024-11-28 10:00:00,SoilMoisture,33.39340936513702,Field1,False
7980,2024-11-28 11:00:00,Light,95.3231706074586,Field4,False
7981,2024-11-28 12:00:00,SoilPH,13.82373576429764,Field4,False
7982,2024-11-28 13:00:00,SoilMoisture,53.90808693999354,Field3,False
7983,2024-11-28 14:00:00,SoilPH,88.50200093043645,Field2,False
7984,2024-11-28 15:00:00,Light,56.866656977726606,Field2,False
7985,2024-11-28 16:00:00,SoilMoisture,20.84676681615959,Field1,False
7986,2024-11-28 17:00:00,SoilMoisture,59.11366727783142,Field1,False
7987,2024-11-28 18:00:00,SoilPH,44.963493675923296,Field1,False
7988,2024-11-28 19:00:00,Humidity,50.01317290243785,Field2,False
7989,2024-11-28 20:00:00,SoilMoisture,92.65786727153298,Field1,False
7990,2024-11-28 21:00:00,SoilPH,26.10507385169244,Field4,False
7991,2024-11-28 22:00:00,Humidity,11.25973072055788,Field1,False
7992,2024-11-28 23:00:00,Temperature,1.74014610465002,Field3,False
7993,2024-11-29 00:00:00,SoilPH,60.87441222761532,Field3,False
7994,2024-11-29 01:00:00,SoilMoisture,99.99262356488856,Field1,False
7995,2024-11-29 02:00:00,Temperature,53.84262851954708,Field4,True
7996,2024-11-29 03:00:00,Light,9.345230217048128,Field2,False
7997,2024-11-29 04:00:00,Temperature,8.190025086237185,Field2,False
7998,2024-11-29 05:00:00,Temperature,32.87719272187306,Field1,False
7999,2024-11-29 06:00:00,Temperature,24.65045691640897,Field4,False
8000,2024-11-29 07:00:00,Humidity,48.493520838552016,Field1,False
8001,2024-11-29 08:00:00,Humidity,32.45705145442881,Field2,False
8002,2024-11-29 09:00:00,Humidity,39.15050164587013,Field3,False
8003,2024-11-29 10:00:00,Temperature,35.6639842097792,Field3,False
8004,2024-11-29 11:00:00,SoilMoisture,8.357589195199688,Field3,False
8005,2024-11-29 12:00:00,SoilMoisture,4.731777709808693,Field2,False
8006,2024-11-29 13:00:00,Temperature,19.65695289834129,Field4,False
8007,2024-11-29 14:00:00,Temperature,84.25762608958463,Field4,True
8008,2024-11-29 15:00:00,SoilMoisture,37.711271339921794,Field1,False
8009,2024-11-29 16:00:00,SoilPH,3.718409682143553,Field2,False
8010,2024-11-29 17:00:00,Light,69.9585976869496,Field1,False
8011,2024-11-29 18:00:00,Temperature,4.146267876673471,Field4,False
8012,2024-11-29 19:00:00,Temperature,77.02714087729728,Field2,True
8013,2024-11-29 20:00:00,Humidity,78.83797787829843,Field2,False
8014,2024-11-29 21:00:00,Humidity,9.72628763466956,Field2,False
8015,2024-11-29 22:00:00,Temperature,69.62202697379313,Field3,True
8016,2024-11-29 23:00:00,SoilPH,42.95667542485237,Field2,False
8017,2024-11-30 00:00:00,SoilPH,55.90901663946263,Field3,False
8018,2024-11-30 01:00:00,Humidity,13.815245376351148,Field3,False
8019,2024-11-30 02:00:00,Light,88.01966092829605,Field4,False
8020,2024-11-30 03:00:00,Temperature,79.13071714699244,Field4,True
8021,2024-11-30 04:00:00,SoilPH,64.44039046537296,Field2,False
8022,2024-11-30 05:00:00,SoilPH,23.66166923571588,Field3,False
8023,2024-11-30 06:00:00,Temperature,39.64318498053727,Field1,False
8024,2024-11-30 07:00:00,Light,94.71943929000876,Field4,False
8025,2024-11-30 08:00:00,Humidity,27.013744363725177,Field4,False
8026,2024-11-30 09:00:00,Temperature,79.49001888391845,Field4,True
8027,2024-11-30 10:00:00,Light,53.73510598803861,Field1,False
8028,2024-11-30 11:00:00,SoilMoisture,9.37450069488397,Field3,False
8029,2024-11-30 12:00:00,SoilMoisture,91.47094722870122,Field1,False
8030,2024-11-30 13:00:00,Light,94.75227095656795,Field2,False
8031,2024-11-30 14:00:00,Humidity,58.337975363858206,Field3,False
8032,2024-11-30 15:00:00,Temperature,78.85990988573246,Field4,True
8033,2024-11-30 16:00:00,SoilPH,46.98567093148771,Field4,False
8034,2024-11-30 17:00:00,Temperature,44.939741113732445,Field1,False
8035,2024-11-30 18:00:00,Humidity,8.680046333026482,Field1,False
8036,2024-11-30 19:00:00,SoilMoisture,29.00139611339062,Field2,False
8037,2024-11-30 20:00:00,Temperature,31.122217676833277,Field4,False
8038,2024-11-30 21:00:00,Light,22.41161816568889,Field2,False
8039,2024-11-30 22:00:00,Temperature,20.14572800269695,Field3,False
8040,2024-11-30 23:00:00,Temperature,87.80136535034765,Field1,True
8041,2024-12-01 00:00:00,SoilMoisture,89.63650994698573,Field3,False
8042,2024-12-01 01:00:00,SoilMoisture,59.31470037058969,Field3,False
8043,2024-12-01 02:00:00,SoilPH,74.33149230478355,Field4,False
8044,2024-12-01 03:00:00,SoilMoisture,17.714016476920047,Field1,False
8045,2024-12-01 04:00:00,SoilMoisture,43.02191424336419,Field2,False
8046,2024-12-01 05:00:00,Temperature,55.71786316019609,Field4,True
8047,2024-12-01 06:00:00,SoilMoisture,73.06024119061318,Field3,False
8048,2024-12-01 07:00:00,Temperature,83.18326782504406,Field1,True
8049,2024-12-01 08:00:00,Temperature,11.194176123095046,Field4,False
8050,2024-12-01 09:00:00,Light,86.7287589641821,Field1,False
8051,2024-12-01 10:00:00,Temperature,58.689252285493886,Field1,True
8052,2024-12-01 11:00:00,SoilPH,5.257123452380419,Field2,False
8053,2024-12-01 12:00:00,Temperature,6.521517179393477,Field1,False
8054,2024-12-01 13:00:00,Temperature,2.7057158641971446,Field1,False
8055,2024-12-01 14:00:00,Humidity,56.81770844651829,Field3,False
8056,2024-12-01 15:00:00,SoilPH,39.55301383411099,Field3,False
8057,2024-12-01 16:00:00,Humidity,90.2068611248229,Field4,False
8058,2024-12-01 17:00:00,Light,98.61119302564144,Field4,False
8059,2024-12-01 18:00:00,Temperature,93.08053882630055,Field2,True
8060,2024-12-01 19:00:00,SoilPH,1.3697027405659257,Field1,False
8061,2024-12-01 20:00:00,SoilPH,15.915863767755866,Field1,False
8062,2024-12-01 21:00:00,Light,90.01673708311,Field2,False
8063,2024-12-01 22:00:00,SoilMoisture,98.06615747881474,Field1,False
8064,2024-12-01 23:00:00,SoilPH,36.24796044569453,Field2,False
8065,2024-12-02 00:00:00,SoilMoisture,20.985136007299253,Field4,False
8066,2024-12-02 01:00:00,Light,42.28659898101059,Field3,False
8067,2024-12-02 02:00:00,SoilMoisture,82.42423192364205,Field4,False
8068,2024-12-02 03:00:00,Light,87.84174750238566,Field3,False
8069,2024-12-02 04:00:00,Temperature,10.53481345907209,Field1,False
8070,2024-12-02 05:00:00,Temperature,20.446973397702884,Field2,False
8071,2024-12-02 06:00:00,Temperature,41.94292831942052,Field1,False
8072,2024-12-02 07:00:00,Humidity,30.439633265120023,Field4,False
8073,2024-12-02 08:00:00,SoilPH,20.97069642219932,Field4,False
8074,2024-12-02 09:00:00,Light,16.288647445782225,Field3,False
8075,2024-12-02 10:00:00,SoilMoisture,20.63298805124004,Field2,False
8076,2024-12-02 11:00:00,Light,27.38156936009666,Field2,False
8077,2024-12-02 12:00:00,Humidity,2.6128101008670024,Field1,False
8078,2024-12-02 13:00:00,SoilMoisture,87.02093624035545,Field2,False
8079,2024-12-02 14:00:00,Humidity,89.19189340608331,Field3,False
8080,2024-12-02 15:00:00,SoilMoisture,93.20351301922337,Field2,False
8081,2024-12-02 16:00:00,SoilPH,11.785413103927844,Field2,False
8082,2024-12-02 17:00:00,Temperature,13.518190184793331,Field2,False
8083,2024-12-02 18:00:00,Temperature,66.184745131662,Field4,True
8084,2024-12-02 19:00:00,SoilPH,29.5733639611676,Field1,False
8085,2024-12-02 20:00:00,SoilPH,46.90980915806322,Field3,False
8086,2024-12-02 21:00:00,Temperature,94.36915797565428,Field1,True
8087,2024-12-02 22:00:00,Light,3.499848293233532,Field1,False
8088,2024-12-02 23:00:00,SoilMoisture,75.17200957251694,Field3,False
8089,2024-12-03 00:00:00,Light,71.09118946890653,Field1,False
8090,2024-12-03 01:00:00,Light,36.71798498371784,Field3,False
8091,2024-12-03 02:00:00,SoilPH,97.01392740116955,Field3,False
8092,2024-12-03 03:00:00,Temperature,97.51174438619212,Field3,True
8093,2024-12-03 04:00:00,SoilMoisture,20.662251530059383,Field1,False
8094,2024-12-03 05:00:00,Temperature,92.14147942966412,Field1,True
8095,2024-12-03 06:00:00,Temperature,10.746299324283548,Field1,False
8096,2024-12-03 07:00:00,Temperature,72.714437475365,Field4,True
8097,2024-12-03 08:00:00,SoilPH,62.33512931502487,Field4,False
8098,2024-12-03 09:00:00,Temperature,82.62391147713444,Field1,True
8099,2024-12-03 10:00:00,Temperature,31.29184612041788,Field3,False
8100,2024-12-03 11:00:00,SoilMoisture,8.046051726622727,Field1,False
8101,2024-12-03 12:00:00,SoilPH,25.662291109771584,Field2,False
8102,2024-12-03 13:00:00,Light,99.37224854461152,Field2,False
8103,2024-12-03 14:00:00,Humidity,12.41659515670317,Field4,False
8104,2024-12-03 15:00:00,Temperature,65.92138418590771,Field3,True
8105,2024-12-03 16:00:00,Temperature,33.736301148729694,Field1,False
8106,2024-12-03 17:00:00,SoilMoisture,18.855511036272265,Field2,False
8107,2024-12-03 18:00:00,Light,65.51281503696627,Field1,False
8108,2024-12-03 19:00:00,Humidity,43.70207800466856,Field4,False
8109,2024-12-03 20:00:00,SoilMoisture,78.30282590982225,Field4,False
8110,2024-12-03 21:00:00,Humidity,42.28690043811534,Field1,False
8111,2024-12-03 22:00:00,SoilMoisture,67.02200331832856,Field4,False
8112,2024-12-03 23:00:00,SoilMoisture,30.207036236827843,Field4,False
8113,2024-12-04 00:00:00,SoilPH,84.18279658648218,Field1,False
8114,2024-12-04 01:00:00,SoilMoisture,73.16581026983668,Field4,False
8115,2024-12-04 02:00:00,Light,53.23253181480262,Field1,False
8116,2024-12-04 03:00:00,SoilPH,85.16043436626279,Field3,False
8117,2024-12-04 04:00:00,Humidity,70.2085646678921,Field1,False
8118,2024-12-04 05:00:00,SoilPH,21.251374712114742,Field4,False
8119,2024-12-04 06:00:00,Humidity,43.61476367185173,Field4,False
8120,2024-12-04 07:00:00,Humidity,48.99023903783944,Field3,False
8121,2024-12-04 08:00:00,Humidity,7.580486237910611,Field4,False
8122,2024-12-04 09:00:00,SoilMoisture,60.00986850810528,Field2,False
8123,2024-12-04 10:00:00,Light,72.28581308102801,Field2,False
8124,2024-12-04 11:00:00,SoilPH,41.78225540941892,Field1,False
8125,2024-12-04 12:00:00,Humidity,43.181115664579885,Field3,False
8126,2024-12-04 13:00:00,Light,33.236495131583766,Field2,False
8127,2024-12-04 14:00:00,Humidity,27.34768400019352,Field2,False
8128,2024-12-04 15:00:00,Humidity,12.217653917307835,Field4,False
8129,2024-12-04 16:00:00,Temperature,88.53006909079201,Field1,True
8130,2024-12-04 17:00:00,Humidity,38.58182704089367,Field1,False
8131,2024-12-04 18:00:00,Temperature,2.0825254527635173,Field2,False
8132,2024-12-04 19:00:00,Temperature,49.58599734535731,Field4,False
8133,2024-12-04 20:00:00,Humidity,29.52294447205453,Field4,False
8134,2024-12-04 21:00:00,Light,7.482727698709213,Field4,False
8135,2024-12-04 22:00:00,Light,68.71997265277983,Field4,False
8136,2024-12-04 23:00:00,SoilMoisture,66.75973221474715,Field3,False
8137,2024-12-05 00:00:00,Temperature,91.09591167932328,Field4,True
8138,2024-12-05 01:00:00,Light,6.412789575742217,Field2,False
8139,2024-12-05 02:00:00,Light,31.78899173828288,Field4,False
8140,2024-12-05 03:00:00,SoilMoisture,82.26912115741194,Field2,False
8141,2024-12-05 04:00:00,Temperature,93.27058358137764,Field4,True
8142,2024-12-05 05:00:00,Humidity,89.57589877514476,Field3,False
8143,2024-12-05 06:00:00,Temperature,12.3146231591034,Field4,False
8144,2024-12-05 07:00:00,SoilPH,53.1422523623238,Field4,False
8145,2024-12-05 08:00:00,Light,24.41780319543033,Field3,False
8146,2024-12-05 09:00:00,SoilMoisture,93.90916439379627,Field3,False
8147,2024-12-05 10:00:00,Temperature,80.14180646948579,Field2,True
8148,2024-12-05 11:00:00,SoilMoisture,12.689833485849444,Field4,False
8149,2024-12-05 12:00:00,SoilPH,92.25715918071472,Field2,False
8150,2024-12-05 13:00:00,Humidity,59.4048303366934,Field1,False
8151,2024-12-05 14:00:00,Humidity,33.31018820615316,Field2,False
8152,2024-12-05 15:00:00,Light,73.56583128406953,Field2,False
8153,2024-12-05 16:00:00,Temperature,91.33213780996252,Field3,True
8154,2024-12-05 17:00:00,SoilPH,1.952105818891592,Field4,False
8155,2024-12-05 18:00:00,Temperature,66.05433930097206,Field2,True
8156,2024-12-05 19:00:00,Temperature,35.70924836424278,Field1,False
8157,2024-12-05 20:00:00,SoilMoisture,9.389967979045434,Field1,False
8158,2024-12-05 21:00:00,Light,64.81001077504635,Field4,False
8159,2024-12-05 22:00:00,Light,83.27995684495197,Field2,False
8160,2024-12-05 23:00:00,Temperature,86.4353510857627,Field2,True
8161,2024-12-06 00:00:00,Temperature,36.05637954735636,Field1,False
8162,2024-12-06 01:00:00,SoilPH,39.22152796334933,Field4,False
8163,2024-12-06 02:00:00,Temperature,5.23720171699138,Field3,False
8164,2024-12-06 03:00:00,Light,44.62192123330959,Field3,False
8165,2024-12-06 04:00:00,SoilMoisture,20.680548958418232,Field4,False
8166,2024-12-06 05:00:00,SoilPH,39.928751189122494,Field2,False
8167,2024-12-06 06:00:00,SoilMoisture,4.164405995044652,Field1,False
8168,2024-12-06 07:00:00,Temperature,31.106045298306416,Field3,False
8169,2024-12-06 08:00:00,SoilPH,78.424931594524,Field3,False
8170,2024-12-06 09:00:00,SoilMoisture,4.925048981285474,Field4,False
8171,2024-12-06 10:00:00,SoilPH,50.46210241804098,Field3,False
8172,2024-12-06 11:00:00,Humidity,74.87576130357716,Field1,False
8173,2024-12-06 12:00:00,Humidity,45.71426950527035,Field1,False
8174,2024-12-06 13:00:00,Light,97.1225929948575,Field4,False
8175,2024-12-06 14:00:00,SoilPH,80.83516221652395,Field1,False
8176,2024-12-06 15:00:00,SoilPH,82.90144926371265,Field3,False
8177,2024-12-06 16:00:00,Light,66.23307567714956,Field3,False
8178,2024-12-06 17:00:00,Humidity,50.36616717895269,Field1,False
8179,2024-12-06 18:00:00,SoilPH,96.86366013044456,Field4,False
8180,2024-12-06 19:00:00,Light,12.46097460740978,Field1,False
8181,2024-12-06 20:00:00,Light,7.601673673515963,Field4,False
8182,2024-12-06 21:00:00,SoilPH,36.6018642936645,Field1,False
8183,2024-12-06 22:00:00,Humidity,15.036203458396637,Field1,False
8184,2024-12-06 23:00:00,SoilMoisture,60.862962494532965,Field3,False
8185,2024-12-07 00:00:00,Humidity,11.444057454787227,Field3,False
8186,2024-12-07 01:00:00,SoilPH,9.44422885471874,Field4,False
8187,2024-12-07 02:00:00,SoilPH,80.47456965303265,Field3,False
8188,2024-12-07 03:00:00,SoilPH,39.053542529089015,Field3,False
8189,2024-12-07 04:00:00,Humidity,13.85971286406118,Field2,False
8190,2024-12-07 05:00:00,SoilMoisture,52.51980398505876,Field4,False
8191,2024-12-07 06:00:00,SoilMoisture,52.28211991741698,Field4,False
8192,2024-12-07 07:00:00,Light,97.95611117833262,Field1,False
8193,2024-12-07 08:00:00,Light,1.8594904625545805,Field2,False
8194,2024-12-07 09:00:00,Temperature,67.54512549512346,Field2,True
8195,2024-12-07 10:00:00,Temperature,26.798511629810783,Field2,False
8196,2024-12-07 11:00:00,Temperature,34.49898036877275,Field4,False
8197,2024-12-07 12:00:00,Temperature,97.9975318968189,Field4,True
8198,2024-12-07 13:00:00,SoilMoisture,30.89023163173653,Field1,False
8199,2024-12-07 14:00:00,SoilPH,33.26101012078128,Field3,False
8200,2024-12-07 15:00:00,SoilMoisture,96.46119957158976,Field3,False
8201,2024-12-07 16:00:00,SoilMoisture,62.0263569269984,Field3,False
8202,2024-12-07 17:00:00,Light,89.49464518028996,Field3,False
8203,2024-12-07 18:00:00,SoilMoisture,97.76738004448944,Field3,False
8204,2024-12-07 19:00:00,Temperature,7.187682908228776,Field1,False
8205,2024-12-07 20:00:00,Light,1.5838806041829523,Field4,False
8206,2024-12-07 21:00:00,Temperature,88.72102474971888,Field4,True
8207,2024-12-07 22:00:00,Light,5.479383754979351,Field2,False
8208,2024-12-07 23:00:00,Light,45.47544365857385,Field3,False
8209,2024-12-08 00:00:00,Humidity,93.9360687671477,Field3,False
8210,2024-12-08 01:00:00,Light,77.28882611745316,Field2,False
8211,2024-12-08 02:00:00,Humidity,37.757730016852655,Field1,False
8212,2024-12-08 03:00:00,SoilPH,61.41021828740645,Field3,False
8213,2024-12-08 04:00:00,Temperature,45.79271763004432,Field4,False
8214,2024-12-08 05:00:00,SoilMoisture,85.11448826789811,Field1,False
8215,2024-12-08 06:00:00,SoilPH,62.47482077874831,Field3,False
8216,2024-12-08 07:00:00,SoilMoisture,13.957094119073666,Field2,False
8217,2024-12-08 08:00:00,Temperature,58.67350544806613,Field4,True
8218,2024-12-08 09:00:00,SoilMoisture,30.975214226713558,Field1,False
8219,2024-12-08 10:00:00,Light,16.639517958551465,Field1,False
8220,2024-12-08 11:00:00,SoilPH,16.98122290712315,Field1,False
8221,2024-12-08 12:00:00,Humidity,95.50215974620193,Field2,False
8222,2024-12-08 13:00:00,SoilMoisture,70.11707061045765,Field4,False
8223,2024-12-08 14:00:00,SoilPH,70.06297430577581,Field4,False
8224,2024-12-08 15:00:00,Humidity,58.6926528050949,Field1,False
8225,2024-12-08 16:00:00,Temperature,21.303629439122297,Field2,False
8226,2024-12-08 17:00:00,Temperature,18.432949086225506,Field2,False
8227,2024-12-08 18:00:00,SoilPH,69.7933384850262,Field4,False
8228,2024-12-08 19:00:00,Humidity,22.205939499016136,Field3,False
8229,2024-12-08 20:00:00,SoilPH,29.043015339833943,Field2,False
8230,2024-12-08 21:00:00,SoilPH,39.072924091932,Field3,False
8231,2024-12-08 22:00:00,Humidity,16.804283845007205,Field4,False
8232,2024-12-08 23:00:00,Light,22.96523214471542,Field4,False
8233,2024-12-09 00:00:00,SoilMoisture,4.102666359485951,Field4,False
8234,2024-12-09 01:00:00,SoilMoisture,12.468468308144164,Field2,False
8235,2024-12-09 02:00:00,SoilMoisture,92.49277996777845,Field1,False
8236,2024-12-09 03:00:00,SoilPH,20.02076201662828,Field2,False
8237,2024-12-09 04:00:00,SoilMoisture,34.374302657774095,Field1,False
8238,2024-12-09 05:00:00,SoilPH,82.78966450790412,Field4,False
8239,2024-12-09 06:00:00,SoilPH,18.706810617220448,Field2,False
8240,2024-12-09 07:00:00,Humidity,87.61245374105314,Field3,False
8241,2024-12-09 08:00:00,Temperature,4.220492873015846,Field3,False
8242,2024-12-09 09:00:00,Humidity,52.96344556424111,Field1,False
8243,2024-12-09 10:00:00,Light,19.495120761812856,Field2,False
8244,2024-12-09 11:00:00,SoilMoisture,37.06533655479526,Field1,False
8245,2024-12-09 12:00:00,Humidity,7.232598981175609,Field3,False
8246,2024-12-09 13:00:00,Humidity,16.01539760198237,Field2,False
8247,2024-12-09 14:00:00,Humidity,6.985914946790228,Field4,False
8248,2024-12-09 15:00:00,Light,36.46138740540062,Field2,False
8249,2024-12-09 16:00:00,Light,39.020954880329896,Field3,False
8250,2024-12-09 17:00:00,SoilMoisture,51.16085633367828,Field3,False
8251,2024-12-09 18:00:00,Temperature,41.92605593302078,Field1,False
8252,2024-12-09 19:00:00,SoilMoisture,92.43681415871532,Field4,False
8253,2024-12-09 20:00:00,Temperature,59.13944011546312,Field3,True
8254,2024-12-09 21:00:00,Temperature,67.83919666629446,Field1,True
8255,2024-12-09 22:00:00,Light,33.24111574441265,Field3,False
8256,2024-12-09 23:00:00,Light,30.664359453057244,Field4,False
8257,2024-12-10 00:00:00,Humidity,37.40701386972369,Field1,False
8258,2024-12-10 01:00:00,SoilMoisture,38.13028101949143,Field3,False
8259,2024-12-10 02:00:00,Temperature,6.174172498992004,Field1,False
8260,2024-12-10 03:00:00,Temperature,56.241095826714336,Field2,True
8261,2024-12-10 04:00:00,Temperature,57.82667518218443,Field3,True
8262,2024-12-10 05:00:00,Humidity,80.16589324346171,Field4,False
8263,2024-12-10 06:00:00,Light,79.61424886621565,Field4,False
8264,2024-12-10 07:00:00,Light,67.53859880168991,Field1,False
8265,2024-12-10 08:00:00,Humidity,67.18927363829194,Field3,False
8266,2024-12-10 09:00:00,SoilMoisture,71.64704120816103,Field3,False
8267,2024-12-10 10:00:00,SoilMoisture,11.87797416095011,Field2,False
8268,2024-12-10 11:00:00,Humidity,40.5354041896827,Field1,False
8269,2024-12-10 12:00:00,Light,46.48907736117575,Field2,False
8270,2024-12-10 13:00:00,SoilMoisture,76.57361555428135,Field3,False
8271,2024-12-10 14:00:00,Temperature,17.414550588469236,Field1,False
8272,2024-12-10 15:00:00,Temperature,66.71776623766361,Field1,True
8273,2024-12-10 16:00:00,Light,40.93943277257939,Field1,False
8274,2024-12-10 17:00:00,Humidity,37.7644576453524,Field3,False
8275,2024-12-10 18:00:00,Humidity,70.21482917732197,Field2,False
8276,2024-12-10 19:00:00,SoilMoisture,21.84662046233637,Field4,False
8277,2024-12-10 20:00:00,Light,91.67756211389325,Field2,False
8278,2024-12-10 21:00:00,Light,52.77263153577915,Field2,False
8279,2024-12-10 22:00:00,SoilMoisture,19.437793982637007,Field2,False
8280,2024-12-10 23:00:00,Light,56.194445374736624,Field2,False
8281,2024-12-11 00:00:00,Light,35.70209591819793,Field4,False
8282,2024-12-11 01:00:00,SoilMoisture,61.970915704410025,Field2,False
8283,2024-12-11 02:00:00,Light,60.96790066875406,Field2,False
8284,2024-12-11 03:00:00,SoilMoisture,58.939373450140806,Field3,False
8285,2024-12-11 04:00:00,SoilPH,39.796793449159416,Field4,False
8286,2024-12-11 05:00:00,Humidity,15.01064463834416,Field1,False
8287,2024-12-11 06:00:00,Humidity,70.351200604846,Field2,False
8288,2024-12-11 07:00:00,Light,54.69281617205388,Field1,False
8289,2024-12-11 08:00:00,Temperature,96.23890179954373,Field4,True
8290,2024-12-11 09:00:00,Temperature,90.7585127141004,Field3,True
8291,2024-12-11 10:00:00,Humidity,39.504923446965655,Field2,False
8292,2024-12-11 11:00:00,Temperature,29.117759069075788,Field1,False
8293,2024-12-11 12:00:00,SoilMoisture,28.973068999052074,Field2,False
8294,2024-12-11 13:00:00,SoilMoisture,67.4935758384979,Field4,False
8295,2024-12-11 14:00:00,SoilPH,70.08311644553864,Field2,False
8296,2024-12-11 15:00:00,Temperature,94.9356780622921,Field1,True
8297,2024-12-11 16:00:00,Humidity,53.2783603732625,Field3,False
8298,2024-12-11 17:00:00,SoilPH,62.29022805254939,Field1,False
8299,2024-12-11 18:00:00,Light,39.583540430689546,Field3,False
8300,2024-12-11 19:00:00,SoilMoisture,45.77807493249875,Field1,False
8301,2024-12-11 20:00:00,Humidity,43.69121502997852,Field2,False
8302,2024-12-11 21:00:00,Humidity,62.57146930976788,Field2,False
8303,2024-12-11 22:00:00,Temperature,35.04856819147396,Field3,False
8304,2024-12-11 23:00:00,Humidity,86.65214642184651,Field4,False
8305,2024-12-12 00:00:00,Light,28.671245199898376,Field2,False
8306,2024-12-12 01:00:00,Temperature,93.5348525541062,Field1,True
8307,2024-12-12 02:00:00,Temperature,42.31827483937127,Field4,False
8308,2024-12-12 03:00:00,SoilPH,42.32067028991947,Field4,False
8309,2024-12-12 04:00:00,Temperature,63.46762348111415,Field3,True
8310,2024-12-12 05:00:00,SoilPH,75.9346911313212,Field2,False
8311,2024-12-12 06:00:00,Light,3.9142822493862575,Field4,False
8312,2024-12-12 07:00:00,Humidity,26.2993630501702,Field2,False
8313,2024-12-12 08:00:00,Light,90.96074489871668,Field2,False
8314,2024-12-12 09:00:00,Temperature,17.182477178804678,Field1,False
8315,2024-12-12 10:00:00,Humidity,88.78518899729487,Field3,False
8316,2024-12-12 11:00:00,Humidity,91.63864407567168,Field1,False
8317,2024-12-12 12:00:00,SoilMoisture,67.04655120476866,Field2,False
8318,2024-12-12 13:00:00,Light,80.89021304716209,Field2,False
8319,2024-12-12 14:00:00,SoilPH,16.51861083121593,Field3,False
8320,2024-12-12 15:00:00,Light,16.687023965207658,Field3,False
8321,2024-12-12 16:00:00,Light,69.58458247640242,Field3,False
8322,2024-12-12 17:00:00,Humidity,30.5184913824584,Field3,False
8323,2024-12-12 18:00:00,Light,42.56325438409848,Field3,False
8324,2024-12-12 19:00:00,Light,28.901520734873287,Field4,False
8325,2024-12-12 20:00:00,Light,65.46185835111531,Field4,False
8326,2024-12-12 21:00:00,SoilMoisture,5.816303632882958,Field2,False
8327,2024-12-12 22:00:00,Humidity,68.73265406121742,Field2,False
8328,2024-12-12 23:00:00,SoilPH,86.276283379715,Field1,False
8329,2024-12-13 00:00:00,Temperature,99.25766462527406,Field1,True
8330,2024-12-13 01:00:00,Humidity,73.82646547142704,Field1,False
8331,2024-12-13 02:00:00,SoilMoisture,22.116777187160697,Field2,False
8332,2024-12-13 03:00:00,SoilPH,77.23189286271267,Field3,False
8333,2024-12-13 04:00:00,Temperature,77.07753151487834,Field4,True
8334,2024-12-13 05:00:00,Humidity,50.70514481941167,Field2,False
8335,2024-12-13 06:00:00,Temperature,30.175094530175997,Field1,False
8336,2024-12-13 07:00:00,SoilMoisture,92.59576056496208,Field4,False
8337,2024-12-13 08:00:00,Light,51.79862898188111,Field1,False
8338,2024-12-13 09:00:00,Temperature,14.97985833359088,Field4,False
8339,2024-12-13 10:00:00,Humidity,73.81629459642473,Field4,False
8340,2024-12-13 11:00:00,SoilMoisture,84.39929973994676,Field1,False
8341,2024-12-13 12:00:00,SoilMoisture,80.81210492165192,Field2,False
8342,2024-12-13 13:00:00,SoilMoisture,80.90835003155108,Field4,False
8343,2024-12-13 14:00:00,Light,43.30183719071775,Field2,False
8344,2024-12-13 15:00:00,Light,58.430845620555,Field1,False
8345,2024-12-13 16:00:00,Humidity,38.33542337851188,Field1,False
8346,2024-12-13 17:00:00,SoilMoisture,49.014498252047936,Field4,False
8347,2024-12-13 18:00:00,SoilPH,9.201859761295806,Field4,False
8348,2024-12-13 19:00:00,SoilMoisture,21.898403085721014,Field1,False
8349,2024-12-13 20:00:00,Humidity,34.45983607728517,Field3,False
8350,2024-12-13 21:00:00,SoilMoisture,69.01808672449928,Field1,False
8351,2024-12-13 22:00:00,SoilMoisture,72.46552569796354,Field3,False
8352,2024-12-13 23:00:00,SoilPH,17.72092078649883,Field1,False
8353,2024-12-14 00:00:00,Humidity,10.933429951777152,Field2,False
8354,2024-12-14 01:00:00,SoilMoisture,66.03047921799833,Field3,False
8355,2024-12-14 02:00:00,Light,25.715542618856745,Field2,False
8356,2024-12-14 03:00:00,Temperature,80.75689193637065,Field3,True
8357,2024-12-14 04:00:00,SoilPH,51.52320788916044,Field4,False
8358,2024-12-14 05:00:00,SoilPH,32.0784328382438,Field3,False
8359,2024-12-14 06:00:00,Humidity,80.73709715488224,Field3,False
8360,2024-12-14 07:00:00,Light,10.401790836366398,Field3,False
8361,2024-12-14 08:00:00,Light,91.7313033038479,Field3,False
8362,2024-12-14 09:00:00,Light,73.26840495399169,Field1,False
8363,2024-12-14 10:00:00,Humidity,53.10510921693757,Field4,False
8364,2024-12-14 11:00:00,Humidity,0.3120898377208303,Field3,False
8365,2024-12-14 12:00:00,Humidity,5.660197685322343,Field2,False
8366,2024-12-14 13:00:00,SoilMoisture,52.265666245457375,Field1,False
8367,2024-12-14 14:00:00,SoilMoisture,74.79304342625713,Field3,False
8368,2024-12-14 15:00:00,SoilPH,99.6022790039344,Field4,False
8369,2024-12-14 16:00:00,SoilPH,87.81622049984074,Field4,False
8370,2024-12-14 17:00:00,Temperature,13.867107551385873,Field1,False
8371,2024-12-14 18:00:00,Temperature,26.506040082912406,Field4,False
8372,2024-12-14 19:00:00,SoilPH,37.82825469346355,Field2,False
8373,2024-12-14 20:00:00,Temperature,68.48365444720645,Field3,True
8374,2024-12-14 21:00:00,SoilMoisture,97.9737645708312,Field3,False
8375,2024-12-14 22:00:00,SoilPH,23.63285001402443,Field4,False
8376,2024-12-14 23:00:00,Humidity,66.64113766403634,Field1,False
8377,2024-12-15 00:00:00,Light,17.549998831147885,Field2,False
8378,2024-12-15 01:00:00,Humidity,8.810713335200415,Field3,False
8379,2024-12-15 02:00:00,Temperature,24.00231235179675,Field2,False
8380,2024-12-15 03:00:00,Humidity,47.187484543856016,Field4,False
8381,2024-12-15 04:00:00,SoilPH,87.93208423028048,Field2,False
8382,2024-12-15 05:00:00,SoilPH,47.84878345891954,Field4,False
8383,2024-12-15 06:00:00,Temperature,0.9573240620490032,Field3,False
8384,2024-12-15 07:00:00,SoilPH,1.908828817503916,Field2,False
8385,2024-12-15 08:00:00,Humidity,69.20451234994806,Field1,False
8386,2024-12-15 09:00:00,Light,34.65484745925885,Field2,False
8387,2024-12-15 10:00:00,Temperature,15.69039169154368,Field4,False
8388,2024-12-15 11:00:00,Light,42.0188276359064,Field3,False
8389,2024-12-15 12:00:00,SoilMoisture,48.97999615550166,Field2,False
8390,2024-12-15 13:00:00,Light,8.720137477530054,Field1,False
8391,2024-12-15 14:00:00,SoilPH,6.473954914412117,Field4,False
8392,2024-12-15 15:00:00,Humidity,67.89194883482,Field3,False
8393,2024-12-15 16:00:00,Light,37.5109884017604,Field2,False
8394,2024-12-15 17:00:00,Light,5.4909847779354815,Field2,False
8395,2024-12-15 18:00:00,Humidity,41.284442295969725,Field4,False
8396,2024-12-15 19:00:00,Temperature,23.628091590929237,Field4,False
8397,2024-12-15 20:00:00,Humidity,18.56467549661017,Field2,False
8398,2024-12-15 21:00:00,SoilMoisture,55.349899741696106,Field2,False
8399,2024-12-15 22:00:00,Light,84.2306301738881,Field4,False
8400,2024-12-15 23:00:00,Humidity,72.00449371148544,Field4,False
8401,2024-12-16 00:00:00,Light,44.56755627269197,Field3,False
8402,2024-12-16 01:00:00,Temperature,3.571782888862029,Field3,False
8403,2024-12-16 02:00:00,Light,25.278605355430265,Field1,False
8404,2024-12-16 03:00:00,Light,15.022755160940516,Field4,False
8405,2024-12-16 04:00:00,Humidity,59.56590981055674,Field4,False
8406,2024-12-16 05:00:00,Temperature,61.59096056957127,Field2,True
8407,2024-12-16 06:00:00,SoilMoisture,64.63641254924303,Field2,False
8408,2024-12-16 07:00:00,Humidity,92.14396179593868,Field2,False
8409,2024-12-16 08:00:00,Humidity,93.47814309486556,Field3,False
8410,2024-12-16 09:00:00,Temperature,80.34184972423024,Field4,True
8411,2024-12-16 10:00:00,SoilPH,16.89352533625037,Field2,False
8412,2024-12-16 11:00:00,Light,45.40629439830512,Field1,False
8413,2024-12-16 12:00:00,Humidity,29.27258947744299,Field2,False
8414,2024-12-16 13:00:00,Temperature,13.662480939791976,Field2,False
8415,2024-12-16 14:00:00,Humidity,22.616416208226383,Field1,False
8416,2024-12-16 15:00:00,Temperature,52.38219216819855,Field2,True
8417,2024-12-16 16:00:00,Temperature,80.76099706983884,Field4,True
8418,2024-12-16 17:00:00,SoilMoisture,85.95187699045937,Field3,False
8419,2024-12-16 18:00:00,Temperature,74.45946742326564,Field4,True
8420,2024-12-16 19:00:00,Temperature,20.72090940861028,Field4,False
8421,2024-12-16 20:00:00,SoilPH,44.6705332399154,Field1,False
8422,2024-12-16 21:00:00,Light,58.70000490467548,Field4,False
8423,2024-12-16 22:00:00,SoilMoisture,3.1285756929449127,Field4,False
8424,2024-12-16 23:00:00,Light,99.65198161756116,Field1,False
8425,2024-12-17 00:00:00,Humidity,22.250391187506857,Field1,False
8426,2024-12-17 01:00:00,SoilMoisture,38.07644139963997,Field3,False
8427,2024-12-17 02:00:00,SoilMoisture,56.522690829719856,Field2,False
8428,2024-12-17 03:00:00,Temperature,6.397021267076164,Field3,False
8429,2024-12-17 04:00:00,SoilPH,15.2145688452478,Field4,False
8430,2024-12-17 05:00:00,Temperature,61.73709884768493,Field2,True
8431,2024-12-17 06:00:00,SoilPH,19.629909491735464,Field2,False
8432,2024-12-17 07:00:00,SoilMoisture,5.6748310827233865,Field1,False
8433,2024-12-17 08:00:00,SoilMoisture,48.79098327259786,Field4,False
8434,2024-12-17 09:00:00,SoilPH,90.98982418888058,Field2,False
8435,2024-12-17 10:00:00,Temperature,16.03305470692804,Field4,False
8436,2024-12-17 11:00:00,Temperature,1.1266965319026934,Field2,False
8437,2024-12-17 12:00:00,SoilMoisture,23.84719312609973,Field3,False
8438,2024-12-17 13:00:00,Temperature,5.284897458691884,Field2,False
8439,2024-12-17 14:00:00,SoilMoisture,8.850955631431411,Field2,False
8440,2024-12-17 15:00:00,SoilMoisture,21.89981016269896,Field1,False
8441,2024-12-17 16:00:00,Humidity,39.594897637875015,Field1,False
8442,2024-12-17 17:00:00,SoilPH,10.164254292269812,Field2,False
8443,2024-12-17 18:00:00,SoilPH,63.121567546336586,Field4,False
8444,2024-12-17 19:00:00,Humidity,69.48495260922452,Field1,False
8445,2024-12-17 20:00:00,Humidity,16.106334994947513,Field3,False
8446,2024-12-17 21:00:00,Light,77.35316482757344,Field1,False
8447,2024-12-17 22:00:00,SoilMoisture,83.1483348168828,Field2,False
8448,2024-12-17 23:00:00,Light,29.192862826021727,Field2,False
8449,2024-12-18 00:00:00,SoilMoisture,49.0747917849322,Field3,False
8450,2024-12-18 01:00:00,SoilPH,40.48986862339451,Field1,False
8451,2024-12-18 02:00:00,Light,44.00225724169906,Field2,False
8452,2024-12-18 03:00:00,SoilMoisture,18.33567685116696,Field2,False
8453,2024-12-18 04:00:00,SoilPH,36.27102523226316,Field3,False
8454,2024-12-18 05:00:00,SoilPH,18.152529675160544,Field2,False
8455,2024-12-18 06:00:00,Humidity,1.515792761068857,Field2,False
8456,2024-12-18 07:00:00,Humidity,63.19275605006109,Field4,False
8457,2024-12-18 08:00:00,Light,92.12209808429544,Field4,False
8458,2024-12-18 09:00:00,Temperature,18.70852956673609,Field3,False
8459,2024-12-18 10:00:00,Temperature,85.34630332627414,Field1,True
8460,2024-12-18 11:00:00,SoilPH,15.197409972482,Field2,False
8461,2024-12-18 12:00:00,SoilMoisture,72.38083580549814,Field4,False
8462,2024-12-18 13:00:00,Light,22.23734183018009,Field2,False
8463,2024-12-18 14:00:00,Light,56.57324278606632,Field3,False
8464,2024-12-18 15:00:00,Light,36.770242989341625,Field2,False
8465,2024-12-18 16:00:00,SoilMoisture,78.65235240867615,Field3,False
8466,2024-12-18 17:00:00,SoilPH,60.02928575959076,Field3,False
8467,2024-12-18 18:00:00,SoilMoisture,68.05392660803622,Field2,False
8468,2024-12-18 19:00:00,Light,84.03602799797297,Field3,False
8469,2024-12-18 20:00:00,SoilMoisture,35.41730744249308,Field3,False
8470,2024-12-18 21:00:00,SoilPH,21.42130274434504,Field1,False
8471,2024-12-18 22:00:00,Temperature,85.96455534154788,Field3,True
8472,2024-12-18 23:00:00,Light,34.836606035442294,Field1,False
8473,2024-12-19 00:00:00,Temperature,38.100265224836335,Field1,False
8474,2024-12-19 01:00:00,Humidity,23.52443088834376,Field2,False
8475,2024-12-19 02:00:00,Temperature,45.10534439395239,Field3,False
8476,2024-12-19 03:00:00,Humidity,79.03149580542826,Field3,False
8477,2024-12-19 04:00:00,SoilMoisture,15.285045899147365,Field1,False
8478,2024-12-19 05:00:00,Humidity,44.51332128696268,Field3,False
8479,2024-12-19 06:00:00,Temperature,64.04448105759728,Field3,True
8480,2024-12-19 07:00:00,SoilPH,88.30126805526326,Field2,False
8481,2024-12-19 08:00:00,SoilPH,72.93096347351762,Field3,False
8482,2024-12-19 09:00:00,Temperature,35.55012638761351,Field2,False
8483,2024-12-19 10:00:00,Temperature,0.9997944950581372,Field4,False
8484,2024-12-19 11:00:00,Humidity,63.08753587698816,Field2,False
8485,2024-12-19 12:00:00,Temperature,94.28890451463607,Field2,True
8486,2024-12-19 13:00:00,Temperature,88.41834408358753,Field1,True
8487,2024-12-19 14:00:00,Temperature,39.16573750623478,Field3,False
8488,2024-12-19 15:00:00,Temperature,63.49325843904494,Field3,True
8489,2024-12-19 16:00:00,Light,17.290221920107406,Field4,False
8490,2024-12-19 17:00:00,Light,8.904881684702804,Field1,False
8491,2024-12-19 18:00:00,SoilPH,32.6837131910644,Field1,False
8492,2024-12-19 19:00:00,Humidity,84.54481441164883,Field3,False
8493,2024-12-19 20:00:00,SoilPH,40.68459242309106,Field3,False
8494,2024-12-19 21:00:00,SoilPH,10.459748531938915,Field4,False
8495,2024-12-19 22:00:00,Humidity,63.724213789973184,Field3,False
8496,2024-12-19 23:00:00,Humidity,40.27278113038628,Field4,False
8497,2024-12-20 00:00:00,SoilPH,16.074274526437137,Field2,False
8498,2024-12-20 01:00:00,Temperature,57.29665629187064,Field3,True
8499,2024-12-20 02:00:00,Temperature,78.75249520490159,Field3,True
8500,2024-12-20 03:00:00,SoilMoisture,92.50713124931764,Field4,False
8501,2024-12-20 04:00:00,SoilMoisture,21.86066451802502,Field2,False
8502,2024-12-20 05:00:00,SoilMoisture,0.5281170529291335,Field3,False
8503,2024-12-20 06:00:00,SoilPH,26.81030996962665,Field2,False
8504,2024-12-20 07:00:00,Humidity,78.42349206889686,Field2,False
8505,2024-12-20 08:00:00,Light,44.663576881767085,Field4,False
8506,2024-12-20 09:00:00,Humidity,62.481799041994215,Field4,False
8507,2024-12-20 10:00:00,Light,53.17044009327873,Field4,False
8508,2024-12-20 11:00:00,Humidity,25.74547649684605,Field2,False
8509,2024-12-20 12:00:00,Humidity,49.38901181861029,Field2,False
8510,2024-12-20 13:00:00,Light,74.11044575296053,Field3,False
8511,2024-12-20 14:00:00,Temperature,44.52240079451395,Field2,False
8512,2024-12-20 15:00:00,SoilMoisture,33.72216389829277,Field3,False
8513,2024-12-20 16:00:00,SoilPH,16.694231422051832,Field2,False
8514,2024-12-20 17:00:00,SoilPH,39.20619915447209,Field3,False
8515,2024-12-20 18:00:00,Temperature,11.907729238041142,Field1,False
8516,2024-12-20 19:00:00,Temperature,43.28746029854469,Field3,False
8517,2024-12-20 20:00:00,SoilPH,33.69708691892791,Field3,False
8518,2024-12-20 21:00:00,Light,77.92516316247834,Field3,False
8519,2024-12-20 22:00:00,SoilPH,93.31968135078064,Field2,False
8520,2024-12-20 23:00:00,Humidity,94.67992502103004,Field2,False
8521,2024-12-21 00:00:00,Light,23.99293235102562,Field2,False
8522,2024-12-21 01:00:00,Temperature,12.461858996005835,Field4,False
8523,2024-12-21 02:00:00,SoilPH,3.827908568794725,Field2,False
8524,2024-12-21 03:00:00,Temperature,36.999243376658406,Field1,False
8525,2024-12-21 04:00:00,Light,67.70405003221069,Field1,False
8526,2024-12-21 05:00:00,Humidity,76.78651254055478,Field1,False
8527,2024-12-21 06:00:00,Humidity,23.385694100863297,Field3,False
8528,2024-12-21 07:00:00,Temperature,36.73074316285868,Field1,False
8529,2024-12-21 08:00:00,Light,58.12805016543806,Field3,False
8530,2024-12-21 09:00:00,Humidity,54.86931382564083,Field3,False
8531,2024-12-21 10:00:00,Humidity,77.7329240965729,Field3,False
8532,2024-12-21 11:00:00,Humidity,6.470353425628794,Field2,False
8533,2024-12-21 12:00:00,Light,14.373626954917562,Field4,False
8534,2024-12-21 13:00:00,Humidity,90.9645630810533,Field4,False
8535,2024-12-21 14:00:00,Light,7.371425271844068,Field3,False
8536,2024-12-21 15:00:00,Temperature,55.14355853629716,Field3,True
8537,2024-12-21 16:00:00,Light,34.301572721951146,Field1,False
8538,2024-12-21 17:00:00,Temperature,72.91320659606481,Field1,True
8539,2024-12-21 18:00:00,Temperature,22.99142404348813,Field1,False
8540,2024-12-21 19:00:00,Humidity,35.1890490151869,Field1,False
8541,2024-12-21 20:00:00,Temperature,80.18234113883904,Field2,True
8542,2024-12-21 21:00:00,Temperature,31.739078353026184,Field1,False
8543,2024-12-21 22:00:00,SoilMoisture,99.52150083459117,Field4,False
8544,2024-12-21 23:00:00,SoilMoisture,91.18905046439352,Field1,False
8545,2024-12-22 00:00:00,SoilMoisture,17.42731779083071,Field4,False
8546,2024-12-22 01:00:00,SoilPH,61.62427001911178,Field2,False
8547,2024-12-22 02:00:00,Light,18.32681699901826,Field3,False
8548,2024-12-22 03:00:00,Light,83.51992092643343,Field1,False
8549,2024-12-22 04:00:00,SoilMoisture,85.680327900183,Field3,False
8550,2024-12-22 05:00:00,Humidity,26.766788998656367,Field3,False
8551,2024-12-22 06:00:00,SoilMoisture,53.90814577892081,Field1,False
8552,2024-12-22 07:00:00,Light,46.64775854778579,Field3,False
8553,2024-12-22 08:00:00,SoilMoisture,30.70469682862139,Field4,False
8554,2024-12-22 09:00:00,Humidity,12.436340269972868,Field4,False
8555,2024-12-22 10:00:00,Light,59.06817732432449,Field3,False
8556,2024-12-22 11:00:00,Temperature,64.159193643461,Field1,True
8557,2024-12-22 12:00:00,Humidity,49.37100812045389,Field1,False
8558,2024-12-22 13:00:00,SoilPH,48.35682207214502,Field2,False
8559,2024-12-22 14:00:00,SoilMoisture,26.811395619909504,Field4,False
8560,2024-12-22 15:00:00,Light,23.90659936964039,Field4,False
8561,2024-12-22 16:00:00,Humidity,63.09631057752215,Field1,False
8562,2024-12-22 17:00:00,SoilPH,41.55707445661617,Field3,False
8563,2024-12-22 18:00:00,Light,91.9834979608136,Field4,False
8564,2024-12-22 19:00:00,Light,30.6915994107001,Field4,False
8565,2024-12-22 20:00:00,SoilMoisture,26.92037191165561,Field2,False
8566,2024-12-22 21:00:00,Humidity,20.499019680652243,Field1,False
8567,2024-12-22 22:00:00,Temperature,32.610705539826135,Field4,False
8568,2024-12-22 23:00:00,Light,1.6949428653469267,Field3,False
8569,2024-12-23 00:00:00,Humidity,30.69397057235792,Field2,False
8570,2024-12-23 01:00:00,SoilPH,41.3807868013154,Field4,False
8571,2024-12-23 02:00:00,Temperature,76.51853897762834,Field4,True
8572,2024-12-23 03:00:00,Light,63.37565549910501,Field1,False
8573,2024-12-23 04:00:00,SoilMoisture,53.3804124042246,Field3,False
8574,2024-12-23 05:00:00,SoilMoisture,5.406135652363342,Field2,False
8575,2024-12-23 06:00:00,Temperature,12.956471740889974,Field2,False
8576,2024-12-23 07:00:00,Light,7.247657386261219,Field4,False
8577,2024-12-23 08:00:00,Light,64.02362773554017,Field2,False
8578,2024-12-23 09:00:00,SoilPH,2.1706678979215632,Field4,False
8579,2024-12-23 10:00:00,SoilPH,66.13630809413469,Field1,False
8580,2024-12-23 11:00:00,SoilMoisture,85.0782932369056,Field1,False
8581,2024-12-23 12:00:00,SoilMoisture,16.655054366959266,Field2,False
8582,2024-12-23 13:00:00,Light,74.28519956446031,Field1,False
8583,2024-12-23 14:00:00,Humidity,84.10437860287627,Field4,False
8584,2024-12-23 15:00:00,SoilPH,85.96635300707433,Field3,False
8585,2024-12-23 16:00:00,Temperature,53.66474570284991,Field1,True
8586,2024-12-23 17:00:00,Temperature,98.1167439347262,Field1,True
8587,2024-12-23 18:00:00,Temperature,33.43844804726256,Field2,False
8588,2024-12-23 19:00:00,SoilMoisture,42.291149035989385,Field4,False
8589,2024-12-23 20:00:00,Humidity,44.74630353497325,Field2,False
8590,2024-12-23 21:00:00,Temperature,36.44244067276586,Field2,False
8591,2024-12-23 22:00:00,SoilMoisture,68.5749491802129,Field3,False
8592,2024-12-23 23:00:00,SoilPH,41.6413776689681,Field3,False
8593,2024-12-24 00:00:00,SoilPH,38.44334747454815,Field4,False
8594,2024-12-24 01:00:00,Humidity,15.369939661724564,Field4,False
8595,2024-12-24 02:00:00,SoilMoisture,58.13090800376814,Field4,False
8596,2024-12-24 03:00:00,Light,76.655603021303,Field4,False
8597,2024-12-24 04:00:00,SoilPH,33.34048222983418,Field2,False
8598,2024-12-24 05:00:00,SoilMoisture,89.51675224626526,Field4,False
8599,2024-12-24 06:00:00,Humidity,45.381137682025965,Field2,False
8600,2024-12-24 07:00:00,SoilPH,48.75601917314535,Field1,False
8601,2024-12-24 08:00:00,SoilMoisture,98.69779152795718,Field1,False
8602,2024-12-24 09:00:00,Light,11.682046839928615,Field2,False
8603,2024-12-24 10:00:00,Light,54.692604912611465,Field1,False
8604,2024-12-24 11:00:00,Humidity,81.46026563990249,Field3,False
8605,2024-12-24 12:00:00,SoilPH,51.488293400098414,Field2,False
8606,2024-12-24 13:00:00,Humidity,29.947335451712565,Field2,False
8607,2024-12-24 14:00:00,Light,57.10855196382391,Field1,False
8608,2024-12-24 15:00:00,Humidity,99.0603463426814,Field3,False
8609,2024-12-24 16:00:00,SoilPH,36.99124533302527,Field2,False
8610,2024-12-24 17:00:00,SoilPH,20.36957518228441,Field4,False
8611,2024-12-24 18:00:00,SoilMoisture,33.213939635958035,Field3,False
8612,2024-12-24 19:00:00,SoilMoisture,45.729374683272205,Field4,False
8613,2024-12-24 20:00:00,Temperature,8.946083526188131,Field2,False
8614,2024-12-24 21:00:00,SoilMoisture,16.85069133385153,Field3,False
8615,2024-12-24 22:00:00,Temperature,55.64919724287347,Field1,True
8616,2024-12-24 23:00:00,SoilMoisture,98.30333195353327,Field2,False
8617,2024-12-25 00:00:00,SoilPH,33.26580963356085,Field3,False
8618,2024-12-25 01:00:00,SoilPH,55.18171710243776,Field1,False
8619,2024-12-25 02:00:00,Humidity,26.39161327900942,Field3,False
8620,2024-12-25 03:00:00,SoilPH,6.7953131511471865,Field4,False
8621,2024-12-25 04:00:00,SoilPH,5.142612420077864,Field1,False
8622,2024-12-25 05:00:00,Temperature,71.66240778302935,Field4,True
8623,2024-12-25 06:00:00,Humidity,43.61458852281267,Field3,False
8624,2024-12-25 07:00:00,SoilPH,92.69827254370308,Field4,False
8625,2024-12-25 08:00:00,SoilPH,30.147683940233417,Field1,False
8626,2024-12-25 09:00:00,Light,34.15511367946515,Field3,False
8627,2024-12-25 10:00:00,SoilPH,46.55216266365466,Field4,False
8628,2024-12-25 11:00:00,Light,81.29303565895921,Field4,False
8629,2024-12-25 12:00:00,SoilMoisture,17.313438136884752,Field2,False
8630,2024-12-25 13:00:00,SoilMoisture,97.03087664000576,Field1,False
8631,2024-12-25 14:00:00,SoilPH,77.1040314804158,Field3,False
8632,2024-12-25 15:00:00,Humidity,10.149119787286498,Field4,False
8633,2024-12-25 16:00:00,SoilPH,19.006603009357605,Field1,False
8634,2024-12-25 17:00:00,SoilMoisture,11.64013645907218,Field1,False
8635,2024-12-25 18:00:00,Light,37.1652717944968,Field3,False
8636,2024-12-25 19:00:00,Light,98.11637459275944,Field2,False
8637,2024-12-25 20:00:00,SoilMoisture,32.80089187435544,Field1,False
8638,2024-12-25 21:00:00,SoilPH,78.9652608983041,Field4,False
8639,2024-12-25 22:00:00,SoilMoisture,88.11001133332755,Field3,False
8640,2024-12-25 23:00:00,SoilMoisture,73.33497844203501,Field3,False
8641,2024-12-26 00:00:00,Light,74.30322052808175,Field3,False
8642,2024-12-26 01:00:00,Light,28.355963162965192,Field1,False
8643,2024-12-26 02:00:00,SoilMoisture,72.7221840381879,Field2,False
8644,2024-12-26 03:00:00,Light,34.069956905400986,Field2,False
8645,2024-12-26 04:00:00,SoilPH,93.00512444342654,Field4,False
8646,2024-12-26 05:00:00,SoilPH,2.077975280670763,Field3,False
8647,2024-12-26 06:00:00,Temperature,34.622863035771466,Field2,False
8648,2024-12-26 07:00:00,SoilMoisture,97.02339305668698,Field3,False
8649,2024-12-26 08:00:00,Humidity,80.12282035306654,Field2,False
8650,2024-12-26 09:00:00,SoilPH,89.05340891548266,Field4,False
8651,2024-12-26 10:00:00,Light,30.45640502574125,Field4,False
8652,2024-12-26 11:00:00,SoilMoisture,31.21079123612579,Field3,False
8653,2024-12-26 12:00:00,Humidity,35.1366398139119,Field3,False
8654,2024-12-26 13:00:00,Humidity,95.74838107055191,Field4,False
8655,2024-12-26 14:00:00,Humidity,60.24478462444268,Field1,False
8656,2024-12-26 15:00:00,Humidity,40.53176195421524,Field3,False
8657,2024-12-26 16:00:00,SoilPH,93.2520506119538,Field4,False
8658,2024-12-26 17:00:00,Temperature,97.05349942511968,Field4,True
8659,2024-12-26 18:00:00,Light,13.075404690785374,Field4,False
8660,2024-12-26 19:00:00,SoilPH,73.2479863669823,Field4,False
8661,2024-12-26 20:00:00,Temperature,88.15689022934654,Field2,True
8662,2024-12-26 21:00:00,SoilPH,54.04272136709653,Field4,False
8663,2024-12-26 22:00:00,Light,12.777844671803384,Field4,False
8664,2024-12-26 23:00:00,SoilPH,65.85285141662759,Field4,False
8665,2024-12-27 00:00:00,Light,64.09408350168611,Field3,False
8666,2024-12-27 01:00:00,SoilMoisture,45.09530116654178,Field1,False
8667,2024-12-27 02:00:00,SoilPH,10.712470793438778,Field1,False
8668,2024-12-27 03:00:00,SoilMoisture,84.79406190105466,Field3,False
8669,2024-12-27 04:00:00,SoilPH,68.8729701777639,Field2,False
8670,2024-12-27 05:00:00,SoilMoisture,17.85438680593718,Field3,False
8671,2024-12-27 06:00:00,SoilMoisture,21.25851020302184,Field3,False
8672,2024-12-27 07:00:00,SoilMoisture,86.95718338131279,Field2,False
8673,2024-12-27 08:00:00,Humidity,90.95542443018256,Field4,False
8674,2024-12-27 09:00:00,Temperature,94.9610434424374,Field1,True
8675,2024-12-27 10:00:00,Temperature,64.75096158054751,Field3,True
8676,2024-12-27 11:00:00,SoilMoisture,33.47681210368847,Field4,False
8677,2024-12-27 12:00:00,Humidity,52.01504204873747,Field3,False
8678,2024-12-27 13:00:00,Humidity,26.5335853247031,Field2,False
8679,2024-12-27 14:00:00,Light,38.79533100898151,Field4,False
8680,2024-12-27 15:00:00,Humidity,44.75361972413011,Field1,False
8681,2024-12-27 16:00:00,SoilMoisture,30.28888547806803,Field4,False
8682,2024-12-27 17:00:00,Light,2.6793114435169185,Field3,False
8683,2024-12-27 18:00:00,Temperature,17.171285823696493,Field4,False
8684,2024-12-27 19:00:00,Temperature,8.34649407871505,Field3,False
8685,2024-12-27 20:00:00,SoilPH,37.95791971489305,Field1,False
8686,2024-12-27 21:00:00,SoilMoisture,84.01717412557672,Field1,False
8687,2024-12-27 22:00:00,SoilPH,68.95938938445688,Field2,False
8688,2024-12-27 23:00:00,Temperature,62.60832428888513,Field4,True
8689,2024-12-28 00:00:00,Humidity,31.36826729290432,Field1,False
8690,2024-12-28 01:00:00,Light,59.15941405325667,Field3,False
8691,2024-12-28 02:00:00,SoilPH,45.75441947471567,Field1,False
8692,2024-12-28 03:00:00,SoilMoisture,38.67756472006072,Field2,False
8693,2024-12-28 04:00:00,Temperature,13.939981975803583,Field4,False
8694,2024-12-28 05:00:00,Temperature,73.14552421811048,Field3,True
8695,2024-12-28 06:00:00,Light,59.34825752894645,Field2,False
8696,2024-12-28 07:00:00,Temperature,77.69531399550834,Field3,True
8697,2024-12-28 08:00:00,SoilPH,86.61522064273179,Field3,False
8698,2024-12-28 09:00:00,Temperature,95.1975430722317,Field2,True
8699,2024-12-28 10:00:00,Temperature,33.71911970099012,Field4,False
8700,2024-12-28 11:00:00,Light,52.36406021842704,Field1,False
8701,2024-12-28 12:00:00,Humidity,79.52091645532813,Field4,False
8702,2024-12-28 13:00:00,SoilMoisture,15.951678890258458,Field2,False
8703,2024-12-28 14:00:00,SoilMoisture,1.3138179950767714,Field4,False
8704,2024-12-28 15:00:00,SoilPH,8.791882083375203,Field2,False
8705,2024-12-28 16:00:00,SoilMoisture,49.45804555928949,Field4,False
8706,2024-12-28 17:00:00,Light,83.94526193359513,Field3,False
8707,2024-12-28 18:00:00,Light,10.492239949897552,Field1,False
8708,2024-12-28 19:00:00,Temperature,42.93838381195376,Field3,False
8709,2024-12-28 20:00:00,Temperature,8.313115025494822,Field4,False
8710,2024-12-28 21:00:00,SoilPH,10.488204431944547,Field1,False
8711,2024-12-28 22:00:00,Humidity,95.7240032822324,Field2,False
8712,2024-12-28 23:00:00,Temperature,16.36364229697732,Field2,False
8713,2024-12-29 00:00:00,Light,99.12233450465564,Field3,False
8714,2024-12-29 01:00:00,Temperature,81.01973709159415,Field2,True
8715,2024-12-29 02:00:00,SoilPH,8.044576838176287,Field1,False
8716,2024-12-29 03:00:00,SoilPH,72.89154601020917,Field4,False
8717,2024-12-29 04:00:00,Temperature,52.90631215693234,Field3,True
8718,2024-12-29 05:00:00,Humidity,10.622707160690602,Field4,False
8719,2024-12-29 06:00:00,SoilMoisture,75.24888186828211,Field4,False
8720,2024-12-29 07:00:00,Light,61.93739690914165,Field2,False
8721,2024-12-29 08:00:00,Humidity,82.12091651619721,Field2,False
8722,2024-12-29 09:00:00,SoilPH,35.1363464420436,Field1,False
8723,2024-12-29 10:00:00,Light,94.04194946523197,Field2,False
8724,2024-12-29 11:00:00,Light,81.90934566789957,Field4,False
8725,2024-12-29 12:00:00,SoilMoisture,61.87254528652728,Field4,False
8726,2024-12-29 13:00:00,SoilPH,63.62678767194608,Field4,False
8727,2024-12-29 14:00:00,SoilMoisture,31.326481636415004,Field4,False
8728,2024-12-29 15:00:00,SoilMoisture,95.93114254319218,Field3,False
8729,2024-12-29 16:00:00,Humidity,24.053377767812776,Field4,False
8730,2024-12-29 17:00:00,SoilPH,15.522257005182292,Field1,False
8731,2024-12-29 18:00:00,SoilPH,64.855813422312,Field3,False
8732,2024-12-29 19:00:00,Humidity,85.1600457519315,Field3,False
8733,2024-12-29 20:00:00,SoilPH,19.463240422069205,Field2,False
8734,2024-12-29 21:00:00,Humidity,42.78729492965828,Field4,False
8735,2024-12-29 22:00:00,SoilPH,58.17013615783524,Field1,False
8736,2024-12-29 23:00:00,Temperature,25.146119555048877,Field1,False
8737,2024-12-30 00:00:00,SoilPH,10.95779348223126,Field1,False
8738,2024-12-30 01:00:00,Temperature,82.17673283418603,Field1,True
8739,2024-12-30 02:00:00,SoilMoisture,98.50001477101466,Field1,False
8740,2024-12-30 03:00:00,SoilMoisture,97.9529407863518,Field1,False
8741,2024-12-30 04:00:00,SoilMoisture,53.59920733822785,Field2,False
8742,2024-12-30 05:00:00,Light,72.18395504572744,Field3,False
8743,2024-12-30 06:00:00,SoilMoisture,92.44797404603476,Field1,False
8744,2024-12-30 07:00:00,Temperature,66.43316417327362,Field4,True
8745,2024-12-30 08:00:00,Humidity,75.5338517040998,Field1,False
8746,2024-12-30 09:00:00,Humidity,96.38774305124444,Field4,False
8747,2024-12-30 10:00:00,Light,30.63219726557872,Field3,False
8748,2024-12-30 11:00:00,SoilPH,22.989032549144163,Field3,False
8749,2024-12-30 12:00:00,SoilMoisture,51.75602474899969,Field4,False
8750,2024-12-30 13:00:00,SoilPH,6.069219920243785,Field1,False
8751,2024-12-30 14:00:00,Humidity,27.511830099417555,Field4,False
8752,2024-12-30 15:00:00,Temperature,35.59721483292687,Field4,False
8753,2024-12-30 16:00:00,Light,90.5314473854506,Field4,False
8754,2024-12-30 17:00:00,Light,19.734057197756528,Field2,False
8755,2024-12-30 18:00:00,Light,68.15538191425179,Field3,False
8756,2024-12-30 19:00:00,SoilMoisture,49.05988399425176,Field3,False
8757,2024-12-30 20:00:00,Light,85.83506137635088,Field2,False
8758,2024-12-30 21:00:00,Temperature,28.73903385562712,Field2,False
8759,2024-12-30 22:00:00,Temperature,35.48713965279069,Field1,False
8760,2024-12-30 23:00:00,Light,81.57679700420049,Field1,False
8761,2024-12-31 00:00:00,Humidity,78.69057955030378,Field3,False
8762,2024-12-31 01:00:00,Humidity,32.408797493307894,Field3,False
8763,2024-12-31 02:00:00,Light,57.27010887760211,Field4,False
8764,2024-12-31 03:00:00,SoilMoisture,67.54147900904852,Field3,False
8765,2024-12-31 04:00:00,Humidity,96.9707461121453,Field1,False
8766,2024-12-31 05:00:00,Light,78.3538225660205,Field3,False
8767,2024-12-31 06:00:00,Temperature,23.609521480020213,Field3,False
8768,2024-12-31 07:00:00,SoilPH,20.286834457499197,Field3,False
8769,2024-12-31 08:00:00,Humidity,43.430725289772965,Field1,False
8770,2024-12-31 09:00:00,SoilMoisture,53.97759359303424,Field1,False
8771,2024-12-31 10:00:00,SoilPH,89.97940881053528,Field2,False
8772,2024-12-31 11:00:00,SoilPH,99.75720621506836,Field4,False
8773,2024-12-31 12:00:00,SoilMoisture,35.85168330834582,Field1,False
8774,2024-12-31 13:00:00,SoilMoisture,34.64081531610428,Field2,False
8775,2024-12-31 14:00:00,Light,22.817220527424464,Field2,False
8776,2024-12-31 15:00:00,Temperature,9.728686285890433,Field2,False
8777,2024-12-31 16:00:00,SoilMoisture,47.78630479057706,Field2,False
8778,2024-12-31 17:00:00,SoilMoisture,33.99289909222204,Field1,False
8779,2024-12-31 18:00:00,SoilPH,34.95731184385373,Field1,False
8780,2024-12-31 19:00:00,Humidity,28.75643342370995,Field1,False
8781,2024-12-31 20:00:00,Humidity,86.83550556780287,Field4,False
8782,2024-12-31 21:00:00,SoilMoisture,6.869619782576697,Field4,False
8783,2024-12-31 22:00:00,Temperature,32.156589525111414,Field3,False
8784,2024-12-31 23:00:00,SoilMoisture,42.87211454652409,Field4,False
8785,2025-01-01 00:00:00,Temperature,12.647888873820524,Field2,False
8786,2025-01-01 01:00:00,SoilPH,16.20613805305545,Field3,False
8787,2025-01-01 02:00:00,Light,42.05206445301851,Field1,False
8788,2025-01-01 03:00:00,SoilPH,73.94225438455905,Field2,False
8789,2025-01-01 04:00:00,Light,4.288084525925784,Field2,False
8790,2025-01-01 05:00:00,SoilPH,77.05087548927547,Field1,False
8791,2025-01-01 06:00:00,SoilMoisture,1.665379952596835,Field3,False
8792,2025-01-01 07:00:00,SoilMoisture,11.845349926166026,Field1,False
8793,2025-01-01 08:00:00,Temperature,10.508075463326003,Field3,False
8794,2025-01-01 09:00:00,SoilMoisture,47.81864164280108,Field1,False
8795,2025-01-01 10:00:00,Humidity,84.1542172553148,Field4,False
8796,2025-01-01 11:00:00,SoilMoisture,97.75692386926586,Field3,False
8797,2025-01-01 12:00:00,Humidity,96.35461190806748,Field1,False
8798,2025-01-01 13:00:00,SoilPH,3.954352703911701,Field4,False
8799,2025-01-01 14:00:00,SoilPH,43.21769058769095,Field1,False
8800,2025-01-01 15:00:00,Light,36.371106463270245,Field4,False
8801,2025-01-01 16:00:00,Light,96.72957700438276,Field3,False
8802,2025-01-01 17:00:00,SoilMoisture,1.8406437827163116,Field3,False
8803,2025-01-01 18:00:00,SoilMoisture,15.294701209066242,Field1,False
8804,2025-01-01 19:00:00,Light,0.1542614862582669,Field1,False
8805,2025-01-01 20:00:00,SoilMoisture,19.93384242383517,Field4,False
8806,2025-01-01 21:00:00,Humidity,29.979611243851057,Field3,False
8807,2025-01-01 22:00:00,SoilPH,40.08296722067621,Field4,False
8808,2025-01-01 23:00:00,Temperature,62.627085245288384,Field1,True
8809,2025-01-02 00:00:00,Temperature,45.55193126687712,Field3,False
8810,2025-01-02 01:00:00,SoilPH,91.39791722672749,Field1,False
8811,2025-01-02 02:00:00,Temperature,65.5604962341407,Field4,True
8812,2025-01-02 03:00:00,Temperature,62.55857424647373,Field4,True
8813,2025-01-02 04:00:00,Humidity,77.28470578561183,Field3,False
8814,2025-01-02 05:00:00,SoilPH,29.02417675851464,Field4,False
8815,2025-01-02 06:00:00,Light,30.264836183606917,Field4,False
8816,2025-01-02 07:00:00,SoilPH,48.51881371800435,Field3,False
8817,2025-01-02 08:00:00,SoilMoisture,89.02527934566538,Field3,False
8818,2025-01-02 09:00:00,SoilMoisture,5.036313764875377,Field3,False
8819,2025-01-02 10:00:00,SoilPH,84.05331471861729,Field2,False
8820,2025-01-02 11:00:00,Temperature,11.579983770741777,Field2,False
8821,2025-01-02 12:00:00,Humidity,72.46430637614489,Field1,False
8822,2025-01-02 13:00:00,SoilMoisture,13.669863763043576,Field4,False
8823,2025-01-02 14:00:00,Light,28.49896015210288,Field3,False
8824,2025-01-02 15:00:00,Humidity,0.5797571962870118,Field2,False
8825,2025-01-02 16:00:00,Light,33.72896384169417,Field4,False
8826,2025-01-02 17:00:00,Temperature,29.687520626364527,Field2,False
8827,2025-01-02 18:00:00,Light,84.95477222063718,Field4,False
8828,2025-01-02 19:00:00,Light,52.86068472110214,Field3,False
8829,2025-01-02 20:00:00,SoilMoisture,93.7603483868334,Field3,False
8830,2025-01-02 21:00:00,Temperature,11.625763640520182,Field2,False
8831,2025-01-02 22:00:00,Light,45.78671584826717,Field4,False
8832,2025-01-02 23:00:00,Humidity,41.90331724491446,Field2,False
8833,2025-01-03 00:00:00,SoilPH,38.85511301126715,Field1,False
8834,2025-01-03 01:00:00,SoilPH,90.66356350580963,Field1,False
8835,2025-01-03 02:00:00,SoilMoisture,6.558524979694447,Field3,False
8836,2025-01-03 03:00:00,Light,81.52674474868331,Field4,False
8837,2025-01-03 04:00:00,Humidity,3.890767074636292,Field1,False
8838,2025-01-03 05:00:00,Humidity,21.020210144162533,Field1,False
8839,2025-01-03 06:00:00,Light,6.446862842598256,Field3,False
8840,2025-01-03 07:00:00,Light,85.34738506653223,Field3,False
8841,2025-01-03 08:00:00,Temperature,56.21722849528087,Field3,True
8842,2025-01-03 09:00:00,SoilPH,70.01301710161576,Field2,False
8843,2025-01-03 10:00:00,Light,0.78392898281191,Field3,False
8844,2025-01-03 11:00:00,Light,31.105498275671906,Field1,False
8845,2025-01-03 12:00:00,Humidity,69.54578689057423,Field1,False
8846,2025-01-03 13:00:00,SoilMoisture,62.20616352814364,Field4,False
8847,2025-01-03 14:00:00,SoilPH,50.34404428303662,Field3,False
8848,2025-01-03 15:00:00,SoilPH,76.95776459699034,Field4,False
8849,2025-01-03 16:00:00,SoilPH,87.13819430029115,Field4,False
8850,2025-01-03 17:00:00,Temperature,87.15223322685335,Field4,True
8851,2025-01-03 18:00:00,SoilPH,42.38226538981056,Field1,False
8852,2025-01-03 19:00:00,Humidity,74.08375018342552,Field3,False
8853,2025-01-03 20:00:00,Light,13.802393161139204,Field1,False
8854,2025-01-03 21:00:00,Humidity,30.18807553597863,Field1,False
8855,2025-01-03 22:00:00,Temperature,52.785485168555056,Field2,True
8856,2025-01-03 23:00:00,Temperature,16.205464506553092,Field1,False
8857,2025-01-04 00:00:00,Humidity,0.816483650234634,Field4,False
8858,2025-01-04 01:00:00,SoilMoisture,52.480695439107926,Field2,False
8859,2025-01-04 02:00:00,SoilMoisture,37.7780816333646,Field1,False
8860,2025-01-04 03:00:00,Temperature,97.04995828811684,Field2,True
8861,2025-01-04 04:00:00,SoilMoisture,71.71038603245754,Field1,False
8862,2025-01-04 05:00:00,Humidity,50.60955299281484,Field3,False
8863,2025-01-04 06:00:00,Temperature,44.54430826609502,Field4,False
8864,2025-01-04 07:00:00,SoilPH,39.78321556462012,Field1,False
8865,2025-01-04 08:00:00,SoilMoisture,77.87393193726784,Field1,False
8866,2025-01-04 09:00:00,SoilMoisture,76.20213799088098,Field1,False
8867,2025-01-04 10:00:00,Humidity,94.43861707597856,Field2,False
8868,2025-01-04 11:00:00,Humidity,35.589625277953,Field3,False
8869,2025-01-04 12:00:00,Humidity,33.130974179452245,Field2,False
8870,2025-01-04 13:00:00,SoilMoisture,23.55778004082779,Field2,False
8871,2025-01-04 14:00:00,SoilMoisture,98.50636543328535,Field4,False
8872,2025-01-04 15:00:00,Temperature,69.47193401335139,Field3,True
8873,2025-01-04 16:00:00,SoilMoisture,21.76093389176278,Field2,False
8874,2025-01-04 17:00:00,Temperature,2.5516940947040823,Field4,False
8875,2025-01-04 18:00:00,Humidity,51.73129642318409,Field2,False
8876,2025-01-04 19:00:00,SoilPH,81.70261505556951,Field3,False
8877,2025-01-04 20:00:00,SoilMoisture,52.25008441462112,Field2,False
8878,2025-01-04 21:00:00,Humidity,48.52913552730735,Field1,False
8879,2025-01-04 22:00:00,SoilPH,69.76804353767892,Field3,False
8880,2025-01-04 23:00:00,Humidity,83.99102457124876,Field1,False
8881,2025-01-05 00:00:00,SoilPH,73.90238733197401,Field4,False
8882,2025-01-05 01:00:00,SoilMoisture,51.133004084879765,Field1,False
8883,2025-01-05 02:00:00,Humidity,27.36463193442701,Field3,False
8884,2025-01-05 03:00:00,SoilMoisture,97.83852223800896,Field3,False
8885,2025-01-05 04:00:00,Temperature,36.41456460659892,Field4,False
8886,2025-01-05 05:00:00,Humidity,67.30693678331215,Field1,False
8887,2025-01-05 06:00:00,SoilPH,45.476407903931474,Field3,False
8888,2025-01-05 07:00:00,Humidity,9.67458140098396,Field3,False
8889,2025-01-05 08:00:00,Light,20.637880814027863,Field1,False
8890,2025-01-05 09:00:00,Light,27.489873261776367,Field4,False
8891,2025-01-05 10:00:00,Temperature,95.89242984460986,Field3,True
8892,2025-01-05 11:00:00,Humidity,53.451118489467376,Field4,False
8893,2025-01-05 12:00:00,Humidity,76.9505432836634,Field1,False
8894,2025-01-05 13:00:00,SoilPH,68.38570439213012,Field4,False
8895,2025-01-05 14:00:00,SoilPH,35.74600825841018,Field1,False
8896,2025-01-05 15:00:00,SoilPH,90.15121776044488,Field1,False
8897,2025-01-05 16:00:00,Humidity,59.05859967985522,Field4,False
8898,2025-01-05 17:00:00,Humidity,67.35448948488306,Field4,False
8899,2025-01-05 18:00:00,Light,37.52780304630725,Field4,False
8900,2025-01-05 19:00:00,SoilMoisture,69.32790663504447,Field1,False
8901,2025-01-05 20:00:00,SoilPH,8.618995673815167,Field1,False
8902,2025-01-05 21:00:00,SoilMoisture,66.26320301760988,Field2,False
8903,2025-01-05 22:00:00,SoilMoisture,33.44256218144559,Field4,False
8904,2025-01-05 23:00:00,Temperature,12.505912473752034,Field2,False
8905,2025-01-06 00:00:00,Humidity,82.34808840061876,Field3,False
8906,2025-01-06 01:00:00,Humidity,0.9269884722579724,Field3,False
8907,2025-01-06 02:00:00,Light,0.7118347667721014,Field4,False
8908,2025-01-06 03:00:00,Humidity,73.33701613601133,Field1,False
8909,2025-01-06 04:00:00,Temperature,85.57932971611223,Field3,True
8910,2025-01-06 05:00:00,Humidity,76.2606532102455,Field3,False
8911,2025-01-06 06:00:00,SoilPH,98.2038193336361,Field2,False
8912,2025-01-06 07:00:00,SoilPH,43.42821783626896,Field3,False
8913,2025-01-06 08:00:00,Light,37.34023872176806,Field4,False
8914,2025-01-06 09:00:00,SoilPH,96.57496307158172,Field2,False
8915,2025-01-06 10:00:00,Temperature,28.98328591967727,Field4,False
8916,2025-01-06 11:00:00,Humidity,74.36192393275755,Field2,False
8917,2025-01-06 12:00:00,SoilMoisture,31.84573068791806,Field1,False
8918,2025-01-06 13:00:00,Humidity,79.21006842810831,Field2,False
8919,2025-01-06 14:00:00,Temperature,4.152243832915148,Field3,False
8920,2025-01-06 15:00:00,Humidity,36.90727923388128,Field4,False
8921,2025-01-06 16:00:00,Humidity,62.455784306528486,Field3,False
8922,2025-01-06 17:00:00,SoilPH,16.413133581488736,Field3,False
8923,2025-01-06 18:00:00,Temperature,50.53700986476174,Field2,True
8924,2025-01-06 19:00:00,SoilPH,48.48760659009367,Field2,False
8925,2025-01-06 20:00:00,Light,27.9493451933285,Field4,False
8926,2025-01-06 21:00:00,Light,16.41150490847687,Field2,False
8927,2025-01-06 22:00:00,Temperature,77.99495221743918,Field3,True
8928,2025-01-06 23:00:00,Temperature,80.46404095440822,Field4,True
8929,2025-01-07 00:00:00,Light,99.37612642710737,Field2,False
8930,2025-01-07 01:00:00,SoilMoisture,44.83366414324277,Field2,False
8931,2025-01-07 02:00:00,Light,92.55332559799,Field4,False
8932,2025-01-07 03:00:00,Humidity,54.356591633907136,Field3,False
8933,2025-01-07 04:00:00,Light,59.5965683202291,Field4,False
8934,2025-01-07 05:00:00,Light,33.9090814322543,Field1,False
8935,2025-01-07 06:00:00,SoilPH,63.510219547266274,Field1,False
8936,2025-01-07 07:00:00,Temperature,22.62012883085569,Field1,False
8937,2025-01-07 08:00:00,SoilPH,84.5703525571021,Field4,False
8938,2025-01-07 09:00:00,SoilPH,87.63688853455436,Field2,False
8939,2025-01-07 10:00:00,SoilPH,47.60591137536711,Field3,False
8940,2025-01-07 11:00:00,Humidity,28.898353022091484,Field3,False
8941,2025-01-07 12:00:00,Temperature,73.29449032049955,Field3,True
8942,2025-01-07 13:00:00,Light,14.41680640412757,Field1,False
8943,2025-01-07 14:00:00,Humidity,30.68592524746222,Field2,False
8944,2025-01-07 15:00:00,SoilPH,45.471453276874975,Field4,False
8945,2025-01-07 16:00:00,Humidity,5.805354267403651,Field1,False
8946,2025-01-07 17:00:00,Humidity,12.684148917522997,Field3,False
8947,2025-01-07 18:00:00,SoilPH,79.15746496809919,Field4,False
8948,2025-01-07 19:00:00,SoilPH,24.68511304571244,Field1,False
8949,2025-01-07 20:00:00,Humidity,69.79598322124203,Field4,False
8950,2025-01-07 21:00:00,Humidity,58.17025710989717,Field2,False
8951,2025-01-07 22:00:00,Temperature,3.272443177129203,Field1,False
8952,2025-01-07 23:00:00,Temperature,63.73927138788991,Field3,True
8953,2025-01-08 00:00:00,SoilPH,45.77672094661133,Field1,False
8954,2025-01-08 01:00:00,SoilPH,10.09183375914998,Field1,False
8955,2025-01-08 02:00:00,Humidity,34.44090348425387,Field2,False
8956,2025-01-08 03:00:00,SoilMoisture,50.70048603269841,Field2,False
8957,2025-01-08 04:00:00,Temperature,0.9699772349650582,Field1,False
8958,2025-01-08 05:00:00,SoilMoisture,36.95753359404957,Field2,False
8959,2025-01-08 06:00:00,Humidity,70.22341875510782,Field4,False
8960,2025-01-08 07:00:00,Light,39.43259326421951,Field3,False
8961,2025-01-08 08:00:00,Light,47.34922063770463,Field1,False
8962,2025-01-08 09:00:00,Light,10.514505765567383,Field4,False
8963,2025-01-08 10:00:00,Light,82.99144039101722,Field3,False
8964,2025-01-08 11:00:00,Humidity,98.19774671041831,Field2,False
8965,2025-01-08 12:00:00,Temperature,56.87916372230413,Field4,True
8966,2025-01-08 13:00:00,Temperature,78.44273282546405,Field2,True
8967,2025-01-08 14:00:00,SoilMoisture,80.12907197391627,Field1,False
8968,2025-01-08 15:00:00,SoilPH,49.433966003146566,Field1,False
8969,2025-01-08 16:00:00,Light,9.8394258315316,Field3,False
8970,2025-01-08 17:00:00,Temperature,4.84613881596202,Field4,False
8971,2025-01-08 18:00:00,Humidity,39.43219148314152,Field3,False
8972,2025-01-08 19:00:00,SoilPH,70.39370539168544,Field3,False
8973,2025-01-08 20:00:00,SoilMoisture,8.200647751629454,Field2,False
8974,2025-01-08 21:00:00,SoilMoisture,17.568721846270684,Field2,False
8975,2025-01-08 22:00:00,Temperature,18.832241417900963,Field3,False
8976,2025-01-08 23:00:00,Humidity,14.396911015792258,Field3,False
8977,2025-01-09 00:00:00,Humidity,81.40043829768709,Field1,False
8978,2025-01-09 01:00:00,Temperature,86.4532224520975,Field2,True
8979,2025-01-09 02:00:00,Temperature,32.5505971961925,Field2,False
8980,2025-01-09 03:00:00,Temperature,18.745597759427223,Field3,False
8981,2025-01-09 04:00:00,Temperature,22.69950657282903,Field2,False
8982,2025-01-09 05:00:00,Humidity,80.64267228373735,Field2,False
8983,2025-01-09 06:00:00,Humidity,27.008079967280672,Field2,False
8984,2025-01-09 07:00:00,Temperature,74.72850294202954,Field3,True
8985,2025-01-09 08:00:00,Humidity,55.48104307704988,Field1,False
8986,2025-01-09 09:00:00,SoilMoisture,87.75269795506833,Field3,False
8987,2025-01-09 10:00:00,Humidity,0.0807193619942303,Field3,False
8988,2025-01-09 11:00:00,Humidity,89.42818053392241,Field2,False
8989,2025-01-09 12:00:00,SoilPH,5.044992555042748,Field3,False
8990,2025-01-09 13:00:00,Humidity,91.87972440746805,Field4,False
8991,2025-01-09 14:00:00,Temperature,10.831612122111888,Field4,False
8992,2025-01-09 15:00:00,Temperature,29.49235888919699,Field3,False
8993,2025-01-09 16:00:00,Temperature,22.75685003799621,Field3,False
8994,2025-01-09 17:00:00,Light,17.516792004717285,Field2,False
8995,2025-01-09 18:00:00,Humidity,69.85870561019948,Field1,False
8996,2025-01-09 19:00:00,SoilPH,51.80927777647034,Field4,False
8997,2025-01-09 20:00:00,Temperature,86.42015560971673,Field4,True
8998,2025-01-09 21:00:00,Temperature,80.1073991157811,Field4,True
8999,2025-01-09 22:00:00,Light,23.876508714344254,Field2,False
9000,2025-01-09 23:00:00,SoilMoisture,15.150736315606672,Field2,False
9001,2025-01-10 00:00:00,Light,93.71377030915384,Field1,False
9002,2025-01-10 01:00:00,Temperature,41.39894219336132,Field1,False
9003,2025-01-10 02:00:00,Temperature,45.76975353989994,Field1,False
9004,2025-01-10 03:00:00,Humidity,97.3160043965794,Field4,False
9005,2025-01-10 04:00:00,SoilMoisture,96.3847194132418,Field1,False
9006,2025-01-10 05:00:00,Temperature,11.94356318516886,Field2,False
9007,2025-01-10 06:00:00,SoilPH,6.264840749407796,Field3,False
9008,2025-01-10 07:00:00,Temperature,58.314356435503726,Field1,True
9009,2025-01-10 08:00:00,Light,73.73337553397818,Field1,False
9010,2025-01-10 09:00:00,Light,37.391838883380416,Field3,False
9011,2025-01-10 10:00:00,Humidity,27.444397351826037,Field3,False
9012,2025-01-10 11:00:00,Temperature,67.09317192187615,Field2,True
9013,2025-01-10 12:00:00,Temperature,16.63578898504542,Field3,False
9014,2025-01-10 13:00:00,Humidity,52.86899983840173,Field1,False
9015,2025-01-10 14:00:00,Temperature,90.19849385342292,Field1,True
9016,2025-01-10 15:00:00,SoilMoisture,54.541907412539416,Field1,False
9017,2025-01-10 16:00:00,Humidity,58.267836992777646,Field1,False
9018,2025-01-10 17:00:00,Humidity,71.87210495242302,Field4,False
9019,2025-01-10 18:00:00,SoilMoisture,47.03729124215055,Field1,False
9020,2025-01-10 19:00:00,SoilPH,45.37612731415175,Field4,False
9021,2025-01-10 20:00:00,Temperature,10.56081494891674,Field4,False
9022,2025-01-10 21:00:00,Temperature,90.01283379643704,Field4,True
9023,2025-01-10 22:00:00,SoilPH,0.4588019253403796,Field4,False
9024,2025-01-10 23:00:00,Light,73.00495367086101,Field1,False
9025,2025-01-11 00:00:00,Humidity,98.32896356084672,Field4,False
9026,2025-01-11 01:00:00,Humidity,72.46124188900393,Field2,False
9027,2025-01-11 02:00:00,Light,97.61674384576978,Field1,False
9028,2025-01-11 03:00:00,SoilMoisture,6.900507534060829,Field1,False
9029,2025-01-11 04:00:00,Light,53.114615779939975,Field3,False
9030,2025-01-11 05:00:00,SoilMoisture,89.98585275331381,Field3,False
9031,2025-01-11 06:00:00,Humidity,28.23036205533313,Field4,False
9032,2025-01-11 07:00:00,Temperature,20.690808726929887,Field4,False
9033,2025-01-11 08:00:00,SoilMoisture,28.65580089568181,Field4,False
9034,2025-01-11 09:00:00,Humidity,54.92246942259788,Field4,False
9035,2025-01-11 10:00:00,Humidity,54.63426059042236,Field4,False
9036,2025-01-11 11:00:00,SoilMoisture,32.351236156215954,Field1,False
9037,2025-01-11 12:00:00,SoilPH,10.351955657920852,Field4,False
9038,2025-01-11 13:00:00,SoilMoisture,69.64809131827369,Field2,False
9039,2025-01-11 14:00:00,Humidity,98.47397453922278,Field2,False
9040,2025-01-11 15:00:00,Temperature,48.360838503151214,Field2,False
9041,2025-01-11 16:00:00,Light,17.79407783478645,Field2,False
9042,2025-01-11 17:00:00,SoilPH,64.68929459750676,Field1,False
9043,2025-01-11 18:00:00,Humidity,8.827480099805374,Field2,False
9044,2025-01-11 19:00:00,Temperature,73.19955699402135,Field2,True
9045,2025-01-11 20:00:00,SoilPH,39.59653009030577,Field1,False
9046,2025-01-11 21:00:00,Temperature,71.58731958673796,Field4,True
9047,2025-01-11 22:00:00,Humidity,3.688794626697911,Field4,False
9048,2025-01-11 23:00:00,Temperature,40.84525241326956,Field1,False
9049,2025-01-12 00:00:00,Humidity,30.36170661730848,Field1,False
9050,2025-01-12 01:00:00,Temperature,91.2583804359334,Field4,True
9051,2025-01-12 02:00:00,Temperature,67.29557533038431,Field3,True
9052,2025-01-12 03:00:00,SoilPH,40.85895794085687,Field4,False
9053,2025-01-12 04:00:00,Light,42.39738353226184,Field3,False
9054,2025-01-12 05:00:00,SoilPH,64.82507985723149,Field3,False
9055,2025-01-12 06:00:00,SoilMoisture,27.03432873230086,Field2,False
9056,2025-01-12 07:00:00,SoilMoisture,0.1732803847539155,Field3,False
9057,2025-01-12 08:00:00,Humidity,6.739112800099201,Field3,False
9058,2025-01-12 09:00:00,Temperature,35.328303128719405,Field1,False
9059,2025-01-12 10:00:00,SoilPH,10.261331082677206,Field3,False
9060,2025-01-12 11:00:00,Temperature,4.719973439756409,Field3,False
9061,2025-01-12 12:00:00,Light,45.277800220252175,Field4,False
9062,2025-01-12 13:00:00,Temperature,80.75020079963156,Field3,True
9063,2025-01-12 14:00:00,Humidity,59.859253492508536,Field2,False
9064,2025-01-12 15:00:00,SoilPH,47.08018070896781,Field2,False
9065,2025-01-12 16:00:00,SoilMoisture,20.126494322787348,Field3,False
9066,2025-01-12 17:00:00,Light,92.59553948662484,Field1,False
9067,2025-01-12 18:00:00,Temperature,82.80164824559796,Field3,True
9068,2025-01-12 19:00:00,Light,56.4625406552392,Field4,False
9069,2025-01-12 20:00:00,Light,15.605703403494465,Field4,False
9070,2025-01-12 21:00:00,Light,98.23095651157932,Field3,False
9071,2025-01-12 22:00:00,Light,31.970499113868662,Field1,False
9072,2025-01-12 23:00:00,SoilPH,12.16210156112566,Field3,False
9073,2025-01-13 00:00:00,Light,99.18195692688916,Field3,False
9074,2025-01-13 01:00:00,Light,66.86466955592239,Field3,False
9075,2025-01-13 02:00:00,SoilPH,3.491188346694873,Field4,False
9076,2025-01-13 03:00:00,Humidity,15.966673292547853,Field3,False
9077,2025-01-13 04:00:00,SoilMoisture,7.357379826455546,Field2,False
9078,2025-01-13 05:00:00,SoilMoisture,60.49741021580866,Field3,False
9079,2025-01-13 06:00:00,Light,73.52914766266044,Field1,False
9080,2025-01-13 07:00:00,Light,86.81175282433014,Field1,False
9081,2025-01-13 08:00:00,SoilMoisture,53.79413564089528,Field2,False
9082,2025-01-13 09:00:00,Temperature,72.98258179846651,Field2,True
9083,2025-01-13 10:00:00,Temperature,5.519671780159308,Field1,False
9084,2025-01-13 11:00:00,Light,77.30879700492682,Field1,False
9085,2025-01-13 12:00:00,SoilMoisture,47.263376496017294,Field1,False
9086,2025-01-13 13:00:00,Temperature,60.45034015241908,Field3,True
9087,2025-01-13 14:00:00,Temperature,53.54124311078068,Field4,True
9088,2025-01-13 15:00:00,SoilMoisture,55.87574985409166,Field4,False
9089,2025-01-13 16:00:00,Temperature,91.63780327248088,Field2,True
9090,2025-01-13 17:00:00,SoilMoisture,40.72819599781702,Field2,False
9091,2025-01-13 18:00:00,SoilPH,85.4557776889669,Field4,False
9092,2025-01-13 19:00:00,Light,9.362485745495364,Field4,False
9093,2025-01-13 20:00:00,SoilMoisture,25.80114419494982,Field4,False
9094,2025-01-13 21:00:00,Humidity,31.31370868010645,Field1,False
9095,2025-01-13 22:00:00,SoilMoisture,68.20990377275741,Field2,False
9096,2025-01-13 23:00:00,SoilPH,62.33990577197809,Field1,False
9097,2025-01-14 00:00:00,Humidity,52.456757047155335,Field1,False
9098,2025-01-14 01:00:00,Temperature,53.303100650603,Field3,True
9099,2025-01-14 02:00:00,Humidity,29.953839576829026,Field3,False
9100,2025-01-14 03:00:00,Humidity,92.76242809686026,Field4,False
9101,2025-01-14 04:00:00,Temperature,12.67295185577394,Field2,False
9102,2025-01-14 05:00:00,Humidity,55.33459572577236,Field4,False
9103,2025-01-14 06:00:00,Temperature,50.42226714273104,Field4,True
9104,2025-01-14 07:00:00,Humidity,89.10988661443774,Field2,False
9105,2025-01-14 08:00:00,Temperature,42.90286324612562,Field4,False
9106,2025-01-14 09:00:00,SoilMoisture,80.38091920870795,Field1,False
9107,2025-01-14 10:00:00,SoilPH,31.118276569010806,Field3,False
9108,2025-01-14 11:00:00,SoilPH,49.17887672864831,Field2,False
9109,2025-01-14 12:00:00,Humidity,35.64471352339732,Field4,False
9110,2025-01-14 13:00:00,SoilPH,45.21001987113634,Field3,False
9111,2025-01-14 14:00:00,SoilPH,21.070718104621776,Field3,False
9112,2025-01-14 15:00:00,Humidity,92.19823273840056,Field2,False
9113,2025-01-14 16:00:00,Temperature,3.1792482004067257,Field4,False
9114,2025-01-14 17:00:00,Light,61.569882850694455,Field2,False
9115,2025-01-14 18:00:00,SoilMoisture,72.4177680178689,Field4,False
9116,2025-01-14 19:00:00,SoilPH,84.24508002138025,Field4,False
9117,2025-01-14 20:00:00,Humidity,95.01572444902548,Field3,False
9118,2025-01-14 21:00:00,Temperature,34.60117384999246,Field1,False
9119,2025-01-14 22:00:00,Humidity,99.71190201599178,Field3,False
9120,2025-01-14 23:00:00,Light,30.40029717688921,Field2,False
9121,2025-01-15 00:00:00,SoilPH,72.74545397418541,Field2,False
9122,2025-01-15 01:00:00,Light,0.0377835770838497,Field3,False
9123,2025-01-15 02:00:00,Temperature,9.688532144086937,Field3,False
9124,2025-01-15 03:00:00,SoilMoisture,87.25298491910719,Field1,False
9125,2025-01-15 04:00:00,SoilPH,92.2888914354946,Field3,False
9126,2025-01-15 05:00:00,Temperature,82.55655953870328,Field2,True
9127,2025-01-15 06:00:00,Humidity,73.59506317767602,Field2,False
9128,2025-01-15 07:00:00,Humidity,8.213624150992816,Field4,False
9129,2025-01-15 08:00:00,SoilMoisture,46.62164423855457,Field3,False
9130,2025-01-15 09:00:00,SoilMoisture,84.83109642923719,Field1,False
9131,2025-01-15 10:00:00,SoilPH,9.5137577920804,Field2,False
9132,2025-01-15 11:00:00,Temperature,2.5859696527265275,Field3,False
9133,2025-01-15 12:00:00,Temperature,44.83236856726541,Field1,False
9134,2025-01-15 13:00:00,SoilMoisture,92.6153644232239,Field1,False
9135,2025-01-15 14:00:00,Light,47.41034787130762,Field4,False
9136,2025-01-15 15:00:00,SoilMoisture,82.01927910066425,Field2,False
9137,2025-01-15 16:00:00,SoilMoisture,30.119719777992604,Field2,False
9138,2025-01-15 17:00:00,Humidity,45.82572957460288,Field1,False
9139,2025-01-15 18:00:00,SoilMoisture,68.7436982141715,Field1,False
9140,2025-01-15 19:00:00,Light,27.17275385909236,Field1,False
9141,2025-01-15 20:00:00,Humidity,11.244888758007644,Field3,False
9142,2025-01-15 21:00:00,Humidity,95.15337737500258,Field4,False
9143,2025-01-15 22:00:00,Light,60.312758053314376,Field1,False
9144,2025-01-15 23:00:00,Light,98.74085489811873,Field2,False
9145,2025-01-16 00:00:00,Humidity,51.06469029081858,Field4,False
9146,2025-01-16 01:00:00,Humidity,62.93443168993078,Field2,False
9147,2025-01-16 02:00:00,Humidity,85.72352642381215,Field2,False
9148,2025-01-16 03:00:00,Light,95.22509347465432,Field3,False
9149,2025-01-16 04:00:00,Temperature,65.32484561126847,Field2,True
9150,2025-01-16 05:00:00,SoilPH,2.739351309046556,Field4,False
9151,2025-01-16 06:00:00,SoilPH,10.075285729734873,Field4,False
9152,2025-01-16 07:00:00,SoilMoisture,92.60467112141484,Field4,False
9153,2025-01-16 08:00:00,Light,34.4759202739005,Field4,False
9154,2025-01-16 09:00:00,Humidity,49.01504312247344,Field2,False
9155,2025-01-16 10:00:00,Temperature,19.25392860883785,Field2,False
9156,2025-01-16 11:00:00,SoilMoisture,31.55768088662213,Field2,False
9157,2025-01-16 12:00:00,SoilMoisture,71.71315564076042,Field2,False
9158,2025-01-16 13:00:00,Humidity,45.19406163804944,Field4,False
9159,2025-01-16 14:00:00,Light,66.74928347439963,Field3,False
9160,2025-01-16 15:00:00,SoilPH,18.19063784767845,Field3,False
9161,2025-01-16 16:00:00,Temperature,12.451844835494342,Field4,False
9162,2025-01-16 17:00:00,Humidity,72.3124962450753,Field3,False
9163,2025-01-16 18:00:00,Temperature,17.776190825230465,Field2,False
9164,2025-01-16 19:00:00,Light,27.29027111401393,Field3,False
9165,2025-01-16 20:00:00,Light,92.97349722071182,Field4,False
9166,2025-01-16 21:00:00,SoilMoisture,40.84377239945872,Field2,False
9167,2025-01-16 22:00:00,Humidity,83.38977392390291,Field4,False
9168,2025-01-16 23:00:00,SoilMoisture,10.494845759469795,Field4,False
9169,2025-01-17 00:00:00,SoilMoisture,3.00020563079767,Field4,False
9170,2025-01-17 01:00:00,Temperature,58.84643803755737,Field4,True
9171,2025-01-17 02:00:00,Humidity,50.63665832842479,Field2,False
9172,2025-01-17 03:00:00,Humidity,74.16832278225488,Field2,False
9173,2025-01-17 04:00:00,Light,50.27790782138474,Field2,False
9174,2025-01-17 05:00:00,SoilPH,60.90506983750631,Field1,False
9175,2025-01-17 06:00:00,Humidity,76.4561042720998,Field1,False
9176,2025-01-17 07:00:00,SoilMoisture,6.994950778949372,Field4,False
9177,2025-01-17 08:00:00,Humidity,32.38274228242402,Field3,False
9178,2025-01-17 09:00:00,SoilPH,49.33025935469656,Field4,False
9179,2025-01-17 10:00:00,Temperature,93.08953366318464,Field4,True
9180,2025-01-17 11:00:00,Light,90.58022507928564,Field4,False
9181,2025-01-17 12:00:00,Light,94.8600708368102,Field3,False
9182,2025-01-17 13:00:00,Humidity,58.48542186740947,Field2,False
9183,2025-01-17 14:00:00,Temperature,51.749485208221934,Field1,True
9184,2025-01-17 15:00:00,Humidity,96.04743298187964,Field3,False
9185,2025-01-17 16:00:00,Light,53.96264333503057,Field3,False
9186,2025-01-17 17:00:00,Temperature,44.23445868155269,Field2,False
9187,2025-01-17 18:00:00,Humidity,10.261562805169222,Field2,False
9188,2025-01-17 19:00:00,Light,60.973833526176605,Field2,False
9189,2025-01-17 20:00:00,Humidity,47.74753770509376,Field4,False
9190,2025-01-17 21:00:00,SoilMoisture,99.91412705856534,Field1,False
9191,2025-01-17 22:00:00,SoilPH,45.35589564579367,Field2,False
9192,2025-01-17 23:00:00,SoilMoisture,86.98526540689787,Field1,False
9193,2025-01-18 00:00:00,Temperature,33.962680945028204,Field3,False
9194,2025-01-18 01:00:00,SoilMoisture,75.07421431196835,Field4,False
9195,2025-01-18 02:00:00,Light,23.039546922742502,Field3,False
9196,2025-01-18 03:00:00,Light,10.64312848647705,Field1,False
9197,2025-01-18 04:00:00,Humidity,89.35229127705198,Field2,False
9198,2025-01-18 05:00:00,SoilMoisture,40.15083931157157,Field3,False
9199,2025-01-18 06:00:00,Temperature,69.96743288805224,Field2,True
9200,2025-01-18 07:00:00,SoilPH,0.8465039828212562,Field4,False
9201,2025-01-18 08:00:00,SoilMoisture,12.845103114973478,Field4,False
9202,2025-01-18 09:00:00,Temperature,89.90039295875366,Field2,True
9203,2025-01-18 10:00:00,SoilMoisture,6.524464700978272,Field3,False
9204,2025-01-18 11:00:00,SoilMoisture,1.2655354732467927,Field4,False
9205,2025-01-18 12:00:00,Humidity,87.22315204453915,Field3,False
9206,2025-01-18 13:00:00,Light,45.26358875027514,Field3,False
9207,2025-01-18 14:00:00,SoilPH,32.09484301167183,Field1,False
9208,2025-01-18 15:00:00,SoilPH,49.93687160657603,Field3,False
9209,2025-01-18 16:00:00,SoilMoisture,78.2792988668325,Field1,False
9210,2025-01-18 17:00:00,Humidity,98.3286153049806,Field3,False
9211,2025-01-18 18:00:00,SoilMoisture,22.449185770050303,Field2,False
9212,2025-01-18 19:00:00,SoilMoisture,86.06941385612325,Field2,False
9213,2025-01-18 20:00:00,Temperature,67.5142390676253,Field2,True
9214,2025-01-18 21:00:00,Humidity,19.791340365012765,Field3,False
9215,2025-01-18 22:00:00,Temperature,38.715422187561344,Field1,False
9216,2025-01-18 23:00:00,SoilMoisture,49.735325925603526,Field1,False
9217,2025-01-19 00:00:00,SoilPH,76.5592582589672,Field1,False
9218,2025-01-19 01:00:00,SoilMoisture,61.17530257766632,Field3,False
9219,2025-01-19 02:00:00,SoilPH,41.31409580157969,Field1,False
9220,2025-01-19 03:00:00,Temperature,11.38858982514953,Field4,False
9221,2025-01-19 04:00:00,SoilMoisture,14.873082130863956,Field2,False
9222,2025-01-19 05:00:00,SoilMoisture,49.741852421247614,Field3,False
9223,2025-01-19 06:00:00,Temperature,4.9372796003282815,Field4,False
9224,2025-01-19 07:00:00,SoilPH,95.35773162559722,Field3,False
9225,2025-01-19 08:00:00,Temperature,71.69736917174853,Field1,True
9226,2025-01-19 09:00:00,SoilMoisture,55.59391533424155,Field3,False
9227,2025-01-19 10:00:00,Humidity,76.62223490493905,Field4,False
9228,2025-01-19 11:00:00,SoilMoisture,72.96687187666699,Field2,False
9229,2025-01-19 12:00:00,Temperature,92.12037199155844,Field3,True
9230,2025-01-19 13:00:00,SoilMoisture,85.23211481704908,Field1,False
9231,2025-01-19 14:00:00,SoilPH,85.82358552821668,Field3,False
9232,2025-01-19 15:00:00,SoilPH,20.395178405775148,Field3,False
9233,2025-01-19 16:00:00,SoilMoisture,51.83371950453895,Field2,False
9234,2025-01-19 17:00:00,Humidity,19.340804131720724,Field3,False
9235,2025-01-19 18:00:00,Temperature,84.38940643951679,Field3,True
9236,2025-01-19 19:00:00,Temperature,54.168354053744736,Field2,True
9237,2025-01-19 20:00:00,Humidity,29.54869069906311,Field2,False
9238,2025-01-19 21:00:00,Temperature,8.89111970148061,Field4,False
9239,2025-01-19 22:00:00,Light,71.5964308895635,Field3,False
9240,2025-01-19 23:00:00,Temperature,36.01606584560284,Field3,False
9241,2025-01-20 00:00:00,Humidity,18.360423882918308,Field1,False
9242,2025-01-20 01:00:00,Light,45.37714021605317,Field4,False
9243,2025-01-20 02:00:00,Humidity,63.42586158933389,Field2,False
9244,2025-01-20 03:00:00,Temperature,66.28895199462931,Field1,True
9245,2025-01-20 04:00:00,Temperature,6.645307108622555,Field2,False
9246,2025-01-20 05:00:00,Light,57.33440040717771,Field2,False
9247,2025-01-20 06:00:00,SoilPH,96.8168938397499,Field4,False
9248,2025-01-20 07:00:00,Humidity,53.281014817912265,Field3,False
9249,2025-01-20 08:00:00,SoilMoisture,63.352539417157146,Field3,False
9250,2025-01-20 09:00:00,Humidity,42.35678908912617,Field1,False
9251,2025-01-20 10:00:00,Light,92.23681911988338,Field1,False
9252,2025-01-20 11:00:00,Humidity,21.56614966046485,Field4,False
9253,2025-01-20 12:00:00,SoilPH,41.05499978928161,Field2,False
9254,2025-01-20 13:00:00,Humidity,3.0189937753849594,Field2,False
9255,2025-01-20 14:00:00,Humidity,93.86214653957904,Field3,False
9256,2025-01-20 15:00:00,Humidity,92.42775934234896,Field4,False
9257,2025-01-20 16:00:00,SoilMoisture,26.60687708777274,Field2,False
9258,2025-01-20 17:00:00,SoilPH,81.32597120784898,Field1,False
9259,2025-01-20 18:00:00,Light,44.732390055902215,Field3,False
9260,2025-01-20 19:00:00,SoilPH,31.517133196680923,Field3,False
9261,2025-01-20 20:00:00,Humidity,76.38975525436223,Field1,False
9262,2025-01-20 21:00:00,Light,12.83164480283806,Field4,False
9263,2025-01-20 22:00:00,SoilPH,92.08674442979924,Field1,False
9264,2025-01-20 23:00:00,SoilPH,21.394045161571363,Field4,False
9265,2025-01-21 00:00:00,SoilMoisture,25.84265024096756,Field3,False
9266,2025-01-21 01:00:00,SoilMoisture,63.41776300321976,Field2,False
9267,2025-01-21 02:00:00,SoilPH,33.27872243247392,Field3,False
9268,2025-01-21 03:00:00,Light,18.82001803530735,Field2,False
9269,2025-01-21 04:00:00,Humidity,20.636000144934886,Field2,False
9270,2025-01-21 05:00:00,Humidity,36.43300999189927,Field4,False
9271,2025-01-21 06:00:00,SoilMoisture,69.63160196529495,Field2,False
9272,2025-01-21 07:00:00,Humidity,94.5576942061178,Field3,False
9273,2025-01-21 08:00:00,Light,66.84976695598493,Field3,False
9274,2025-01-21 09:00:00,Temperature,67.86260697075372,Field4,True
9275,2025-01-21 10:00:00,SoilMoisture,2.4937992215910088,Field1,False
9276,2025-01-21 11:00:00,Humidity,88.53751239248847,Field2,False
9277,2025-01-21 12:00:00,SoilPH,12.888795433889255,Field1,False
9278,2025-01-21 13:00:00,Temperature,65.21002193557827,Field1,True
9279,2025-01-21 14:00:00,Light,6.066095617075695,Field2,False
9280,2025-01-21 15:00:00,Light,82.87333197672312,Field2,False
9281,2025-01-21 16:00:00,SoilMoisture,6.41406414370973,Field2,False
9282,2025-01-21 17:00:00,Temperature,56.41446901912384,Field4,True
9283,2025-01-21 18:00:00,Humidity,91.583326775383,Field4,False
9284,2025-01-21 19:00:00,SoilMoisture,25.190865185349832,Field2,False
9285,2025-01-21 20:00:00,Temperature,62.29819413735345,Field2,True
9286,2025-01-21 21:00:00,Light,66.16008951585546,Field1,False
9287,2025-01-21 22:00:00,SoilPH,50.03269059516953,Field2,False
9288,2025-01-21 23:00:00,Light,95.537980756372,Field3,False
9289,2025-01-22 00:00:00,SoilPH,12.131098413635566,Field4,False
9290,2025-01-22 01:00:00,SoilMoisture,16.84537036998548,Field3,False
9291,2025-01-22 02:00:00,Temperature,69.32598470089549,Field3,True
9292,2025-01-22 03:00:00,SoilMoisture,32.75372801710241,Field4,False
9293,2025-01-22 04:00:00,SoilMoisture,67.17218767824528,Field2,False
9294,2025-01-22 05:00:00,Humidity,62.51344663943953,Field3,False
9295,2025-01-22 06:00:00,Light,57.47810814718538,Field2,False
9296,2025-01-22 07:00:00,Light,44.5356450720848,Field2,False
9297,2025-01-22 08:00:00,SoilPH,71.8605125539958,Field1,False
9298,2025-01-22 09:00:00,Temperature,38.87278408810294,Field1,False
9299,2025-01-22 10:00:00,SoilMoisture,88.94760789446883,Field4,False
9300,2025-01-22 11:00:00,SoilPH,10.69432118507555,Field3,False
9301,2025-01-22 12:00:00,Humidity,96.9378149699496,Field4,False
9302,2025-01-22 13:00:00,Humidity,13.77154108370695,Field3,False
9303,2025-01-22 14:00:00,Humidity,20.80051720360575,Field1,False
9304,2025-01-22 15:00:00,Light,1.0714227009329114,Field2,False
9305,2025-01-22 16:00:00,Humidity,8.322982814252732,Field2,False
9306,2025-01-22 17:00:00,Temperature,35.99087183952074,Field1,False
9307,2025-01-22 18:00:00,SoilMoisture,75.05351987810094,Field3,False
9308,2025-01-22 19:00:00,Humidity,79.30390174215465,Field4,False
9309,2025-01-22 20:00:00,SoilMoisture,35.00513022341538,Field1,False
9310,2025-01-22 21:00:00,SoilPH,43.91369891396968,Field3,False
9311,2025-01-22 22:00:00,Light,44.57907702957377,Field4,False
9312,2025-01-22 23:00:00,Humidity,17.421624054169115,Field4,False
9313,2025-01-23 00:00:00,Temperature,43.06780369797947,Field2,False
9314,2025-01-23 01:00:00,Humidity,7.465762302585976,Field1,False
9315,2025-01-23 02:00:00,Humidity,61.5670836294574,Field4,False
9316,2025-01-23 03:00:00,SoilPH,52.634315609234775,Field2,False
9317,2025-01-23 04:00:00,Temperature,14.368462582261266,Field2,False
9318,2025-01-23 05:00:00,Humidity,18.079743236965605,Field1,False
9319,2025-01-23 06:00:00,Temperature,18.32555990394783,Field2,False
9320,2025-01-23 07:00:00,Light,10.293733426370244,Field4,False
9321,2025-01-23 08:00:00,Temperature,95.00893402604169,Field4,True
9322,2025-01-23 09:00:00,SoilPH,91.8881953960508,Field4,False
9323,2025-01-23 10:00:00,Temperature,69.54248932208574,Field1,True
9324,2025-01-23 11:00:00,Temperature,36.37632546094347,Field4,False
9325,2025-01-23 12:00:00,Light,63.26898577640362,Field1,False
9326,2025-01-23 13:00:00,Light,54.649203317259655,Field2,False
9327,2025-01-23 14:00:00,SoilMoisture,99.31439378085204,Field2,False
9328,2025-01-23 15:00:00,Temperature,66.63722585770924,Field2,True
9329,2025-01-23 16:00:00,Humidity,1.8389949985812448,Field3,False
9330,2025-01-23 17:00:00,Light,45.11185439225231,Field3,False
9331,2025-01-23 18:00:00,Light,38.68555190447724,Field2,False
9332,2025-01-23 19:00:00,SoilPH,11.803092717470886,Field1,False
9333,2025-01-23 20:00:00,Temperature,87.30813982170746,Field4,True
9334,2025-01-23 21:00:00,Temperature,39.66797394164955,Field1,False
9335,2025-01-23 22:00:00,Temperature,7.035214112788058,Field4,False
9336,2025-01-23 23:00:00,SoilPH,38.49295611520155,Field3,False
9337,2025-01-24 00:00:00,Humidity,43.080655129765645,Field2,False
9338,2025-01-24 01:00:00,Humidity,92.28569501218806,Field2,False
9339,2025-01-24 02:00:00,Humidity,27.6888899530224,Field2,False
9340,2025-01-24 03:00:00,SoilMoisture,93.26298950125629,Field1,False
9341,2025-01-24 04:00:00,SoilPH,21.604502543453307,Field2,False
9342,2025-01-24 05:00:00,SoilPH,54.79879917209418,Field3,False
9343,2025-01-24 06:00:00,SoilMoisture,56.690276341459736,Field2,False
9344,2025-01-24 07:00:00,Temperature,51.84933355282277,Field2,True
9345,2025-01-24 08:00:00,Humidity,7.284592601682238,Field3,False
9346,2025-01-24 09:00:00,Light,13.63612937224975,Field1,False
9347,2025-01-24 10:00:00,Humidity,28.31597052453117,Field3,False
9348,2025-01-24 11:00:00,SoilPH,58.518250346455225,Field1,False
9349,2025-01-24 12:00:00,SoilMoisture,89.12460826293947,Field1,False
9350,2025-01-24 13:00:00,SoilMoisture,77.23747534839808,Field3,False
9351,2025-01-24 14:00:00,SoilPH,71.72335275015274,Field4,False
9352,2025-01-24 15:00:00,SoilPH,12.383883395001885,Field4,False
9353,2025-01-24 16:00:00,SoilMoisture,21.60035886696887,Field3,False
9354,2025-01-24 17:00:00,SoilPH,99.64936091631714,Field3,False
9355,2025-01-24 18:00:00,Humidity,24.196937246777797,Field4,False
9356,2025-01-24 19:00:00,SoilMoisture,97.6319267569464,Field4,False
9357,2025-01-24 20:00:00,SoilMoisture,42.13068553554559,Field4,False
9358,2025-01-24 21:00:00,Light,36.756709615010266,Field3,False
9359,2025-01-24 22:00:00,Humidity,47.66899791314433,Field1,False
9360,2025-01-24 23:00:00,Humidity,84.10449956405617,Field2,False
9361,2025-01-25 00:00:00,Temperature,49.10826083961691,Field2,False
9362,2025-01-25 01:00:00,Light,65.31427047290666,Field3,False
9363,2025-01-25 02:00:00,SoilPH,98.08043634915076,Field1,False
9364,2025-01-25 03:00:00,SoilMoisture,54.388853211709375,Field3,False
9365,2025-01-25 04:00:00,Light,52.45425417196482,Field4,False
9366,2025-01-25 05:00:00,Temperature,25.721150933949133,Field4,False
9367,2025-01-25 06:00:00,Temperature,12.731311757773875,Field1,False
9368,2025-01-25 07:00:00,Humidity,27.42351567258716,Field3,False
9369,2025-01-25 08:00:00,SoilMoisture,63.54794085128006,Field1,False
9370,2025-01-25 09:00:00,Temperature,75.48577883515878,Field2,True
9371,2025-01-25 10:00:00,SoilPH,59.45286836195262,Field3,False
9372,2025-01-25 11:00:00,Humidity,78.7734455648507,Field1,False
9373,2025-01-25 12:00:00,Light,64.29534060122036,Field4,False
9374,2025-01-25 13:00:00,SoilMoisture,82.96984447394607,Field3,False
9375,2025-01-25 14:00:00,Humidity,25.6513651772692,Field1,False
9376,2025-01-25 15:00:00,Light,91.53959544510651,Field4,False
9377,2025-01-25 16:00:00,Temperature,92.93220412582424,Field2,True
9378,2025-01-25 17:00:00,Temperature,24.19735499083944,Field2,False
9379,2025-01-25 18:00:00,Humidity,82.30629228160106,Field2,False
9380,2025-01-25 19:00:00,Temperature,98.98669091785,Field3,True
9381,2025-01-25 20:00:00,Humidity,11.80982460565476,Field4,False
9382,2025-01-25 21:00:00,SoilPH,14.369467437375382,Field1,False
9383,2025-01-25 22:00:00,Temperature,83.31044758177367,Field2,True
9384,2025-01-25 23:00:00,SoilMoisture,96.5808952293745,Field3,False
9385,2025-01-26 00:00:00,Temperature,79.98592748041985,Field2,True
9386,2025-01-26 01:00:00,SoilMoisture,48.5974413114682,Field4,False
9387,2025-01-26 02:00:00,Humidity,10.90411216861138,Field4,False
9388,2025-01-26 03:00:00,SoilMoisture,91.4927905029336,Field1,False
9389,2025-01-26 04:00:00,Temperature,3.3674821318691595,Field2,False
9390,2025-01-26 05:00:00,Light,20.087730271970493,Field4,False
9391,2025-01-26 06:00:00,Humidity,40.49415027972989,Field3,False
9392,2025-01-26 07:00:00,SoilMoisture,33.37138762854248,Field4,False
9393,2025-01-26 08:00:00,Temperature,22.07946608328152,Field4,False
9394,2025-01-26 09:00:00,Temperature,30.450186231199783,Field1,False
9395,2025-01-26 10:00:00,SoilPH,76.24842263657328,Field3,False
9396,2025-01-26 11:00:00,SoilPH,91.44205571724626,Field2,False
9397,2025-01-26 12:00:00,Light,4.04911577530479,Field2,False
9398,2025-01-26 13:00:00,Humidity,81.38029337517231,Field4,False
9399,2025-01-26 14:00:00,SoilPH,51.622774406244034,Field1,False
9400,2025-01-26 15:00:00,Light,47.84127903138049,Field3,False
9401,2025-01-26 16:00:00,SoilMoisture,60.945246716032585,Field3,False
9402,2025-01-26 17:00:00,Humidity,44.81321471705799,Field1,False
9403,2025-01-26 18:00:00,Humidity,45.22297145294174,Field4,False
9404,2025-01-26 19:00:00,SoilPH,74.58879888997383,Field4,False
9405,2025-01-26 20:00:00,Humidity,37.54625301759991,Field2,False
9406,2025-01-26 21:00:00,Light,38.32446513174029,Field4,False
9407,2025-01-26 22:00:00,Humidity,80.61792128444516,Field4,False
9408,2025-01-26 23:00:00,Temperature,99.40798401274624,Field3,True
9409,2025-01-27 00:00:00,Light,79.76666006017459,Field2,False
9410,2025-01-27 01:00:00,Light,37.39880342569102,Field4,False
9411,2025-01-27 02:00:00,Humidity,68.51507300154096,Field2,False
9412,2025-01-27 03:00:00,Humidity,81.53567378302299,Field1,False
9413,2025-01-27 04:00:00,SoilPH,39.24896945858467,Field1,False
9414,2025-01-27 05:00:00,Temperature,51.0162050667475,Field4,True
9415,2025-01-27 06:00:00,SoilPH,14.703013732829618,Field3,False
9416,2025-01-27 07:00:00,Humidity,43.44976791873035,Field1,False
9417,2025-01-27 08:00:00,Temperature,78.59373185295415,Field4,True
9418,2025-01-27 09:00:00,SoilMoisture,28.116889263128463,Field1,False
9419,2025-01-27 10:00:00,SoilPH,43.307314249097686,Field2,False
9420,2025-01-27 11:00:00,Humidity,35.09433813833098,Field4,False
9421,2025-01-27 12:00:00,Light,53.00767694932144,Field2,False
9422,2025-01-27 13:00:00,Light,40.523523932465785,Field3,False
9423,2025-01-27 14:00:00,Humidity,93.68360302034496,Field3,False
9424,2025-01-27 15:00:00,SoilMoisture,74.78072430369659,Field4,False
9425,2025-01-27 16:00:00,SoilMoisture,67.8584602589949,Field2,False
9426,2025-01-27 17:00:00,Temperature,14.912599887830956,Field1,False
9427,2025-01-27 18:00:00,Light,11.063516509677507,Field3,False
9428,2025-01-27 19:00:00,SoilMoisture,46.28046591046986,Field1,False
9429,2025-01-27 20:00:00,SoilPH,32.49237114153137,Field2,False
9430,2025-01-27 21:00:00,SoilMoisture,68.34772793967223,Field1,False
9431,2025-01-27 22:00:00,SoilPH,8.272531217869494,Field3,False
9432,2025-01-27 23:00:00,Light,32.68219180811938,Field4,False
9433,2025-01-28 00:00:00,SoilPH,0.5936990219296834,Field4,False
9434,2025-01-28 01:00:00,Humidity,5.37203646433465,Field3,False
9435,2025-01-28 02:00:00,SoilPH,11.58255874135039,Field3,False
9436,2025-01-28 03:00:00,Humidity,96.1736000712918,Field4,False
9437,2025-01-28 04:00:00,SoilMoisture,12.155722335824926,Field1,False
9438,2025-01-28 05:00:00,Humidity,51.242057957880775,Field3,False
9439,2025-01-28 06:00:00,Light,4.1601006810380365,Field4,False
9440,2025-01-28 07:00:00,Light,85.89212760974263,Field1,False
9441,2025-01-28 08:00:00,SoilPH,36.42171775551596,Field3,False
9442,2025-01-28 09:00:00,Light,43.459397331186345,Field3,False
9443,2025-01-28 10:00:00,Temperature,29.373277518718652,Field3,False
9444,2025-01-28 11:00:00,SoilPH,95.04035964301973,Field4,False
9445,2025-01-28 12:00:00,Temperature,87.36860051612351,Field4,True
9446,2025-01-28 13:00:00,Light,38.22112519997047,Field4,False
9447,2025-01-28 14:00:00,SoilMoisture,80.39000100472563,Field1,False
9448,2025-01-28 15:00:00,SoilMoisture,49.421473760054646,Field3,False
9449,2025-01-28 16:00:00,Light,65.76368677357635,Field3,False
9450,2025-01-28 17:00:00,SoilMoisture,38.50339025117229,Field1,False
9451,2025-01-28 18:00:00,SoilMoisture,97.36678132261996,Field3,False
9452,2025-01-28 19:00:00,Light,99.72415134049432,Field1,False
9453,2025-01-28 20:00:00,Light,80.74128553342554,Field1,False
9454,2025-01-28 21:00:00,Temperature,24.562388077202925,Field3,False
9455,2025-01-28 22:00:00,Humidity,70.46682905383997,Field4,False
9456,2025-01-28 23:00:00,Temperature,70.7779656662761,Field3,True
9457,2025-01-29 00:00:00,SoilPH,11.819548852905182,Field2,False
9458,2025-01-29 01:00:00,SoilPH,87.44744058949767,Field4,False
9459,2025-01-29 02:00:00,SoilMoisture,8.630972081672095,Field4,False
9460,2025-01-29 03:00:00,SoilPH,9.110089437515956,Field1,False
9461,2025-01-29 04:00:00,SoilMoisture,10.351608795034116,Field4,False
9462,2025-01-29 05:00:00,Light,3.523294158028467,Field1,False
9463,2025-01-29 06:00:00,Humidity,95.34613249001316,Field2,False
9464,2025-01-29 07:00:00,Light,87.25817609825798,Field4,False
9465,2025-01-29 08:00:00,Light,94.13933012452964,Field3,False
9466,2025-01-29 09:00:00,Light,26.762707177685076,Field2,False
9467,2025-01-29 10:00:00,SoilMoisture,33.16177950259694,Field1,False
9468,2025-01-29 11:00:00,SoilMoisture,42.96799742787114,Field3,False
9469,2025-01-29 12:00:00,Humidity,5.410820748537626,Field2,False
9470,2025-01-29 13:00:00,Light,57.83970127855675,Field3,False
9471,2025-01-29 14:00:00,Humidity,58.75504579893074,Field1,False
9472,2025-01-29 15:00:00,SoilMoisture,49.10872234744336,Field1,False
9473,2025-01-29 16:00:00,Light,64.60837036088944,Field2,False
9474,2025-01-29 17:00:00,Humidity,97.00976642250724,Field4,False
9475,2025-01-29 18:00:00,SoilPH,62.09037299078087,Field1,False
9476,2025-01-29 19:00:00,Light,17.8302405342166,Field3,False
9477,2025-01-29 20:00:00,SoilPH,4.348317600108564,Field2,False
9478,2025-01-29 21:00:00,SoilPH,86.69325096472157,Field4,False
9479,2025-01-29 22:00:00,Temperature,43.140429112400845,Field3,False
9480,2025-01-29 23:00:00,Light,46.63862812028314,Field1,False
9481,2025-01-30 00:00:00,Humidity,0.9272910973105342,Field4,False
9482,2025-01-30 01:00:00,Humidity,62.165351306736014,Field3,False
9483,2025-01-30 02:00:00,Humidity,90.22107106587931,Field3,False
9484,2025-01-30 03:00:00,SoilPH,9.705499547787133,Field2,False
9485,2025-01-30 04:00:00,Light,10.807388142223829,Field4,False
9486,2025-01-30 05:00:00,Temperature,63.16232362834068,Field2,True
9487,2025-01-30 06:00:00,SoilMoisture,84.72131821332468,Field2,False
9488,2025-01-30 07:00:00,Temperature,63.6727136829898,Field2,True
9489,2025-01-30 08:00:00,Humidity,26.689797112697367,Field3,False
9490,2025-01-30 09:00:00,Temperature,40.30804373611572,Field4,False
9491,2025-01-30 10:00:00,SoilPH,83.20526508344001,Field4,False
9492,2025-01-30 11:00:00,Humidity,49.00324297441364,Field3,False
9493,2025-01-30 12:00:00,Temperature,86.17685221281204,Field2,True
9494,2025-01-30 13:00:00,Temperature,40.582435947018766,Field4,False
9495,2025-01-30 14:00:00,SoilMoisture,84.4911070238265,Field4,False
9496,2025-01-30 15:00:00,Humidity,50.508775979808185,Field1,False
9497,2025-01-30 16:00:00,SoilMoisture,61.78861134559131,Field3,False
9498,2025-01-30 17:00:00,Humidity,31.94889067226532,Field2,False
9499,2025-01-30 18:00:00,SoilMoisture,7.206823529666084,Field1,False
9500,2025-01-30 19:00:00,Temperature,6.6711311632305925,Field3,False
9501,2025-01-30 20:00:00,SoilPH,27.624286625064965,Field4,False
9502,2025-01-30 21:00:00,SoilMoisture,48.31279636126308,Field4,False
9503,2025-01-30 22:00:00,Humidity,32.37994326061885,Field1,False
9504,2025-01-30 23:00:00,Light,77.89879250486308,Field4,False
9505,2025-01-31 00:00:00,Light,19.510703401095085,Field2,False
9506,2025-01-31 01:00:00,SoilMoisture,51.20724884966818,Field2,False
9507,2025-01-31 02:00:00,Temperature,41.08120777645517,Field2,False
9508,2025-01-31 03:00:00,SoilMoisture,50.63603829111521,Field4,False
9509,2025-01-31 04:00:00,SoilPH,88.46104942060953,Field1,False
9510,2025-01-31 05:00:00,Humidity,39.68720211639879,Field1,False
9511,2025-01-31 06:00:00,Light,54.59771802993926,Field1,False
9512,2025-01-31 07:00:00,Humidity,50.42180393103647,Field1,False
9513,2025-01-31 08:00:00,Humidity,55.499701143116944,Field2,False
9514,2025-01-31 09:00:00,SoilMoisture,38.34474891224831,Field1,False
9515,2025-01-31 10:00:00,Temperature,76.64021609291468,Field1,True
9516,2025-01-31 11:00:00,Humidity,9.35277925271606,Field3,False
9517,2025-01-31 12:00:00,Temperature,8.330270714387488,Field1,False
9518,2025-01-31 13:00:00,SoilPH,98.2499396002458,Field2,False
9519,2025-01-31 14:00:00,SoilPH,32.090506593745225,Field1,False
9520,2025-01-31 15:00:00,Temperature,96.3910421861793,Field3,True
9521,2025-01-31 16:00:00,SoilMoisture,59.32477574447981,Field3,False
9522,2025-01-31 17:00:00,SoilMoisture,60.69719815139719,Field1,False
9523,2025-01-31 18:00:00,SoilMoisture,67.60015898204807,Field2,False
9524,2025-01-31 19:00:00,Light,11.776524241324292,Field3,False
9525,2025-01-31 20:00:00,SoilPH,31.158773779819725,Field3,False
9526,2025-01-31 21:00:00,SoilPH,53.7690354909987,Field2,False
9527,2025-01-31 22:00:00,Humidity,87.05405726545212,Field3,False
9528,2025-01-31 23:00:00,Temperature,36.97349645321818,Field4,False
9529,2025-02-01 00:00:00,Light,59.89880454637411,Field3,False
9530,2025-02-01 01:00:00,Light,85.64725257056504,Field2,False
9531,2025-02-01 02:00:00,Humidity,45.9703600849357,Field1,False
9532,2025-02-01 03:00:00,Temperature,74.83706165216552,Field3,True
9533,2025-02-01 04:00:00,SoilMoisture,91.80342506701176,Field3,False
9534,2025-02-01 05:00:00,Humidity,23.98911756619635,Field4,False
9535,2025-02-01 06:00:00,SoilMoisture,3.9897828818192926,Field1,False
9536,2025-02-01 07:00:00,SoilMoisture,34.08840005157556,Field4,False
9537,2025-02-01 08:00:00,SoilMoisture,33.78425987729886,Field3,False
9538,2025-02-01 09:00:00,SoilMoisture,6.716667908188456,Field3,False
9539,2025-02-01 10:00:00,SoilPH,69.9161092049917,Field1,False
9540,2025-02-01 11:00:00,Humidity,12.019590916212996,Field4,False
9541,2025-02-01 12:00:00,Light,54.07695953315744,Field3,False
9542,2025-02-01 13:00:00,Temperature,79.66820469614905,Field4,True
9543,2025-02-01 14:00:00,SoilPH,33.475792961351715,Field4,False
9544,2025-02-01 15:00:00,Humidity,12.186596299594122,Field4,False
9545,2025-02-01 16:00:00,SoilMoisture,31.405406459011807,Field3,False
9546,2025-02-01 17:00:00,SoilPH,60.27338884662585,Field4,False
9547,2025-02-01 18:00:00,Temperature,0.0483917272825151,Field3,False
9548,2025-02-01 19:00:00,SoilMoisture,98.1044045335844,Field1,False
9549,2025-02-01 20:00:00,Humidity,19.177113436565875,Field2,False
9550,2025-02-01 21:00:00,SoilPH,76.13410094039605,Field4,False
9551,2025-02-01 22:00:00,SoilMoisture,16.158526535517627,Field3,False
9552,2025-02-01 23:00:00,SoilPH,36.9599324186668,Field1,False
9553,2025-02-02 00:00:00,SoilMoisture,41.87324049493115,Field2,False
9554,2025-02-02 01:00:00,SoilMoisture,7.648042279182754,Field2,False
9555,2025-02-02 02:00:00,SoilMoisture,20.02405326609001,Field2,False
9556,2025-02-02 03:00:00,SoilPH,86.5921315026305,Field3,False
9557,2025-02-02 04:00:00,Light,45.74391375537016,Field3,False
9558,2025-02-02 05:00:00,Temperature,53.063271341035176,Field1,True
9559,2025-02-02 06:00:00,SoilPH,30.78580940569574,Field1,False
9560,2025-02-02 07:00:00,Humidity,8.570466398147026,Field1,False
9561,2025-02-02 08:00:00,Temperature,63.50939393493653,Field2,True
9562,2025-02-02 09:00:00,Temperature,74.91411236931451,Field2,True
9563,2025-02-02 10:00:00,SoilMoisture,41.77640548649136,Field1,False
9564,2025-02-02 11:00:00,Humidity,43.20450430409591,Field1,False
9565,2025-02-02 12:00:00,SoilPH,10.385503356149616,Field4,False
9566,2025-02-02 13:00:00,SoilMoisture,0.3634198861692805,Field3,False
9567,2025-02-02 14:00:00,Humidity,82.23317590102431,Field4,False
9568,2025-02-02 15:00:00,Humidity,6.655514671440854,Field3,False
9569,2025-02-02 16:00:00,Temperature,28.93400954034912,Field1,False
9570,2025-02-02 17:00:00,Humidity,74.20945582177502,Field3,False
9571,2025-02-02 18:00:00,Light,71.65265922425738,Field1,False
9572,2025-02-02 19:00:00,Humidity,5.931223900780247,Field4,False
9573,2025-02-02 20:00:00,Light,17.717077654003088,Field1,False
9574,2025-02-02 21:00:00,SoilMoisture,87.70471539029482,Field2,False
9575,2025-02-02 22:00:00,SoilPH,0.1848394113759921,Field1,False
9576,2025-02-02 23:00:00,SoilPH,37.92506038209107,Field3,False
9577,2025-02-03 00:00:00,Light,97.76597583829188,Field2,False
9578,2025-02-03 01:00:00,Temperature,71.57746063265937,Field1,True
9579,2025-02-03 02:00:00,SoilPH,59.7616073900963,Field4,False
9580,2025-02-03 03:00:00,Humidity,68.39348285578147,Field2,False
9581,2025-02-03 04:00:00,SoilPH,3.7549735428399567,Field4,False
9582,2025-02-03 05:00:00,SoilMoisture,76.39338822520963,Field2,False
9583,2025-02-03 06:00:00,Humidity,70.50736243939323,Field3,False
9584,2025-02-03 07:00:00,SoilMoisture,21.81014445631545,Field3,False
9585,2025-02-03 08:00:00,SoilPH,82.48366459629908,Field1,False
9586,2025-02-03 09:00:00,Temperature,14.540203033426968,Field3,False
9587,2025-02-03 10:00:00,Humidity,15.513990648959863,Field2,False
9588,2025-02-03 11:00:00,SoilMoisture,79.1873748825962,Field2,False
9589,2025-02-03 12:00:00,Light,15.46096255596694,Field1,False
9590,2025-02-03 13:00:00,SoilMoisture,82.77048958822246,Field2,False
9591,2025-02-03 14:00:00,Light,70.06570681616562,Field1,False
9592,2025-02-03 15:00:00,Light,64.16545147506966,Field4,False
9593,2025-02-03 16:00:00,Temperature,35.76544196379858,Field1,False
9594,2025-02-03 17:00:00,Light,66.45503261966842,Field4,False
9595,2025-02-03 18:00:00,Humidity,47.15585422791835,Field2,False
9596,2025-02-03 19:00:00,SoilPH,28.502504212301115,Field3,False
9597,2025-02-03 20:00:00,SoilMoisture,43.49226203560854,Field1,False
9598,2025-02-03 21:00:00,Humidity,26.650339445077865,Field1,False
9599,2025-02-03 22:00:00,Light,59.85320660718032,Field3,False
9600,2025-02-03 23:00:00,Humidity,78.06534483300588,Field1,False
9601,2025-02-04 00:00:00,Humidity,91.64994882185806,Field3,False
9602,2025-02-04 01:00:00,Temperature,55.15264017135232,Field2,True
9603,2025-02-04 02:00:00,Light,7.610706003510936,Field2,False
9604,2025-02-04 03:00:00,Humidity,26.471945647541407,Field4,False
9605,2025-02-04 04:00:00,SoilMoisture,15.577701068481463,Field3,False
9606,2025-02-04 05:00:00,Temperature,58.19971067619048,Field1,True
9607,2025-02-04 06:00:00,Humidity,86.21998039568325,Field2,False
9608,2025-02-04 07:00:00,SoilMoisture,39.45882006219392,Field4,False
9609,2025-02-04 08:00:00,SoilMoisture,88.11444545982268,Field1,False
9610,2025-02-04 09:00:00,Light,49.06932860738422,Field3,False
9611,2025-02-04 10:00:00,Humidity,23.57688932727543,Field2,False
9612,2025-02-04 11:00:00,Light,82.05735758679607,Field1,False
9613,2025-02-04 12:00:00,SoilMoisture,43.29469873774989,Field2,False
9614,2025-02-04 13:00:00,Humidity,49.36826224268132,Field4,False
9615,2025-02-04 14:00:00,Light,32.72559979496552,Field3,False
9616,2025-02-04 15:00:00,Light,91.95929782441247,Field1,False
9617,2025-02-04 16:00:00,SoilPH,48.74309420284608,Field3,False
9618,2025-02-04 17:00:00,Temperature,33.29676854535072,Field1,False
9619,2025-02-04 18:00:00,SoilMoisture,88.10814054713106,Field1,False
9620,2025-02-04 19:00:00,SoilMoisture,2.631758041726296,Field4,False
9621,2025-02-04 20:00:00,Light,97.20802270421342,Field1,False
9622,2025-02-04 21:00:00,SoilMoisture,35.678674172407746,Field2,False
9623,2025-02-04 22:00:00,SoilMoisture,62.583748153100736,Field4,False
9624,2025-02-04 23:00:00,Humidity,7.549599968162512,Field4,False
9625,2025-02-05 00:00:00,SoilPH,30.169755849109904,Field3,False
9626,2025-02-05 01:00:00,Humidity,11.252697885496843,Field3,False
9627,2025-02-05 02:00:00,Humidity,75.41561639288918,Field3,False
9628,2025-02-05 03:00:00,SoilMoisture,82.73565258856304,Field3,False
9629,2025-02-05 04:00:00,SoilMoisture,29.453010404358448,Field2,False
9630,2025-02-05 05:00:00,SoilMoisture,50.06913313505782,Field3,False
9631,2025-02-05 06:00:00,Humidity,80.75970276732399,Field4,False
9632,2025-02-05 07:00:00,Humidity,95.75436842092756,Field4,False
9633,2025-02-05 08:00:00,SoilPH,60.11945932930662,Field1,False
9634,2025-02-05 09:00:00,Light,71.88826336580435,Field1,False
9635,2025-02-05 10:00:00,Humidity,47.9681993350957,Field1,False
9636,2025-02-05 11:00:00,SoilMoisture,86.68540976071517,Field2,False
9637,2025-02-05 12:00:00,Humidity,80.21668426285491,Field3,False
9638,2025-02-05 13:00:00,Temperature,15.666901719238446,Field2,False
9639,2025-02-05 14:00:00,Humidity,34.96432917693082,Field3,False
9640,2025-02-05 15:00:00,Humidity,23.461073778223085,Field2,False
9641,2025-02-05 16:00:00,Temperature,80.41366207135158,Field4,True
9642,2025-02-05 17:00:00,SoilPH,6.868436749844964,Field1,False
9643,2025-02-05 18:00:00,Humidity,35.90979985214133,Field4,False
9644,2025-02-05 19:00:00,Temperature,43.3999159441772,Field4,False
9645,2025-02-05 20:00:00,Temperature,9.86263415185853,Field3,False
9646,2025-02-05 21:00:00,Temperature,10.33334727199604,Field1,False
9647,2025-02-05 22:00:00,SoilPH,74.52110044957894,Field2,False
9648,2025-02-05 23:00:00,Temperature,72.68357883370564,Field1,True
9649,2025-02-06 00:00:00,Light,42.847793170615255,Field4,False
9650,2025-02-06 01:00:00,SoilMoisture,66.47440753617126,Field1,False
9651,2025-02-06 02:00:00,Light,87.33424004326919,Field2,False
9652,2025-02-06 03:00:00,Humidity,80.15433664406953,Field3,False
9653,2025-02-06 04:00:00,SoilPH,51.85158185890694,Field3,False
9654,2025-02-06 05:00:00,SoilPH,5.592041440222961,Field1,False
9655,2025-02-06 06:00:00,SoilPH,39.965713705644845,Field2,False
9656,2025-02-06 07:00:00,Humidity,97.00606953599797,Field2,False
9657,2025-02-06 08:00:00,Temperature,55.84926777639582,Field4,True
9658,2025-02-06 09:00:00,Humidity,9.567902497407545,Field4,False
9659,2025-02-06 10:00:00,Temperature,46.4507093240204,Field4,False
9660,2025-02-06 11:00:00,Temperature,13.833370852723691,Field1,False
9661,2025-02-06 12:00:00,Light,72.50231287316875,Field1,False
9662,2025-02-06 13:00:00,Temperature,70.86367746668954,Field1,True
9663,2025-02-06 14:00:00,Humidity,3.1547832907981466,Field2,False
9664,2025-02-06 15:00:00,Temperature,96.70910853086616,Field1,True
9665,2025-02-06 16:00:00,Humidity,41.768136282193005,Field1,False
9666,2025-02-06 17:00:00,SoilPH,70.69546956018414,Field3,False
9667,2025-02-06 18:00:00,Light,15.811041447085072,Field3,False
9668,2025-02-06 19:00:00,Temperature,62.0682169659822,Field3,True
9669,2025-02-06 20:00:00,SoilPH,40.0041177442262,Field1,False
9670,2025-02-06 21:00:00,SoilPH,19.82770738625984,Field2,False
9671,2025-02-06 22:00:00,Humidity,75.1787928626506,Field4,False
9672,2025-02-06 23:00:00,SoilPH,5.670916296406647,Field4,False
9673,2025-02-07 00:00:00,SoilPH,58.51473222231588,Field1,False
9674,2025-02-07 01:00:00,Temperature,4.142688779875003,Field3,False
9675,2025-02-07 02:00:00,SoilMoisture,16.44709693330063,Field4,False
9676,2025-02-07 03:00:00,Temperature,56.76616343264891,Field2,True
9677,2025-02-07 04:00:00,SoilMoisture,34.0869328316134,Field2,False
9678,2025-02-07 05:00:00,SoilPH,88.99363783653303,Field2,False
9679,2025-02-07 06:00:00,SoilMoisture,61.332339076129415,Field1,False
9680,2025-02-07 07:00:00,SoilPH,93.25472052766357,Field2,False
9681,2025-02-07 08:00:00,Temperature,88.90794098580085,Field4,True
9682,2025-02-07 09:00:00,Humidity,51.620592693078095,Field1,False
9683,2025-02-07 10:00:00,SoilMoisture,49.37930319172469,Field4,False
9684,2025-02-07 11:00:00,Light,41.19307973456496,Field3,False
9685,2025-02-07 12:00:00,Humidity,1.9682214655545205,Field2,False
9686,2025-02-07 13:00:00,SoilMoisture,20.16588374277345,Field3,False
9687,2025-02-07 14:00:00,SoilPH,77.20578551301273,Field4,False
9688,2025-02-07 15:00:00,SoilPH,77.21288105016838,Field1,False
9689,2025-02-07 16:00:00,SoilPH,12.154843700944165,Field3,False
9690,2025-02-07 17:00:00,SoilPH,78.42505010378402,Field2,False
9691,2025-02-07 18:00:00,SoilPH,81.86884055324434,Field1,False
9692,2025-02-07 19:00:00,Temperature,82.66927085096113,Field4,True
9693,2025-02-07 20:00:00,SoilMoisture,29.01094178247684,Field2,False
9694,2025-02-07 21:00:00,Humidity,52.49078296792721,Field1,False
9695,2025-02-07 22:00:00,SoilMoisture,73.4680408368661,Field2,False
9696,2025-02-07 23:00:00,SoilMoisture,12.542534687991523,Field1,False
9697,2025-02-08 00:00:00,Temperature,94.88298267823718,Field2,True
9698,2025-02-08 01:00:00,Temperature,23.87615674595339,Field3,False
9699,2025-02-08 02:00:00,SoilPH,21.516585241590448,Field4,False
9700,2025-02-08 03:00:00,SoilPH,0.5976645063683339,Field2,False
9701,2025-02-08 04:00:00,SoilMoisture,5.061362744708308,Field2,False
9702,2025-02-08 05:00:00,Temperature,62.07352876426413,Field3,True
9703,2025-02-08 06:00:00,Humidity,85.25462517857751,Field3,False
9704,2025-02-08 07:00:00,SoilMoisture,42.9870903456744,Field4,False
9705,2025-02-08 08:00:00,Temperature,85.58712535663685,Field1,True
9706,2025-02-08 09:00:00,SoilMoisture,60.73668019316896,Field2,False
9707,2025-02-08 10:00:00,Temperature,44.79388408356076,Field1,False
9708,2025-02-08 11:00:00,SoilMoisture,12.286132260262306,Field1,False
9709,2025-02-08 12:00:00,Humidity,26.552888144195453,Field2,False
9710,2025-02-08 13:00:00,Temperature,58.8781468203964,Field3,True
9711,2025-02-08 14:00:00,Light,65.5365973517532,Field4,False
9712,2025-02-08 15:00:00,SoilPH,54.61650281464654,Field3,False
9713,2025-02-08 16:00:00,Temperature,83.9382078359797,Field1,True
9714,2025-02-08 17:00:00,SoilMoisture,75.52561855082534,Field3,False
9715,2025-02-08 18:00:00,SoilPH,43.90494341399249,Field4,False
9716,2025-02-08 19:00:00,SoilMoisture,99.33291260979752,Field3,False
9717,2025-02-08 20:00:00,Temperature,94.36608811931522,Field3,True
9718,2025-02-08 21:00:00,SoilMoisture,60.95464294552672,Field1,False
9719,2025-02-08 22:00:00,Temperature,36.35637907771606,Field3,False
9720,2025-02-08 23:00:00,Temperature,65.05145361721453,Field3,True
9721,2025-02-09 00:00:00,SoilPH,48.27710764740169,Field1,False
9722,2025-02-09 01:00:00,Temperature,98.00015737116082,Field2,True
9723,2025-02-09 02:00:00,Humidity,52.77650667084528,Field2,False
9724,2025-02-09 03:00:00,Light,68.25578361862111,Field2,False
9725,2025-02-09 04:00:00,Humidity,85.93284466692424,Field3,False
9726,2025-02-09 05:00:00,Temperature,69.97003987757175,Field1,True
9727,2025-02-09 06:00:00,Light,25.20667880035452,Field1,False
9728,2025-02-09 07:00:00,SoilMoisture,90.1483278651497,Field2,False
9729,2025-02-09 08:00:00,SoilMoisture,62.229736927395216,Field2,False
9730,2025-02-09 09:00:00,Humidity,73.62524606460852,Field3,False
9731,2025-02-09 10:00:00,SoilPH,64.15244238497566,Field1,False
9732,2025-02-09 11:00:00,Light,91.62124909178732,Field2,False
9733,2025-02-09 12:00:00,Light,72.14899617272319,Field4,False
9734,2025-02-09 13:00:00,SoilPH,84.95352210913215,Field2,False
9735,2025-02-09 14:00:00,SoilMoisture,52.61473955741267,Field4,False
9736,2025-02-09 15:00:00,Temperature,10.750999065233092,Field3,False
9737,2025-02-09 16:00:00,SoilMoisture,14.774133885430963,Field1,False
9738,2025-02-09 17:00:00,Temperature,16.343160201754635,Field2,False
9739,2025-02-09 18:00:00,SoilMoisture,51.343551737821805,Field3,False
9740,2025-02-09 19:00:00,Light,76.31513972556674,Field4,False
9741,2025-02-09 20:00:00,Light,48.33195062229391,Field1,False
9742,2025-02-09 21:00:00,Temperature,73.27491585159129,Field3,True
9743,2025-02-09 22:00:00,SoilMoisture,92.77622006704388,Field1,False
9744,2025-02-09 23:00:00,Temperature,78.40986326323002,Field3,True
9745,2025-02-10 00:00:00,Temperature,26.02504216096856,Field1,False
9746,2025-02-10 01:00:00,SoilMoisture,20.53195828538903,Field4,False
9747,2025-02-10 02:00:00,Temperature,18.999295295643996,Field4,False
9748,2025-02-10 03:00:00,Temperature,61.31633081544786,Field2,True
9749,2025-02-10 04:00:00,SoilMoisture,32.171469548042886,Field2,False
9750,2025-02-10 05:00:00,Humidity,33.741455759188376,Field2,False
9751,2025-02-10 06:00:00,Humidity,95.4018188099556,Field4,False
9752,2025-02-10 07:00:00,SoilPH,7.236999287997681,Field3,False
9753,2025-02-10 08:00:00,Humidity,79.2498966491957,Field3,False
9754,2025-02-10 09:00:00,SoilMoisture,37.96385436762705,Field3,False
9755,2025-02-10 10:00:00,Temperature,99.14468333732398,Field2,True
9756,2025-02-10 11:00:00,SoilMoisture,99.87693409942376,Field3,False
9757,2025-02-10 12:00:00,Light,70.76155978615805,Field1,False
9758,2025-02-10 13:00:00,SoilMoisture,6.289008572163768,Field1,False
9759,2025-02-10 14:00:00,Humidity,17.80943323810009,Field4,False
9760,2025-02-10 15:00:00,SoilPH,79.44343953113393,Field1,False
9761,2025-02-10 16:00:00,Temperature,65.53372947713572,Field2,True
9762,2025-02-10 17:00:00,Temperature,26.979860687004788,Field1,False
9763,2025-02-10 18:00:00,Humidity,19.49923089837613,Field2,False
9764,2025-02-10 19:00:00,SoilPH,21.510044682508,Field4,False
9765,2025-02-10 20:00:00,Light,25.146757510093,Field3,False
9766,2025-02-10 21:00:00,SoilPH,22.42343710694652,Field3,False
9767,2025-02-10 22:00:00,SoilPH,42.16730634525234,Field1,False
9768,2025-02-10 23:00:00,Humidity,6.166739510102037,Field1,False
9769,2025-02-11 00:00:00,SoilPH,30.00124976843157,Field1,False
9770,2025-02-11 01:00:00,Temperature,12.62898596882942,Field1,False
9771,2025-02-11 02:00:00,SoilPH,10.889771232806778,Field4,False
9772,2025-02-11 03:00:00,Humidity,97.57676007396014,Field3,False
9773,2025-02-11 04:00:00,SoilPH,80.66484538514396,Field4,False
9774,2025-02-11 05:00:00,SoilPH,81.15369302823113,Field2,False
9775,2025-02-11 06:00:00,Temperature,56.51236804157711,Field1,True
9776,2025-02-11 07:00:00,Temperature,20.197519113593987,Field4,False
9777,2025-02-11 08:00:00,Humidity,24.815369865521564,Field1,False
9778,2025-02-11 09:00:00,SoilMoisture,11.396745987421452,Field4,False
9779,2025-02-11 10:00:00,Temperature,23.95236600789171,Field3,False
9780,2025-02-11 11:00:00,Humidity,16.177648351970653,Field3,False
9781,2025-02-11 12:00:00,SoilPH,23.18073242562624,Field4,False
9782,2025-02-11 13:00:00,Temperature,19.81582758941816,Field1,False
9783,2025-02-11 14:00:00,Light,29.176270370849288,Field4,False
9784,2025-02-11 15:00:00,Humidity,10.517340654270969,Field4,False
9785,2025-02-11 16:00:00,Light,39.8659672580757,Field4,False
9786,2025-02-11 17:00:00,Temperature,5.2157031752785965,Field1,False
9787,2025-02-11 18:00:00,Light,77.63619495644475,Field3,False
9788,2025-02-11 19:00:00,SoilMoisture,74.26622243331265,Field3,False
9789,2025-02-11 20:00:00,Temperature,78.51367562717597,Field3,True
9790,2025-02-11 21:00:00,SoilPH,10.289808277229673,Field1,False
9791,2025-02-11 22:00:00,Humidity,40.25264576784237,Field2,False
9792,2025-02-11 23:00:00,Light,35.28004708519457,Field3,False
9793,2025-02-12 00:00:00,SoilMoisture,63.64690247645719,Field1,False
9794,2025-02-12 01:00:00,Light,62.43187418289323,Field1,False
9795,2025-02-12 02:00:00,Temperature,90.12239970120832,Field4,True
9796,2025-02-12 03:00:00,Light,78.5603750302392,Field4,False
9797,2025-02-12 04:00:00,Humidity,18.497011388216443,Field1,False
9798,2025-02-12 05:00:00,Light,0.24754906986032,Field4,False
9799,2025-02-12 06:00:00,Light,33.86663300988988,Field3,False
9800,2025-02-12 07:00:00,SoilPH,87.55333262450296,Field2,False
9801,2025-02-12 08:00:00,SoilMoisture,18.828683598985187,Field3,False
9802,2025-02-12 09:00:00,Light,56.08956950312288,Field4,False
9803,2025-02-12 10:00:00,SoilPH,46.16353779894252,Field1,False
9804,2025-02-12 11:00:00,Light,49.19549513021483,Field2,False
9805,2025-02-12 12:00:00,Light,71.42756500047352,Field4,False
9806,2025-02-12 13:00:00,SoilMoisture,1.8684774284022043,Field2,False
9807,2025-02-12 14:00:00,Light,73.40147329921233,Field2,False
9808,2025-02-12 15:00:00,SoilMoisture,71.91320789975882,Field4,False
9809,2025-02-12 16:00:00,Light,17.074757890574787,Field2,False
9810,2025-02-12 17:00:00,SoilMoisture,0.7600201013948871,Field1,False
9811,2025-02-12 18:00:00,Light,83.24005054299089,Field2,False
9812,2025-02-12 19:00:00,SoilMoisture,55.96124041986221,Field3,False
9813,2025-02-12 20:00:00,Temperature,40.537083563656296,Field2,False
9814,2025-02-12 21:00:00,Light,37.91231197718692,Field2,False
9815,2025-02-12 22:00:00,SoilPH,86.21408966419273,Field1,False
9816,2025-02-12 23:00:00,Light,60.21110697016714,Field2,False
9817,2025-02-13 00:00:00,Light,50.414697170553154,Field1,False
9818,2025-02-13 01:00:00,SoilPH,26.369773521924863,Field3,False
9819,2025-02-13 02:00:00,Light,49.260752827654166,Field2,False
9820,2025-02-13 03:00:00,Temperature,1.0930206867152403,Field1,False
9821,2025-02-13 04:00:00,SoilPH,61.69270382547784,Field1,False
9822,2025-02-13 05:00:00,SoilPH,87.17018148152601,Field4,False
9823,2025-02-13 06:00:00,SoilMoisture,20.123863092470582,Field2,False
9824,2025-02-13 07:00:00,SoilMoisture,54.99673122904589,Field2,False
9825,2025-02-13 08:00:00,SoilPH,93.14878322986628,Field1,False
9826,2025-02-13 09:00:00,SoilPH,88.73341320997378,Field4,False
9827,2025-02-13 10:00:00,Light,18.16760820862796,Field3,False
9828,2025-02-13 11:00:00,Temperature,82.81712803624421,Field3,True
9829,2025-02-13 12:00:00,SoilMoisture,30.34445290061655,Field3,False
9830,2025-02-13 13:00:00,Humidity,16.564391418729706,Field2,False
9831,2025-02-13 14:00:00,Light,13.851998026024326,Field2,False
9832,2025-02-13 15:00:00,Light,94.77754108717352,Field1,False
9833,2025-02-13 16:00:00,Temperature,49.88566531146179,Field2,False
9834,2025-02-13 17:00:00,SoilMoisture,63.5673234157858,Field4,False
9835,2025-02-13 18:00:00,Humidity,23.720770922466205,Field3,False
9836,2025-02-13 19:00:00,SoilMoisture,72.58931165163108,Field4,False
9837,2025-02-13 20:00:00,SoilMoisture,29.39618419298252,Field4,False
9838,2025-02-13 21:00:00,Temperature,35.16715600510176,Field3,False
9839,2025-02-13 22:00:00,Light,10.739252630072816,Field3,False
9840,2025-02-13 23:00:00,Temperature,13.930445202450423,Field3,False
9841,2025-02-14 00:00:00,SoilMoisture,27.67263168968197,Field3,False
9842,2025-02-14 01:00:00,Humidity,16.916646754974973,Field1,False
9843,2025-02-14 02:00:00,Light,58.62050656070866,Field2,False
9844,2025-02-14 03:00:00,Temperature,85.48770830645788,Field4,True
9845,2025-02-14 04:00:00,SoilPH,32.71786201910687,Field4,False
9846,2025-02-14 05:00:00,Humidity,33.79948928474089,Field4,False
9847,2025-02-14 06:00:00,SoilPH,20.657487950127152,Field2,False
9848,2025-02-14 07:00:00,SoilMoisture,71.37845637064831,Field1,False
9849,2025-02-14 08:00:00,Humidity,37.94465720933034,Field4,False
9850,2025-02-14 09:00:00,Humidity,9.780560863095731,Field2,False
9851,2025-02-14 10:00:00,Light,10.931474430200804,Field2,False
9852,2025-02-14 11:00:00,SoilMoisture,84.73265588558338,Field2,False
9853,2025-02-14 12:00:00,Temperature,4.417757437457459,Field3,False
9854,2025-02-14 13:00:00,Humidity,41.17895143951035,Field2,False
9855,2025-02-14 14:00:00,Temperature,61.05914899801477,Field2,True
9856,2025-02-14 15:00:00,SoilMoisture,59.12444656614901,Field1,False
9857,2025-02-14 16:00:00,SoilMoisture,76.05173751428697,Field4,False
9858,2025-02-14 17:00:00,SoilPH,32.96967825826989,Field2,False
9859,2025-02-14 18:00:00,Temperature,97.14565309154068,Field4,True
9860,2025-02-14 19:00:00,Temperature,79.01983375988831,Field4,True
9861,2025-02-14 20:00:00,Light,42.639001016663656,Field2,False
9862,2025-02-14 21:00:00,SoilMoisture,12.95873203559892,Field1,False
9863,2025-02-14 22:00:00,SoilMoisture,59.21854974652663,Field4,False
9864,2025-02-14 23:00:00,SoilMoisture,53.81603269935658,Field3,False
9865,2025-02-15 00:00:00,SoilMoisture,19.71009608782932,Field4,False
9866,2025-02-15 01:00:00,Light,75.29474800093541,Field4,False
9867,2025-02-15 02:00:00,SoilPH,9.14719629026638,Field4,False
9868,2025-02-15 03:00:00,SoilMoisture,18.25766431036273,Field3,False
9869,2025-02-15 04:00:00,Humidity,80.6351649855938,Field2,False
9870,2025-02-15 05:00:00,SoilPH,88.04780088973158,Field4,False
9871,2025-02-15 06:00:00,Light,29.91007128116364,Field2,False
9872,2025-02-15 07:00:00,SoilPH,42.84197305688231,Field3,False
9873,2025-02-15 08:00:00,SoilPH,16.473669964800386,Field3,False
9874,2025-02-15 09:00:00,Light,4.035354897748633,Field4,False
9875,2025-02-15 10:00:00,Humidity,12.72193706686039,Field4,False
9876,2025-02-15 11:00:00,SoilMoisture,27.870232920738516,Field2,False
9877,2025-02-15 12:00:00,Humidity,49.91213260598657,Field3,False
9878,2025-02-15 13:00:00,SoilMoisture,74.28291062515832,Field2,False
9879,2025-02-15 14:00:00,Light,3.1198379833739187,Field3,False
9880,2025-02-15 15:00:00,Temperature,46.23382891321296,Field1,False
9881,2025-02-15 16:00:00,Light,68.48648587399686,Field3,False
9882,2025-02-15 17:00:00,SoilPH,43.60368900256966,Field3,False
9883,2025-02-15 18:00:00,SoilMoisture,49.39890661969815,Field1,False
9884,2025-02-15 19:00:00,Light,96.29555882650536,Field4,False
9885,2025-02-15 20:00:00,Humidity,27.7178360132632,Field4,False
9886,2025-02-15 21:00:00,Temperature,3.062974444068811,Field3,False
9887,2025-02-15 22:00:00,Humidity,92.98260761787674,Field3,False
9888,2025-02-15 23:00:00,Humidity,16.97715659074418,Field3,False
9889,2025-02-16 00:00:00,SoilPH,31.786503845374916,Field1,False
9890,2025-02-16 01:00:00,SoilMoisture,58.306942869286985,Field1,False
9891,2025-02-16 02:00:00,SoilMoisture,50.60383163169541,Field3,False
9892,2025-02-16 03:00:00,Light,3.2473317462637152,Field2,False
9893,2025-02-16 04:00:00,SoilPH,88.50178072601852,Field2,False
9894,2025-02-16 05:00:00,Light,41.60548679796129,Field4,False
9895,2025-02-16 06:00:00,SoilMoisture,49.462042726192976,Field1,False
9896,2025-02-16 07:00:00,SoilPH,3.777276182211964,Field2,False
9897,2025-02-16 08:00:00,SoilMoisture,48.16062967485964,Field2,False
9898,2025-02-16 09:00:00,SoilPH,54.54315528868242,Field2,False
9899,2025-02-16 10:00:00,Temperature,27.65773132518694,Field4,False
9900,2025-02-16 11:00:00,Temperature,47.5702833996095,Field1,False
9901,2025-02-16 12:00:00,SoilMoisture,12.3736554491353,Field1,False
9902,2025-02-16 13:00:00,SoilPH,97.20256914013731,Field1,False
9903,2025-02-16 14:00:00,Light,1.295214790259125,Field2,False
9904,2025-02-16 15:00:00,Temperature,87.85203262944056,Field2,True
9905,2025-02-16 16:00:00,Light,58.34072493826097,Field3,False
9906,2025-02-16 17:00:00,Temperature,9.104498788915794,Field1,False
9907,2025-02-16 18:00:00,SoilMoisture,33.61135805100651,Field2,False
9908,2025-02-16 19:00:00,Light,20.74537822147251,Field1,False
9909,2025-02-16 20:00:00,SoilPH,12.421810692902868,Field1,False
9910,2025-02-16 21:00:00,Temperature,81.28281197914701,Field3,True
9911,2025-02-16 22:00:00,SoilPH,30.132165875448504,Field2,False
9912,2025-02-16 23:00:00,Humidity,5.452337080370584,Field3,False
9913,2025-02-17 00:00:00,Light,13.595246056277857,Field3,False
9914,2025-02-17 01:00:00,Temperature,52.47280117960843,Field1,True
9915,2025-02-17 02:00:00,SoilPH,97.8804401144096,Field3,False
9916,2025-02-17 03:00:00,SoilMoisture,22.27019210353439,Field1,False
9917,2025-02-17 04:00:00,Humidity,44.93063482485699,Field1,False
9918,2025-02-17 05:00:00,Humidity,53.53275355316677,Field3,False
9919,2025-02-17 06:00:00,SoilPH,99.17923418806376,Field1,False
9920,2025-02-17 07:00:00,Light,87.57304427745221,Field1,False
9921,2025-02-17 08:00:00,SoilMoisture,75.58473406034234,Field3,False
9922,2025-02-17 09:00:00,SoilPH,18.79472315253623,Field4,False
9923,2025-02-17 10:00:00,SoilPH,40.227654242499845,Field2,False
9924,2025-02-17 11:00:00,SoilPH,74.46380529771376,Field3,False
9925,2025-02-17 12:00:00,SoilPH,98.16556519906273,Field4,False
9926,2025-02-17 13:00:00,SoilPH,89.17084527750836,Field1,False
9927,2025-02-17 14:00:00,SoilPH,95.12444440348548,Field4,False
9928,2025-02-17 15:00:00,SoilMoisture,3.156111569852338,Field3,False
9929,2025-02-17 16:00:00,SoilMoisture,42.78110483235028,Field2,False
9930,2025-02-17 17:00:00,SoilPH,63.23238569215226,Field1,False
9931,2025-02-17 18:00:00,SoilMoisture,28.433462943645186,Field2,False
9932,2025-02-17 19:00:00,Temperature,6.691730886176228,Field2,False
9933,2025-02-17 20:00:00,Temperature,95.79796306063932,Field3,True
9934,2025-02-17 21:00:00,Humidity,0.4166681711317399,Field2,False
9935,2025-02-17 22:00:00,Temperature,1.2997815603639329,Field1,False
9936,2025-02-17 23:00:00,Humidity,2.542943430337852,Field2,False
9937,2025-02-18 00:00:00,SoilMoisture,59.92932459073222,Field4,False
9938,2025-02-18 01:00:00,SoilPH,35.78797612869965,Field2,False
9939,2025-02-18 02:00:00,SoilPH,94.59147539046026,Field3,False
9940,2025-02-18 03:00:00,Temperature,36.69192608534589,Field2,False
9941,2025-02-18 04:00:00,SoilMoisture,83.76050338986867,Field4,False
9942,2025-02-18 05:00:00,Light,36.54310281999685,Field1,False
9943,2025-02-18 06:00:00,SoilPH,63.32450689519268,Field3,False
9944,2025-02-18 07:00:00,SoilMoisture,97.00204772817324,Field3,False
9945,2025-02-18 08:00:00,SoilPH,96.1952870458921,Field3,False
9946,2025-02-18 09:00:00,Temperature,37.689291735036655,Field1,False
9947,2025-02-18 10:00:00,Light,35.203185695909355,Field1,False
9948,2025-02-18 11:00:00,SoilPH,64.98635432845371,Field2,False
9949,2025-02-18 12:00:00,SoilMoisture,8.230846027344452,Field2,False
9950,2025-02-18 13:00:00,Humidity,42.262406657009954,Field3,False
9951,2025-02-18 14:00:00,SoilPH,18.46296480813836,Field3,False
9952,2025-02-18 15:00:00,Humidity,1.4760967914300482,Field3,False
9953,2025-02-18 16:00:00,SoilMoisture,78.65439504213072,Field1,False
9954,2025-02-18 17:00:00,SoilPH,30.43108499871712,Field2,False
9955,2025-02-18 18:00:00,Light,85.68499428934226,Field1,False
9956,2025-02-18 19:00:00,Temperature,68.55506784680989,Field4,True
9957,2025-02-18 20:00:00,Temperature,94.62682916174964,Field4,True
9958,2025-02-18 21:00:00,SoilMoisture,80.13128178538192,Field3,False
9959,2025-02-18 22:00:00,Light,75.30751978066036,Field3,False
9960,2025-02-18 23:00:00,Light,0.6338207283735686,Field4,False
9961,2025-02-19 00:00:00,Temperature,63.0762702443818,Field3,True
9962,2025-02-19 01:00:00,Humidity,37.63069423370637,Field3,False
9963,2025-02-19 02:00:00,SoilMoisture,37.44794314970492,Field3,False
9964,2025-02-19 03:00:00,Light,8.657199202101506,Field3,False
9965,2025-02-19 04:00:00,SoilPH,54.03082077240916,Field2,False
9966,2025-02-19 05:00:00,SoilMoisture,4.999568297153223,Field3,False
9967,2025-02-19 06:00:00,Temperature,65.60875972816692,Field2,True
9968,2025-02-19 07:00:00,SoilPH,12.501969828196058,Field3,False
9969,2025-02-19 08:00:00,SoilMoisture,35.51625747159428,Field3,False
9970,2025-02-19 09:00:00,SoilMoisture,30.37791048813364,Field4,False
9971,2025-02-19 10:00:00,Humidity,14.603779430514606,Field4,False
9972,2025-02-19 11:00:00,SoilPH,99.80016077702784,Field4,False
9973,2025-02-19 12:00:00,Temperature,65.50057542302447,Field2,True
9974,2025-02-19 13:00:00,SoilMoisture,10.502794713627209,Field1,False
9975,2025-02-19 14:00:00,Humidity,40.85885955820972,Field2,False
9976,2025-02-19 15:00:00,Temperature,36.36193528613955,Field2,False
9977,2025-02-19 16:00:00,SoilPH,74.63219950206688,Field1,False
9978,2025-02-19 17:00:00,Temperature,10.86774656595535,Field4,False
9979,2025-02-19 18:00:00,SoilPH,61.54317201776377,Field2,False
9980,2025-02-19 19:00:00,Temperature,53.849830198041545,Field3,True
9981,2025-02-19 20:00:00,SoilPH,58.4501679599718,Field2,False
9982,2025-02-19 21:00:00,SoilMoisture,64.94360153257843,Field4,False
9983,2025-02-19 22:00:00,SoilPH,58.96625961585232,Field1,False
9984,2025-02-19 23:00:00,Temperature,69.2755392531442,Field4,True
9985,2025-02-20 00:00:00,Light,47.63529291847261,Field4,False
9986,2025-02-20 01:00:00,Temperature,61.96573141876023,Field2,True
9987,2025-02-20 02:00:00,Temperature,46.71818651508036,Field3,False
9988,2025-02-20 03:00:00,Temperature,56.03816630113402,Field2,True
9989,2025-02-20 04:00:00,Light,69.51155291935396,Field2,False
9990,2025-02-20 05:00:00,Temperature,77.91141577833827,Field2,True
9991,2025-02-20 06:00:00,Temperature,61.39935838259207,Field3,True
9992,2025-02-20 07:00:00,SoilMoisture,81.91366345170896,Field2,False
9993,2025-02-20 08:00:00,Humidity,45.68817247797593,Field4,False
9994,2025-02-20 09:00:00,Light,94.493321369651,Field1,False
9995,2025-02-20 10:00:00,Light,3.878439349481211,Field4,False
9996,2025-02-20 11:00:00,Temperature,58.94145654422726,Field2,True
9997,2025-02-20 12:00:00,Light,42.33786066893227,Field1,False
9998,2025-02-20 13:00:00,Light,10.129603253154071,Field2,False
9999,2025-02-20 14:00:00,SoilPH,52.65842121210254,Field4,False
10000,2025-02-20 15:00:00,Humidity,5.657101420483846,Field4,False
