CustomerID,Name,Age,Income,LoanAmount,LoanTerm,CreditScore,Default,TransactionHistory,is_age_valid,is_income_valid,is_loan_amount_valid,is_credit_score_valid,is_valid
1,Customer_1,62.0,9021.0,12200,13,808,0,"[{""amount"": 795, ""date"": ""2023-09-06""}, {""amount"": 707, ""date"": ""2023-02-13""}, {""amount"": 428, ""date"": ""2023-09-09""}, {""amount"": 651, ""date"": ""2023-02-04""}, {""amount"": 391, ""date"": ""2023-08-12""}, {""amount"": 866, ""date"": ""2023-07-07""}, {""amount"": 520, ""date"": ""2023-02-19""}, {""amount"": 630, ""date"": ""2023-11-07""}, {""amount"": 346, ""date"": ""2023-07-11""}, {""amount"": 797, ""date"": ""2023-02-17""}, {""amount"": 847, ""date"": ""2023-08-31""}, {""amount"": 804, ""date"": ""2023-05-03""}, {""amount"": 781, ""date"": ""2023-05-26""}]",True,True,True,True,True
2,Customer_2,65.0,18187.0,29983,46,378,0,"[{""amount"": 865, ""date"": ""2023-02-10""}, {""amount"": 327, ""date"": ""2023-10-18""}, {""amount"": 959, ""date"": ""2023-04-26""}, {""amount"": 644, ""date"": ""2023-06-02""}, {""amount"": 735, ""date"": ""2023-01-10""}, {""amount"": 703, ""date"": ""2023-01-14""}]",True,True,True,True,True
3,Customer_3,18.0,14912.0,27265,35,819,0,"[{""amount"": 398, ""date"": ""2023-09-10""}, {""amount"": 380, ""date"": ""2023-11-01""}, {""amount"": 407, ""date"": ""2023-06-09""}, {""amount"": 772, ""date"": ""2023-06-22""}, {""amount"": 702, ""date"": ""2023-05-17""}, {""amount"": 117, ""date"": ""2023-04-22""}, {""amount"": 762, ""date"": ""2023-09-14""}, {""amount"": 594, ""date"": ""2023-01-07""}, {""amount"": 307, ""date"": ""2023-05-30""}]",True,True,True,True,True
4,Customer_4,21.0,6517.0,9870,11,823,0,"[{""amount"": 217, ""date"": ""2023-04-26""}, {""amount"": 635, ""date"": ""2023-11-11""}, {""amount"": 239, ""date"": ""2023-02-24""}, {""amount"": 420, ""date"": ""2023-08-17""}, {""amount"": 124, ""date"": ""2023-02-11""}, {""amount"": 390, ""date"": ""2023-07-14""}, {""amount"": 236, ""date"": ""2023-05-13""}]",True,True,True,True,True
5,Customer_5,,10629.0,34761,44,614,0,"[{""amount"": 520, ""date"": ""2023-03-08""}, {""amount"": 931, ""date"": ""2023-12-12""}, {""amount"": 736, ""date"": ""2023-10-08""}, {""amount"": 645, ""date"": ""2023-10-28""}, {""amount"": 924, ""date"": ""2023-08-16""}, {""amount"": 493, ""date"": ""2023-06-25""}, {""amount"": 431, ""date"": ""2023-12-27""}, {""amount"": 126, ""date"": ""2023-09-23""}]",False,True,True,True,False
6,Customer_6,57.0,13528.0,6099,9,850,0,"[{""amount"": 223, ""date"": ""2023-11-26""}, {""amount"": 512, ""date"": ""2023-03-31""}, {""amount"": 849, ""date"": ""2023-11-21""}, {""amount"": 642, ""date"": ""2023-02-17""}, {""amount"": 517, ""date"": ""2023-04-28""}, {""amount"": 705, ""date"": ""2023-08-10""}, {""amount"": 568, ""date"": ""2023-11-06""}, {""amount"": 860, ""date"": ""2023-09-05""}, {""amount"": 436, ""date"": ""2023-12-18""}, {""amount"": 522, ""date"": ""2023-07-13""}, {""amount"": 421, ""date"": ""2023-06-08""}, {""amount"": 909, ""date"": ""2023-06-15""}, {""amount"": 398, ""date"": ""2023-01-02""}, {""amount"": 802, ""date"": ""2023-01-06""}]",True,True,True,True,True
7,Customer_7,27.0,9008.0,7556,13,469,0,"[{""amount"": 237, ""date"": ""2023-03-09""}, {""amount"": 130, ""date"": ""2023-06-01""}, {""amount"": 437, ""date"": ""2023-05-19""}, {""amount"": 659, ""date"": ""2023-06-26""}, {""amount"": 490, ""date"": ""2023-11-23""}, {""amount"": 121, ""date"": ""2023-08-24""}, {""amount"": 383, ""date"": ""2023-10-22""}, {""amount"": 264, ""date"": ""2023-09-21""}, {""amount"": 114, ""date"": ""2023-02-07""}, {""amount"": 387, ""date"": ""2023-03-14""}, {""amount"": 519, ""date"": ""2023-11-24""}, {""amount"": 187, ""date"": ""2023-11-11""}, {""amount"": 679, ""date"": ""2023-12-30""}, {""amount"": 565, ""date"": ""2023-12-27""}, {""amount"": 992, ""date"": ""2023-11-06""}, {""amount"": 392, ""date"": ""2023-07-29""}, {""amount"": 773, ""date"": ""2023-07-31""}, {""amount"": 387, ""date"": ""2023-03-28""}, {""amount"": 615, ""date"": ""2023-12-31""}]",True,True,True,True,True
8,Customer_8,37.0,10292.0,10830,56,334,0,"[{""amount"": 900, ""date"": ""2023-08-21""}, {""amount"": 875, ""date"": ""2023-07-17""}, {""amount"": 243, ""date"": ""2023-04-20""}, {""amount"": 846, ""date"": ""2023-03-17""}, {""amount"": 350, ""date"": ""2023-10-17""}]",True,True,True,True,True
9,Customer_9,39.0,3409.0,48816,49,509,0,"[{""amount"": 644, ""date"": ""2023-11-15""}, {""amount"": 914, ""date"": ""2023-07-04""}, {""amount"": 422, ""date"": ""2023-11-09""}, {""amount"": 131, ""date"": ""2023-03-22""}, {""amount"": 298, ""date"": ""2023-01-11""}, {""amount"": 890, ""date"": ""2023-07-02""}, {""amount"": 242, ""date"": ""2023-06-13""}]",True,True,False,True,False
10,Customer_10,68.0,2765.0,26411,29,726,0,"[{""amount"": 679, ""date"": ""2023-04-17""}, {""amount"": 916, ""date"": ""2023-08-19""}, {""amount"": 974, ""date"": ""2023-02-28""}, {""amount"": 570, ""date"": ""2023-06-23""}, {""amount"": 657, ""date"": ""2023-09-04""}, {""amount"": 841, ""date"": ""2023-12-20""}, {""amount"": 760, ""date"": ""2023-04-09""}, {""amount"": 270, ""date"": ""2023-11-07""}, {""amount"": 964, ""date"": ""2023-04-08""}]",True,True,False,True,False
11,Customer_11,54.0,6997.0,29638,30,370,0,"[{""amount"": 916, ""date"": ""2023-06-27""}, {""amount"": 441, ""date"": ""2023-05-09""}, {""amount"": 634, ""date"": ""2023-03-05""}, {""amount"": 949, ""date"": ""2023-10-21""}, {""amount"": 736, ""date"": ""2023-02-15""}, {""amount"": 602, ""date"": ""2023-02-17""}]",True,True,True,True,True
12,Customer_12,41.0,14792.0,39245,56,431,0,"[{""amount"": 532, ""date"": ""2023-02-11""}, {""amount"": 347, ""date"": ""2023-03-27""}, {""amount"": 201, ""date"": ""2023-04-07""}, {""amount"": 564, ""date"": ""2023-01-18""}, {""amount"": 638, ""date"": ""2023-09-19""}, {""amount"": 808, ""date"": ""2023-11-09""}, {""amount"": 685, ""date"": ""2023-08-02""}, {""amount"": 911, ""date"": ""2023-11-16""}, {""amount"": 765, ""date"": ""2023-04-25""}, {""amount"": 572, ""date"": ""2023-07-17""}, {""amount"": 418, ""date"": ""2023-07-18""}, {""amount"": 795, ""date"": ""2023-05-22""}, {""amount"": 368, ""date"": ""2023-05-11""}]",True,True,True,True,True
13,Customer_13,24.0,8056.0,5442,35,391,0,"[{""amount"": 162, ""date"": ""2023-09-04""}, {""amount"": 868, ""date"": ""2023-01-20""}, {""amount"": 775, ""date"": ""2023-12-09""}, {""amount"": 631, ""date"": ""2023-09-07""}, {""amount"": 735, ""date"": ""2023-01-31""}, {""amount"": 603, ""date"": ""2023-08-26""}, {""amount"": 304, ""date"": ""2023-09-01""}, {""amount"": 803, ""date"": ""2023-01-26""}, {""amount"": 917, ""date"": ""2023-01-18""}]",True,True,True,True,True
14,Customer_14,42.0,4710.0,26068,57,513,0,"[{""amount"": 371, ""date"": ""2023-10-09""}, {""amount"": 179, ""date"": ""2023-11-10""}, {""amount"": 383, ""date"": ""2023-09-24""}, {""amount"": 364, ""date"": ""2023-08-30""}, {""amount"": 828, ""date"": ""2023-05-29""}]",True,True,False,True,False
15,Customer_15,42.0,16591.0,48392,23,407,0,"[{""amount"": 819, ""date"": ""2023-08-11""}, {""amount"": 279, ""date"": ""2023-12-12""}, {""amount"": 584, ""date"": ""2023-02-26""}, {""amount"": 866, ""date"": ""2023-05-18""}, {""amount"": 978, ""date"": ""2023-12-18""}, {""amount"": 263, ""date"": ""2023-09-30""}, {""amount"": 203, ""date"": ""2023-09-27""}, {""amount"": 980, ""date"": ""2023-02-10""}, {""amount"": 453, ""date"": ""2023-04-22""}, {""amount"": 537, ""date"": ""2023-04-18""}, {""amount"": 990, ""date"": ""2023-05-21""}, {""amount"": 109, ""date"": ""2023-02-11""}, {""amount"": 372, ""date"": ""2023-02-05""}, {""amount"": 425, ""date"": ""2023-02-05""}, {""amount"": 553, ""date"": ""2023-04-04""}, {""amount"": 405, ""date"": ""2023-10-16""}, {""amount"": 863, ""date"": ""2023-11-29""}]",True,True,True,True,True
16,Customer_16,30.0,11988.0,38793,49,681,0,"[{""amount"": 719, ""date"": ""2023-10-29""}, {""amount"": 872, ""date"": ""2023-09-19""}, {""amount"": 445, ""date"": ""2023-12-12""}, {""amount"": 282, ""date"": ""2023-02-23""}, {""amount"": 103, ""date"": ""2023-02-14""}, {""amount"": 639, ""date"": ""2023-12-12""}, {""amount"": 400, ""date"": ""2023-06-19""}, {""amount"": 702, ""date"": ""2023-03-26""}]",True,True,True,True,True
17,Customer_17,19.0,9018.0,19036,39,407,0,"[{""amount"": 112, ""date"": ""2023-12-04""}, {""amount"": 705, ""date"": ""2023-11-26""}, {""amount"": 294, ""date"": ""2023-07-13""}, {""amount"": 796, ""date"": ""2023-04-10""}, {""amount"": 887, ""date"": ""2023-08-20""}]",True,True,True,True,True
18,Customer_18,56.0,2123.0,22101,54,773,0,"[{""amount"": 739, ""date"": ""2023-10-21""}, {""amount"": 367, ""date"": ""2023-05-27""}, {""amount"": 731, ""date"": ""2023-10-18""}, {""amount"": 154, ""date"": ""2023-06-03""}, {""amount"": 694, ""date"": ""2023-12-29""}, {""amount"": 783, ""date"": ""2023-05-18""}, {""amount"": 856, ""date"": ""2023-01-28""}, {""amount"": 379, ""date"": ""2023-09-15""}, {""amount"": 478, ""date"": ""2023-09-20""}]",True,True,False,True,False
19,Customer_19,57.0,17811.0,14818,20,799,0,"[{""amount"": 192, ""date"": ""2023-04-06""}, {""amount"": 948, ""date"": ""2023-11-02""}, {""amount"": 457, ""date"": ""2023-04-22""}, {""amount"": 715, ""date"": ""2023-04-11""}, {""amount"": 271, ""date"": ""2023-02-01""}, {""amount"": 165, ""date"": ""2023-09-08""}, {""amount"": 134, ""date"": ""2023-04-11""}, {""amount"": 398, ""date"": ""2023-07-23""}, {""amount"": 319, ""date"": ""2023-08-30""}, {""amount"": 579, ""date"": ""2023-06-18""}, {""amount"": 356, ""date"": ""2023-07-15""}, {""amount"": 422, ""date"": ""2023-03-08""}, {""amount"": 401, ""date"": ""2023-07-29""}, {""amount"": 880, ""date"": ""2023-12-26""}, {""amount"": 589, ""date"": ""2023-12-10""}, {""amount"": 362, ""date"": ""2023-03-28""}, {""amount"": 928, ""date"": ""2023-05-08""}]",True,True,True,True,True
20,Customer_20,41.0,8460.0,36851,48,755,0,"[{""amount"": 668, ""date"": ""2023-07-26""}, {""amount"": 420, ""date"": ""2023-05-05""}, {""amount"": 392, ""date"": ""2023-04-07""}, {""amount"": 840, ""date"": ""2023-01-19""}, {""amount"": 893, ""date"": ""2023-12-17""}, {""amount"": 579, ""date"": ""2023-07-07""}, {""amount"": 627, ""date"": ""2023-08-05""}, {""amount"": 890, ""date"": ""2023-11-19""}]",True,True,True,True,True
21,Customer_21,64.0,7672.0,42864,48,393,0,"[{""amount"": 261, ""date"": ""2023-12-29""}, {""amount"": 472, ""date"": ""2023-04-16""}, {""amount"": 531, ""date"": ""2023-11-12""}, {""amount"": 465, ""date"": ""2023-01-20""}, {""amount"": 178, ""date"": ""2023-10-22""}, {""amount"": 137, ""date"": ""2023-10-19""}, {""amount"": 367, ""date"": ""2023-12-25""}, {""amount"": 768, ""date"": ""2023-08-16""}, {""amount"": 910, ""date"": ""2023-08-12""}, {""amount"": 785, ""date"": ""2023-07-29""}, {""amount"": 653, ""date"": ""2023-12-01""}, {""amount"": 652, ""date"": ""2023-04-25""}]",True,True,False,True,False
22,Customer_22,42.0,11425.0,23281,22,301,0,"[{""amount"": 290, ""date"": ""2023-08-12""}, {""amount"": 667, ""date"": ""2023-10-18""}, {""amount"": 850, ""date"": ""2023-10-15""}, {""amount"": 567, ""date"": ""2023-11-10""}, {""amount"": 713, ""date"": ""2023-01-24""}, {""amount"": 688, ""date"": ""2023-08-27""}, {""amount"": 180, ""date"": ""2023-12-20""}, {""amount"": 642, ""date"": ""2023-04-02""}]",True,True,True,True,True
23,Customer_23,35.0,3320.0,21410,53,323,0,"[{""amount"": 330, ""date"": ""2023-12-09""}, {""amount"": 485, ""date"": ""2023-01-15""}, {""amount"": 740, ""date"": ""2023-08-24""}, {""amount"": 109, ""date"": ""2023-10-19""}, {""amount"": 946, ""date"": ""2023-02-02""}, {""amount"": 798, ""date"": ""2023-06-04""}, {""amount"": 368, ""date"": ""2023-11-05""}, {""amount"": 273, ""date"": ""2023-12-01""}, {""amount"": 119, ""date"": ""2023-04-04""}, {""amount"": 474, ""date"": ""2023-12-04""}, {""amount"": 170, ""date"": ""2023-08-28""}, {""amount"": 261, ""date"": ""2023-07-25""}, {""amount"": 314, ""date"": ""2023-10-27""}]",True,True,False,True,False
24,Customer_24,55.0,16395.0,35107,59,515,0,"[{""amount"": 157, ""date"": ""2023-05-31""}, {""amount"": 338, ""date"": ""2023-09-28""}, {""amount"": 968, ""date"": ""2023-03-11""}, {""amount"": 366, ""date"": ""2023-03-09""}, {""amount"": 104, ""date"": ""2023-06-30""}]",True,True,True,True,True
25,Customer_25,43.0,4538.0,37747,7,644,0,"[{""amount"": 408, ""date"": ""2023-08-11""}, {""amount"": 489, ""date"": ""2023-01-12""}, {""amount"": 160, ""date"": ""2023-05-22""}, {""amount"": 752, ""date"": ""2023-11-09""}, {""amount"": 489, ""date"": ""2023-11-10""}, {""amount"": 514, ""date"": ""2023-08-15""}, {""amount"": 478, ""date"": ""2023-11-14""}, {""amount"": 741, ""date"": ""2023-10-27""}, {""amount"": 500, ""date"": ""2023-02-22""}, {""amount"": 536, ""date"": ""2023-05-03""}, {""amount"": 980, ""date"": ""2023-01-08""}, {""amount"": 246, ""date"": ""2023-05-31""}, {""amount"": 898, ""date"": ""2023-11-21""}, {""amount"": 963, ""date"": ""2023-06-27""}, {""amount"": 852, ""date"": ""2023-05-18""}, {""amount"": 237, ""date"": ""2023-06-12""}, {""amount"": 842, ""date"": ""2023-09-05""}]",True,True,False,True,False
26,Customer_26,31.0,11694.0,14965,48,645,0,"[{""amount"": 176, ""date"": ""2023-05-17""}, {""amount"": 995, ""date"": ""2023-08-27""}, {""amount"": 124, ""date"": ""2023-06-14""}, {""amount"": 219, ""date"": ""2023-09-23""}, {""amount"": 106, ""date"": ""2023-09-22""}, {""amount"": 860, ""date"": ""2023-03-23""}, {""amount"": 429, ""date"": ""2023-05-10""}, {""amount"": 776, ""date"": ""2023-01-01""}, {""amount"": 670, ""date"": ""2023-10-25""}, {""amount"": 818, ""date"": ""2023-02-24""}, {""amount"": 575, ""date"": ""2023-01-27""}, {""amount"": 774, ""date"": ""2023-07-17""}, {""amount"": 226, ""date"": ""2023-01-08""}, {""amount"": 854, ""date"": ""2023-07-30""}, {""amount"": 348, ""date"": ""2023-06-07""}, {""amount"": 611, ""date"": ""2023-08-19""}, {""amount"": 308, ""date"": ""2023-11-14""}, {""amount"": 662, ""date"": ""2023-09-17""}, {""amount"": 789, ""date"": ""2023-04-01""}]",True,True,True,True,True
27,Customer_27,26.0,16561.0,13760,59,625,0,"[{""amount"": 453, ""date"": ""2023-08-05""}, {""amount"": 537, ""date"": ""2023-10-26""}, {""amount"": 774, ""date"": ""2023-07-22""}, {""amount"": 934, ""date"": ""2023-03-07""}, {""amount"": 605, ""date"": ""2023-09-25""}, {""amount"": 986, ""date"": ""2023-11-24""}, {""amount"": 519, ""date"": ""2023-05-26""}]",True,True,True,True,True
28,Customer_28,27.0,9774.0,13250,6,380,0,"[{""amount"": 556, ""date"": ""2023-02-07""}, {""amount"": 388, ""date"": ""2023-07-13""}, {""amount"": 717, ""date"": ""2023-01-05""}, {""amount"": 850, ""date"": ""2023-07-29""}, {""amount"": 576, ""date"": ""2023-12-18""}, {""amount"": 309, ""date"": ""2023-06-14""}, {""amount"": 548, ""date"": ""2023-08-26""}, {""amount"": 183, ""date"": ""2023-10-09""}, {""amount"": 129, ""date"": ""2023-09-13""}, {""amount"": 363, ""date"": ""2023-04-01""}, {""amount"": 490, ""date"": ""2023-06-09""}, {""amount"": 543, ""date"": ""2023-03-09""}, {""amount"": 360, ""date"": ""2023-09-15""}]",True,True,True,True,True
29,Customer_29,38.0,13941.0,32665,57,651,0,"[{""amount"": 748, ""date"": ""2023-11-16""}, {""amount"": 389, ""date"": ""2023-06-11""}, {""amount"": 475, ""date"": ""2023-01-30""}, {""amount"": 826, ""date"": ""2023-11-16""}, {""amount"": 509, ""date"": ""2023-04-04""}, {""amount"": 668, ""date"": ""2023-07-15""}, {""amount"": 462, ""date"": ""2023-12-14""}, {""amount"": 396, ""date"": ""2023-09-02""}, {""amount"": 208, ""date"": ""2023-09-27""}, {""amount"": 190, ""date"": ""2023-06-22""}, {""amount"": 636, ""date"": ""2023-12-21""}, {""amount"": 276, ""date"": ""2023-06-03""}, {""amount"": 800, ""date"": ""2023-02-01""}, {""amount"": 627, ""date"": ""2023-08-03""}, {""amount"": 581, ""date"": ""2023-05-20""}, {""amount"": 245, ""date"": ""2023-10-12""}, {""amount"": 399, ""date"": ""2023-05-08""}]",True,True,True,True,True
30,Customer_30,69.0,12456.0,34910,21,540,0,"[{""amount"": 464, ""date"": ""2023-02-06""}, {""amount"": 364, ""date"": ""2023-10-31""}, {""amount"": 873, ""date"": ""2023-01-31""}, {""amount"": 800, ""date"": ""2023-06-25""}, {""amount"": 919, ""date"": ""2023-01-03""}, {""amount"": 312, ""date"": ""2023-12-11""}, {""amount"": 592, ""date"": ""2023-07-10""}, {""amount"": 439, ""date"": ""2023-02-03""}, {""amount"": 906, ""date"": ""2023-03-22""}]",True,True,True,True,True
31,Customer_31,34.0,9011.0,20199,22,798,0,"[{""amount"": 776, ""date"": ""2023-09-29""}, {""amount"": 777, ""date"": ""2023-04-29""}, {""amount"": 970, ""date"": ""2023-09-24""}, {""amount"": 845, ""date"": ""2023-11-04""}, {""amount"": 247, ""date"": ""2023-07-01""}, {""amount"": 525, ""date"": ""2023-09-23""}, {""amount"": 173, ""date"": ""2023-06-07""}, {""amount"": 165, ""date"": ""2023-11-08""}]",True,True,True,True,True
32,Customer_32,69.0,9837.0,44132,14,653,0,"[{""amount"": 196, ""date"": ""2023-02-28""}, {""amount"": 258, ""date"": ""2023-10-20""}, {""amount"": 510, ""date"": ""2023-06-18""}, {""amount"": 228, ""date"": ""2023-11-11""}, {""amount"": 579, ""date"": ""2023-02-02""}, {""amount"": 117, ""date"": ""2023-09-21""}, {""amount"": 474, ""date"": ""2023-05-25""}, {""amount"": 739, ""date"": ""2023-12-29""}]",True,True,True,True,True
33,Customer_33,23.0,18151.0,36949,47,754,0,"[{""amount"": 386, ""date"": ""2023-12-05""}, {""amount"": 813, ""date"": ""2023-05-29""}, {""amount"": 285, ""date"": ""2023-07-24""}, {""amount"": 883, ""date"": ""2023-08-02""}, {""amount"": 782, ""date"": ""2023-06-16""}, {""amount"": 505, ""date"": ""2023-05-20""}, {""amount"": 342, ""date"": ""2023-11-22""}, {""amount"": 185, ""date"": ""2023-04-29""}, {""amount"": 570, ""date"": ""2023-04-18""}, {""amount"": 574, ""date"": ""2023-10-01""}, {""amount"": 761, ""date"": ""2023-11-04""}, {""amount"": 358, ""date"": ""2023-02-28""}, {""amount"": 660, ""date"": ""2023-02-11""}, {""amount"": 897, ""date"": ""2023-08-06""}, {""amount"": 964, ""date"": ""2023-03-18""}, {""amount"": 661, ""date"": ""2023-06-25""}, {""amount"": 217, ""date"": ""2023-02-08""}, {""amount"": 912, ""date"": ""2023-03-23""}, {""amount"": 483, ""date"": ""2023-06-07""}]",True,True,True,True,True
34,Customer_34,33.0,3408.0,29967,26,352,0,"[{""amount"": 306, ""date"": ""2023-06-14""}, {""amount"": 277, ""date"": ""2023-03-21""}, {""amount"": 515, ""date"": ""2023-03-06""}, {""amount"": 627, ""date"": ""2023-12-16""}, {""amount"": 971, ""date"": ""2023-07-06""}, {""amount"": 902, ""date"": ""2023-03-19""}, {""amount"": 534, ""date"": ""2023-05-04""}, {""amount"": 834, ""date"": ""2023-12-20""}, {""amount"": 922, ""date"": ""2023-04-27""}]",True,True,False,True,False
35,Customer_35,65.0,3111.0,48290,60,370,1,"[{""amount"": 415, ""date"": ""2023-05-05""}, {""amount"": 503, ""date"": ""2023-01-05""}, {""amount"": 303, ""date"": ""2023-06-28""}, {""amount"": 690, ""date"": ""2023-06-25""}, {""amount"": 560, ""date"": ""2023-12-25""}, {""amount"": 782, ""date"": ""2023-11-02""}, {""amount"": 640, ""date"": ""2023-03-26""}, {""amount"": 324, ""date"": ""2023-12-30""}]",True,True,False,True,False
36,Customer_36,18.0,5877.0,44185,49,631,0,"[{""amount"": 736, ""date"": ""2023-08-29""}, {""amount"": 329, ""date"": ""2023-11-09""}, {""amount"": 785, ""date"": ""2023-09-16""}, {""amount"": 941, ""date"": ""2023-01-28""}, {""amount"": 979, ""date"": ""2023-12-16""}, {""amount"": 390, ""date"": ""2023-11-09""}, {""amount"": 380, ""date"": ""2023-06-20""}, {""amount"": 657, ""date"": ""2023-07-22""}, {""amount"": 593, ""date"": ""2023-01-13""}, {""amount"": 104, ""date"": ""2023-09-04""}, {""amount"": 837, ""date"": ""2023-04-11""}]",True,True,False,True,False
37,Customer_37,36.0,15657.0,11852,31,545,0,"[{""amount"": 193, ""date"": ""2023-06-16""}, {""amount"": 430, ""date"": ""2023-02-12""}, {""amount"": 903, ""date"": ""2023-12-21""}, {""amount"": 670, ""date"": ""2023-07-24""}, {""amount"": 633, ""date"": ""2023-03-12""}, {""amount"": 579, ""date"": ""2023-05-21""}, {""amount"": 398, ""date"": ""2023-07-14""}, {""amount"": 251, ""date"": ""2023-11-27""}, {""amount"": 341, ""date"": ""2023-07-23""}]",True,True,True,True,True
38,Customer_38,53.0,17494.0,32055,6,401,0,"[{""amount"": 204, ""date"": ""2023-08-15""}, {""amount"": 693, ""date"": ""2023-03-10""}, {""amount"": 254, ""date"": ""2023-02-10""}, {""amount"": 875, ""date"": ""2023-05-11""}, {""amount"": 198, ""date"": ""2023-04-08""}, {""amount"": 271, ""date"": ""2023-10-13""}, {""amount"": 848, ""date"": ""2023-11-19""}, {""amount"": 562, ""date"": ""2023-08-30""}, {""amount"": 983, ""date"": ""2023-07-22""}, {""amount"": 304, ""date"": ""2023-10-30""}, {""amount"": 980, ""date"": ""2023-11-06""}]",True,True,True,True,True
39,Customer_39,42.0,16552.0,49766,55,803,0,"[{""amount"": 114, ""date"": ""2023-06-08""}, {""amount"": 818, ""date"": ""2023-08-30""}, {""amount"": 169, ""date"": ""2023-08-30""}, {""amount"": 720, ""date"": ""2023-05-25""}, {""amount"": 866, ""date"": ""2023-09-21""}, {""amount"": 759, ""date"": ""2023-09-16""}, {""amount"": 416, ""date"": ""2023-06-10""}, {""amount"": 711, ""date"": ""2023-05-27""}, {""amount"": 151, ""date"": ""2023-02-17""}, {""amount"": 989, ""date"": ""2023-03-03""}, {""amount"": 934, ""date"": ""2023-07-02""}]",True,True,True,True,True
40,Customer_40,67.0,19911.0,22756,45,837,1,"[{""amount"": 782, ""date"": ""2023-11-23""}, {""amount"": 121, ""date"": ""2023-10-29""}, {""amount"": 363, ""date"": ""2023-03-15""}, {""amount"": 211, ""date"": ""2023-08-06""}, {""amount"": 602, ""date"": ""2023-07-19""}, {""amount"": 360, ""date"": ""2023-04-24""}, {""amount"": 311, ""date"": ""2023-07-21""}, {""amount"": 831, ""date"": ""2023-05-29""}, {""amount"": 881, ""date"": ""2023-08-13""}, {""amount"": 755, ""date"": ""2023-05-03""}, {""amount"": 790, ""date"": ""2023-02-23""}, {""amount"": 937, ""date"": ""2023-07-24""}, {""amount"": 270, ""date"": ""2023-05-14""}, {""amount"": 920, ""date"": ""2023-04-23""}]",True,True,True,True,True
41,Customer_41,69.0,19705.0,24961,8,735,0,"[{""amount"": 927, ""date"": ""2023-10-14""}, {""amount"": 235, ""date"": ""2023-08-01""}, {""amount"": 951, ""date"": ""2023-10-18""}, {""amount"": 638, ""date"": ""2023-10-23""}, {""amount"": 694, ""date"": ""2023-05-26""}, {""amount"": 483, ""date"": ""2023-07-12""}, {""amount"": 210, ""date"": ""2023-07-09""}, {""amount"": 666, ""date"": ""2023-05-13""}, {""amount"": 156, ""date"": ""2023-08-06""}, {""amount"": 837, ""date"": ""2023-08-15""}, {""amount"": 235, ""date"": ""2023-06-21""}, {""amount"": 292, ""date"": ""2023-11-02""}, {""amount"": 556, ""date"": ""2023-01-02""}, {""amount"": 841, ""date"": ""2023-06-05""}, {""amount"": 271, ""date"": ""2023-11-11""}, {""amount"": 883, ""date"": ""2023-01-10""}, {""amount"": 892, ""date"": ""2023-12-31""}]",True,True,True,True,True
42,Customer_42,47.0,5952.0,13008,12,312,1,"[{""amount"": 854, ""date"": ""2023-06-24""}, {""amount"": 575, ""date"": ""2023-12-21""}, {""amount"": 145, ""date"": ""2023-03-07""}, {""amount"": 300, ""date"": ""2023-07-27""}, {""amount"": 764, ""date"": ""2023-05-06""}, {""amount"": 729, ""date"": ""2023-01-09""}, {""amount"": 733, ""date"": ""2023-10-23""}, {""amount"": 696, ""date"": ""2023-01-07""}, {""amount"": 328, ""date"": ""2023-10-30""}, {""amount"": 766, ""date"": ""2023-08-29""}, {""amount"": 691, ""date"": ""2023-01-08""}, {""amount"": 485, ""date"": ""2023-10-12""}, {""amount"": 372, ""date"": ""2023-06-07""}, {""amount"": 944, ""date"": ""2023-12-20""}]",True,True,True,True,True
43,Customer_43,37.0,5115.0,25154,9,485,0,"[{""amount"": 598, ""date"": ""2023-06-07""}, {""amount"": 274, ""date"": ""2023-04-05""}, {""amount"": 469, ""date"": ""2023-03-30""}, {""amount"": 499, ""date"": ""2023-11-07""}, {""amount"": 972, ""date"": ""2023-10-29""}, {""amount"": 699, ""date"": ""2023-02-17""}]",True,True,True,True,True
44,Customer_44,37.0,19518.0,12963,36,313,0,"[{""amount"": 142, ""date"": ""2023-05-31""}, {""amount"": 844, ""date"": ""2023-02-02""}, {""amount"": 460, ""date"": ""2023-08-09""}, {""amount"": 671, ""date"": ""2023-10-31""}, {""amount"": 977, ""date"": ""2023-06-06""}, {""amount"": 750, ""date"": ""2023-10-05""}, {""amount"": 815, ""date"": ""2023-12-02""}, {""amount"": 237, ""date"": ""2023-01-25""}, {""amount"": 405, ""date"": ""2023-11-03""}, {""amount"": 536, ""date"": ""2023-09-28""}]",True,True,True,True,True
45,Customer_45,32.0,4963.0,48014,19,662,1,"[{""amount"": 387, ""date"": ""2023-12-24""}, {""amount"": 897, ""date"": ""2023-08-17""}, {""amount"": 736, ""date"": ""2023-06-23""}, {""amount"": 180, ""date"": ""2023-02-28""}, {""amount"": 361, ""date"": ""2023-03-24""}, {""amount"": 789, ""date"": ""2023-07-29""}, {""amount"": 261, ""date"": ""2023-04-17""}, {""amount"": 406, ""date"": ""2023-01-17""}, {""amount"": 697, ""date"": ""2023-10-29""}]",True,True,False,True,False
46,Customer_46,57.0,16102.0,38671,26,595,1,"[{""amount"": 249, ""date"": ""2023-10-10""}, {""amount"": 146, ""date"": ""2023-08-07""}, {""amount"": 360, ""date"": ""2023-02-08""}, {""amount"": 433, ""date"": ""2023-03-15""}, {""amount"": 426, ""date"": ""2023-10-19""}, {""amount"": 112, ""date"": ""2023-05-14""}, {""amount"": 156, ""date"": ""2023-10-12""}, {""amount"": 310, ""date"": ""2023-08-06""}, {""amount"": 327, ""date"": ""2023-12-31""}, {""amount"": 115, ""date"": ""2023-12-18""}, {""amount"": 391, ""date"": ""2023-09-12""}, {""amount"": 832, ""date"": ""2023-04-06""}, {""amount"": 239, ""date"": ""2023-06-03""}, {""amount"": 630, ""date"": ""2023-04-07""}, {""amount"": 160, ""date"": ""2023-04-01""}, {""amount"": 919, ""date"": ""2023-03-10""}, {""amount"": 370, ""date"": ""2023-09-19""}]",True,True,True,True,True
47,Customer_47,50.0,10075.0,40509,58,556,0,"[{""amount"": 228, ""date"": ""2023-06-24""}, {""amount"": 360, ""date"": ""2023-11-14""}, {""amount"": 889, ""date"": ""2023-09-09""}, {""amount"": 312, ""date"": ""2023-02-20""}, {""amount"": 483, ""date"": ""2023-04-22""}]",True,True,True,True,True
48,Customer_48,19.0,17265.0,17151,17,708,0,"[{""amount"": 114, ""date"": ""2023-07-03""}, {""amount"": 809, ""date"": ""2023-04-23""}, {""amount"": 541, ""date"": ""2023-01-04""}, {""amount"": 897, ""date"": ""2023-10-17""}, {""amount"": 916, ""date"": ""2023-06-15""}, {""amount"": 886, ""date"": ""2023-07-21""}, {""amount"": 264, ""date"": ""2023-04-23""}, {""amount"": 167, ""date"": ""2023-08-29""}, {""amount"": 233, ""date"": ""2023-03-05""}, {""amount"": 300, ""date"": ""2023-07-21""}, {""amount"": 501, ""date"": ""2023-12-29""}, {""amount"": 970, ""date"": ""2023-04-22""}]",True,True,True,True,True
49,Customer_49,27.0,6378.0,18816,17,516,0,"[{""amount"": 976, ""date"": ""2023-04-14""}, {""amount"": 615, ""date"": ""2023-08-24""}, {""amount"": 681, ""date"": ""2023-06-22""}, {""amount"": 606, ""date"": ""2023-02-11""}, {""amount"": 399, ""date"": ""2023-03-21""}, {""amount"": 962, ""date"": ""2023-05-25""}, {""amount"": 602, ""date"": ""2023-06-11""}, {""amount"": 273, ""date"": ""2023-02-13""}, {""amount"": 683, ""date"": ""2023-03-23""}, {""amount"": 521, ""date"": ""2023-06-19""}, {""amount"": 394, ""date"": ""2023-02-05""}, {""amount"": 405, ""date"": ""2023-07-29""}]",True,True,True,True,True
50,Customer_50,50.0,13463.0,15266,11,708,1,"[{""amount"": 654, ""date"": ""2023-12-12""}, {""amount"": 428, ""date"": ""2023-06-23""}, {""amount"": 243, ""date"": ""2023-08-28""}, {""amount"": 222, ""date"": ""2023-02-22""}, {""amount"": 463, ""date"": ""2023-08-17""}, {""amount"": 391, ""date"": ""2023-04-09""}, {""amount"": 208, ""date"": ""2023-11-09""}, {""amount"": 997, ""date"": ""2023-08-16""}, {""amount"": 192, ""date"": ""2023-01-28""}, {""amount"": 353, ""date"": ""2023-06-19""}, {""amount"": 342, ""date"": ""2023-01-03""}]",True,True,True,True,True
51,Customer_51,49.0,14527.0,41475,54,394,0,"[{""amount"": 380, ""date"": ""2023-01-20""}, {""amount"": 199, ""date"": ""2023-05-04""}, {""amount"": 391, ""date"": ""2023-08-07""}, {""amount"": 304, ""date"": ""2023-06-04""}, {""amount"": 978, ""date"": ""2023-09-29""}, {""amount"": 524, ""date"": ""2023-04-12""}, {""amount"": 115, ""date"": ""2023-12-08""}, {""amount"": 250, ""date"": ""2023-07-06""}, {""amount"": 223, ""date"": ""2023-08-19""}, {""amount"": 103, ""date"": ""2023-03-31""}, {""amount"": 947, ""date"": ""2023-08-06""}, {""amount"": 807, ""date"": ""2023-02-28""}, {""amount"": 337, ""date"": ""2023-07-08""}, {""amount"": 848, ""date"": ""2023-10-07""}, {""amount"": 743, ""date"": ""2023-12-10""}, {""amount"": 965, ""date"": ""2023-05-18""}, {""amount"": 514, ""date"": ""2023-05-09""}, {""amount"": 563, ""date"": ""2023-10-10""}, {""amount"": 673, ""date"": ""2023-11-14""}]",True,True,True,True,True
52,Customer_52,28.0,6452.0,25913,22,666,1,"[{""amount"": 726, ""date"": ""2023-01-03""}, {""amount"": 301, ""date"": ""2023-06-12""}, {""amount"": 900, ""date"": ""2023-03-27""}, {""amount"": 678, ""date"": ""2023-07-08""}, {""amount"": 129, ""date"": ""2023-01-09""}, {""amount"": 184, ""date"": ""2023-08-13""}, {""amount"": 157, ""date"": ""2023-06-06""}, {""amount"": 519, ""date"": ""2023-09-14""}, {""amount"": 850, ""date"": ""2023-09-01""}, {""amount"": 814, ""date"": ""2023-04-21""}, {""amount"": 421, ""date"": ""2023-03-02""}, {""amount"": 174, ""date"": ""2023-07-05""}, {""amount"": 596, ""date"": ""2023-08-10""}, {""amount"": 686, ""date"": ""2023-11-12""}, {""amount"": 156, ""date"": ""2023-02-20""}]",True,True,True,True,True
53,Customer_53,70.0,8743.0,20892,19,794,0,"[{""amount"": 859, ""date"": ""2023-10-16""}, {""amount"": 904, ""date"": ""2023-04-26""}, {""amount"": 325, ""date"": ""2023-10-19""}, {""amount"": 589, ""date"": ""2023-01-06""}, {""amount"": 322, ""date"": ""2023-06-21""}, {""amount"": 197, ""date"": ""2023-10-12""}, {""amount"": 493, ""date"": ""2023-04-12""}, {""amount"": 866, ""date"": ""2023-12-30""}]",True,True,True,True,True
54,Customer_54,41.0,11621.0,24319,14,386,0,"[{""amount"": 209, ""date"": ""2023-04-05""}, {""amount"": 579, ""date"": ""2023-02-27""}, {""amount"": 549, ""date"": ""2023-05-27""}, {""amount"": 866, ""date"": ""2023-07-03""}, {""amount"": 821, ""date"": ""2023-06-16""}, {""amount"": 255, ""date"": ""2023-08-23""}, {""amount"": 363, ""date"": ""2023-09-05""}, {""amount"": 591, ""date"": ""2023-08-24""}, {""amount"": 218, ""date"": ""2023-07-07""}, {""amount"": 972, ""date"": ""2023-09-07""}, {""amount"": 346, ""date"": ""2023-08-13""}, {""amount"": 965, ""date"": ""2023-08-22""}, {""amount"": 830, ""date"": ""2023-06-26""}, {""amount"": 770, ""date"": ""2023-03-30""}, {""amount"": 459, ""date"": ""2023-02-14""}, {""amount"": 798, ""date"": ""2023-12-04""}, {""amount"": 821, ""date"": ""2023-02-14""}, {""amount"": 261, ""date"": ""2023-11-09""}]",True,True,True,True,True
55,Customer_55,53.0,7630.0,11584,33,815,0,"[{""amount"": 530, ""date"": ""2023-09-20""}, {""amount"": 331, ""date"": ""2023-05-29""}, {""amount"": 997, ""date"": ""2023-07-29""}, {""amount"": 683, ""date"": ""2023-02-06""}, {""amount"": 460, ""date"": ""2023-02-11""}, {""amount"": 269, ""date"": ""2023-11-15""}, {""amount"": 814, ""date"": ""2023-01-08""}, {""amount"": 929, ""date"": ""2023-03-14""}, {""amount"": 981, ""date"": ""2023-05-31""}, {""amount"": 371, ""date"": ""2023-08-06""}]",True,True,True,True,True
56,Customer_56,29.0,13528.0,29509,12,506,0,"[{""amount"": 645, ""date"": ""2023-08-16""}, {""amount"": 266, ""date"": ""2023-10-14""}, {""amount"": 976, ""date"": ""2023-10-25""}, {""amount"": 433, ""date"": ""2023-06-13""}, {""amount"": 685, ""date"": ""2023-12-31""}, {""amount"": 863, ""date"": ""2023-09-26""}, {""amount"": 162, ""date"": ""2023-05-23""}, {""amount"": 582, ""date"": ""2023-07-24""}, {""amount"": 461, ""date"": ""2023-04-23""}, {""amount"": 453, ""date"": ""2023-11-28""}, {""amount"": 348, ""date"": ""2023-07-07""}, {""amount"": 666, ""date"": ""2023-08-03""}, {""amount"": 968, ""date"": ""2023-07-01""}, {""amount"": 923, ""date"": ""2023-03-08""}, {""amount"": 164, ""date"": ""2023-12-02""}]",True,True,True,True,True
57,Customer_57,68.0,5366.0,34111,50,765,0,"[{""amount"": 597, ""date"": ""2023-10-27""}, {""amount"": 829, ""date"": ""2023-06-02""}, {""amount"": 800, ""date"": ""2023-01-04""}, {""amount"": 465, ""date"": ""2023-10-04""}, {""amount"": 935, ""date"": ""2023-02-17""}, {""amount"": 658, ""date"": ""2023-09-08""}, {""amount"": 930, ""date"": ""2023-08-13""}, {""amount"": 212, ""date"": ""2023-06-23""}, {""amount"": 543, ""date"": ""2023-04-27""}, {""amount"": 798, ""date"": ""2023-01-07""}, {""amount"": 180, ""date"": ""2023-04-25""}, {""amount"": 163, ""date"": ""2023-03-29""}, {""amount"": 504, ""date"": ""2023-11-10""}, {""amount"": 963, ""date"": ""2023-01-27""}, {""amount"": 810, ""date"": ""2023-07-25""}]",True,True,False,True,False
58,Customer_58,46.0,9078.0,7688,60,644,0,"[{""amount"": 799, ""date"": ""2023-07-06""}, {""amount"": 662, ""date"": ""2023-12-17""}, {""amount"": 202, ""date"": ""2023-08-24""}, {""amount"": 668, ""date"": ""2023-12-24""}, {""amount"": 657, ""date"": ""2023-11-01""}]",True,True,True,True,True
59,Customer_59,52.0,10804.0,37358,48,388,0,"[{""amount"": 325, ""date"": ""2023-03-10""}, {""amount"": 940, ""date"": ""2023-09-30""}, {""amount"": 218, ""date"": ""2023-09-15""}, {""amount"": 279, ""date"": ""2023-06-23""}, {""amount"": 692, ""date"": ""2023-10-22""}, {""amount"": 596, ""date"": ""2023-09-18""}, {""amount"": 727, ""date"": ""2023-10-10""}, {""amount"": 848, ""date"": ""2023-03-17""}, {""amount"": 873, ""date"": ""2023-06-16""}, {""amount"": 591, ""date"": ""2023-06-08""}, {""amount"": 124, ""date"": ""2023-02-15""}, {""amount"": 245, ""date"": ""2023-07-17""}, {""amount"": 795, ""date"": ""2023-11-15""}, {""amount"": 190, ""date"": ""2023-09-27""}, {""amount"": 376, ""date"": ""2023-05-06""}, {""amount"": 616, ""date"": ""2023-07-27""}, {""amount"": 414, ""date"": ""2023-07-09""}, {""amount"": 140, ""date"": ""2023-11-27""}]",True,True,True,True,True
60,Customer_60,18.0,2571.0,21787,10,399,0,"[{""amount"": 753, ""date"": ""2023-12-22""}, {""amount"": 687, ""date"": ""2023-07-12""}, {""amount"": 520, ""date"": ""2023-06-08""}, {""amount"": 234, ""date"": ""2023-09-11""}, {""amount"": 992, ""date"": ""2023-04-23""}, {""amount"": 590, ""date"": ""2023-05-26""}, {""amount"": 653, ""date"": ""2023-04-09""}, {""amount"": 741, ""date"": ""2023-12-03""}, {""amount"": 164, ""date"": ""2023-08-03""}, {""amount"": 895, ""date"": ""2023-04-28""}, {""amount"": 252, ""date"": ""2023-08-15""}, {""amount"": 742, ""date"": ""2023-10-14""}, {""amount"": 611, ""date"": ""2023-10-14""}, {""amount"": 937, ""date"": ""2023-11-16""}, {""amount"": 607, ""date"": ""2023-08-05""}, {""amount"": 561, ""date"": ""2023-02-07""}]",True,True,False,True,False
61,Customer_61,18.0,19285.0,24506,46,542,0,"[{""amount"": 375, ""date"": ""2023-11-19""}, {""amount"": 796, ""date"": ""2023-01-18""}, {""amount"": 452, ""date"": ""2023-11-13""}, {""amount"": 645, ""date"": ""2023-10-02""}, {""amount"": 526, ""date"": ""2023-04-08""}, {""amount"": 909, ""date"": ""2023-05-10""}, {""amount"": 210, ""date"": ""2023-03-18""}]",True,True,True,True,True
62,Customer_62,54.0,8182.0,41254,47,504,0,"[{""amount"": 416, ""date"": ""2023-12-13""}, {""amount"": 655, ""date"": ""2023-06-17""}, {""amount"": 412, ""date"": ""2023-08-11""}, {""amount"": 507, ""date"": ""2023-04-15""}, {""amount"": 890, ""date"": ""2023-03-08""}]",True,True,False,True,False
63,Customer_63,23.0,13939.0,8621,21,640,0,"[{""amount"": 798, ""date"": ""2023-05-05""}, {""amount"": 244, ""date"": ""2023-12-20""}, {""amount"": 791, ""date"": ""2023-04-26""}, {""amount"": 690, ""date"": ""2023-08-12""}, {""amount"": 147, ""date"": ""2023-02-17""}, {""amount"": 606, ""date"": ""2023-04-21""}, {""amount"": 122, ""date"": ""2023-01-29""}, {""amount"": 431, ""date"": ""2023-03-15""}, {""amount"": 997, ""date"": ""2023-04-10""}, {""amount"": 888, ""date"": ""2023-12-13""}, {""amount"": 735, ""date"": ""2023-06-22""}, {""amount"": 496, ""date"": ""2023-08-28""}, {""amount"": 717, ""date"": ""2023-06-20""}, {""amount"": 179, ""date"": ""2023-11-05""}]",True,True,True,True,True
64,Customer_64,56.0,18305.0,6918,6,307,0,"[{""amount"": 809, ""date"": ""2023-08-02""}, {""amount"": 896, ""date"": ""2023-10-22""}, {""amount"": 491, ""date"": ""2023-01-20""}, {""amount"": 490, ""date"": ""2023-03-18""}, {""amount"": 237, ""date"": ""2023-01-27""}, {""amount"": 248, ""date"": ""2023-12-25""}, {""amount"": 648, ""date"": ""2023-06-09""}, {""amount"": 397, ""date"": ""2023-08-01""}, {""amount"": 756, ""date"": ""2023-06-09""}, {""amount"": 147, ""date"": ""2023-09-01""}, {""amount"": 714, ""date"": ""2023-02-06""}, {""amount"": 853, ""date"": ""2023-06-01""}, {""amount"": 382, ""date"": ""2023-11-04""}, {""amount"": 660, ""date"": ""2023-11-30""}, {""amount"": 217, ""date"": ""2023-06-08""}, {""amount"": 219, ""date"": ""2023-03-21""}]",True,True,True,True,True
65,Customer_65,58.0,7839.0,41841,45,386,0,"[{""amount"": 943, ""date"": ""2023-03-06""}, {""amount"": 256, ""date"": ""2023-08-17""}, {""amount"": 539, ""date"": ""2023-04-14""}, {""amount"": 418, ""date"": ""2023-08-27""}, {""amount"": 798, ""date"": ""2023-08-15""}, {""amount"": 426, ""date"": ""2023-02-15""}, {""amount"": 263, ""date"": ""2023-02-23""}]",True,True,False,True,False
66,Customer_66,70.0,11481.0,17933,43,507,0,"[{""amount"": 305, ""date"": ""2023-07-27""}, {""amount"": 854, ""date"": ""2023-08-25""}, {""amount"": 609, ""date"": ""2023-08-08""}, {""amount"": 548, ""date"": ""2023-11-27""}, {""amount"": 366, ""date"": ""2023-07-15""}, {""amount"": 780, ""date"": ""2023-11-08""}, {""amount"": 996, ""date"": ""2023-10-19""}, {""amount"": 768, ""date"": ""2023-12-17""}, {""amount"": 797, ""date"": ""2023-03-23""}, {""amount"": 169, ""date"": ""2023-08-14""}, {""amount"": 986, ""date"": ""2023-08-24""}, {""amount"": 913, ""date"": ""2023-09-19""}, {""amount"": 892, ""date"": ""2023-08-28""}]",True,True,True,True,True
67,Customer_67,35.0,14279.0,13144,12,332,0,"[{""amount"": 625, ""date"": ""2023-06-01""}, {""amount"": 449, ""date"": ""2023-07-23""}, {""amount"": 575, ""date"": ""2023-06-23""}, {""amount"": 335, ""date"": ""2023-07-14""}, {""amount"": 525, ""date"": ""2023-01-08""}, {""amount"": 755, ""date"": ""2023-05-04""}, {""amount"": 142, ""date"": ""2023-08-19""}, {""amount"": 341, ""date"": ""2023-11-29""}, {""amount"": 564, ""date"": ""2023-06-07""}, {""amount"": 955, ""date"": ""2023-11-24""}]",True,True,True,True,True
68,Customer_68,33.0,9300.0,25925,57,333,0,"[{""amount"": 936, ""date"": ""2023-02-01""}, {""amount"": 260, ""date"": ""2023-04-12""}, {""amount"": 498, ""date"": ""2023-11-19""}, {""amount"": 116, ""date"": ""2023-06-09""}, {""amount"": 226, ""date"": ""2023-04-26""}, {""amount"": 123, ""date"": ""2023-08-06""}, {""amount"": 383, ""date"": ""2023-08-10""}, {""amount"": 379, ""date"": ""2023-11-29""}, {""amount"": 841, ""date"": ""2023-10-24""}, {""amount"": 534, ""date"": ""2023-09-26""}, {""amount"": 413, ""date"": ""2023-06-13""}, {""amount"": 804, ""date"": ""2023-12-17""}, {""amount"": 629, ""date"": ""2023-02-25""}, {""amount"": 384, ""date"": ""2023-06-26""}, {""amount"": 941, ""date"": ""2023-05-11""}, {""amount"": 903, ""date"": ""2023-09-24""}, {""amount"": 653, ""date"": ""2023-03-14""}, {""amount"": 208, ""date"": ""2023-01-27""}, {""amount"": 310, ""date"": ""2023-05-29""}]",True,True,True,True,True
69,Customer_69,22.0,11822.0,35495,35,633,0,"[{""amount"": 590, ""date"": ""2023-01-14""}, {""amount"": 114, ""date"": ""2023-05-20""}, {""amount"": 467, ""date"": ""2023-11-01""}, {""amount"": 286, ""date"": ""2023-09-22""}, {""amount"": 597, ""date"": ""2023-02-10""}, {""amount"": 148, ""date"": ""2023-06-12""}, {""amount"": 265, ""date"": ""2023-12-22""}, {""amount"": 721, ""date"": ""2023-10-24""}, {""amount"": 733, ""date"": ""2023-01-11""}, {""amount"": 147, ""date"": ""2023-01-24""}, {""amount"": 156, ""date"": ""2023-06-16""}, {""amount"": 232, ""date"": ""2023-11-15""}, {""amount"": 787, ""date"": ""2023-10-10""}, {""amount"": 811, ""date"": ""2023-09-02""}, {""amount"": 343, ""date"": ""2023-04-01""}, {""amount"": 125, ""date"": ""2023-10-25""}]",True,True,True,True,True
70,Customer_70,59.0,3291.0,5966,53,815,0,"[{""amount"": 259, ""date"": ""2023-09-05""}, {""amount"": 282, ""date"": ""2023-05-11""}, {""amount"": 546, ""date"": ""2023-11-08""}, {""amount"": 744, ""date"": ""2023-01-29""}, {""amount"": 369, ""date"": ""2023-01-26""}, {""amount"": 961, ""date"": ""2023-04-24""}, {""amount"": 182, ""date"": ""2023-01-23""}, {""amount"": 534, ""date"": ""2023-04-20""}, {""amount"": 452, ""date"": ""2023-02-09""}]",True,True,True,True,True
71,Customer_71,60.0,4532.0,8275,31,723,0,"[{""amount"": 678, ""date"": ""2023-11-09""}, {""amount"": 767, ""date"": ""2023-03-20""}, {""amount"": 440, ""date"": ""2023-06-10""}, {""amount"": 731, ""date"": ""2023-06-02""}, {""amount"": 431, ""date"": ""2023-03-20""}, {""amount"": 114, ""date"": ""2023-08-25""}]",True,True,True,True,True
72,Customer_72,49.0,4129.0,47641,18,548,0,"[{""amount"": 492, ""date"": ""2023-10-29""}, {""amount"": 601, ""date"": ""2023-08-06""}, {""amount"": 981, ""date"": ""2023-03-29""}, {""amount"": 365, ""date"": ""2023-11-04""}, {""amount"": 716, ""date"": ""2023-03-04""}, {""amount"": 110, ""date"": ""2023-03-21""}, {""amount"": 523, ""date"": ""2023-09-18""}, {""amount"": 867, ""date"": ""2023-06-11""}, {""amount"": 302, ""date"": ""2023-02-23""}]",True,True,False,True,False
73,Customer_73,19.0,14230.0,26151,6,746,1,"[{""amount"": 422, ""date"": ""2023-06-25""}, {""amount"": 929, ""date"": ""2023-02-04""}, {""amount"": 374, ""date"": ""2023-12-31""}, {""amount"": 617, ""date"": ""2023-10-11""}, {""amount"": 247, ""date"": ""2023-04-28""}, {""amount"": 180, ""date"": ""2023-04-10""}, {""amount"": 909, ""date"": ""2023-05-20""}]",True,True,True,True,True
74,Customer_74,19.0,14180.0,25570,58,362,0,"[{""amount"": 339, ""date"": ""2023-11-10""}, {""amount"": 548, ""date"": ""2023-10-21""}, {""amount"": 650, ""date"": ""2023-09-28""}, {""amount"": 815, ""date"": ""2023-09-24""}, {""amount"": 827, ""date"": ""2023-05-16""}, {""amount"": 315, ""date"": ""2023-03-30""}, {""amount"": 245, ""date"": ""2023-09-30""}, {""amount"": 220, ""date"": ""2023-10-12""}, {""amount"": 470, ""date"": ""2023-01-22""}, {""amount"": 822, ""date"": ""2023-01-12""}, {""amount"": 316, ""date"": ""2023-03-31""}, {""amount"": 446, ""date"": ""2023-08-19""}, {""amount"": 115, ""date"": ""2023-10-21""}, {""amount"": 709, ""date"": ""2023-01-22""}, {""amount"": 177, ""date"": ""2023-04-05""}]",True,True,True,True,True
75,Customer_75,57.0,7802.0,34735,56,583,0,"[{""amount"": 767, ""date"": ""2023-08-15""}, {""amount"": 705, ""date"": ""2023-01-03""}, {""amount"": 495, ""date"": ""2023-10-18""}, {""amount"": 986, ""date"": ""2023-11-18""}, {""amount"": 343, ""date"": ""2023-03-15""}, {""amount"": 186, ""date"": ""2023-12-11""}, {""amount"": 423, ""date"": ""2023-07-09""}, {""amount"": 709, ""date"": ""2023-12-11""}, {""amount"": 995, ""date"": ""2023-06-05""}]",True,True,True,True,True
76,Customer_76,59.0,10058.0,38525,55,665,0,"[{""amount"": 560, ""date"": ""2023-04-14""}, {""amount"": 190, ""date"": ""2023-04-12""}, {""amount"": 728, ""date"": ""2023-06-09""}, {""amount"": 906, ""date"": ""2023-03-01""}, {""amount"": 256, ""date"": ""2023-05-16""}, {""amount"": 883, ""date"": ""2023-02-04""}, {""amount"": 241, ""date"": ""2023-03-30""}, {""amount"": 793, ""date"": ""2023-09-05""}]",True,True,True,True,True
77,Customer_77,53.0,19553.0,44492,34,530,0,"[{""amount"": 567, ""date"": ""2023-02-27""}, {""amount"": 532, ""date"": ""2023-08-15""}, {""amount"": 188, ""date"": ""2023-05-30""}, {""amount"": 981, ""date"": ""2023-09-01""}, {""amount"": 139, ""date"": ""2023-06-21""}, {""amount"": 964, ""date"": ""2023-05-05""}, {""amount"": 244, ""date"": ""2023-01-06""}, {""amount"": 515, ""date"": ""2023-01-21""}, {""amount"": 383, ""date"": ""2023-08-02""}, {""amount"": 810, ""date"": ""2023-10-07""}, {""amount"": 852, ""date"": ""2023-08-20""}, {""amount"": 795, ""date"": ""2023-02-01""}, {""amount"": 152, ""date"": ""2023-05-06""}, {""amount"": 924, ""date"": ""2023-06-20""}, {""amount"": 856, ""date"": ""2023-08-16""}, {""amount"": 831, ""date"": ""2023-08-16""}]",True,True,True,True,True
78,Customer_78,56.0,8613.0,15619,13,731,0,"[{""amount"": 733, ""date"": ""2023-10-22""}, {""amount"": 582, ""date"": ""2023-05-31""}, {""amount"": 259, ""date"": ""2023-03-31""}, {""amount"": 358, ""date"": ""2023-05-14""}, {""amount"": 835, ""date"": ""2023-06-07""}, {""amount"": 972, ""date"": ""2023-12-07""}]",True,True,True,True,True
79,Customer_79,29.0,18567.0,9223,7,636,0,"[{""amount"": 540, ""date"": ""2023-06-03""}, {""amount"": 144, ""date"": ""2023-08-13""}, {""amount"": 717, ""date"": ""2023-10-19""}, {""amount"": 187, ""date"": ""2023-01-03""}, {""amount"": 438, ""date"": ""2023-09-24""}, {""amount"": 788, ""date"": ""2023-11-01""}, {""amount"": 639, ""date"": ""2023-01-29""}, {""amount"": 220, ""date"": ""2023-04-12""}, {""amount"": 325, ""date"": ""2023-04-30""}, {""amount"": 749, ""date"": ""2023-10-04""}, {""amount"": 511, ""date"": ""2023-01-06""}, {""amount"": 319, ""date"": ""2023-07-22""}, {""amount"": 329, ""date"": ""2023-10-07""}, {""amount"": 599, ""date"": ""2023-12-22""}, {""amount"": 149, ""date"": ""2023-12-23""}, {""amount"": 162, ""date"": ""2023-01-12""}, {""amount"": 348, ""date"": ""2023-11-30""}, {""amount"": 859, ""date"": ""2023-01-14""}]",True,True,True,True,True
80,Customer_80,64.0,17972.0,16471,50,540,1,"[{""amount"": 323, ""date"": ""2023-11-05""}, {""amount"": 482, ""date"": ""2023-11-20""}, {""amount"": 401, ""date"": ""2023-03-30""}, {""amount"": 591, ""date"": ""2023-10-21""}, {""amount"": 730, ""date"": ""2023-12-08""}, {""amount"": 825, ""date"": ""2023-09-25""}, {""amount"": 654, ""date"": ""2023-09-10""}, {""amount"": 915, ""date"": ""2023-06-26""}, {""amount"": 113, ""date"": ""2023-06-10""}, {""amount"": 811, ""date"": ""2023-07-23""}, {""amount"": 331, ""date"": ""2023-12-27""}, {""amount"": 786, ""date"": ""2023-03-16""}, {""amount"": 699, ""date"": ""2023-12-18""}, {""amount"": 650, ""date"": ""2023-06-10""}, {""amount"": 147, ""date"": ""2023-04-05""}, {""amount"": 548, ""date"": ""2023-11-06""}, {""amount"": 816, ""date"": ""2023-05-20""}, {""amount"": 384, ""date"": ""2023-11-27""}, {""amount"": 379, ""date"": ""2023-01-14""}]",True,True,True,True,True
81,Customer_81,36.0,6207.0,46446,54,414,0,"[{""amount"": 625, ""date"": ""2023-05-25""}, {""amount"": 640, ""date"": ""2023-01-22""}, {""amount"": 944, ""date"": ""2023-03-23""}, {""amount"": 329, ""date"": ""2023-02-03""}, {""amount"": 402, ""date"": ""2023-07-17""}]",True,True,False,True,False
82,Customer_82,45.0,14258.0,24851,56,811,0,"[{""amount"": 955, ""date"": ""2023-12-14""}, {""amount"": 193, ""date"": ""2023-03-29""}, {""amount"": 512, ""date"": ""2023-10-18""}, {""amount"": 100, ""date"": ""2023-10-03""}, {""amount"": 652, ""date"": ""2023-02-13""}, {""amount"": 966, ""date"": ""2023-07-26""}, {""amount"": 766, ""date"": ""2023-04-25""}, {""amount"": 638, ""date"": ""2023-05-12""}, {""amount"": 644, ""date"": ""2023-07-19""}, {""amount"": 647, ""date"": ""2023-07-03""}, {""amount"": 325, ""date"": ""2023-04-28""}, {""amount"": 473, ""date"": ""2023-06-26""}, {""amount"": 199, ""date"": ""2023-07-12""}, {""amount"": 533, ""date"": ""2023-04-13""}]",True,True,True,True,True
83,Customer_83,18.0,8241.0,5359,13,501,0,"[{""amount"": 734, ""date"": ""2023-07-19""}, {""amount"": 752, ""date"": ""2023-01-07""}, {""amount"": 325, ""date"": ""2023-05-17""}, {""amount"": 136, ""date"": ""2023-01-06""}, {""amount"": 380, ""date"": ""2023-12-05""}, {""amount"": 925, ""date"": ""2023-09-09""}, {""amount"": 387, ""date"": ""2023-04-08""}, {""amount"": 791, ""date"": ""2023-08-14""}, {""amount"": 766, ""date"": ""2023-12-18""}, {""amount"": 114, ""date"": ""2023-01-13""}, {""amount"": 482, ""date"": ""2023-10-19""}, {""amount"": 892, ""date"": ""2023-03-14""}, {""amount"": 219, ""date"": ""2023-06-30""}]",True,True,True,True,True
84,Customer_84,32.0,18240.0,25811,46,748,0,"[{""amount"": 431, ""date"": ""2023-12-22""}, {""amount"": 964, ""date"": ""2023-08-27""}, {""amount"": 367, ""date"": ""2023-07-31""}, {""amount"": 799, ""date"": ""2023-03-30""}, {""amount"": 866, ""date"": ""2023-12-15""}, {""amount"": 949, ""date"": ""2023-05-13""}, {""amount"": 797, ""date"": ""2023-10-06""}, {""amount"": 698, ""date"": ""2023-07-02""}, {""amount"": 101, ""date"": ""2023-08-26""}, {""amount"": 229, ""date"": ""2023-05-17""}, {""amount"": 379, ""date"": ""2023-12-03""}, {""amount"": 458, ""date"": ""2023-08-03""}]",True,True,True,True,True
85,Customer_85,53.0,9137.0,19134,32,801,0,"[{""amount"": 547, ""date"": ""2023-08-25""}, {""amount"": 192, ""date"": ""2023-11-20""}, {""amount"": 560, ""date"": ""2023-09-16""}, {""amount"": 111, ""date"": ""2023-07-20""}, {""amount"": 736, ""date"": ""2023-05-28""}, {""amount"": 216, ""date"": ""2023-12-06""}, {""amount"": 247, ""date"": ""2023-12-22""}, {""amount"": 984, ""date"": ""2023-01-29""}, {""amount"": 903, ""date"": ""2023-06-28""}, {""amount"": 979, ""date"": ""2023-06-27""}, {""amount"": 231, ""date"": ""2023-11-26""}, {""amount"": 718, ""date"": ""2023-03-24""}, {""amount"": 739, ""date"": ""2023-03-11""}, {""amount"": 289, ""date"": ""2023-12-02""}, {""amount"": 993, ""date"": ""2023-05-31""}, {""amount"": 475, ""date"": ""2023-09-27""}]",True,True,True,True,True
86,Customer_86,30.0,15849.0,35116,46,380,0,"[{""amount"": 821, ""date"": ""2023-02-13""}, {""amount"": 925, ""date"": ""2023-09-28""}, {""amount"": 622, ""date"": ""2023-11-20""}, {""amount"": 428, ""date"": ""2023-03-07""}, {""amount"": 971, ""date"": ""2023-06-28""}, {""amount"": 592, ""date"": ""2023-05-27""}, {""amount"": 795, ""date"": ""2023-11-25""}, {""amount"": 100, ""date"": ""2023-09-01""}, {""amount"": 432, ""date"": ""2023-05-08""}, {""amount"": 525, ""date"": ""2023-07-23""}, {""amount"": 238, ""date"": ""2023-02-14""}, {""amount"": 718, ""date"": ""2023-01-07""}, {""amount"": 314, ""date"": ""2023-01-13""}, {""amount"": 952, ""date"": ""2023-02-11""}, {""amount"": 705, ""date"": ""2023-12-23""}, {""amount"": 487, ""date"": ""2023-12-31""}, {""amount"": 875, ""date"": ""2023-11-10""}, {""amount"": 758, ""date"": ""2023-03-30""}, {""amount"": 325, ""date"": ""2023-04-09""}]",True,True,True,True,True
87,Customer_87,60.0,7217.0,42970,54,809,0,"[{""amount"": 569, ""date"": ""2023-02-05""}, {""amount"": 704, ""date"": ""2023-08-30""}, {""amount"": 483, ""date"": ""2023-04-13""}, {""amount"": 336, ""date"": ""2023-10-11""}, {""amount"": 706, ""date"": ""2023-08-08""}, {""amount"": 933, ""date"": ""2023-01-09""}, {""amount"": 985, ""date"": ""2023-12-12""}, {""amount"": 385, ""date"": ""2023-05-24""}, {""amount"": 359, ""date"": ""2023-06-01""}, {""amount"": 963, ""date"": ""2023-08-17""}, {""amount"": 121, ""date"": ""2023-12-08""}, {""amount"": 471, ""date"": ""2023-07-20""}, {""amount"": 809, ""date"": ""2023-02-21""}, {""amount"": 624, ""date"": ""2023-04-11""}, {""amount"": 238, ""date"": ""2023-07-05""}, {""amount"": 970, ""date"": ""2023-07-07""}, {""amount"": 406, ""date"": ""2023-08-21""}]",True,True,False,True,False
88,Customer_88,38.0,7471.0,31827,52,307,1,"[{""amount"": 142, ""date"": ""2023-09-13""}, {""amount"": 513, ""date"": ""2023-12-24""}, {""amount"": 665, ""date"": ""2023-11-26""}, {""amount"": 525, ""date"": ""2023-03-30""}, {""amount"": 911, ""date"": ""2023-01-07""}, {""amount"": 700, ""date"": ""2023-06-01""}, {""amount"": 908, ""date"": ""2023-01-06""}, {""amount"": 754, ""date"": ""2023-05-25""}, {""amount"": 268, ""date"": ""2023-10-10""}, {""amount"": 626, ""date"": ""2023-11-11""}, {""amount"": 819, ""date"": ""2023-08-21""}, {""amount"": 371, ""date"": ""2023-07-08""}, {""amount"": 759, ""date"": ""2023-05-03""}, {""amount"": 438, ""date"": ""2023-07-10""}, {""amount"": 419, ""date"": ""2023-03-21""}, {""amount"": 745, ""date"": ""2023-11-24""}]",True,True,True,True,True
89,Customer_89,29.0,16937.0,24123,28,707,0,"[{""amount"": 660, ""date"": ""2023-12-06""}, {""amount"": 882, ""date"": ""2023-09-16""}, {""amount"": 975, ""date"": ""2023-12-08""}, {""amount"": 462, ""date"": ""2023-10-25""}, {""amount"": 661, ""date"": ""2023-04-18""}, {""amount"": 424, ""date"": ""2023-06-14""}, {""amount"": 814, ""date"": ""2023-11-17""}, {""amount"": 246, ""date"": ""2023-02-14""}, {""amount"": 487, ""date"": ""2023-02-18""}, {""amount"": 956, ""date"": ""2023-06-06""}, {""amount"": 902, ""date"": ""2023-08-24""}, {""amount"": 940, ""date"": ""2023-05-03""}]",True,True,True,True,True
90,Customer_90,22.0,14120.0,11306,20,541,0,"[{""amount"": 905, ""date"": ""2023-08-23""}, {""amount"": 835, ""date"": ""2023-12-28""}, {""amount"": 982, ""date"": ""2023-10-27""}, {""amount"": 394, ""date"": ""2023-06-26""}, {""amount"": 574, ""date"": ""2023-09-18""}, {""amount"": 307, ""date"": ""2023-06-05""}, {""amount"": 345, ""date"": ""2023-01-11""}, {""amount"": 206, ""date"": ""2023-09-21""}, {""amount"": 794, ""date"": ""2023-08-05""}, {""amount"": 836, ""date"": ""2023-11-10""}, {""amount"": 546, ""date"": ""2023-09-09""}, {""amount"": 316, ""date"": ""2023-08-01""}, {""amount"": 834, ""date"": ""2023-09-18""}]",True,True,True,True,True
91,Customer_91,24.0,4598.0,37848,37,596,0,"[{""amount"": 258, ""date"": ""2023-10-30""}, {""amount"": 120, ""date"": ""2023-02-28""}, {""amount"": 663, ""date"": ""2023-03-02""}, {""amount"": 439, ""date"": ""2023-02-19""}, {""amount"": 885, ""date"": ""2023-12-21""}, {""amount"": 294, ""date"": ""2023-04-14""}, {""amount"": 493, ""date"": ""2023-03-01""}, {""amount"": 207, ""date"": ""2023-02-17""}, {""amount"": 601, ""date"": ""2023-10-31""}, {""amount"": 826, ""date"": ""2023-12-27""}]",True,True,False,True,False
92,Customer_92,22.0,6147.0,38308,27,850,0,"[{""amount"": 409, ""date"": ""2023-01-30""}, {""amount"": 265, ""date"": ""2023-02-12""}, {""amount"": 326, ""date"": ""2023-08-28""}, {""amount"": 202, ""date"": ""2023-10-05""}, {""amount"": 762, ""date"": ""2023-11-07""}, {""amount"": 418, ""date"": ""2023-01-04""}, {""amount"": 886, ""date"": ""2023-02-11""}, {""amount"": 646, ""date"": ""2023-05-18""}, {""amount"": 214, ""date"": ""2023-12-15""}, {""amount"": 900, ""date"": ""2023-01-30""}, {""amount"": 324, ""date"": ""2023-12-18""}, {""amount"": 351, ""date"": ""2023-11-27""}, {""amount"": 237, ""date"": ""2023-11-14""}, {""amount"": 670, ""date"": ""2023-07-03""}]",True,True,False,True,False
93,Customer_93,65.0,11232.0,33680,58,849,0,"[{""amount"": 989, ""date"": ""2023-09-12""}, {""amount"": 960, ""date"": ""2023-10-26""}, {""amount"": 448, ""date"": ""2023-03-11""}, {""amount"": 936, ""date"": ""2023-01-18""}, {""amount"": 660, ""date"": ""2023-08-29""}, {""amount"": 292, ""date"": ""2023-11-05""}, {""amount"": 989, ""date"": ""2023-09-18""}, {""amount"": 276, ""date"": ""2023-08-20""}]",True,True,True,True,True
94,Customer_94,70.0,3882.0,29812,13,752,0,"[{""amount"": 956, ""date"": ""2023-01-29""}, {""amount"": 157, ""date"": ""2023-02-14""}, {""amount"": 831, ""date"": ""2023-12-30""}, {""amount"": 778, ""date"": ""2023-03-10""}, {""amount"": 702, ""date"": ""2023-06-02""}, {""amount"": 175, ""date"": ""2023-10-28""}]",True,True,False,True,False
95,Customer_95,21.0,14718.0,30820,42,526,0,"[{""amount"": 152, ""date"": ""2023-08-04""}, {""amount"": 447, ""date"": ""2023-11-01""}, {""amount"": 931, ""date"": ""2023-10-04""}, {""amount"": 631, ""date"": ""2023-11-13""}, {""amount"": 984, ""date"": ""2023-05-20""}, {""amount"": 318, ""date"": ""2023-10-25""}, {""amount"": 141, ""date"": ""2023-09-20""}, {""amount"": 709, ""date"": ""2023-05-22""}, {""amount"": 727, ""date"": ""2023-05-11""}, {""amount"": 913, ""date"": ""2023-01-30""}, {""amount"": 441, ""date"": ""2023-08-29""}, {""amount"": 579, ""date"": ""2023-11-07""}, {""amount"": 667, ""date"": ""2023-11-25""}, {""amount"": 534, ""date"": ""2023-10-31""}]",True,True,True,True,True
96,Customer_96,30.0,9802.0,31265,22,550,1,"[{""amount"": 970, ""date"": ""2023-12-07""}, {""amount"": 380, ""date"": ""2023-08-28""}, {""amount"": 718, ""date"": ""2023-05-23""}, {""amount"": 249, ""date"": ""2023-12-12""}, {""amount"": 283, ""date"": ""2023-09-10""}, {""amount"": 324, ""date"": ""2023-03-26""}, {""amount"": 389, ""date"": ""2023-05-21""}, {""amount"": 197, ""date"": ""2023-11-24""}, {""amount"": 749, ""date"": ""2023-12-11""}, {""amount"": 754, ""date"": ""2023-03-29""}, {""amount"": 457, ""date"": ""2023-10-30""}, {""amount"": 333, ""date"": ""2023-08-27""}, {""amount"": 744, ""date"": ""2023-09-26""}]",True,True,True,True,True
97,Customer_97,54.0,2645.0,8422,12,605,0,"[{""amount"": 181, ""date"": ""2023-07-03""}, {""amount"": 178, ""date"": ""2023-12-04""}, {""amount"": 450, ""date"": ""2023-01-10""}, {""amount"": 777, ""date"": ""2023-09-15""}, {""amount"": 548, ""date"": ""2023-08-28""}, {""amount"": 638, ""date"": ""2023-10-23""}, {""amount"": 269, ""date"": ""2023-06-03""}, {""amount"": 209, ""date"": ""2023-10-17""}, {""amount"": 598, ""date"": ""2023-11-04""}, {""amount"": 858, ""date"": ""2023-05-01""}, {""amount"": 377, ""date"": ""2023-05-06""}, {""amount"": 666, ""date"": ""2023-03-21""}, {""amount"": 453, ""date"": ""2023-09-25""}]",True,True,True,True,True
98,Customer_98,70.0,6039.0,49155,48,842,0,"[{""amount"": 901, ""date"": ""2023-09-24""}, {""amount"": 497, ""date"": ""2023-01-11""}, {""amount"": 331, ""date"": ""2023-10-23""}, {""amount"": 900, ""date"": ""2023-12-23""}, {""amount"": 263, ""date"": ""2023-07-20""}, {""amount"": 443, ""date"": ""2023-03-29""}, {""amount"": 305, ""date"": ""2023-04-11""}, {""amount"": 694, ""date"": ""2023-06-24""}, {""amount"": 838, ""date"": ""2023-12-05""}, {""amount"": 120, ""date"": ""2023-01-27""}, {""amount"": 512, ""date"": ""2023-09-26""}, {""amount"": 885, ""date"": ""2023-10-20""}, {""amount"": 646, ""date"": ""2023-01-11""}, {""amount"": 663, ""date"": ""2023-05-11""}, {""amount"": 293, ""date"": ""2023-11-27""}, {""amount"": 607, ""date"": ""2023-03-10""}, {""amount"": 504, ""date"": ""2023-07-05""}]",True,True,False,True,False
99,Customer_99,58.0,11635.0,37869,26,775,0,"[{""amount"": 847, ""date"": ""2023-12-23""}, {""amount"": 861, ""date"": ""2023-08-27""}, {""amount"": 615, ""date"": ""2023-09-27""}, {""amount"": 706, ""date"": ""2023-06-21""}, {""amount"": 358, ""date"": ""2023-01-06""}, {""amount"": 663, ""date"": ""2023-10-07""}, {""amount"": 243, ""date"": ""2023-03-16""}, {""amount"": 832, ""date"": ""2023-04-05""}, {""amount"": 545, ""date"": ""2023-11-06""}, {""amount"": 355, ""date"": ""2023-12-31""}]",True,True,True,True,True
100,Customer_100,32.0,18246.0,43587,44,627,0,"[{""amount"": 492, ""date"": ""2023-12-17""}, {""amount"": 199, ""date"": ""2023-05-14""}, {""amount"": 200, ""date"": ""2023-06-08""}, {""amount"": 871, ""date"": ""2023-01-12""}, {""amount"": 285, ""date"": ""2023-01-28""}, {""amount"": 740, ""date"": ""2023-05-20""}, {""amount"": 264, ""date"": ""2023-03-08""}, {""amount"": 706, ""date"": ""2023-11-11""}, {""amount"": 354, ""date"": ""2023-10-11""}, {""amount"": 217, ""date"": ""2023-04-21""}, {""amount"": 533, ""date"": ""2023-11-10""}, {""amount"": 652, ""date"": ""2023-02-21""}]",True,True,True,True,True
101,Customer_101,33.0,12931.0,26497,10,721,0,"[{""amount"": 726, ""date"": ""2023-10-13""}, {""amount"": 537, ""date"": ""2023-06-18""}, {""amount"": 913, ""date"": ""2023-02-20""}, {""amount"": 692, ""date"": ""2023-08-20""}, {""amount"": 623, ""date"": ""2023-10-16""}, {""amount"": 716, ""date"": ""2023-11-10""}, {""amount"": 995, ""date"": ""2023-06-05""}, {""amount"": 434, ""date"": ""2023-06-28""}, {""amount"": 945, ""date"": ""2023-07-08""}, {""amount"": 259, ""date"": ""2023-04-23""}, {""amount"": 405, ""date"": ""2023-07-21""}]",True,True,True,True,True
102,Customer_102,38.0,13622.0,34755,22,550,0,"[{""amount"": 333, ""date"": ""2023-07-27""}, {""amount"": 623, ""date"": ""2023-07-16""}, {""amount"": 901, ""date"": ""2023-07-04""}, {""amount"": 860, ""date"": ""2023-06-05""}, {""amount"": 534, ""date"": ""2023-04-06""}, {""amount"": 245, ""date"": ""2023-12-08""}, {""amount"": 775, ""date"": ""2023-01-18""}, {""amount"": 523, ""date"": ""2023-08-11""}, {""amount"": 803, ""date"": ""2023-05-01""}, {""amount"": 405, ""date"": ""2023-05-18""}, {""amount"": 125, ""date"": ""2023-06-07""}, {""amount"": 340, ""date"": ""2023-04-23""}, {""amount"": 612, ""date"": ""2023-08-06""}, {""amount"": 339, ""date"": ""2023-09-19""}, {""amount"": 952, ""date"": ""2023-05-22""}, {""amount"": 905, ""date"": ""2023-03-26""}, {""amount"": 719, ""date"": ""2023-10-14""}, {""amount"": 544, ""date"": ""2023-11-10""}]",True,True,True,True,True
103,Customer_103,53.0,2761.0,47170,40,609,0,"[{""amount"": 742, ""date"": ""2023-04-04""}, {""amount"": 952, ""date"": ""2023-03-07""}, {""amount"": 141, ""date"": ""2023-03-28""}, {""amount"": 555, ""date"": ""2023-02-08""}, {""amount"": 500, ""date"": ""2023-04-03""}, {""amount"": 279, ""date"": ""2023-08-26""}, {""amount"": 187, ""date"": ""2023-01-29""}, {""amount"": 274, ""date"": ""2023-05-18""}, {""amount"": 525, ""date"": ""2023-06-05""}, {""amount"": 382, ""date"": ""2023-05-23""}, {""amount"": 756, ""date"": ""2023-06-07""}, {""amount"": 545, ""date"": ""2023-01-07""}, {""amount"": 604, ""date"": ""2023-02-25""}, {""amount"": 677, ""date"": ""2023-03-23""}, {""amount"": 740, ""date"": ""2023-02-19""}, {""amount"": 418, ""date"": ""2023-01-02""}]",True,True,False,True,False
104,Customer_104,41.0,11139.0,41114,53,325,0,"[{""amount"": 771, ""date"": ""2023-02-02""}, {""amount"": 430, ""date"": ""2023-11-14""}, {""amount"": 956, ""date"": ""2023-05-03""}, {""amount"": 496, ""date"": ""2023-01-27""}, {""amount"": 872, ""date"": ""2023-06-19""}, {""amount"": 277, ""date"": ""2023-07-07""}, {""amount"": 142, ""date"": ""2023-05-23""}, {""amount"": 410, ""date"": ""2023-03-01""}, {""amount"": 406, ""date"": ""2023-08-04""}, {""amount"": 351, ""date"": ""2023-01-11""}, {""amount"": 470, ""date"": ""2023-09-25""}, {""amount"": 441, ""date"": ""2023-05-06""}, {""amount"": 674, ""date"": ""2023-05-20""}, {""amount"": 995, ""date"": ""2023-11-26""}, {""amount"": 282, ""date"": ""2023-07-04""}, {""amount"": 514, ""date"": ""2023-07-06""}, {""amount"": 539, ""date"": ""2023-04-19""}]",True,True,True,True,True
105,Customer_105,33.0,6791.0,11668,53,723,0,"[{""amount"": 876, ""date"": ""2023-07-29""}, {""amount"": 321, ""date"": ""2023-09-29""}, {""amount"": 541, ""date"": ""2023-05-16""}, {""amount"": 124, ""date"": ""2023-07-22""}, {""amount"": 409, ""date"": ""2023-06-28""}, {""amount"": 684, ""date"": ""2023-09-12""}, {""amount"": 524, ""date"": ""2023-03-16""}, {""amount"": 779, ""date"": ""2023-08-16""}, {""amount"": 611, ""date"": ""2023-10-28""}, {""amount"": 793, ""date"": ""2023-08-22""}, {""amount"": 556, ""date"": ""2023-04-26""}, {""amount"": 634, ""date"": ""2023-03-17""}, {""amount"": 321, ""date"": ""2023-04-16""}]",True,True,True,True,True
106,Customer_106,31.0,2625.0,7945,20,558,0,"[{""amount"": 260, ""date"": ""2023-10-30""}, {""amount"": 503, ""date"": ""2023-09-01""}, {""amount"": 473, ""date"": ""2023-02-08""}, {""amount"": 196, ""date"": ""2023-08-18""}, {""amount"": 147, ""date"": ""2023-10-31""}, {""amount"": 813, ""date"": ""2023-06-26""}, {""amount"": 512, ""date"": ""2023-07-30""}, {""amount"": 462, ""date"": ""2023-09-02""}, {""amount"": 761, ""date"": ""2023-01-31""}]",True,True,True,True,True
107,Customer_107,39.0,10587.0,18595,53,788,0,"[{""amount"": 772, ""date"": ""2023-07-19""}, {""amount"": 842, ""date"": ""2023-04-10""}, {""amount"": 508, ""date"": ""2023-03-07""}, {""amount"": 822, ""date"": ""2023-11-07""}, {""amount"": 801, ""date"": ""2023-05-09""}, {""amount"": 153, ""date"": ""2023-03-26""}]",True,True,True,True,True
108,Customer_108,66.0,7837.0,15179,45,509,0,"[{""amount"": 153, ""date"": ""2023-05-17""}, {""amount"": 690, ""date"": ""2023-10-22""}, {""amount"": 358, ""date"": ""2023-09-17""}, {""amount"": 538, ""date"": ""2023-05-27""}, {""amount"": 914, ""date"": ""2023-08-31""}]",True,True,True,True,True
109,Customer_109,67.0,14154.0,15173,21,303,0,"[{""amount"": 860, ""date"": ""2023-09-20""}, {""amount"": 612, ""date"": ""2023-01-29""}, {""amount"": 116, ""date"": ""2023-02-13""}, {""amount"": 323, ""date"": ""2023-11-09""}, {""amount"": 724, ""date"": ""2023-12-14""}, {""amount"": 429, ""date"": ""2023-02-06""}, {""amount"": 459, ""date"": ""2023-06-17""}, {""amount"": 875, ""date"": ""2023-06-10""}, {""amount"": 882, ""date"": ""2023-12-22""}, {""amount"": 707, ""date"": ""2023-01-13""}, {""amount"": 598, ""date"": ""2023-05-04""}, {""amount"": 622, ""date"": ""2023-01-06""}]",True,True,True,True,True
110,Customer_110,23.0,5383.0,38552,30,326,0,"[{""amount"": 726, ""date"": ""2023-11-30""}, {""amount"": 184, ""date"": ""2023-08-21""}, {""amount"": 500, ""date"": ""2023-03-22""}, {""amount"": 789, ""date"": ""2023-12-31""}, {""amount"": 126, ""date"": ""2023-05-29""}, {""amount"": 525, ""date"": ""2023-06-24""}, {""amount"": 642, ""date"": ""2023-09-13""}, {""amount"": 286, ""date"": ""2023-01-28""}, {""amount"": 705, ""date"": ""2023-11-20""}, {""amount"": 649, ""date"": ""2023-11-09""}]",True,True,False,True,False
111,Customer_111,59.0,4555.0,37027,20,737,0,"[{""amount"": 102, ""date"": ""2023-10-12""}, {""amount"": 983, ""date"": ""2023-07-27""}, {""amount"": 236, ""date"": ""2023-06-08""}, {""amount"": 702, ""date"": ""2023-09-11""}, {""amount"": 130, ""date"": ""2023-11-01""}, {""amount"": 201, ""date"": ""2023-02-10""}, {""amount"": 100, ""date"": ""2023-12-30""}, {""amount"": 884, ""date"": ""2023-12-08""}, {""amount"": 553, ""date"": ""2023-04-17""}, {""amount"": 242, ""date"": ""2023-07-23""}, {""amount"": 720, ""date"": ""2023-05-02""}, {""amount"": 107, ""date"": ""2023-01-30""}, {""amount"": 267, ""date"": ""2023-07-20""}, {""amount"": 267, ""date"": ""2023-04-09""}, {""amount"": 664, ""date"": ""2023-11-23""}, {""amount"": 715, ""date"": ""2023-06-19""}, {""amount"": 750, ""date"": ""2023-12-02""}]",True,True,False,True,False
112,Customer_112,53.0,17612.0,41614,16,411,0,"[{""amount"": 337, ""date"": ""2023-05-28""}, {""amount"": 654, ""date"": ""2023-12-15""}, {""amount"": 423, ""date"": ""2023-12-28""}, {""amount"": 914, ""date"": ""2023-08-03""}, {""amount"": 529, ""date"": ""2023-01-28""}, {""amount"": 529, ""date"": ""2023-03-15""}, {""amount"": 381, ""date"": ""2023-05-26""}]",True,True,True,True,True
113,Customer_113,18.0,16707.0,28040,60,491,0,"[{""amount"": 393, ""date"": ""2023-03-10""}, {""amount"": 375, ""date"": ""2023-07-05""}, {""amount"": 232, ""date"": ""2023-03-04""}, {""amount"": 469, ""date"": ""2023-04-16""}, {""amount"": 244, ""date"": ""2023-12-04""}, {""amount"": 484, ""date"": ""2023-10-15""}, {""amount"": 909, ""date"": ""2023-11-21""}, {""amount"": 713, ""date"": ""2023-05-27""}, {""amount"": 963, ""date"": ""2023-05-08""}, {""amount"": 938, ""date"": ""2023-04-27""}, {""amount"": 978, ""date"": ""2023-08-01""}, {""amount"": 646, ""date"": ""2023-06-18""}, {""amount"": 818, ""date"": ""2023-03-31""}, {""amount"": 714, ""date"": ""2023-01-24""}, {""amount"": 954, ""date"": ""2023-12-09""}]",True,True,True,True,True
114,Customer_114,49.0,7305.0,27535,10,555,0,"[{""amount"": 731, ""date"": ""2023-10-29""}, {""amount"": 185, ""date"": ""2023-08-05""}, {""amount"": 942, ""date"": ""2023-07-11""}, {""amount"": 541, ""date"": ""2023-04-19""}, {""amount"": 940, ""date"": ""2023-11-01""}]",True,True,True,True,True
115,Customer_115,23.0,8758.0,39619,26,669,0,"[{""amount"": 907, ""date"": ""2023-06-06""}, {""amount"": 754, ""date"": ""2023-04-27""}, {""amount"": 130, ""date"": ""2023-03-06""}, {""amount"": 932, ""date"": ""2023-05-20""}, {""amount"": 393, ""date"": ""2023-05-09""}, {""amount"": 731, ""date"": ""2023-12-31""}, {""amount"": 390, ""date"": ""2023-01-19""}, {""amount"": 900, ""date"": ""2023-04-29""}, {""amount"": 315, ""date"": ""2023-07-30""}, {""amount"": 901, ""date"": ""2023-09-23""}, {""amount"": 808, ""date"": ""2023-05-12""}, {""amount"": 209, ""date"": ""2023-01-13""}, {""amount"": 941, ""date"": ""2023-05-20""}]",True,True,True,True,True
116,Customer_116,48.0,15195.0,27900,47,778,1,"[{""amount"": 355, ""date"": ""2023-08-18""}, {""amount"": 728, ""date"": ""2023-05-29""}, {""amount"": 407, ""date"": ""2023-07-21""}, {""amount"": 585, ""date"": ""2023-09-08""}, {""amount"": 637, ""date"": ""2023-02-15""}, {""amount"": 871, ""date"": ""2023-01-20""}, {""amount"": 279, ""date"": ""2023-12-12""}, {""amount"": 486, ""date"": ""2023-03-16""}, {""amount"": 666, ""date"": ""2023-07-16""}, {""amount"": 234, ""date"": ""2023-03-10""}, {""amount"": 652, ""date"": ""2023-04-07""}, {""amount"": 252, ""date"": ""2023-02-20""}, {""amount"": 967, ""date"": ""2023-12-02""}, {""amount"": 594, ""date"": ""2023-07-22""}, {""amount"": 278, ""date"": ""2023-06-14""}, {""amount"": 246, ""date"": ""2023-04-21""}, {""amount"": 793, ""date"": ""2023-11-22""}, {""amount"": 993, ""date"": ""2023-03-10""}]",True,True,True,True,True
117,Customer_117,18.0,18078.0,44332,46,741,0,"[{""amount"": 272, ""date"": ""2023-01-13""}, {""amount"": 105, ""date"": ""2023-01-10""}, {""amount"": 896, ""date"": ""2023-09-15""}, {""amount"": 223, ""date"": ""2023-10-07""}, {""amount"": 308, ""date"": ""2023-01-16""}, {""amount"": 138, ""date"": ""2023-12-18""}, {""amount"": 710, ""date"": ""2023-07-02""}, {""amount"": 162, ""date"": ""2023-08-13""}, {""amount"": 502, ""date"": ""2023-11-29""}, {""amount"": 511, ""date"": ""2023-02-17""}, {""amount"": 569, ""date"": ""2023-03-31""}, {""amount"": 319, ""date"": ""2023-02-19""}, {""amount"": 227, ""date"": ""2023-06-18""}]",True,True,True,True,True
118,Customer_118,67.0,9762.0,41565,58,365,0,"[{""amount"": 927, ""date"": ""2023-01-07""}, {""amount"": 397, ""date"": ""2023-09-20""}, {""amount"": 329, ""date"": ""2023-05-12""}, {""amount"": 823, ""date"": ""2023-12-09""}, {""amount"": 229, ""date"": ""2023-11-05""}]",True,True,True,True,True
119,Customer_119,68.0,5308.0,23166,17,627,0,"[{""amount"": 838, ""date"": ""2023-03-03""}, {""amount"": 282, ""date"": ""2023-06-12""}, {""amount"": 807, ""date"": ""2023-09-16""}, {""amount"": 335, ""date"": ""2023-04-18""}, {""amount"": 517, ""date"": ""2023-04-30""}, {""amount"": 840, ""date"": ""2023-10-07""}, {""amount"": 862, ""date"": ""2023-11-18""}, {""amount"": 421, ""date"": ""2023-09-15""}, {""amount"": 603, ""date"": ""2023-01-21""}, {""amount"": 176, ""date"": ""2023-07-22""}, {""amount"": 963, ""date"": ""2023-02-08""}]",True,True,True,True,True
120,Customer_120,54.0,2165.0,36231,59,724,0,"[{""amount"": 284, ""date"": ""2023-10-05""}, {""amount"": 958, ""date"": ""2023-07-09""}, {""amount"": 457, ""date"": ""2023-11-25""}, {""amount"": 492, ""date"": ""2023-05-05""}, {""amount"": 355, ""date"": ""2023-04-12""}, {""amount"": 867, ""date"": ""2023-03-23""}, {""amount"": 534, ""date"": ""2023-02-02""}, {""amount"": 348, ""date"": ""2023-02-25""}, {""amount"": 828, ""date"": ""2023-09-20""}, {""amount"": 355, ""date"": ""2023-01-16""}]",True,True,False,True,False
121,Customer_121,52.0,3415.0,24656,35,334,0,"[{""amount"": 456, ""date"": ""2023-09-29""}, {""amount"": 704, ""date"": ""2023-08-06""}, {""amount"": 498, ""date"": ""2023-10-06""}, {""amount"": 806, ""date"": ""2023-01-18""}, {""amount"": 592, ""date"": ""2023-02-17""}, {""amount"": 758, ""date"": ""2023-03-30""}, {""amount"": 876, ""date"": ""2023-05-31""}, {""amount"": 317, ""date"": ""2023-11-26""}, {""amount"": 883, ""date"": ""2023-08-12""}, {""amount"": 854, ""date"": ""2023-10-29""}, {""amount"": 638, ""date"": ""2023-07-16""}, {""amount"": 483, ""date"": ""2023-08-25""}, {""amount"": 225, ""date"": ""2023-05-19""}, {""amount"": 952, ""date"": ""2023-06-25""}]",True,True,False,True,False
122,Customer_122,66.0,11294.0,36343,9,513,0,"[{""amount"": 985, ""date"": ""2023-10-31""}, {""amount"": 681, ""date"": ""2023-02-16""}, {""amount"": 894, ""date"": ""2023-04-04""}, {""amount"": 601, ""date"": ""2023-01-08""}, {""amount"": 871, ""date"": ""2023-07-13""}, {""amount"": 384, ""date"": ""2023-12-02""}, {""amount"": 980, ""date"": ""2023-03-13""}, {""amount"": 148, ""date"": ""2023-09-13""}, {""amount"": 970, ""date"": ""2023-07-19""}, {""amount"": 453, ""date"": ""2023-09-20""}, {""amount"": 604, ""date"": ""2023-12-05""}, {""amount"": 646, ""date"": ""2023-06-15""}, {""amount"": 969, ""date"": ""2023-04-10""}, {""amount"": 844, ""date"": ""2023-10-01""}, {""amount"": 207, ""date"": ""2023-01-19""}, {""amount"": 685, ""date"": ""2023-05-14""}, {""amount"": 235, ""date"": ""2023-01-23""}, {""amount"": 373, ""date"": ""2023-06-18""}, {""amount"": 181, ""date"": ""2023-04-03""}]",True,True,True,True,True
123,Customer_123,47.0,13209.0,39730,58,388,0,"[{""amount"": 316, ""date"": ""2023-06-10""}, {""amount"": 991, ""date"": ""2023-06-26""}, {""amount"": 839, ""date"": ""2023-06-07""}, {""amount"": 256, ""date"": ""2023-08-04""}, {""amount"": 604, ""date"": ""2023-03-15""}, {""amount"": 977, ""date"": ""2023-03-15""}, {""amount"": 302, ""date"": ""2023-10-05""}, {""amount"": 736, ""date"": ""2023-01-05""}, {""amount"": 922, ""date"": ""2023-08-20""}, {""amount"": 880, ""date"": ""2023-07-13""}, {""amount"": 752, ""date"": ""2023-05-29""}, {""amount"": 241, ""date"": ""2023-09-02""}, {""amount"": 126, ""date"": ""2023-07-13""}, {""amount"": 983, ""date"": ""2023-12-20""}, {""amount"": 617, ""date"": ""2023-06-24""}, {""amount"": 391, ""date"": ""2023-04-15""}, {""amount"": 509, ""date"": ""2023-02-17""}, {""amount"": 612, ""date"": ""2023-05-30""}, {""amount"": 747, ""date"": ""2023-09-16""}]",True,True,True,True,True
124,Customer_124,21.0,18907.0,24425,50,516,0,"[{""amount"": 796, ""date"": ""2023-02-04""}, {""amount"": 610, ""date"": ""2023-02-24""}, {""amount"": 122, ""date"": ""2023-07-27""}, {""amount"": 505, ""date"": ""2023-12-02""}, {""amount"": 920, ""date"": ""2023-10-07""}, {""amount"": 450, ""date"": ""2023-06-23""}, {""amount"": 864, ""date"": ""2023-11-14""}, {""amount"": 346, ""date"": ""2023-08-30""}, {""amount"": 886, ""date"": ""2023-10-11""}]",True,True,True,True,True
125,Customer_125,52.0,9228.0,27596,32,665,1,"[{""amount"": 749, ""date"": ""2023-05-03""}, {""amount"": 123, ""date"": ""2023-11-24""}, {""amount"": 514, ""date"": ""2023-12-26""}, {""amount"": 463, ""date"": ""2023-05-18""}, {""amount"": 566, ""date"": ""2023-10-04""}, {""amount"": 692, ""date"": ""2023-09-01""}, {""amount"": 209, ""date"": ""2023-04-18""}]",True,True,True,True,True
126,Customer_126,60.0,16015.0,46741,33,816,0,"[{""amount"": 576, ""date"": ""2023-10-28""}, {""amount"": 501, ""date"": ""2023-02-11""}, {""amount"": 877, ""date"": ""2023-01-24""}, {""amount"": 305, ""date"": ""2023-05-28""}, {""amount"": 423, ""date"": ""2023-07-04""}, {""amount"": 364, ""date"": ""2023-02-16""}, {""amount"": 351, ""date"": ""2023-05-11""}, {""amount"": 991, ""date"": ""2023-01-06""}, {""amount"": 498, ""date"": ""2023-06-11""}, {""amount"": 168, ""date"": ""2023-09-04""}, {""amount"": 837, ""date"": ""2023-12-27""}]",True,True,True,True,True
127,Customer_127,31.0,2699.0,37397,8,364,0,"[{""amount"": 919, ""date"": ""2023-10-27""}, {""amount"": 348, ""date"": ""2023-12-28""}, {""amount"": 152, ""date"": ""2023-01-05""}, {""amount"": 638, ""date"": ""2023-06-14""}, {""amount"": 786, ""date"": ""2023-01-08""}, {""amount"": 512, ""date"": ""2023-04-19""}]",True,True,False,True,False
128,Customer_128,66.0,16226.0,48945,8,720,0,"[{""amount"": 797, ""date"": ""2023-05-07""}, {""amount"": 515, ""date"": ""2023-10-24""}, {""amount"": 805, ""date"": ""2023-08-02""}, {""amount"": 505, ""date"": ""2023-04-13""}, {""amount"": 579, ""date"": ""2023-07-30""}, {""amount"": 131, ""date"": ""2023-08-14""}, {""amount"": 828, ""date"": ""2023-10-12""}, {""amount"": 117, ""date"": ""2023-02-09""}, {""amount"": 244, ""date"": ""2023-02-28""}, {""amount"": 101, ""date"": ""2023-12-28""}, {""amount"": 409, ""date"": ""2023-11-22""}, {""amount"": 411, ""date"": ""2023-11-09""}, {""amount"": 199, ""date"": ""2023-06-09""}, {""amount"": 716, ""date"": ""2023-03-07""}, {""amount"": 460, ""date"": ""2023-08-12""}, {""amount"": 324, ""date"": ""2023-05-27""}, {""amount"": 332, ""date"": ""2023-10-14""}, {""amount"": 882, ""date"": ""2023-08-02""}, {""amount"": 323, ""date"": ""2023-05-20""}]",True,True,True,True,True
129,Customer_129,57.0,13957.0,21712,29,483,0,"[{""amount"": 336, ""date"": ""2023-03-20""}, {""amount"": 883, ""date"": ""2023-05-16""}, {""amount"": 430, ""date"": ""2023-12-07""}, {""amount"": 261, ""date"": ""2023-01-19""}, {""amount"": 611, ""date"": ""2023-06-20""}, {""amount"": 255, ""date"": ""2023-10-08""}, {""amount"": 169, ""date"": ""2023-07-15""}, {""amount"": 770, ""date"": ""2023-04-06""}, {""amount"": 902, ""date"": ""2023-01-27""}, {""amount"": 596, ""date"": ""2023-01-24""}, {""amount"": 300, ""date"": ""2023-11-27""}]",True,True,True,True,True
130,Customer_130,39.0,15596.0,28174,51,768,0,"[{""amount"": 989, ""date"": ""2023-04-10""}, {""amount"": 527, ""date"": ""2023-04-21""}, {""amount"": 349, ""date"": ""2023-08-20""}, {""amount"": 851, ""date"": ""2023-08-30""}, {""amount"": 664, ""date"": ""2023-08-07""}, {""amount"": 145, ""date"": ""2023-09-17""}, {""amount"": 419, ""date"": ""2023-07-06""}, {""amount"": 547, ""date"": ""2023-05-31""}, {""amount"": 719, ""date"": ""2023-02-21""}, {""amount"": 661, ""date"": ""2023-03-15""}, {""amount"": 516, ""date"": ""2023-12-02""}, {""amount"": 900, ""date"": ""2023-10-19""}, {""amount"": 598, ""date"": ""2023-09-10""}, {""amount"": 610, ""date"": ""2023-03-02""}, {""amount"": 930, ""date"": ""2023-12-15""}, {""amount"": 483, ""date"": ""2023-08-16""}, {""amount"": 694, ""date"": ""2023-08-23""}, {""amount"": 535, ""date"": ""2023-02-26""}]",True,True,True,True,True
131,Customer_131,27.0,18832.0,14566,34,762,0,"[{""amount"": 364, ""date"": ""2023-02-18""}, {""amount"": 283, ""date"": ""2023-05-31""}, {""amount"": 674, ""date"": ""2023-11-10""}, {""amount"": 825, ""date"": ""2023-10-18""}, {""amount"": 909, ""date"": ""2023-07-12""}, {""amount"": 399, ""date"": ""2023-01-12""}, {""amount"": 236, ""date"": ""2023-02-26""}, {""amount"": 668, ""date"": ""2023-08-29""}, {""amount"": 411, ""date"": ""2023-04-04""}, {""amount"": 481, ""date"": ""2023-05-17""}, {""amount"": 377, ""date"": ""2023-09-02""}, {""amount"": 816, ""date"": ""2023-06-21""}, {""amount"": 493, ""date"": ""2023-09-09""}, {""amount"": 303, ""date"": ""2023-02-03""}, {""amount"": 145, ""date"": ""2023-02-21""}, {""amount"": 852, ""date"": ""2023-08-05""}, {""amount"": 427, ""date"": ""2023-08-02""}]",True,True,True,True,True
132,Customer_132,18.0,13992.0,30740,59,322,0,"[{""amount"": 846, ""date"": ""2023-08-20""}, {""amount"": 458, ""date"": ""2023-03-08""}, {""amount"": 270, ""date"": ""2023-02-07""}, {""amount"": 983, ""date"": ""2023-08-30""}, {""amount"": 426, ""date"": ""2023-02-19""}, {""amount"": 840, ""date"": ""2023-02-08""}, {""amount"": 825, ""date"": ""2023-06-19""}, {""amount"": 481, ""date"": ""2023-12-04""}, {""amount"": 480, ""date"": ""2023-06-10""}, {""amount"": 147, ""date"": ""2023-03-24""}, {""amount"": 895, ""date"": ""2023-11-28""}, {""amount"": 825, ""date"": ""2023-11-25""}, {""amount"": 674, ""date"": ""2023-12-10""}, {""amount"": 780, ""date"": ""2023-07-31""}, {""amount"": 760, ""date"": ""2023-08-08""}, {""amount"": 353, ""date"": ""2023-04-03""}, {""amount"": 212, ""date"": ""2023-11-28""}, {""amount"": 106, ""date"": ""2023-12-03""}]",True,True,True,True,True
133,Customer_133,28.0,17240.0,46570,24,383,0,"[{""amount"": 520, ""date"": ""2023-01-26""}, {""amount"": 641, ""date"": ""2023-05-07""}, {""amount"": 739, ""date"": ""2023-03-11""}, {""amount"": 285, ""date"": ""2023-07-11""}, {""amount"": 684, ""date"": ""2023-11-21""}, {""amount"": 389, ""date"": ""2023-06-01""}, {""amount"": 149, ""date"": ""2023-01-13""}, {""amount"": 101, ""date"": ""2023-03-13""}, {""amount"": 448, ""date"": ""2023-05-17""}, {""amount"": 274, ""date"": ""2023-11-01""}, {""amount"": 540, ""date"": ""2023-06-19""}, {""amount"": 700, ""date"": ""2023-03-06""}, {""amount"": 838, ""date"": ""2023-02-15""}, {""amount"": 529, ""date"": ""2023-09-29""}, {""amount"": 651, ""date"": ""2023-09-16""}, {""amount"": 910, ""date"": ""2023-09-25""}, {""amount"": 979, ""date"": ""2023-12-18""}, {""amount"": 594, ""date"": ""2023-07-18""}]",True,True,True,True,True
134,Customer_134,68.0,5467.0,23307,53,617,0,"[{""amount"": 550, ""date"": ""2023-02-27""}, {""amount"": 814, ""date"": ""2023-06-20""}, {""amount"": 785, ""date"": ""2023-07-29""}, {""amount"": 210, ""date"": ""2023-08-21""}, {""amount"": 885, ""date"": ""2023-07-01""}, {""amount"": 491, ""date"": ""2023-11-28""}, {""amount"": 510, ""date"": ""2023-10-06""}, {""amount"": 328, ""date"": ""2023-04-24""}, {""amount"": 575, ""date"": ""2023-05-05""}, {""amount"": 176, ""date"": ""2023-07-19""}, {""amount"": 931, ""date"": ""2023-03-23""}, {""amount"": 666, ""date"": ""2023-05-16""}, {""amount"": 282, ""date"": ""2023-07-19""}, {""amount"": 184, ""date"": ""2023-02-19""}, {""amount"": 111, ""date"": ""2023-05-05""}, {""amount"": 534, ""date"": ""2023-09-27""}, {""amount"": 212, ""date"": ""2023-02-14""}]",True,True,True,True,True
135,Customer_135,61.0,12716.0,31856,7,467,0,"[{""amount"": 687, ""date"": ""2023-07-26""}, {""amount"": 375, ""date"": ""2023-06-12""}, {""amount"": 886, ""date"": ""2023-04-13""}, {""amount"": 549, ""date"": ""2023-02-01""}, {""amount"": 681, ""date"": ""2023-11-04""}, {""amount"": 331, ""date"": ""2023-08-29""}, {""amount"": 516, ""date"": ""2023-05-03""}, {""amount"": 362, ""date"": ""2023-01-01""}, {""amount"": 734, ""date"": ""2023-05-12""}, {""amount"": 163, ""date"": ""2023-07-01""}, {""amount"": 915, ""date"": ""2023-02-28""}, {""amount"": 144, ""date"": ""2023-05-04""}, {""amount"": 198, ""date"": ""2023-04-14""}, {""amount"": 751, ""date"": ""2023-08-31""}, {""amount"": 624, ""date"": ""2023-03-18""}, {""amount"": 117, ""date"": ""2023-11-05""}, {""amount"": 445, ""date"": ""2023-08-24""}]",True,True,True,True,True
136,Customer_136,41.0,16259.0,12696,10,330,0,"[{""amount"": 766, ""date"": ""2023-11-08""}, {""amount"": 546, ""date"": ""2023-07-01""}, {""amount"": 428, ""date"": ""2023-06-20""}, {""amount"": 555, ""date"": ""2023-01-14""}, {""amount"": 492, ""date"": ""2023-01-27""}, {""amount"": 183, ""date"": ""2023-06-25""}, {""amount"": 471, ""date"": ""2023-07-05""}, {""amount"": 514, ""date"": ""2023-07-23""}]",True,True,True,True,True
137,Customer_137,20.0,5087.0,7309,42,640,0,"[{""amount"": 727, ""date"": ""2023-02-19""}, {""amount"": 759, ""date"": ""2023-05-31""}, {""amount"": 712, ""date"": ""2023-03-15""}, {""amount"": 399, ""date"": ""2023-01-19""}, {""amount"": 664, ""date"": ""2023-04-19""}, {""amount"": 617, ""date"": ""2023-01-27""}, {""amount"": 371, ""date"": ""2023-01-12""}, {""amount"": 102, ""date"": ""2023-07-03""}, {""amount"": 270, ""date"": ""2023-05-05""}, {""amount"": 306, ""date"": ""2023-05-21""}, {""amount"": 558, ""date"": ""2023-07-19""}]",True,True,True,True,True
138,Customer_138,52.0,2131.0,47423,23,704,0,"[{""amount"": 155, ""date"": ""2023-11-20""}, {""amount"": 207, ""date"": ""2023-06-03""}, {""amount"": 721, ""date"": ""2023-11-12""}, {""amount"": 874, ""date"": ""2023-07-24""}, {""amount"": 854, ""date"": ""2023-05-02""}, {""amount"": 733, ""date"": ""2023-04-05""}, {""amount"": 402, ""date"": ""2023-05-10""}, {""amount"": 923, ""date"": ""2023-03-21""}, {""amount"": 535, ""date"": ""2023-04-19""}, {""amount"": 319, ""date"": ""2023-03-06""}, {""amount"": 143, ""date"": ""2023-02-06""}]",True,True,False,True,False
139,Customer_139,53.0,18597.0,23101,30,742,0,"[{""amount"": 192, ""date"": ""2023-10-26""}, {""amount"": 527, ""date"": ""2023-08-23""}, {""amount"": 311, ""date"": ""2023-10-18""}, {""amount"": 937, ""date"": ""2023-04-09""}, {""amount"": 390, ""date"": ""2023-08-13""}, {""amount"": 868, ""date"": ""2023-03-05""}, {""amount"": 969, ""date"": ""2023-05-11""}, {""amount"": 227, ""date"": ""2023-03-11""}, {""amount"": 669, ""date"": ""2023-05-02""}, {""amount"": 304, ""date"": ""2023-05-10""}, {""amount"": 875, ""date"": ""2023-10-23""}, {""amount"": 976, ""date"": ""2023-12-18""}, {""amount"": 828, ""date"": ""2023-03-20""}, {""amount"": 796, ""date"": ""2023-02-21""}, {""amount"": 982, ""date"": ""2023-10-05""}, {""amount"": 643, ""date"": ""2023-02-18""}]",True,True,True,True,True
140,Customer_140,48.0,5356.0,29854,31,758,0,"[{""amount"": 929, ""date"": ""2023-08-16""}, {""amount"": 150, ""date"": ""2023-02-02""}, {""amount"": 420, ""date"": ""2023-12-24""}, {""amount"": 376, ""date"": ""2023-06-21""}, {""amount"": 553, ""date"": ""2023-04-30""}, {""amount"": 865, ""date"": ""2023-10-02""}]",True,True,False,True,False
141,Customer_141,21.0,13989.0,23967,49,644,0,"[{""amount"": 169, ""date"": ""2023-12-22""}, {""amount"": 921, ""date"": ""2023-11-03""}, {""amount"": 376, ""date"": ""2023-03-06""}, {""amount"": 529, ""date"": ""2023-04-06""}, {""amount"": 107, ""date"": ""2023-03-22""}, {""amount"": 711, ""date"": ""2023-04-12""}, {""amount"": 437, ""date"": ""2023-07-03""}, {""amount"": 948, ""date"": ""2023-05-01""}, {""amount"": 391, ""date"": ""2023-06-13""}, {""amount"": 123, ""date"": ""2023-11-10""}, {""amount"": 238, ""date"": ""2023-05-30""}, {""amount"": 696, ""date"": ""2023-12-28""}]",True,True,True,True,True
142,Customer_142,36.0,3614.0,13443,18,503,0,"[{""amount"": 248, ""date"": ""2023-12-24""}, {""amount"": 467, ""date"": ""2023-03-24""}, {""amount"": 119, ""date"": ""2023-11-27""}, {""amount"": 171, ""date"": ""2023-04-16""}, {""amount"": 579, ""date"": ""2023-12-16""}, {""amount"": 791, ""date"": ""2023-04-26""}, {""amount"": 131, ""date"": ""2023-04-14""}, {""amount"": 474, ""date"": ""2023-05-04""}, {""amount"": 129, ""date"": ""2023-05-15""}, {""amount"": 428, ""date"": ""2023-09-13""}, {""amount"": 465, ""date"": ""2023-06-12""}, {""amount"": 302, ""date"": ""2023-09-02""}, {""amount"": 918, ""date"": ""2023-04-13""}, {""amount"": 892, ""date"": ""2023-03-03""}, {""amount"": 322, ""date"": ""2023-03-15""}, {""amount"": 792, ""date"": ""2023-06-08""}]",True,True,True,True,True
143,Customer_143,64.0,4927.0,8962,40,552,0,"[{""amount"": 582, ""date"": ""2023-06-05""}, {""amount"": 355, ""date"": ""2023-09-21""}, {""amount"": 509, ""date"": ""2023-06-30""}, {""amount"": 920, ""date"": ""2023-12-31""}, {""amount"": 538, ""date"": ""2023-09-18""}, {""amount"": 684, ""date"": ""2023-10-04""}, {""amount"": 531, ""date"": ""2023-08-14""}, {""amount"": 801, ""date"": ""2023-11-23""}, {""amount"": 603, ""date"": ""2023-10-13""}, {""amount"": 554, ""date"": ""2023-09-07""}, {""amount"": 776, ""date"": ""2023-02-03""}, {""amount"": 568, ""date"": ""2023-11-09""}, {""amount"": 623, ""date"": ""2023-01-16""}, {""amount"": 733, ""date"": ""2023-08-23""}, {""amount"": 505, ""date"": ""2023-04-02""}, {""amount"": 143, ""date"": ""2023-12-05""}]",True,True,True,True,True
144,Customer_144,53.0,6940.0,14124,27,626,0,"[{""amount"": 368, ""date"": ""2023-06-26""}, {""amount"": 858, ""date"": ""2023-04-25""}, {""amount"": 102, ""date"": ""2023-12-20""}, {""amount"": 315, ""date"": ""2023-08-22""}, {""amount"": 322, ""date"": ""2023-07-09""}, {""amount"": 803, ""date"": ""2023-06-04""}, {""amount"": 348, ""date"": ""2023-02-12""}, {""amount"": 828, ""date"": ""2023-03-26""}, {""amount"": 443, ""date"": ""2023-11-28""}, {""amount"": 616, ""date"": ""2023-06-21""}, {""amount"": 854, ""date"": ""2023-11-23""}, {""amount"": 321, ""date"": ""2023-03-16""}, {""amount"": 188, ""date"": ""2023-07-06""}, {""amount"": 313, ""date"": ""2023-07-21""}, {""amount"": 430, ""date"": ""2023-07-21""}]",True,True,True,True,True
145,Customer_145,38.0,3291.0,29299,56,736,0,"[{""amount"": 687, ""date"": ""2023-01-20""}, {""amount"": 584, ""date"": ""2023-10-31""}, {""amount"": 921, ""date"": ""2023-03-02""}, {""amount"": 342, ""date"": ""2023-06-07""}, {""amount"": 128, ""date"": ""2023-07-18""}, {""amount"": 486, ""date"": ""2023-01-10""}, {""amount"": 327, ""date"": ""2023-01-09""}, {""amount"": 620, ""date"": ""2023-09-17""}, {""amount"": 308, ""date"": ""2023-07-21""}, {""amount"": 127, ""date"": ""2023-09-04""}]",True,True,False,True,False
146,Customer_146,35.0,19767.0,49066,15,825,1,"[{""amount"": 865, ""date"": ""2023-09-02""}, {""amount"": 383, ""date"": ""2023-02-28""}, {""amount"": 894, ""date"": ""2023-06-05""}, {""amount"": 164, ""date"": ""2023-11-18""}, {""amount"": 899, ""date"": ""2023-05-27""}, {""amount"": 984, ""date"": ""2023-01-26""}, {""amount"": 680, ""date"": ""2023-03-18""}, {""amount"": 864, ""date"": ""2023-05-09""}, {""amount"": 528, ""date"": ""2023-05-02""}, {""amount"": 729, ""date"": ""2023-02-24""}, {""amount"": 515, ""date"": ""2023-09-18""}, {""amount"": 203, ""date"": ""2023-04-16""}]",True,True,True,True,True
147,Customer_147,68.0,6845.0,44878,42,521,0,"[{""amount"": 657, ""date"": ""2023-12-15""}, {""amount"": 889, ""date"": ""2023-06-16""}, {""amount"": 539, ""date"": ""2023-10-14""}, {""amount"": 840, ""date"": ""2023-08-13""}, {""amount"": 527, ""date"": ""2023-05-24""}, {""amount"": 640, ""date"": ""2023-09-05""}, {""amount"": 749, ""date"": ""2023-03-19""}, {""amount"": 894, ""date"": ""2023-05-06""}, {""amount"": 551, ""date"": ""2023-12-30""}, {""amount"": 907, ""date"": ""2023-04-10""}, {""amount"": 124, ""date"": ""2023-10-09""}, {""amount"": 456, ""date"": ""2023-11-26""}, {""amount"": 380, ""date"": ""2023-10-01""}, {""amount"": 902, ""date"": ""2023-11-16""}]",True,True,False,True,False
148,Customer_148,45.0,19040.0,27918,49,309,0,"[{""amount"": 633, ""date"": ""2023-03-27""}, {""amount"": 348, ""date"": ""2023-10-07""}, {""amount"": 209, ""date"": ""2023-11-27""}, {""amount"": 755, ""date"": ""2023-08-18""}, {""amount"": 521, ""date"": ""2023-04-05""}, {""amount"": 746, ""date"": ""2023-08-19""}, {""amount"": 940, ""date"": ""2023-09-05""}, {""amount"": 559, ""date"": ""2023-06-09""}, {""amount"": 462, ""date"": ""2023-09-03""}, {""amount"": 129, ""date"": ""2023-05-07""}, {""amount"": 574, ""date"": ""2023-06-15""}, {""amount"": 365, ""date"": ""2023-05-08""}, {""amount"": 793, ""date"": ""2023-03-23""}, {""amount"": 118, ""date"": ""2023-11-25""}, {""amount"": 740, ""date"": ""2023-06-11""}]",True,True,True,True,True
149,Customer_149,32.0,13521.0,38112,47,784,0,"[{""amount"": 966, ""date"": ""2023-11-28""}, {""amount"": 585, ""date"": ""2023-12-04""}, {""amount"": 937, ""date"": ""2023-09-25""}, {""amount"": 870, ""date"": ""2023-01-26""}, {""amount"": 687, ""date"": ""2023-12-26""}, {""amount"": 221, ""date"": ""2023-08-03""}, {""amount"": 440, ""date"": ""2023-02-27""}, {""amount"": 666, ""date"": ""2023-01-02""}, {""amount"": 665, ""date"": ""2023-10-03""}, {""amount"": 690, ""date"": ""2023-09-11""}, {""amount"": 143, ""date"": ""2023-03-25""}, {""amount"": 301, ""date"": ""2023-02-04""}, {""amount"": 490, ""date"": ""2023-09-09""}, {""amount"": 990, ""date"": ""2023-01-22""}, {""amount"": 948, ""date"": ""2023-07-18""}, {""amount"": 563, ""date"": ""2023-04-22""}, {""amount"": 717, ""date"": ""2023-03-19""}, {""amount"": 888, ""date"": ""2023-09-15""}]",True,True,True,True,True
150,Customer_150,59.0,12768.0,42905,12,484,0,"[{""amount"": 530, ""date"": ""2023-11-06""}, {""amount"": 642, ""date"": ""2023-10-17""}, {""amount"": 939, ""date"": ""2023-06-29""}, {""amount"": 407, ""date"": ""2023-10-30""}, {""amount"": 728, ""date"": ""2023-12-17""}]",True,True,True,True,True
151,Customer_151,19.0,4593.0,47544,23,605,0,"[{""amount"": 658, ""date"": ""2023-08-21""}, {""amount"": 765, ""date"": ""2023-08-30""}, {""amount"": 909, ""date"": ""2023-12-09""}, {""amount"": 805, ""date"": ""2023-04-10""}, {""amount"": 676, ""date"": ""2023-02-05""}, {""amount"": 688, ""date"": ""2023-10-06""}, {""amount"": 929, ""date"": ""2023-04-14""}, {""amount"": 658, ""date"": ""2023-02-18""}, {""amount"": 192, ""date"": ""2023-03-19""}, {""amount"": 118, ""date"": ""2023-09-27""}]",True,True,False,True,False
152,Customer_152,54.0,3510.0,41298,37,576,0,"[{""amount"": 194, ""date"": ""2023-11-22""}, {""amount"": 442, ""date"": ""2023-11-21""}, {""amount"": 882, ""date"": ""2023-07-10""}, {""amount"": 786, ""date"": ""2023-06-15""}, {""amount"": 560, ""date"": ""2023-02-13""}, {""amount"": 554, ""date"": ""2023-02-10""}, {""amount"": 511, ""date"": ""2023-10-27""}, {""amount"": 999, ""date"": ""2023-01-18""}, {""amount"": 147, ""date"": ""2023-07-24""}, {""amount"": 531, ""date"": ""2023-10-15""}, {""amount"": 371, ""date"": ""2023-09-25""}]",True,True,False,True,False
153,Customer_153,28.0,11000.0,11769,56,721,0,"[{""amount"": 613, ""date"": ""2023-10-06""}, {""amount"": 202, ""date"": ""2023-02-25""}, {""amount"": 873, ""date"": ""2023-12-30""}, {""amount"": 373, ""date"": ""2023-11-02""}, {""amount"": 468, ""date"": ""2023-10-08""}, {""amount"": 287, ""date"": ""2023-06-29""}, {""amount"": 693, ""date"": ""2023-03-27""}, {""amount"": 414, ""date"": ""2023-09-14""}, {""amount"": 694, ""date"": ""2023-01-29""}, {""amount"": 115, ""date"": ""2023-04-11""}, {""amount"": 584, ""date"": ""2023-10-28""}, {""amount"": 451, ""date"": ""2023-07-13""}, {""amount"": 370, ""date"": ""2023-02-02""}, {""amount"": 148, ""date"": ""2023-04-18""}]",True,True,True,True,True
154,Customer_154,40.0,3130.0,32500,53,767,0,"[{""amount"": 748, ""date"": ""2023-02-24""}, {""amount"": 183, ""date"": ""2023-04-25""}, {""amount"": 774, ""date"": ""2023-03-14""}, {""amount"": 699, ""date"": ""2023-03-28""}, {""amount"": 189, ""date"": ""2023-12-28""}, {""amount"": 931, ""date"": ""2023-07-25""}, {""amount"": 476, ""date"": ""2023-09-28""}, {""amount"": 796, ""date"": ""2023-06-18""}, {""amount"": 794, ""date"": ""2023-03-22""}]",True,True,False,True,False
155,Customer_155,61.0,2595.0,12172,50,682,0,"[{""amount"": 125, ""date"": ""2023-08-05""}, {""amount"": 437, ""date"": ""2023-03-05""}, {""amount"": 214, ""date"": ""2023-06-15""}, {""amount"": 834, ""date"": ""2023-09-23""}, {""amount"": 721, ""date"": ""2023-11-12""}, {""amount"": 850, ""date"": ""2023-10-08""}, {""amount"": 521, ""date"": ""2023-01-25""}, {""amount"": 160, ""date"": ""2023-08-20""}, {""amount"": 841, ""date"": ""2023-08-24""}, {""amount"": 562, ""date"": ""2023-08-05""}, {""amount"": 588, ""date"": ""2023-02-07""}]",True,True,True,True,True
156,Customer_156,58.0,6850.0,29159,12,593,0,"[{""amount"": 230, ""date"": ""2023-08-01""}, {""amount"": 540, ""date"": ""2023-10-13""}, {""amount"": 819, ""date"": ""2023-01-09""}, {""amount"": 374, ""date"": ""2023-12-18""}, {""amount"": 812, ""date"": ""2023-07-07""}, {""amount"": 322, ""date"": ""2023-06-25""}, {""amount"": 227, ""date"": ""2023-08-19""}, {""amount"": 692, ""date"": ""2023-06-22""}, {""amount"": 698, ""date"": ""2023-02-06""}, {""amount"": 914, ""date"": ""2023-09-27""}, {""amount"": 213, ""date"": ""2023-05-24""}, {""amount"": 468, ""date"": ""2023-02-01""}, {""amount"": 145, ""date"": ""2023-01-22""}, {""amount"": 692, ""date"": ""2023-06-12""}, {""amount"": 749, ""date"": ""2023-12-16""}, {""amount"": 898, ""date"": ""2023-09-24""}, {""amount"": 476, ""date"": ""2023-02-16""}]",True,True,True,True,True
157,Customer_157,29.0,19824.0,39431,56,768,0,"[{""amount"": 255, ""date"": ""2023-03-10""}, {""amount"": 309, ""date"": ""2023-07-05""}, {""amount"": 401, ""date"": ""2023-09-24""}, {""amount"": 784, ""date"": ""2023-06-01""}, {""amount"": 590, ""date"": ""2023-03-23""}, {""amount"": 907, ""date"": ""2023-09-06""}, {""amount"": 289, ""date"": ""2023-12-26""}, {""amount"": 217, ""date"": ""2023-07-05""}, {""amount"": 957, ""date"": ""2023-04-13""}, {""amount"": 319, ""date"": ""2023-09-08""}, {""amount"": 123, ""date"": ""2023-02-03""}, {""amount"": 898, ""date"": ""2023-10-24""}, {""amount"": 520, ""date"": ""2023-12-03""}, {""amount"": 311, ""date"": ""2023-02-23""}, {""amount"": 253, ""date"": ""2023-01-30""}, {""amount"": 925, ""date"": ""2023-12-02""}, {""amount"": 723, ""date"": ""2023-03-06""}, {""amount"": 860, ""date"": ""2023-06-29""}, {""amount"": 544, ""date"": ""2023-09-03""}]",True,True,True,True,True
158,Customer_158,20.0,18708.0,28050,22,389,0,"[{""amount"": 239, ""date"": ""2023-12-09""}, {""amount"": 326, ""date"": ""2023-08-13""}, {""amount"": 833, ""date"": ""2023-07-16""}, {""amount"": 537, ""date"": ""2023-06-17""}, {""amount"": 156, ""date"": ""2023-04-21""}, {""amount"": 429, ""date"": ""2023-11-20""}, {""amount"": 302, ""date"": ""2023-05-31""}, {""amount"": 384, ""date"": ""2023-12-11""}, {""amount"": 954, ""date"": ""2023-01-05""}, {""amount"": 952, ""date"": ""2023-03-26""}, {""amount"": 802, ""date"": ""2023-04-04""}, {""amount"": 211, ""date"": ""2023-05-23""}]",True,True,True,True,True
159,Customer_159,69.0,7535.0,9893,36,469,0,"[{""amount"": 187, ""date"": ""2023-08-27""}, {""amount"": 615, ""date"": ""2023-05-15""}, {""amount"": 686, ""date"": ""2023-09-26""}, {""amount"": 246, ""date"": ""2023-03-30""}, {""amount"": 940, ""date"": ""2023-10-12""}, {""amount"": 734, ""date"": ""2023-07-04""}, {""amount"": 364, ""date"": ""2023-07-30""}, {""amount"": 860, ""date"": ""2023-05-22""}, {""amount"": 611, ""date"": ""2023-08-31""}]",True,True,True,True,True
160,Customer_160,34.0,10854.0,27377,34,803,0,"[{""amount"": 790, ""date"": ""2023-09-29""}, {""amount"": 337, ""date"": ""2023-06-28""}, {""amount"": 195, ""date"": ""2023-08-10""}, {""amount"": 941, ""date"": ""2023-05-17""}, {""amount"": 531, ""date"": ""2023-05-10""}, {""amount"": 381, ""date"": ""2023-07-25""}, {""amount"": 922, ""date"": ""2023-03-06""}, {""amount"": 477, ""date"": ""2023-12-19""}, {""amount"": 685, ""date"": ""2023-06-28""}, {""amount"": 415, ""date"": ""2023-02-21""}, {""amount"": 317, ""date"": ""2023-11-15""}, {""amount"": 327, ""date"": ""2023-09-07""}, {""amount"": 584, ""date"": ""2023-10-19""}, {""amount"": 189, ""date"": ""2023-02-16""}, {""amount"": 802, ""date"": ""2023-01-30""}, {""amount"": 413, ""date"": ""2023-08-19""}]",True,True,True,True,True
161,Customer_161,50.0,9909.0,39032,17,322,0,"[{""amount"": 155, ""date"": ""2023-08-10""}, {""amount"": 248, ""date"": ""2023-02-24""}, {""amount"": 476, ""date"": ""2023-07-30""}, {""amount"": 991, ""date"": ""2023-11-17""}, {""amount"": 357, ""date"": ""2023-05-31""}, {""amount"": 333, ""date"": ""2023-06-25""}, {""amount"": 886, ""date"": ""2023-04-25""}, {""amount"": 863, ""date"": ""2023-01-09""}, {""amount"": 275, ""date"": ""2023-04-23""}]",True,True,True,True,True
162,Customer_162,18.0,2079.0,6549,38,785,0,"[{""amount"": 566, ""date"": ""2023-07-24""}, {""amount"": 499, ""date"": ""2023-08-10""}, {""amount"": 862, ""date"": ""2023-07-27""}, {""amount"": 534, ""date"": ""2023-05-16""}, {""amount"": 251, ""date"": ""2023-12-18""}, {""amount"": 594, ""date"": ""2023-01-22""}, {""amount"": 203, ""date"": ""2023-05-23""}, {""amount"": 417, ""date"": ""2023-12-05""}, {""amount"": 936, ""date"": ""2023-08-12""}, {""amount"": 709, ""date"": ""2023-07-11""}]",True,True,True,True,True
163,Customer_163,56.0,13059.0,42139,44,622,0,"[{""amount"": 389, ""date"": ""2023-09-10""}, {""amount"": 976, ""date"": ""2023-07-21""}, {""amount"": 891, ""date"": ""2023-12-10""}, {""amount"": 195, ""date"": ""2023-01-15""}, {""amount"": 525, ""date"": ""2023-08-17""}, {""amount"": 124, ""date"": ""2023-11-20""}, {""amount"": 105, ""date"": ""2023-11-16""}, {""amount"": 686, ""date"": ""2023-12-25""}, {""amount"": 512, ""date"": ""2023-04-06""}, {""amount"": 122, ""date"": ""2023-04-16""}, {""amount"": 602, ""date"": ""2023-07-20""}]",True,True,True,True,True
164,Customer_164,37.0,13660.0,45364,31,794,0,"[{""amount"": 558, ""date"": ""2023-12-08""}, {""amount"": 770, ""date"": ""2023-02-27""}, {""amount"": 704, ""date"": ""2023-08-24""}, {""amount"": 643, ""date"": ""2023-06-10""}, {""amount"": 653, ""date"": ""2023-05-01""}, {""amount"": 896, ""date"": ""2023-03-10""}, {""amount"": 590, ""date"": ""2023-11-18""}, {""amount"": 355, ""date"": ""2023-12-21""}, {""amount"": 582, ""date"": ""2023-08-29""}, {""amount"": 337, ""date"": ""2023-12-28""}, {""amount"": 701, ""date"": ""2023-12-31""}, {""amount"": 567, ""date"": ""2023-03-28""}, {""amount"": 970, ""date"": ""2023-06-19""}, {""amount"": 415, ""date"": ""2023-07-01""}, {""amount"": 256, ""date"": ""2023-09-18""}, {""amount"": 481, ""date"": ""2023-03-29""}, {""amount"": 203, ""date"": ""2023-01-18""}, {""amount"": 162, ""date"": ""2023-05-17""}, {""amount"": 813, ""date"": ""2023-09-02""}]",True,True,True,True,True
165,Customer_165,64.0,7130.0,30707,44,543,0,"[{""amount"": 805, ""date"": ""2023-11-22""}, {""amount"": 747, ""date"": ""2023-04-20""}, {""amount"": 806, ""date"": ""2023-06-05""}, {""amount"": 966, ""date"": ""2023-07-18""}, {""amount"": 764, ""date"": ""2023-12-23""}, {""amount"": 465, ""date"": ""2023-01-13""}, {""amount"": 625, ""date"": ""2023-12-16""}, {""amount"": 513, ""date"": ""2023-11-27""}, {""amount"": 780, ""date"": ""2023-10-11""}, {""amount"": 130, ""date"": ""2023-04-09""}, {""amount"": 252, ""date"": ""2023-11-11""}, {""amount"": 493, ""date"": ""2023-03-05""}, {""amount"": 362, ""date"": ""2023-12-31""}]",True,True,True,True,True
166,Customer_166,60.0,11833.0,33670,35,529,0,"[{""amount"": 471, ""date"": ""2023-04-13""}, {""amount"": 874, ""date"": ""2023-04-30""}, {""amount"": 414, ""date"": ""2023-02-03""}, {""amount"": 366, ""date"": ""2023-08-31""}, {""amount"": 700, ""date"": ""2023-10-06""}, {""amount"": 742, ""date"": ""2023-09-01""}, {""amount"": 822, ""date"": ""2023-10-19""}, {""amount"": 942, ""date"": ""2023-06-10""}, {""amount"": 762, ""date"": ""2023-05-30""}, {""amount"": 412, ""date"": ""2023-06-20""}]",True,True,True,True,True
167,Customer_167,69.0,11040.0,48762,8,358,0,"[{""amount"": 982, ""date"": ""2023-08-23""}, {""amount"": 783, ""date"": ""2023-12-10""}, {""amount"": 985, ""date"": ""2023-11-07""}, {""amount"": 862, ""date"": ""2023-08-04""}, {""amount"": 482, ""date"": ""2023-04-20""}, {""amount"": 797, ""date"": ""2023-12-01""}, {""amount"": 274, ""date"": ""2023-10-16""}, {""amount"": 332, ""date"": ""2023-10-06""}, {""amount"": 155, ""date"": ""2023-12-23""}, {""amount"": 593, ""date"": ""2023-04-28""}, {""amount"": 531, ""date"": ""2023-10-14""}, {""amount"": 609, ""date"": ""2023-01-09""}, {""amount"": 581, ""date"": ""2023-04-21""}, {""amount"": 112, ""date"": ""2023-08-14""}]",True,True,True,True,True
168,Customer_168,58.0,13998.0,9005,25,420,0,"[{""amount"": 780, ""date"": ""2023-02-06""}, {""amount"": 903, ""date"": ""2023-04-22""}, {""amount"": 234, ""date"": ""2023-10-09""}, {""amount"": 338, ""date"": ""2023-09-19""}, {""amount"": 267, ""date"": ""2023-03-02""}, {""amount"": 733, ""date"": ""2023-07-11""}, {""amount"": 271, ""date"": ""2023-04-08""}, {""amount"": 158, ""date"": ""2023-09-05""}, {""amount"": 689, ""date"": ""2023-06-30""}, {""amount"": 657, ""date"": ""2023-01-08""}, {""amount"": 307, ""date"": ""2023-09-07""}, {""amount"": 608, ""date"": ""2023-11-04""}, {""amount"": 791, ""date"": ""2023-06-12""}]",True,True,True,True,True
169,Customer_169,31.0,3731.0,47510,18,456,0,"[{""amount"": 847, ""date"": ""2023-07-01""}, {""amount"": 936, ""date"": ""2023-11-10""}, {""amount"": 957, ""date"": ""2023-08-06""}, {""amount"": 539, ""date"": ""2023-01-11""}, {""amount"": 258, ""date"": ""2023-08-30""}, {""amount"": 815, ""date"": ""2023-10-12""}, {""amount"": 473, ""date"": ""2023-11-03""}, {""amount"": 876, ""date"": ""2023-01-06""}, {""amount"": 681, ""date"": ""2023-02-07""}, {""amount"": 597, ""date"": ""2023-10-31""}, {""amount"": 420, ""date"": ""2023-09-02""}, {""amount"": 211, ""date"": ""2023-09-02""}, {""amount"": 126, ""date"": ""2023-05-22""}, {""amount"": 718, ""date"": ""2023-10-02""}, {""amount"": 173, ""date"": ""2023-11-13""}]",True,True,False,True,False
170,Customer_170,48.0,19744.0,22060,24,527,0,"[{""amount"": 127, ""date"": ""2023-07-25""}, {""amount"": 876, ""date"": ""2023-08-15""}, {""amount"": 679, ""date"": ""2023-01-07""}, {""amount"": 306, ""date"": ""2023-12-04""}, {""amount"": 685, ""date"": ""2023-10-01""}, {""amount"": 824, ""date"": ""2023-12-28""}, {""amount"": 555, ""date"": ""2023-01-15""}, {""amount"": 953, ""date"": ""2023-08-13""}, {""amount"": 405, ""date"": ""2023-05-12""}, {""amount"": 328, ""date"": ""2023-04-04""}, {""amount"": 477, ""date"": ""2023-10-06""}, {""amount"": 627, ""date"": ""2023-08-21""}, {""amount"": 965, ""date"": ""2023-04-12""}, {""amount"": 693, ""date"": ""2023-03-20""}, {""amount"": 487, ""date"": ""2023-11-10""}, {""amount"": 500, ""date"": ""2023-08-18""}, {""amount"": 296, ""date"": ""2023-06-29""}]",True,True,True,True,True
171,Customer_171,42.0,11345.0,18444,6,589,0,"[{""amount"": 579, ""date"": ""2023-01-25""}, {""amount"": 737, ""date"": ""2023-09-26""}, {""amount"": 635, ""date"": ""2023-10-28""}, {""amount"": 795, ""date"": ""2023-03-29""}, {""amount"": 954, ""date"": ""2023-12-05""}]",True,True,True,True,True
172,Customer_172,20.0,17200.0,45946,47,758,0,"[{""amount"": 592, ""date"": ""2023-03-18""}, {""amount"": 739, ""date"": ""2023-04-13""}, {""amount"": 466, ""date"": ""2023-01-12""}, {""amount"": 356, ""date"": ""2023-03-05""}, {""amount"": 627, ""date"": ""2023-03-04""}, {""amount"": 724, ""date"": ""2023-12-27""}, {""amount"": 607, ""date"": ""2023-03-31""}, {""amount"": 517, ""date"": ""2023-12-28""}, {""amount"": 446, ""date"": ""2023-04-18""}, {""amount"": 495, ""date"": ""2023-12-16""}, {""amount"": 411, ""date"": ""2023-07-22""}, {""amount"": 377, ""date"": ""2023-12-11""}, {""amount"": 561, ""date"": ""2023-02-03""}]",True,True,True,True,True
173,Customer_173,21.0,18747.0,38071,28,531,0,"[{""amount"": 621, ""date"": ""2023-06-13""}, {""amount"": 454, ""date"": ""2023-10-21""}, {""amount"": 315, ""date"": ""2023-04-17""}, {""amount"": 463, ""date"": ""2023-04-28""}, {""amount"": 207, ""date"": ""2023-07-14""}, {""amount"": 394, ""date"": ""2023-08-24""}, {""amount"": 786, ""date"": ""2023-08-23""}, {""amount"": 449, ""date"": ""2023-02-28""}, {""amount"": 323, ""date"": ""2023-03-10""}, {""amount"": 530, ""date"": ""2023-03-31""}, {""amount"": 219, ""date"": ""2023-04-20""}, {""amount"": 909, ""date"": ""2023-09-21""}, {""amount"": 592, ""date"": ""2023-03-09""}, {""amount"": 222, ""date"": ""2023-06-17""}, {""amount"": 491, ""date"": ""2023-10-04""}, {""amount"": 956, ""date"": ""2023-10-17""}, {""amount"": 534, ""date"": ""2023-07-28""}]",True,True,True,True,True
174,Customer_174,48.0,6562.0,47880,23,756,0,"[{""amount"": 941, ""date"": ""2023-01-29""}, {""amount"": 946, ""date"": ""2023-07-22""}, {""amount"": 673, ""date"": ""2023-06-18""}, {""amount"": 554, ""date"": ""2023-02-19""}, {""amount"": 115, ""date"": ""2023-05-20""}, {""amount"": 402, ""date"": ""2023-01-25""}, {""amount"": 694, ""date"": ""2023-08-05""}, {""amount"": 443, ""date"": ""2023-04-09""}, {""amount"": 617, ""date"": ""2023-12-01""}, {""amount"": 131, ""date"": ""2023-04-22""}, {""amount"": 395, ""date"": ""2023-08-19""}, {""amount"": 538, ""date"": ""2023-09-02""}, {""amount"": 693, ""date"": ""2023-11-15""}, {""amount"": 454, ""date"": ""2023-10-03""}, {""amount"": 714, ""date"": ""2023-06-05""}, {""amount"": 704, ""date"": ""2023-05-14""}]",True,True,False,True,False
175,Customer_175,52.0,10889.0,17081,48,765,0,"[{""amount"": 807, ""date"": ""2023-09-20""}, {""amount"": 632, ""date"": ""2023-01-11""}, {""amount"": 869, ""date"": ""2023-02-09""}, {""amount"": 477, ""date"": ""2023-01-22""}, {""amount"": 817, ""date"": ""2023-06-15""}, {""amount"": 367, ""date"": ""2023-07-02""}, {""amount"": 381, ""date"": ""2023-09-03""}, {""amount"": 680, ""date"": ""2023-08-22""}, {""amount"": 228, ""date"": ""2023-08-11""}, {""amount"": 344, ""date"": ""2023-12-24""}, {""amount"": 832, ""date"": ""2023-01-10""}, {""amount"": 227, ""date"": ""2023-07-29""}, {""amount"": 802, ""date"": ""2023-09-29""}, {""amount"": 409, ""date"": ""2023-11-04""}]",True,True,True,True,True
176,Customer_176,61.0,9951.0,17747,10,517,0,"[{""amount"": 523, ""date"": ""2023-03-22""}, {""amount"": 335, ""date"": ""2023-10-08""}, {""amount"": 862, ""date"": ""2023-06-16""}, {""amount"": 783, ""date"": ""2023-01-18""}, {""amount"": 400, ""date"": ""2023-01-21""}, {""amount"": 109, ""date"": ""2023-05-16""}, {""amount"": 190, ""date"": ""2023-02-25""}, {""amount"": 442, ""date"": ""2023-09-18""}, {""amount"": 630, ""date"": ""2023-12-06""}, {""amount"": 657, ""date"": ""2023-05-19""}]",True,True,True,True,True
177,Customer_177,31.0,11103.0,28340,10,585,0,"[{""amount"": 591, ""date"": ""2023-04-26""}, {""amount"": 461, ""date"": ""2023-09-20""}, {""amount"": 841, ""date"": ""2023-12-30""}, {""amount"": 457, ""date"": ""2023-08-06""}, {""amount"": 371, ""date"": ""2023-08-30""}, {""amount"": 320, ""date"": ""2023-08-28""}, {""amount"": 873, ""date"": ""2023-05-16""}, {""amount"": 496, ""date"": ""2023-07-07""}, {""amount"": 788, ""date"": ""2023-10-03""}, {""amount"": 203, ""date"": ""2023-11-06""}, {""amount"": 680, ""date"": ""2023-06-28""}]",True,True,True,True,True
178,Customer_178,66.0,13804.0,27085,24,467,0,"[{""amount"": 417, ""date"": ""2023-11-06""}, {""amount"": 792, ""date"": ""2023-05-11""}, {""amount"": 846, ""date"": ""2023-10-07""}, {""amount"": 713, ""date"": ""2023-05-21""}, {""amount"": 208, ""date"": ""2023-10-16""}, {""amount"": 717, ""date"": ""2023-12-19""}, {""amount"": 121, ""date"": ""2023-06-05""}, {""amount"": 446, ""date"": ""2023-11-14""}, {""amount"": 871, ""date"": ""2023-09-03""}, {""amount"": 218, ""date"": ""2023-10-26""}, {""amount"": 585, ""date"": ""2023-11-06""}, {""amount"": 453, ""date"": ""2023-02-14""}, {""amount"": 384, ""date"": ""2023-07-22""}, {""amount"": 814, ""date"": ""2023-03-23""}, {""amount"": 112, ""date"": ""2023-02-16""}]",True,True,True,True,True
179,Customer_179,58.0,5399.0,21878,11,725,0,"[{""amount"": 342, ""date"": ""2023-07-26""}, {""amount"": 906, ""date"": ""2023-11-18""}, {""amount"": 545, ""date"": ""2023-10-22""}, {""amount"": 131, ""date"": ""2023-12-14""}, {""amount"": 250, ""date"": ""2023-05-25""}, {""amount"": 216, ""date"": ""2023-09-03""}, {""amount"": 397, ""date"": ""2023-07-26""}, {""amount"": 469, ""date"": ""2023-12-20""}, {""amount"": 647, ""date"": ""2023-05-01""}, {""amount"": 260, ""date"": ""2023-11-22""}]",True,True,True,True,True
180,Customer_180,26.0,15595.0,34968,20,589,0,"[{""amount"": 757, ""date"": ""2023-05-07""}, {""amount"": 793, ""date"": ""2023-03-25""}, {""amount"": 925, ""date"": ""2023-01-09""}, {""amount"": 753, ""date"": ""2023-11-06""}, {""amount"": 620, ""date"": ""2023-12-21""}, {""amount"": 785, ""date"": ""2023-03-07""}, {""amount"": 362, ""date"": ""2023-08-07""}, {""amount"": 476, ""date"": ""2023-09-25""}, {""amount"": 862, ""date"": ""2023-06-19""}, {""amount"": 352, ""date"": ""2023-07-24""}]",True,True,True,True,True
181,Customer_181,37.0,16552.0,41357,16,420,0,"[{""amount"": 492, ""date"": ""2023-04-04""}, {""amount"": 353, ""date"": ""2023-04-01""}, {""amount"": 418, ""date"": ""2023-10-03""}, {""amount"": 363, ""date"": ""2023-07-08""}, {""amount"": 821, ""date"": ""2023-03-21""}, {""amount"": 426, ""date"": ""2023-12-20""}, {""amount"": 390, ""date"": ""2023-02-10""}]",True,True,True,True,True
182,Customer_182,49.0,6409.0,12063,56,552,0,"[{""amount"": 178, ""date"": ""2023-06-02""}, {""amount"": 199, ""date"": ""2023-03-05""}, {""amount"": 641, ""date"": ""2023-08-26""}, {""amount"": 420, ""date"": ""2023-03-13""}, {""amount"": 542, ""date"": ""2023-10-31""}, {""amount"": 166, ""date"": ""2023-02-12""}]",True,True,True,True,True
183,Customer_183,26.0,12456.0,28471,35,822,0,"[{""amount"": 450, ""date"": ""2023-09-17""}, {""amount"": 179, ""date"": ""2023-03-25""}, {""amount"": 689, ""date"": ""2023-08-21""}, {""amount"": 128, ""date"": ""2023-05-31""}, {""amount"": 552, ""date"": ""2023-05-10""}, {""amount"": 532, ""date"": ""2023-08-27""}, {""amount"": 518, ""date"": ""2023-07-13""}, {""amount"": 950, ""date"": ""2023-02-17""}, {""amount"": 601, ""date"": ""2023-04-12""}]",True,True,True,True,True
184,Customer_184,44.0,8034.0,31179,25,686,0,"[{""amount"": 774, ""date"": ""2023-11-04""}, {""amount"": 137, ""date"": ""2023-11-22""}, {""amount"": 917, ""date"": ""2023-07-16""}, {""amount"": 532, ""date"": ""2023-02-13""}, {""amount"": 869, ""date"": ""2023-09-24""}, {""amount"": 887, ""date"": ""2023-03-14""}, {""amount"": 894, ""date"": ""2023-11-02""}]",True,True,True,True,True
185,Customer_185,20.0,18462.0,45102,40,609,0,"[{""amount"": 966, ""date"": ""2023-07-15""}, {""amount"": 475, ""date"": ""2023-01-19""}, {""amount"": 899, ""date"": ""2023-02-05""}, {""amount"": 576, ""date"": ""2023-02-18""}, {""amount"": 913, ""date"": ""2023-12-25""}, {""amount"": 105, ""date"": ""2023-03-11""}, {""amount"": 415, ""date"": ""2023-08-30""}, {""amount"": 394, ""date"": ""2023-11-25""}, {""amount"": 810, ""date"": ""2023-07-26""}, {""amount"": 486, ""date"": ""2023-10-05""}, {""amount"": 293, ""date"": ""2023-05-28""}, {""amount"": 702, ""date"": ""2023-06-01""}, {""amount"": 977, ""date"": ""2023-11-24""}, {""amount"": 637, ""date"": ""2023-06-03""}, {""amount"": 925, ""date"": ""2023-07-24""}, {""amount"": 445, ""date"": ""2023-08-12""}]",True,True,True,True,True
186,Customer_186,70.0,10142.0,44920,9,625,0,"[{""amount"": 344, ""date"": ""2023-04-09""}, {""amount"": 303, ""date"": ""2023-06-22""}, {""amount"": 468, ""date"": ""2023-02-25""}, {""amount"": 727, ""date"": ""2023-06-03""}, {""amount"": 903, ""date"": ""2023-08-31""}, {""amount"": 125, ""date"": ""2023-08-28""}, {""amount"": 539, ""date"": ""2023-07-07""}, {""amount"": 396, ""date"": ""2023-02-19""}, {""amount"": 177, ""date"": ""2023-04-01""}, {""amount"": 512, ""date"": ""2023-03-10""}, {""amount"": 432, ""date"": ""2023-07-28""}]",True,True,True,True,True
187,Customer_187,21.0,7703.0,48282,14,703,0,"[{""amount"": 691, ""date"": ""2023-08-14""}, {""amount"": 199, ""date"": ""2023-09-13""}, {""amount"": 690, ""date"": ""2023-05-27""}, {""amount"": 377, ""date"": ""2023-06-11""}, {""amount"": 512, ""date"": ""2023-01-10""}, {""amount"": 373, ""date"": ""2023-09-22""}, {""amount"": 722, ""date"": ""2023-12-07""}, {""amount"": 637, ""date"": ""2023-10-23""}, {""amount"": 955, ""date"": ""2023-09-19""}, {""amount"": 734, ""date"": ""2023-02-26""}, {""amount"": 938, ""date"": ""2023-10-17""}, {""amount"": 782, ""date"": ""2023-08-15""}, {""amount"": 202, ""date"": ""2023-10-12""}, {""amount"": 238, ""date"": ""2023-06-19""}, {""amount"": 977, ""date"": ""2023-04-03""}, {""amount"": 874, ""date"": ""2023-11-04""}, {""amount"": 113, ""date"": ""2023-03-11""}]",True,True,False,True,False
188,Customer_188,62.0,9951.0,11238,32,684,0,"[{""amount"": 950, ""date"": ""2023-02-04""}, {""amount"": 400, ""date"": ""2023-05-03""}, {""amount"": 382, ""date"": ""2023-02-19""}, {""amount"": 231, ""date"": ""2023-04-05""}, {""amount"": 534, ""date"": ""2023-06-16""}]",True,True,True,True,True
189,Customer_189,32.0,12237.0,45213,24,701,0,"[{""amount"": 433, ""date"": ""2023-05-06""}, {""amount"": 635, ""date"": ""2023-03-15""}, {""amount"": 583, ""date"": ""2023-11-13""}, {""amount"": 401, ""date"": ""2023-06-23""}, {""amount"": 814, ""date"": ""2023-03-31""}, {""amount"": 468, ""date"": ""2023-03-12""}, {""amount"": 989, ""date"": ""2023-09-07""}, {""amount"": 466, ""date"": ""2023-05-09""}, {""amount"": 403, ""date"": ""2023-08-14""}, {""amount"": 572, ""date"": ""2023-12-18""}, {""amount"": 979, ""date"": ""2023-10-24""}, {""amount"": 201, ""date"": ""2023-02-18""}, {""amount"": 551, ""date"": ""2023-08-29""}, {""amount"": 395, ""date"": ""2023-03-10""}, {""amount"": 139, ""date"": ""2023-09-20""}]",True,True,True,True,True
190,Customer_190,50.0,8091.0,42857,10,771,0,"[{""amount"": 200, ""date"": ""2023-12-12""}, {""amount"": 623, ""date"": ""2023-05-16""}, {""amount"": 129, ""date"": ""2023-01-14""}, {""amount"": 295, ""date"": ""2023-04-14""}, {""amount"": 119, ""date"": ""2023-05-26""}, {""amount"": 237, ""date"": ""2023-07-20""}, {""amount"": 820, ""date"": ""2023-11-29""}]",True,True,False,True,False
191,Customer_191,22.0,3613.0,39122,13,358,0,"[{""amount"": 173, ""date"": ""2023-12-27""}, {""amount"": 353, ""date"": ""2023-11-16""}, {""amount"": 599, ""date"": ""2023-02-06""}, {""amount"": 146, ""date"": ""2023-04-30""}, {""amount"": 759, ""date"": ""2023-11-16""}, {""amount"": 183, ""date"": ""2023-09-05""}, {""amount"": 541, ""date"": ""2023-01-08""}, {""amount"": 583, ""date"": ""2023-10-23""}, {""amount"": 551, ""date"": ""2023-03-22""}, {""amount"": 841, ""date"": ""2023-07-28""}, {""amount"": 574, ""date"": ""2023-10-22""}, {""amount"": 943, ""date"": ""2023-03-24""}, {""amount"": 839, ""date"": ""2023-08-05""}]",True,True,False,True,False
192,Customer_192,21.0,10702.0,15348,48,696,0,"[{""amount"": 470, ""date"": ""2023-03-26""}, {""amount"": 563, ""date"": ""2023-09-23""}, {""amount"": 746, ""date"": ""2023-03-03""}, {""amount"": 535, ""date"": ""2023-11-24""}, {""amount"": 551, ""date"": ""2023-07-31""}, {""amount"": 465, ""date"": ""2023-02-09""}]",True,True,True,True,True
193,Customer_193,63.0,9581.0,30631,35,721,0,"[{""amount"": 233, ""date"": ""2023-01-20""}, {""amount"": 466, ""date"": ""2023-08-21""}, {""amount"": 294, ""date"": ""2023-08-30""}, {""amount"": 782, ""date"": ""2023-02-02""}, {""amount"": 714, ""date"": ""2023-11-22""}, {""amount"": 911, ""date"": ""2023-01-28""}, {""amount"": 718, ""date"": ""2023-01-01""}, {""amount"": 373, ""date"": ""2023-05-03""}, {""amount"": 972, ""date"": ""2023-12-25""}, {""amount"": 691, ""date"": ""2023-03-20""}, {""amount"": 508, ""date"": ""2023-07-14""}, {""amount"": 189, ""date"": ""2023-09-22""}, {""amount"": 290, ""date"": ""2023-04-02""}, {""amount"": 628, ""date"": ""2023-01-20""}, {""amount"": 154, ""date"": ""2023-07-04""}, {""amount"": 990, ""date"": ""2023-05-01""}, {""amount"": 980, ""date"": ""2023-08-21""}, {""amount"": 290, ""date"": ""2023-05-18""}, {""amount"": 240, ""date"": ""2023-12-04""}]",True,True,True,True,True
194,Customer_194,29.0,18082.0,21979,41,418,0,"[{""amount"": 872, ""date"": ""2023-12-26""}, {""amount"": 158, ""date"": ""2023-09-19""}, {""amount"": 191, ""date"": ""2023-01-14""}, {""amount"": 416, ""date"": ""2023-06-22""}, {""amount"": 647, ""date"": ""2023-03-20""}]",True,True,True,True,True
195,Customer_195,40.0,9812.0,36810,21,708,0,"[{""amount"": 156, ""date"": ""2023-02-25""}, {""amount"": 435, ""date"": ""2023-08-23""}, {""amount"": 162, ""date"": ""2023-01-17""}, {""amount"": 462, ""date"": ""2023-10-20""}, {""amount"": 320, ""date"": ""2023-07-02""}, {""amount"": 420, ""date"": ""2023-12-29""}, {""amount"": 706, ""date"": ""2023-02-10""}]",True,True,True,True,True
196,Customer_196,31.0,7041.0,42011,52,480,0,"[{""amount"": 529, ""date"": ""2023-09-06""}, {""amount"": 764, ""date"": ""2023-05-27""}, {""amount"": 389, ""date"": ""2023-10-25""}, {""amount"": 874, ""date"": ""2023-07-05""}, {""amount"": 611, ""date"": ""2023-08-26""}, {""amount"": 550, ""date"": ""2023-04-22""}, {""amount"": 436, ""date"": ""2023-06-08""}, {""amount"": 353, ""date"": ""2023-04-25""}, {""amount"": 672, ""date"": ""2023-04-21""}, {""amount"": 854, ""date"": ""2023-11-16""}, {""amount"": 437, ""date"": ""2023-10-15""}, {""amount"": 799, ""date"": ""2023-05-30""}, {""amount"": 836, ""date"": ""2023-03-29""}]",True,True,False,True,False
197,Customer_197,63.0,17929.0,16423,51,691,0,"[{""amount"": 289, ""date"": ""2023-05-04""}, {""amount"": 831, ""date"": ""2023-09-25""}, {""amount"": 941, ""date"": ""2023-07-28""}, {""amount"": 941, ""date"": ""2023-03-09""}, {""amount"": 900, ""date"": ""2023-03-15""}, {""amount"": 206, ""date"": ""2023-08-21""}]",True,True,True,True,True
198,Customer_198,29.0,9888.0,24219,9,323,0,"[{""amount"": 157, ""date"": ""2023-08-18""}, {""amount"": 403, ""date"": ""2023-11-12""}, {""amount"": 316, ""date"": ""2023-05-29""}, {""amount"": 453, ""date"": ""2023-12-07""}, {""amount"": 828, ""date"": ""2023-01-08""}, {""amount"": 560, ""date"": ""2023-05-19""}, {""amount"": 556, ""date"": ""2023-01-02""}, {""amount"": 854, ""date"": ""2023-04-03""}, {""amount"": 138, ""date"": ""2023-06-06""}, {""amount"": 978, ""date"": ""2023-03-11""}, {""amount"": 901, ""date"": ""2023-11-21""}, {""amount"": 650, ""date"": ""2023-05-05""}, {""amount"": 975, ""date"": ""2023-02-16""}, {""amount"": 878, ""date"": ""2023-09-13""}, {""amount"": 515, ""date"": ""2023-05-29""}, {""amount"": 847, ""date"": ""2023-09-21""}, {""amount"": 896, ""date"": ""2023-10-06""}, {""amount"": 233, ""date"": ""2023-09-02""}, {""amount"": 993, ""date"": ""2023-03-20""}]",True,True,True,True,True
199,Customer_199,34.0,9209.0,40623,9,369,0,"[{""amount"": 835, ""date"": ""2023-12-07""}, {""amount"": 106, ""date"": ""2023-03-16""}, {""amount"": 400, ""date"": ""2023-04-25""}, {""amount"": 988, ""date"": ""2023-11-20""}, {""amount"": 848, ""date"": ""2023-09-10""}, {""amount"": 723, ""date"": ""2023-07-15""}, {""amount"": 192, ""date"": ""2023-12-03""}]",True,True,True,True,True
200,Customer_200,42.0,11690.0,36293,12,563,0,"[{""amount"": 683, ""date"": ""2023-03-16""}, {""amount"": 926, ""date"": ""2023-05-04""}, {""amount"": 136, ""date"": ""2023-09-30""}, {""amount"": 990, ""date"": ""2023-08-30""}, {""amount"": 641, ""date"": ""2023-12-31""}, {""amount"": 777, ""date"": ""2023-06-26""}, {""amount"": 578, ""date"": ""2023-12-17""}, {""amount"": 462, ""date"": ""2023-09-29""}, {""amount"": 299, ""date"": ""2023-12-25""}, {""amount"": 314, ""date"": ""2023-10-02""}, {""amount"": 123, ""date"": ""2023-07-28""}, {""amount"": 802, ""date"": ""2023-11-09""}, {""amount"": 362, ""date"": ""2023-06-20""}, {""amount"": 789, ""date"": ""2023-04-19""}, {""amount"": 796, ""date"": ""2023-07-09""}, {""amount"": 287, ""date"": ""2023-05-02""}]",True,True,True,True,True
201,Customer_201,47.0,11410.0,5609,8,411,0,"[{""amount"": 514, ""date"": ""2023-10-14""}, {""amount"": 271, ""date"": ""2023-08-19""}, {""amount"": 878, ""date"": ""2023-04-24""}, {""amount"": 610, ""date"": ""2023-11-06""}, {""amount"": 459, ""date"": ""2023-03-27""}, {""amount"": 666, ""date"": ""2023-06-23""}, {""amount"": 704, ""date"": ""2023-08-23""}, {""amount"": 953, ""date"": ""2023-02-02""}, {""amount"": 178, ""date"": ""2023-08-22""}, {""amount"": 828, ""date"": ""2023-06-28""}, {""amount"": 110, ""date"": ""2023-01-09""}]",True,True,True,True,True
202,Customer_202,39.0,9087.0,17204,43,497,0,"[{""amount"": 240, ""date"": ""2023-07-06""}, {""amount"": 638, ""date"": ""2023-01-06""}, {""amount"": 608, ""date"": ""2023-11-04""}, {""amount"": 765, ""date"": ""2023-04-02""}, {""amount"": 648, ""date"": ""2023-12-30""}, {""amount"": 727, ""date"": ""2023-02-25""}, {""amount"": 216, ""date"": ""2023-07-05""}, {""amount"": 345, ""date"": ""2023-06-12""}, {""amount"": 849, ""date"": ""2023-04-22""}, {""amount"": 993, ""date"": ""2023-01-31""}, {""amount"": 733, ""date"": ""2023-08-23""}, {""amount"": 176, ""date"": ""2023-07-12""}, {""amount"": 678, ""date"": ""2023-11-29""}]",True,True,True,True,True
203,Customer_203,64.0,3344.0,15484,30,581,0,"[{""amount"": 123, ""date"": ""2023-07-13""}, {""amount"": 938, ""date"": ""2023-01-14""}, {""amount"": 508, ""date"": ""2023-10-01""}, {""amount"": 409, ""date"": ""2023-02-19""}, {""amount"": 907, ""date"": ""2023-04-25""}, {""amount"": 640, ""date"": ""2023-03-19""}, {""amount"": 602, ""date"": ""2023-06-22""}, {""amount"": 878, ""date"": ""2023-12-22""}, {""amount"": 934, ""date"": ""2023-11-16""}, {""amount"": 303, ""date"": ""2023-08-05""}, {""amount"": 396, ""date"": ""2023-08-31""}, {""amount"": 481, ""date"": ""2023-05-28""}, {""amount"": 475, ""date"": ""2023-05-29""}, {""amount"": 196, ""date"": ""2023-06-25""}, {""amount"": 224, ""date"": ""2023-08-12""}, {""amount"": 228, ""date"": ""2023-10-30""}, {""amount"": 202, ""date"": ""2023-09-26""}, {""amount"": 307, ""date"": ""2023-11-16""}, {""amount"": 594, ""date"": ""2023-04-20""}]",True,True,True,True,True
204,Customer_204,43.0,18620.0,17012,41,845,0,"[{""amount"": 554, ""date"": ""2023-10-03""}, {""amount"": 210, ""date"": ""2023-03-06""}, {""amount"": 687, ""date"": ""2023-01-26""}, {""amount"": 883, ""date"": ""2023-06-14""}, {""amount"": 820, ""date"": ""2023-04-20""}, {""amount"": 463, ""date"": ""2023-02-03""}, {""amount"": 690, ""date"": ""2023-09-20""}, {""amount"": 839, ""date"": ""2023-06-14""}, {""amount"": 826, ""date"": ""2023-06-04""}, {""amount"": 127, ""date"": ""2023-03-01""}, {""amount"": 943, ""date"": ""2023-09-17""}, {""amount"": 327, ""date"": ""2023-09-27""}, {""amount"": 579, ""date"": ""2023-01-15""}, {""amount"": 931, ""date"": ""2023-04-29""}, {""amount"": 655, ""date"": ""2023-05-27""}, {""amount"": 494, ""date"": ""2023-11-11""}, {""amount"": 650, ""date"": ""2023-11-17""}, {""amount"": 132, ""date"": ""2023-07-13""}]",True,True,True,True,True
205,Customer_205,34.0,8218.0,16998,9,768,0,"[{""amount"": 801, ""date"": ""2023-08-31""}, {""amount"": 935, ""date"": ""2023-05-30""}, {""amount"": 231, ""date"": ""2023-08-05""}, {""amount"": 366, ""date"": ""2023-11-21""}, {""amount"": 299, ""date"": ""2023-09-28""}, {""amount"": 719, ""date"": ""2023-03-13""}, {""amount"": 658, ""date"": ""2023-08-21""}, {""amount"": 456, ""date"": ""2023-05-28""}, {""amount"": 366, ""date"": ""2023-08-18""}, {""amount"": 807, ""date"": ""2023-01-24""}, {""amount"": 949, ""date"": ""2023-12-17""}, {""amount"": 378, ""date"": ""2023-09-08""}, {""amount"": 210, ""date"": ""2023-01-04""}, {""amount"": 992, ""date"": ""2023-10-24""}, {""amount"": 108, ""date"": ""2023-08-23""}, {""amount"": 249, ""date"": ""2023-06-24""}, {""amount"": 682, ""date"": ""2023-12-01""}, {""amount"": 376, ""date"": ""2023-08-19""}, {""amount"": 853, ""date"": ""2023-07-30""}]",True,True,True,True,True
206,Customer_206,37.0,19570.0,19823,13,461,0,"[{""amount"": 545, ""date"": ""2023-05-28""}, {""amount"": 326, ""date"": ""2023-12-10""}, {""amount"": 540, ""date"": ""2023-08-19""}, {""amount"": 150, ""date"": ""2023-04-25""}, {""amount"": 333, ""date"": ""2023-10-31""}, {""amount"": 111, ""date"": ""2023-08-18""}, {""amount"": 404, ""date"": ""2023-12-04""}, {""amount"": 271, ""date"": ""2023-10-08""}, {""amount"": 369, ""date"": ""2023-04-26""}, {""amount"": 924, ""date"": ""2023-05-24""}, {""amount"": 787, ""date"": ""2023-05-28""}, {""amount"": 982, ""date"": ""2023-10-22""}, {""amount"": 479, ""date"": ""2023-02-18""}, {""amount"": 440, ""date"": ""2023-02-10""}, {""amount"": 393, ""date"": ""2023-02-10""}, {""amount"": 820, ""date"": ""2023-06-22""}, {""amount"": 282, ""date"": ""2023-04-05""}]",True,True,True,True,True
207,Customer_207,51.0,8822.0,11334,33,383,0,"[{""amount"": 475, ""date"": ""2023-07-28""}, {""amount"": 274, ""date"": ""2023-10-13""}, {""amount"": 941, ""date"": ""2023-09-18""}, {""amount"": 744, ""date"": ""2023-02-02""}, {""amount"": 363, ""date"": ""2023-05-21""}, {""amount"": 210, ""date"": ""2023-08-03""}, {""amount"": 490, ""date"": ""2023-01-21""}, {""amount"": 309, ""date"": ""2023-11-21""}, {""amount"": 465, ""date"": ""2023-09-02""}, {""amount"": 995, ""date"": ""2023-06-12""}, {""amount"": 487, ""date"": ""2023-11-15""}, {""amount"": 944, ""date"": ""2023-10-30""}, {""amount"": 768, ""date"": ""2023-04-19""}]",True,True,True,True,True
208,Customer_208,58.0,10565.0,11348,56,757,0,"[{""amount"": 600, ""date"": ""2023-12-15""}, {""amount"": 765, ""date"": ""2023-12-14""}, {""amount"": 129, ""date"": ""2023-01-08""}, {""amount"": 574, ""date"": ""2023-01-03""}, {""amount"": 558, ""date"": ""2023-08-07""}, {""amount"": 535, ""date"": ""2023-07-14""}, {""amount"": 640, ""date"": ""2023-07-22""}, {""amount"": 440, ""date"": ""2023-07-16""}, {""amount"": 284, ""date"": ""2023-01-15""}, {""amount"": 449, ""date"": ""2023-03-29""}, {""amount"": 166, ""date"": ""2023-07-02""}, {""amount"": 898, ""date"": ""2023-11-20""}, {""amount"": 705, ""date"": ""2023-01-21""}, {""amount"": 282, ""date"": ""2023-12-02""}, {""amount"": 546, ""date"": ""2023-02-27""}, {""amount"": 348, ""date"": ""2023-12-14""}, {""amount"": 572, ""date"": ""2023-07-17""}, {""amount"": 753, ""date"": ""2023-07-13""}]",True,True,True,True,True
209,Customer_209,50.0,13424.0,37848,8,558,0,"[{""amount"": 842, ""date"": ""2023-01-14""}, {""amount"": 158, ""date"": ""2023-06-18""}, {""amount"": 584, ""date"": ""2023-05-04""}, {""amount"": 491, ""date"": ""2023-06-01""}, {""amount"": 431, ""date"": ""2023-03-10""}, {""amount"": 789, ""date"": ""2023-03-08""}, {""amount"": 828, ""date"": ""2023-07-08""}, {""amount"": 545, ""date"": ""2023-11-01""}, {""amount"": 914, ""date"": ""2023-05-01""}, {""amount"": 676, ""date"": ""2023-08-10""}, {""amount"": 717, ""date"": ""2023-11-28""}, {""amount"": 125, ""date"": ""2023-07-27""}, {""amount"": 571, ""date"": ""2023-09-23""}, {""amount"": 295, ""date"": ""2023-11-24""}]",True,True,True,True,True
210,Customer_210,54.0,17660.0,7558,54,828,0,"[{""amount"": 366, ""date"": ""2023-05-25""}, {""amount"": 294, ""date"": ""2023-08-07""}, {""amount"": 902, ""date"": ""2023-11-04""}, {""amount"": 152, ""date"": ""2023-11-14""}, {""amount"": 909, ""date"": ""2023-09-25""}, {""amount"": 258, ""date"": ""2023-06-30""}, {""amount"": 792, ""date"": ""2023-03-10""}, {""amount"": 899, ""date"": ""2023-12-25""}, {""amount"": 793, ""date"": ""2023-10-15""}, {""amount"": 892, ""date"": ""2023-12-18""}, {""amount"": 268, ""date"": ""2023-01-07""}, {""amount"": 991, ""date"": ""2023-11-18""}, {""amount"": 853, ""date"": ""2023-06-29""}, {""amount"": 533, ""date"": ""2023-01-04""}, {""amount"": 347, ""date"": ""2023-01-26""}, {""amount"": 105, ""date"": ""2023-08-15""}, {""amount"": 482, ""date"": ""2023-10-16""}]",True,True,True,True,True
211,Customer_211,24.0,2611.0,14350,13,426,0,"[{""amount"": 879, ""date"": ""2023-11-29""}, {""amount"": 315, ""date"": ""2023-05-15""}, {""amount"": 947, ""date"": ""2023-07-05""}, {""amount"": 415, ""date"": ""2023-06-20""}, {""amount"": 747, ""date"": ""2023-02-26""}, {""amount"": 362, ""date"": ""2023-06-24""}, {""amount"": 367, ""date"": ""2023-04-10""}, {""amount"": 357, ""date"": ""2023-02-14""}, {""amount"": 290, ""date"": ""2023-10-02""}, {""amount"": 787, ""date"": ""2023-09-26""}, {""amount"": 966, ""date"": ""2023-02-24""}, {""amount"": 541, ""date"": ""2023-10-11""}, {""amount"": 926, ""date"": ""2023-06-20""}, {""amount"": 214, ""date"": ""2023-03-13""}, {""amount"": 531, ""date"": ""2023-10-15""}, {""amount"": 760, ""date"": ""2023-12-28""}, {""amount"": 404, ""date"": ""2023-09-18""}, {""amount"": 614, ""date"": ""2023-08-13""}, {""amount"": 975, ""date"": ""2023-06-07""}]",True,True,False,True,False
212,Customer_212,39.0,17207.0,35148,16,387,0,"[{""amount"": 585, ""date"": ""2023-05-12""}, {""amount"": 164, ""date"": ""2023-02-27""}, {""amount"": 680, ""date"": ""2023-12-20""}, {""amount"": 580, ""date"": ""2023-01-12""}, {""amount"": 385, ""date"": ""2023-08-15""}, {""amount"": 803, ""date"": ""2023-02-18""}, {""amount"": 711, ""date"": ""2023-02-03""}, {""amount"": 608, ""date"": ""2023-01-28""}, {""amount"": 644, ""date"": ""2023-01-13""}, {""amount"": 871, ""date"": ""2023-04-29""}, {""amount"": 793, ""date"": ""2023-04-07""}, {""amount"": 328, ""date"": ""2023-03-28""}, {""amount"": 191, ""date"": ""2023-06-09""}]",True,True,True,True,True
213,Customer_213,49.0,5995.0,26293,51,325,0,"[{""amount"": 682, ""date"": ""2023-01-08""}, {""amount"": 321, ""date"": ""2023-04-10""}, {""amount"": 385, ""date"": ""2023-09-11""}, {""amount"": 378, ""date"": ""2023-06-22""}, {""amount"": 404, ""date"": ""2023-08-15""}, {""amount"": 325, ""date"": ""2023-12-23""}, {""amount"": 403, ""date"": ""2023-04-30""}, {""amount"": 663, ""date"": ""2023-08-02""}, {""amount"": 748, ""date"": ""2023-04-26""}, {""amount"": 140, ""date"": ""2023-06-12""}, {""amount"": 733, ""date"": ""2023-10-11""}, {""amount"": 726, ""date"": ""2023-12-01""}, {""amount"": 649, ""date"": ""2023-03-16""}, {""amount"": 455, ""date"": ""2023-03-27""}, {""amount"": 867, ""date"": ""2023-11-09""}, {""amount"": 434, ""date"": ""2023-05-03""}, {""amount"": 462, ""date"": ""2023-09-05""}, {""amount"": 754, ""date"": ""2023-11-03""}]",True,True,True,True,True
214,Customer_214,31.0,16075.0,28034,54,422,0,"[{""amount"": 326, ""date"": ""2023-01-24""}, {""amount"": 831, ""date"": ""2023-04-14""}, {""amount"": 244, ""date"": ""2023-11-16""}, {""amount"": 839, ""date"": ""2023-07-29""}, {""amount"": 193, ""date"": ""2023-06-18""}, {""amount"": 873, ""date"": ""2023-06-07""}, {""amount"": 992, ""date"": ""2023-08-14""}, {""amount"": 145, ""date"": ""2023-01-16""}, {""amount"": 201, ""date"": ""2023-09-04""}, {""amount"": 889, ""date"": ""2023-09-21""}, {""amount"": 334, ""date"": ""2023-12-08""}]",True,True,True,True,True
215,Customer_215,25.0,4352.0,47654,11,340,0,"[{""amount"": 695, ""date"": ""2023-03-09""}, {""amount"": 469, ""date"": ""2023-07-24""}, {""amount"": 179, ""date"": ""2023-07-18""}, {""amount"": 618, ""date"": ""2023-07-26""}, {""amount"": 550, ""date"": ""2023-07-15""}, {""amount"": 831, ""date"": ""2023-04-05""}, {""amount"": 131, ""date"": ""2023-04-26""}, {""amount"": 581, ""date"": ""2023-04-14""}]",True,True,False,True,False
216,Customer_216,42.0,15636.0,15107,58,616,0,"[{""amount"": 929, ""date"": ""2023-06-10""}, {""amount"": 756, ""date"": ""2023-11-24""}, {""amount"": 957, ""date"": ""2023-09-23""}, {""amount"": 267, ""date"": ""2023-03-24""}, {""amount"": 622, ""date"": ""2023-06-09""}, {""amount"": 656, ""date"": ""2023-12-19""}, {""amount"": 707, ""date"": ""2023-11-19""}, {""amount"": 780, ""date"": ""2023-08-27""}, {""amount"": 831, ""date"": ""2023-09-02""}, {""amount"": 703, ""date"": ""2023-09-13""}, {""amount"": 652, ""date"": ""2023-05-19""}, {""amount"": 280, ""date"": ""2023-07-17""}, {""amount"": 494, ""date"": ""2023-04-01""}, {""amount"": 986, ""date"": ""2023-06-14""}]",True,True,True,True,True
217,Customer_217,33.0,11489.0,9789,46,637,0,"[{""amount"": 851, ""date"": ""2023-10-04""}, {""amount"": 540, ""date"": ""2023-04-12""}, {""amount"": 796, ""date"": ""2023-05-27""}, {""amount"": 502, ""date"": ""2023-01-29""}, {""amount"": 998, ""date"": ""2023-02-19""}, {""amount"": 403, ""date"": ""2023-06-29""}, {""amount"": 583, ""date"": ""2023-09-04""}]",True,True,True,True,True
218,Customer_218,59.0,12525.0,33065,28,806,0,"[{""amount"": 213, ""date"": ""2023-09-22""}, {""amount"": 873, ""date"": ""2023-11-21""}, {""amount"": 655, ""date"": ""2023-10-30""}, {""amount"": 296, ""date"": ""2023-02-11""}, {""amount"": 628, ""date"": ""2023-08-05""}]",True,True,True,True,True
219,Customer_219,36.0,14902.0,38370,58,553,0,"[{""amount"": 894, ""date"": ""2023-02-27""}, {""amount"": 877, ""date"": ""2023-02-18""}, {""amount"": 184, ""date"": ""2023-04-01""}, {""amount"": 100, ""date"": ""2023-07-25""}, {""amount"": 231, ""date"": ""2023-11-19""}, {""amount"": 110, ""date"": ""2023-07-28""}, {""amount"": 799, ""date"": ""2023-01-03""}, {""amount"": 544, ""date"": ""2023-11-13""}, {""amount"": 963, ""date"": ""2023-06-06""}, {""amount"": 601, ""date"": ""2023-07-04""}]",True,True,True,True,True
220,Customer_220,58.0,3659.0,10522,49,797,0,"[{""amount"": 362, ""date"": ""2023-01-18""}, {""amount"": 888, ""date"": ""2023-12-14""}, {""amount"": 758, ""date"": ""2023-07-17""}, {""amount"": 823, ""date"": ""2023-02-19""}, {""amount"": 613, ""date"": ""2023-05-24""}, {""amount"": 436, ""date"": ""2023-11-25""}, {""amount"": 910, ""date"": ""2023-04-12""}, {""amount"": 855, ""date"": ""2023-09-18""}, {""amount"": 642, ""date"": ""2023-05-01""}]",True,True,True,True,True
221,Customer_221,33.0,9326.0,13824,7,725,0,"[{""amount"": 983, ""date"": ""2023-12-12""}, {""amount"": 738, ""date"": ""2023-08-12""}, {""amount"": 398, ""date"": ""2023-11-14""}, {""amount"": 217, ""date"": ""2023-11-18""}, {""amount"": 548, ""date"": ""2023-09-14""}, {""amount"": 740, ""date"": ""2023-08-15""}, {""amount"": 382, ""date"": ""2023-08-14""}, {""amount"": 853, ""date"": ""2023-05-10""}, {""amount"": 672, ""date"": ""2023-08-12""}, {""amount"": 510, ""date"": ""2023-05-06""}, {""amount"": 519, ""date"": ""2023-06-20""}]",True,True,True,True,True
222,Customer_222,29.0,9484.0,43018,12,722,0,"[{""amount"": 824, ""date"": ""2023-10-03""}, {""amount"": 823, ""date"": ""2023-05-05""}, {""amount"": 915, ""date"": ""2023-10-01""}, {""amount"": 296, ""date"": ""2023-01-04""}, {""amount"": 156, ""date"": ""2023-11-19""}, {""amount"": 298, ""date"": ""2023-07-12""}, {""amount"": 422, ""date"": ""2023-04-29""}, {""amount"": 646, ""date"": ""2023-12-18""}, {""amount"": 988, ""date"": ""2023-11-13""}, {""amount"": 227, ""date"": ""2023-01-31""}, {""amount"": 577, ""date"": ""2023-10-01""}, {""amount"": 424, ""date"": ""2023-07-12""}, {""amount"": 352, ""date"": ""2023-07-15""}, {""amount"": 799, ""date"": ""2023-04-12""}, {""amount"": 315, ""date"": ""2023-09-17""}, {""amount"": 971, ""date"": ""2023-09-20""}]",True,True,True,True,True
223,Customer_223,56.0,8835.0,24610,34,504,0,"[{""amount"": 372, ""date"": ""2023-05-01""}, {""amount"": 887, ""date"": ""2023-03-25""}, {""amount"": 888, ""date"": ""2023-08-22""}, {""amount"": 933, ""date"": ""2023-10-14""}, {""amount"": 451, ""date"": ""2023-06-17""}, {""amount"": 516, ""date"": ""2023-03-27""}, {""amount"": 209, ""date"": ""2023-02-06""}, {""amount"": 741, ""date"": ""2023-01-04""}, {""amount"": 782, ""date"": ""2023-01-21""}, {""amount"": 207, ""date"": ""2023-03-27""}, {""amount"": 308, ""date"": ""2023-09-08""}, {""amount"": 164, ""date"": ""2023-05-17""}, {""amount"": 204, ""date"": ""2023-09-18""}, {""amount"": 615, ""date"": ""2023-11-19""}]",True,True,True,True,True
224,Customer_224,65.0,8388.0,11382,11,498,0,"[{""amount"": 361, ""date"": ""2023-11-03""}, {""amount"": 793, ""date"": ""2023-02-11""}, {""amount"": 749, ""date"": ""2023-09-24""}, {""amount"": 551, ""date"": ""2023-10-11""}, {""amount"": 715, ""date"": ""2023-06-11""}, {""amount"": 611, ""date"": ""2023-03-26""}, {""amount"": 619, ""date"": ""2023-08-07""}]",True,True,True,True,True
225,Customer_225,47.0,12825.0,17569,46,667,0,"[{""amount"": 698, ""date"": ""2023-01-08""}, {""amount"": 723, ""date"": ""2023-08-15""}, {""amount"": 914, ""date"": ""2023-08-28""}, {""amount"": 210, ""date"": ""2023-09-26""}, {""amount"": 887, ""date"": ""2023-12-06""}, {""amount"": 592, ""date"": ""2023-12-31""}, {""amount"": 122, ""date"": ""2023-12-01""}, {""amount"": 936, ""date"": ""2023-07-26""}, {""amount"": 578, ""date"": ""2023-08-11""}, {""amount"": 377, ""date"": ""2023-07-28""}, {""amount"": 758, ""date"": ""2023-12-19""}, {""amount"": 469, ""date"": ""2023-03-23""}, {""amount"": 365, ""date"": ""2023-04-05""}, {""amount"": 360, ""date"": ""2023-06-22""}, {""amount"": 261, ""date"": ""2023-05-24""}]",True,True,True,True,True
226,Customer_226,19.0,13735.0,35655,16,580,0,"[{""amount"": 806, ""date"": ""2023-06-18""}, {""amount"": 756, ""date"": ""2023-03-19""}, {""amount"": 249, ""date"": ""2023-11-28""}, {""amount"": 605, ""date"": ""2023-03-23""}, {""amount"": 723, ""date"": ""2023-02-27""}, {""amount"": 649, ""date"": ""2023-07-22""}, {""amount"": 461, ""date"": ""2023-09-16""}, {""amount"": 220, ""date"": ""2023-08-04""}, {""amount"": 298, ""date"": ""2023-01-21""}, {""amount"": 120, ""date"": ""2023-07-09""}, {""amount"": 458, ""date"": ""2023-02-19""}, {""amount"": 425, ""date"": ""2023-12-03""}, {""amount"": 856, ""date"": ""2023-06-28""}, {""amount"": 307, ""date"": ""2023-10-23""}, {""amount"": 373, ""date"": ""2023-12-18""}, {""amount"": 126, ""date"": ""2023-01-30""}, {""amount"": 751, ""date"": ""2023-08-19""}, {""amount"": 421, ""date"": ""2023-10-30""}, {""amount"": 353, ""date"": ""2023-08-24""}]",True,True,True,True,True
227,Customer_227,49.0,16272.0,24163,13,589,1,"[{""amount"": 219, ""date"": ""2023-08-19""}, {""amount"": 663, ""date"": ""2023-01-04""}, {""amount"": 949, ""date"": ""2023-11-15""}, {""amount"": 565, ""date"": ""2023-01-05""}, {""amount"": 181, ""date"": ""2023-08-15""}]",True,True,True,True,True
228,Customer_228,62.0,15992.0,24006,35,762,0,"[{""amount"": 661, ""date"": ""2023-04-24""}, {""amount"": 759, ""date"": ""2023-10-30""}, {""amount"": 438, ""date"": ""2023-10-23""}, {""amount"": 430, ""date"": ""2023-05-06""}, {""amount"": 321, ""date"": ""2023-07-20""}, {""amount"": 738, ""date"": ""2023-04-09""}, {""amount"": 466, ""date"": ""2023-07-07""}, {""amount"": 313, ""date"": ""2023-08-27""}]",True,True,True,True,True
229,Customer_229,42.0,18627.0,24513,42,497,0,"[{""amount"": 168, ""date"": ""2023-02-06""}, {""amount"": 736, ""date"": ""2023-02-09""}, {""amount"": 218, ""date"": ""2023-03-27""}, {""amount"": 861, ""date"": ""2023-06-14""}, {""amount"": 274, ""date"": ""2023-07-24""}, {""amount"": 817, ""date"": ""2023-07-15""}, {""amount"": 273, ""date"": ""2023-02-10""}, {""amount"": 717, ""date"": ""2023-07-04""}, {""amount"": 386, ""date"": ""2023-12-04""}, {""amount"": 447, ""date"": ""2023-11-20""}]",True,True,True,True,True
230,Customer_230,42.0,4581.0,40109,24,309,0,"[{""amount"": 142, ""date"": ""2023-07-23""}, {""amount"": 221, ""date"": ""2023-05-28""}, {""amount"": 983, ""date"": ""2023-12-08""}, {""amount"": 999, ""date"": ""2023-04-11""}, {""amount"": 152, ""date"": ""2023-08-22""}, {""amount"": 341, ""date"": ""2023-08-25""}, {""amount"": 843, ""date"": ""2023-04-20""}, {""amount"": 833, ""date"": ""2023-12-04""}, {""amount"": 625, ""date"": ""2023-07-10""}, {""amount"": 421, ""date"": ""2023-04-29""}, {""amount"": 889, ""date"": ""2023-03-17""}, {""amount"": 440, ""date"": ""2023-07-21""}, {""amount"": 992, ""date"": ""2023-09-25""}, {""amount"": 747, ""date"": ""2023-06-06""}, {""amount"": 755, ""date"": ""2023-12-24""}]",True,True,False,True,False
231,Customer_231,21.0,16234.0,8477,53,337,0,"[{""amount"": 249, ""date"": ""2023-10-09""}, {""amount"": 828, ""date"": ""2023-07-21""}, {""amount"": 173, ""date"": ""2023-09-09""}, {""amount"": 560, ""date"": ""2023-05-10""}, {""amount"": 960, ""date"": ""2023-05-01""}, {""amount"": 843, ""date"": ""2023-10-20""}, {""amount"": 320, ""date"": ""2023-02-13""}, {""amount"": 295, ""date"": ""2023-01-10""}, {""amount"": 263, ""date"": ""2023-01-07""}, {""amount"": 499, ""date"": ""2023-08-19""}, {""amount"": 490, ""date"": ""2023-03-23""}, {""amount"": 185, ""date"": ""2023-05-06""}, {""amount"": 303, ""date"": ""2023-10-24""}, {""amount"": 363, ""date"": ""2023-01-28""}, {""amount"": 593, ""date"": ""2023-10-25""}, {""amount"": 560, ""date"": ""2023-11-16""}]",True,True,True,True,True
232,Customer_232,36.0,5215.0,5107,8,658,0,"[{""amount"": 814, ""date"": ""2023-08-17""}, {""amount"": 905, ""date"": ""2023-04-07""}, {""amount"": 105, ""date"": ""2023-09-10""}, {""amount"": 413, ""date"": ""2023-07-21""}, {""amount"": 446, ""date"": ""2023-02-13""}, {""amount"": 394, ""date"": ""2023-03-30""}, {""amount"": 744, ""date"": ""2023-03-16""}, {""amount"": 578, ""date"": ""2023-08-06""}, {""amount"": 736, ""date"": ""2023-11-06""}, {""amount"": 275, ""date"": ""2023-01-28""}, {""amount"": 189, ""date"": ""2023-01-28""}, {""amount"": 742, ""date"": ""2023-11-15""}, {""amount"": 545, ""date"": ""2023-12-30""}, {""amount"": 613, ""date"": ""2023-09-22""}, {""amount"": 990, ""date"": ""2023-12-26""}]",True,True,True,True,True
233,Customer_233,65.0,4800.0,13696,47,383,0,"[{""amount"": 410, ""date"": ""2023-03-02""}, {""amount"": 925, ""date"": ""2023-01-22""}, {""amount"": 229, ""date"": ""2023-03-03""}, {""amount"": 616, ""date"": ""2023-10-01""}, {""amount"": 231, ""date"": ""2023-10-14""}, {""amount"": 272, ""date"": ""2023-11-03""}, {""amount"": 187, ""date"": ""2023-03-22""}, {""amount"": 227, ""date"": ""2023-12-12""}, {""amount"": 703, ""date"": ""2023-01-16""}, {""amount"": 636, ""date"": ""2023-09-15""}, {""amount"": 792, ""date"": ""2023-09-24""}, {""amount"": 429, ""date"": ""2023-11-26""}, {""amount"": 741, ""date"": ""2023-03-16""}]",True,True,True,True,True
234,Customer_234,21.0,16097.0,9933,35,678,0,"[{""amount"": 206, ""date"": ""2023-01-30""}, {""amount"": 688, ""date"": ""2023-07-12""}, {""amount"": 543, ""date"": ""2023-12-16""}, {""amount"": 166, ""date"": ""2023-03-11""}, {""amount"": 628, ""date"": ""2023-01-15""}, {""amount"": 110, ""date"": ""2023-05-13""}, {""amount"": 608, ""date"": ""2023-01-07""}, {""amount"": 720, ""date"": ""2023-06-01""}, {""amount"": 185, ""date"": ""2023-09-18""}, {""amount"": 155, ""date"": ""2023-04-15""}, {""amount"": 869, ""date"": ""2023-07-25""}, {""amount"": 783, ""date"": ""2023-02-11""}, {""amount"": 532, ""date"": ""2023-12-17""}, {""amount"": 204, ""date"": ""2023-03-19""}]",True,True,True,True,True
235,Customer_235,60.0,16467.0,42881,38,734,0,"[{""amount"": 139, ""date"": ""2023-09-20""}, {""amount"": 908, ""date"": ""2023-01-18""}, {""amount"": 230, ""date"": ""2023-04-17""}, {""amount"": 807, ""date"": ""2023-09-10""}, {""amount"": 528, ""date"": ""2023-05-06""}, {""amount"": 654, ""date"": ""2023-08-05""}, {""amount"": 736, ""date"": ""2023-11-30""}, {""amount"": 615, ""date"": ""2023-03-24""}, {""amount"": 600, ""date"": ""2023-12-08""}, {""amount"": 331, ""date"": ""2023-04-12""}, {""amount"": 287, ""date"": ""2023-10-07""}, {""amount"": 472, ""date"": ""2023-12-01""}, {""amount"": 181, ""date"": ""2023-03-30""}, {""amount"": 966, ""date"": ""2023-01-15""}, {""amount"": 744, ""date"": ""2023-05-01""}, {""amount"": 642, ""date"": ""2023-04-03""}]",True,True,True,True,True
236,Customer_236,30.0,19181.0,42913,55,821,0,"[{""amount"": 838, ""date"": ""2023-12-04""}, {""amount"": 389, ""date"": ""2023-02-04""}, {""amount"": 797, ""date"": ""2023-05-30""}, {""amount"": 693, ""date"": ""2023-01-15""}, {""amount"": 964, ""date"": ""2023-08-24""}, {""amount"": 124, ""date"": ""2023-12-19""}, {""amount"": 355, ""date"": ""2023-09-12""}, {""amount"": 872, ""date"": ""2023-09-14""}, {""amount"": 180, ""date"": ""2023-10-18""}, {""amount"": 437, ""date"": ""2023-04-10""}]",True,True,True,True,True
237,Customer_237,56.0,6560.0,46725,58,725,0,"[{""amount"": 684, ""date"": ""2023-04-04""}, {""amount"": 639, ""date"": ""2023-03-15""}, {""amount"": 793, ""date"": ""2023-06-15""}, {""amount"": 281, ""date"": ""2023-02-22""}, {""amount"": 761, ""date"": ""2023-05-30""}, {""amount"": 784, ""date"": ""2023-10-27""}, {""amount"": 775, ""date"": ""2023-12-27""}, {""amount"": 128, ""date"": ""2023-03-30""}, {""amount"": 510, ""date"": ""2023-05-13""}, {""amount"": 165, ""date"": ""2023-10-09""}, {""amount"": 124, ""date"": ""2023-06-14""}, {""amount"": 586, ""date"": ""2023-12-05""}, {""amount"": 398, ""date"": ""2023-01-16""}, {""amount"": 140, ""date"": ""2023-12-26""}]",True,True,False,True,False
238,Customer_238,53.0,4274.0,5073,31,326,0,"[{""amount"": 240, ""date"": ""2023-09-15""}, {""amount"": 660, ""date"": ""2023-07-08""}, {""amount"": 517, ""date"": ""2023-07-23""}, {""amount"": 225, ""date"": ""2023-03-17""}, {""amount"": 335, ""date"": ""2023-07-14""}]",True,True,True,True,True
239,Customer_239,40.0,13908.0,16146,42,675,0,"[{""amount"": 824, ""date"": ""2023-06-03""}, {""amount"": 392, ""date"": ""2023-09-14""}, {""amount"": 326, ""date"": ""2023-12-03""}, {""amount"": 956, ""date"": ""2023-07-04""}, {""amount"": 635, ""date"": ""2023-12-08""}, {""amount"": 509, ""date"": ""2023-06-23""}, {""amount"": 244, ""date"": ""2023-03-01""}, {""amount"": 681, ""date"": ""2023-01-13""}, {""amount"": 870, ""date"": ""2023-06-21""}, {""amount"": 661, ""date"": ""2023-04-09""}, {""amount"": 163, ""date"": ""2023-09-06""}, {""amount"": 774, ""date"": ""2023-10-15""}, {""amount"": 667, ""date"": ""2023-03-25""}, {""amount"": 906, ""date"": ""2023-07-06""}, {""amount"": 924, ""date"": ""2023-03-05""}, {""amount"": 187, ""date"": ""2023-03-15""}]",True,True,True,True,True
240,Customer_240,23.0,16470.0,44496,25,362,0,"[{""amount"": 674, ""date"": ""2023-05-31""}, {""amount"": 950, ""date"": ""2023-10-31""}, {""amount"": 917, ""date"": ""2023-11-11""}, {""amount"": 965, ""date"": ""2023-04-30""}, {""amount"": 850, ""date"": ""2023-12-04""}, {""amount"": 448, ""date"": ""2023-03-03""}, {""amount"": 497, ""date"": ""2023-07-25""}, {""amount"": 765, ""date"": ""2023-02-04""}, {""amount"": 625, ""date"": ""2023-08-07""}, {""amount"": 645, ""date"": ""2023-12-04""}, {""amount"": 796, ""date"": ""2023-08-30""}, {""amount"": 573, ""date"": ""2023-07-01""}, {""amount"": 852, ""date"": ""2023-02-22""}, {""amount"": 462, ""date"": ""2023-04-11""}, {""amount"": 577, ""date"": ""2023-11-23""}, {""amount"": 588, ""date"": ""2023-07-28""}, {""amount"": 257, ""date"": ""2023-05-23""}]",True,True,True,True,True
241,Customer_241,41.0,13345.0,9570,38,460,0,"[{""amount"": 466, ""date"": ""2023-10-19""}, {""amount"": 325, ""date"": ""2023-01-10""}, {""amount"": 193, ""date"": ""2023-11-19""}, {""amount"": 178, ""date"": ""2023-05-16""}, {""amount"": 869, ""date"": ""2023-08-23""}, {""amount"": 337, ""date"": ""2023-07-22""}, {""amount"": 525, ""date"": ""2023-05-23""}, {""amount"": 998, ""date"": ""2023-12-07""}]",True,True,True,True,True
242,Customer_242,61.0,4422.0,6375,59,585,0,"[{""amount"": 276, ""date"": ""2023-08-18""}, {""amount"": 974, ""date"": ""2023-11-23""}, {""amount"": 848, ""date"": ""2023-04-27""}, {""amount"": 723, ""date"": ""2023-11-28""}, {""amount"": 378, ""date"": ""2023-01-23""}, {""amount"": 122, ""date"": ""2023-04-24""}, {""amount"": 454, ""date"": ""2023-05-24""}, {""amount"": 353, ""date"": ""2023-06-06""}, {""amount"": 764, ""date"": ""2023-11-07""}, {""amount"": 535, ""date"": ""2023-11-28""}, {""amount"": 529, ""date"": ""2023-10-25""}, {""amount"": 875, ""date"": ""2023-02-07""}, {""amount"": 566, ""date"": ""2023-12-15""}, {""amount"": 363, ""date"": ""2023-07-01""}, {""amount"": 516, ""date"": ""2023-05-09""}, {""amount"": 518, ""date"": ""2023-08-24""}, {""amount"": 457, ""date"": ""2023-08-09""}]",True,True,True,True,True
243,Customer_243,50.0,8437.0,45798,33,332,0,"[{""amount"": 257, ""date"": ""2023-03-10""}, {""amount"": 109, ""date"": ""2023-05-16""}, {""amount"": 438, ""date"": ""2023-12-31""}, {""amount"": 706, ""date"": ""2023-11-30""}, {""amount"": 721, ""date"": ""2023-09-13""}, {""amount"": 573, ""date"": ""2023-12-26""}, {""amount"": 134, ""date"": ""2023-04-22""}, {""amount"": 717, ""date"": ""2023-06-23""}, {""amount"": 504, ""date"": ""2023-08-24""}, {""amount"": 828, ""date"": ""2023-05-24""}, {""amount"": 947, ""date"": ""2023-12-08""}, {""amount"": 527, ""date"": ""2023-02-25""}, {""amount"": 514, ""date"": ""2023-05-31""}, {""amount"": 981, ""date"": ""2023-05-27""}, {""amount"": 622, ""date"": ""2023-09-13""}, {""amount"": 446, ""date"": ""2023-01-27""}, {""amount"": 564, ""date"": ""2023-11-25""}, {""amount"": 108, ""date"": ""2023-06-12""}, {""amount"": 960, ""date"": ""2023-06-16""}]",True,True,False,True,False
244,Customer_244,29.0,16967.0,42630,32,750,0,"[{""amount"": 996, ""date"": ""2023-12-23""}, {""amount"": 609, ""date"": ""2023-01-27""}, {""amount"": 242, ""date"": ""2023-11-12""}, {""amount"": 582, ""date"": ""2023-06-10""}, {""amount"": 151, ""date"": ""2023-08-20""}, {""amount"": 712, ""date"": ""2023-08-01""}, {""amount"": 797, ""date"": ""2023-01-04""}, {""amount"": 736, ""date"": ""2023-10-15""}, {""amount"": 754, ""date"": ""2023-09-15""}, {""amount"": 644, ""date"": ""2023-09-04""}, {""amount"": 725, ""date"": ""2023-05-20""}, {""amount"": 604, ""date"": ""2023-11-02""}, {""amount"": 496, ""date"": ""2023-11-19""}]",True,True,True,True,True
245,Customer_245,58.0,19691.0,8301,34,706,0,"[{""amount"": 243, ""date"": ""2023-01-24""}, {""amount"": 481, ""date"": ""2023-11-03""}, {""amount"": 370, ""date"": ""2023-08-23""}, {""amount"": 537, ""date"": ""2023-11-16""}, {""amount"": 760, ""date"": ""2023-04-15""}, {""amount"": 354, ""date"": ""2023-02-21""}, {""amount"": 632, ""date"": ""2023-08-11""}, {""amount"": 928, ""date"": ""2023-02-21""}, {""amount"": 933, ""date"": ""2023-08-03""}, {""amount"": 284, ""date"": ""2023-10-21""}]",True,True,True,True,True
246,Customer_246,38.0,15902.0,40110,51,475,0,"[{""amount"": 862, ""date"": ""2023-11-01""}, {""amount"": 848, ""date"": ""2023-10-25""}, {""amount"": 174, ""date"": ""2023-08-17""}, {""amount"": 839, ""date"": ""2023-06-20""}, {""amount"": 114, ""date"": ""2023-10-14""}, {""amount"": 275, ""date"": ""2023-07-12""}, {""amount"": 966, ""date"": ""2023-01-06""}, {""amount"": 926, ""date"": ""2023-06-29""}, {""amount"": 818, ""date"": ""2023-08-13""}]",True,True,True,True,True
247,Customer_247,28.0,18315.0,22584,29,340,1,"[{""amount"": 167, ""date"": ""2023-03-18""}, {""amount"": 701, ""date"": ""2023-06-09""}, {""amount"": 359, ""date"": ""2023-08-24""}, {""amount"": 427, ""date"": ""2023-12-15""}, {""amount"": 536, ""date"": ""2023-05-22""}]",True,True,True,True,True
248,Customer_248,61.0,7718.0,23108,24,539,0,"[{""amount"": 546, ""date"": ""2023-05-23""}, {""amount"": 830, ""date"": ""2023-07-08""}, {""amount"": 250, ""date"": ""2023-04-21""}, {""amount"": 255, ""date"": ""2023-08-29""}, {""amount"": 999, ""date"": ""2023-11-16""}, {""amount"": 640, ""date"": ""2023-01-17""}, {""amount"": 512, ""date"": ""2023-02-23""}, {""amount"": 727, ""date"": ""2023-05-30""}, {""amount"": 702, ""date"": ""2023-04-16""}, {""amount"": 552, ""date"": ""2023-06-21""}, {""amount"": 291, ""date"": ""2023-11-29""}, {""amount"": 536, ""date"": ""2023-03-04""}, {""amount"": 185, ""date"": ""2023-06-12""}, {""amount"": 746, ""date"": ""2023-12-07""}, {""amount"": 538, ""date"": ""2023-02-26""}, {""amount"": 905, ""date"": ""2023-09-29""}, {""amount"": 482, ""date"": ""2023-09-28""}, {""amount"": 454, ""date"": ""2023-10-09""}]",True,True,True,True,True
249,Customer_249,55.0,3631.0,32632,11,708,0,"[{""amount"": 552, ""date"": ""2023-04-16""}, {""amount"": 542, ""date"": ""2023-05-22""}, {""amount"": 798, ""date"": ""2023-06-21""}, {""amount"": 772, ""date"": ""2023-03-24""}, {""amount"": 434, ""date"": ""2023-10-22""}, {""amount"": 993, ""date"": ""2023-11-15""}, {""amount"": 584, ""date"": ""2023-06-18""}, {""amount"": 834, ""date"": ""2023-10-23""}, {""amount"": 100, ""date"": ""2023-06-11""}, {""amount"": 280, ""date"": ""2023-08-05""}, {""amount"": 820, ""date"": ""2023-09-22""}, {""amount"": 196, ""date"": ""2023-07-13""}, {""amount"": 372, ""date"": ""2023-12-16""}, {""amount"": 363, ""date"": ""2023-04-04""}, {""amount"": 265, ""date"": ""2023-05-10""}, {""amount"": 788, ""date"": ""2023-11-09""}, {""amount"": 781, ""date"": ""2023-04-21""}]",True,True,False,True,False
250,Customer_250,46.0,10378.0,30089,7,674,0,"[{""amount"": 116, ""date"": ""2023-10-26""}, {""amount"": 797, ""date"": ""2023-05-06""}, {""amount"": 776, ""date"": ""2023-10-10""}, {""amount"": 388, ""date"": ""2023-01-21""}, {""amount"": 782, ""date"": ""2023-07-09""}, {""amount"": 237, ""date"": ""2023-10-02""}, {""amount"": 949, ""date"": ""2023-04-29""}, {""amount"": 989, ""date"": ""2023-01-20""}, {""amount"": 556, ""date"": ""2023-07-10""}, {""amount"": 381, ""date"": ""2023-05-20""}, {""amount"": 903, ""date"": ""2023-12-23""}, {""amount"": 481, ""date"": ""2023-06-29""}]",True,True,True,True,True
251,Customer_251,65.0,5966.0,19703,27,814,0,"[{""amount"": 384, ""date"": ""2023-08-15""}, {""amount"": 706, ""date"": ""2023-04-03""}, {""amount"": 508, ""date"": ""2023-11-22""}, {""amount"": 187, ""date"": ""2023-12-13""}, {""amount"": 376, ""date"": ""2023-03-08""}, {""amount"": 116, ""date"": ""2023-09-01""}, {""amount"": 447, ""date"": ""2023-02-23""}, {""amount"": 513, ""date"": ""2023-07-19""}, {""amount"": 839, ""date"": ""2023-06-15""}, {""amount"": 138, ""date"": ""2023-05-19""}, {""amount"": 646, ""date"": ""2023-12-07""}, {""amount"": 882, ""date"": ""2023-01-31""}, {""amount"": 154, ""date"": ""2023-03-31""}, {""amount"": 266, ""date"": ""2023-08-13""}, {""amount"": 543, ""date"": ""2023-12-20""}]",True,True,True,True,True
252,Customer_252,58.0,7596.0,14407,40,495,0,"[{""amount"": 375, ""date"": ""2023-12-06""}, {""amount"": 513, ""date"": ""2023-08-18""}, {""amount"": 994, ""date"": ""2023-09-12""}, {""amount"": 665, ""date"": ""2023-07-20""}, {""amount"": 744, ""date"": ""2023-06-15""}, {""amount"": 535, ""date"": ""2023-12-25""}, {""amount"": 701, ""date"": ""2023-09-04""}, {""amount"": 137, ""date"": ""2023-11-13""}, {""amount"": 842, ""date"": ""2023-04-27""}, {""amount"": 379, ""date"": ""2023-05-02""}, {""amount"": 469, ""date"": ""2023-11-30""}, {""amount"": 470, ""date"": ""2023-06-10""}, {""amount"": 632, ""date"": ""2023-10-12""}]",True,True,True,True,True
253,Customer_253,20.0,14535.0,32841,7,845,0,"[{""amount"": 521, ""date"": ""2023-09-01""}, {""amount"": 676, ""date"": ""2023-12-04""}, {""amount"": 610, ""date"": ""2023-03-22""}, {""amount"": 825, ""date"": ""2023-11-26""}, {""amount"": 216, ""date"": ""2023-04-18""}, {""amount"": 422, ""date"": ""2023-05-10""}]",True,True,True,True,True
254,Customer_254,45.0,3004.0,22685,35,592,0,"[{""amount"": 971, ""date"": ""2023-08-03""}, {""amount"": 504, ""date"": ""2023-05-07""}, {""amount"": 430, ""date"": ""2023-05-13""}, {""amount"": 657, ""date"": ""2023-11-08""}, {""amount"": 699, ""date"": ""2023-03-05""}, {""amount"": 724, ""date"": ""2023-11-25""}]",True,True,False,True,False
255,Customer_255,37.0,15600.0,38582,51,428,0,"[{""amount"": 390, ""date"": ""2023-10-29""}, {""amount"": 263, ""date"": ""2023-07-06""}, {""amount"": 800, ""date"": ""2023-07-02""}, {""amount"": 635, ""date"": ""2023-12-22""}, {""amount"": 732, ""date"": ""2023-04-03""}, {""amount"": 648, ""date"": ""2023-04-01""}, {""amount"": 760, ""date"": ""2023-08-04""}, {""amount"": 353, ""date"": ""2023-11-19""}, {""amount"": 814, ""date"": ""2023-05-06""}, {""amount"": 341, ""date"": ""2023-10-19""}, {""amount"": 663, ""date"": ""2023-10-02""}, {""amount"": 374, ""date"": ""2023-10-10""}]",True,True,True,True,True
256,Customer_256,43.0,5293.0,47752,40,350,1,"[{""amount"": 590, ""date"": ""2023-10-17""}, {""amount"": 267, ""date"": ""2023-12-06""}, {""amount"": 951, ""date"": ""2023-01-05""}, {""amount"": 303, ""date"": ""2023-04-12""}, {""amount"": 185, ""date"": ""2023-01-06""}, {""amount"": 754, ""date"": ""2023-03-20""}, {""amount"": 490, ""date"": ""2023-03-16""}, {""amount"": 245, ""date"": ""2023-04-20""}, {""amount"": 315, ""date"": ""2023-07-14""}, {""amount"": 826, ""date"": ""2023-11-13""}, {""amount"": 246, ""date"": ""2023-07-28""}, {""amount"": 219, ""date"": ""2023-02-18""}, {""amount"": 422, ""date"": ""2023-11-25""}, {""amount"": 313, ""date"": ""2023-04-10""}, {""amount"": 909, ""date"": ""2023-03-21""}]",True,True,False,True,False
257,Customer_257,41.0,3064.0,16990,20,594,0,"[{""amount"": 216, ""date"": ""2023-03-28""}, {""amount"": 445, ""date"": ""2023-11-24""}, {""amount"": 828, ""date"": ""2023-12-31""}, {""amount"": 399, ""date"": ""2023-01-16""}, {""amount"": 339, ""date"": ""2023-11-28""}, {""amount"": 635, ""date"": ""2023-06-20""}, {""amount"": 189, ""date"": ""2023-04-07""}, {""amount"": 985, ""date"": ""2023-08-20""}]",True,True,False,True,False
258,Customer_258,69.0,15312.0,24620,48,568,1,"[{""amount"": 246, ""date"": ""2023-11-02""}, {""amount"": 912, ""date"": ""2023-07-23""}, {""amount"": 545, ""date"": ""2023-02-13""}, {""amount"": 390, ""date"": ""2023-01-28""}, {""amount"": 999, ""date"": ""2023-11-25""}, {""amount"": 364, ""date"": ""2023-12-02""}, {""amount"": 177, ""date"": ""2023-02-24""}, {""amount"": 401, ""date"": ""2023-02-22""}, {""amount"": 737, ""date"": ""2023-08-21""}, {""amount"": 798, ""date"": ""2023-07-31""}, {""amount"": 496, ""date"": ""2023-05-01""}, {""amount"": 502, ""date"": ""2023-09-12""}, {""amount"": 404, ""date"": ""2023-12-14""}, {""amount"": 575, ""date"": ""2023-01-22""}, {""amount"": 244, ""date"": ""2023-06-16""}, {""amount"": 296, ""date"": ""2023-12-18""}, {""amount"": 891, ""date"": ""2023-06-23""}, {""amount"": 327, ""date"": ""2023-01-18""}, {""amount"": 208, ""date"": ""2023-10-17""}]",True,True,True,True,True
259,Customer_259,64.0,16940.0,16930,36,571,0,"[{""amount"": 124, ""date"": ""2023-12-01""}, {""amount"": 565, ""date"": ""2023-08-17""}, {""amount"": 769, ""date"": ""2023-04-17""}, {""amount"": 585, ""date"": ""2023-11-05""}, {""amount"": 385, ""date"": ""2023-04-29""}, {""amount"": 899, ""date"": ""2023-03-09""}, {""amount"": 730, ""date"": ""2023-05-21""}, {""amount"": 327, ""date"": ""2023-05-29""}, {""amount"": 650, ""date"": ""2023-11-02""}, {""amount"": 474, ""date"": ""2023-10-28""}]",True,True,True,True,True
260,Customer_260,38.0,15477.0,23068,15,326,0,"[{""amount"": 748, ""date"": ""2023-07-30""}, {""amount"": 238, ""date"": ""2023-03-23""}, {""amount"": 845, ""date"": ""2023-12-11""}, {""amount"": 157, ""date"": ""2023-02-24""}, {""amount"": 240, ""date"": ""2023-07-25""}, {""amount"": 102, ""date"": ""2023-04-02""}, {""amount"": 128, ""date"": ""2023-10-04""}, {""amount"": 292, ""date"": ""2023-02-10""}, {""amount"": 844, ""date"": ""2023-08-23""}, {""amount"": 121, ""date"": ""2023-01-24""}, {""amount"": 181, ""date"": ""2023-06-07""}, {""amount"": 838, ""date"": ""2023-06-05""}, {""amount"": 778, ""date"": ""2023-09-04""}, {""amount"": 987, ""date"": ""2023-01-10""}, {""amount"": 926, ""date"": ""2023-09-11""}, {""amount"": 598, ""date"": ""2023-10-18""}, {""amount"": 862, ""date"": ""2023-02-25""}]",True,True,True,True,True
261,Customer_261,47.0,6199.0,17628,60,638,0,"[{""amount"": 787, ""date"": ""2023-08-06""}, {""amount"": 761, ""date"": ""2023-02-01""}, {""amount"": 623, ""date"": ""2023-05-22""}, {""amount"": 792, ""date"": ""2023-01-16""}, {""amount"": 120, ""date"": ""2023-12-27""}, {""amount"": 244, ""date"": ""2023-02-08""}, {""amount"": 146, ""date"": ""2023-03-25""}, {""amount"": 476, ""date"": ""2023-03-11""}, {""amount"": 886, ""date"": ""2023-04-01""}, {""amount"": 331, ""date"": ""2023-04-07""}]",True,True,True,True,True
262,Customer_262,21.0,10686.0,12399,33,546,1,"[{""amount"": 780, ""date"": ""2023-02-27""}, {""amount"": 686, ""date"": ""2023-08-12""}, {""amount"": 938, ""date"": ""2023-10-22""}, {""amount"": 765, ""date"": ""2023-05-04""}, {""amount"": 173, ""date"": ""2023-11-13""}, {""amount"": 200, ""date"": ""2023-03-13""}, {""amount"": 759, ""date"": ""2023-09-19""}, {""amount"": 874, ""date"": ""2023-06-05""}, {""amount"": 509, ""date"": ""2023-08-29""}, {""amount"": 439, ""date"": ""2023-06-17""}, {""amount"": 606, ""date"": ""2023-09-06""}, {""amount"": 586, ""date"": ""2023-11-29""}, {""amount"": 508, ""date"": ""2023-08-12""}, {""amount"": 341, ""date"": ""2023-04-02""}, {""amount"": 222, ""date"": ""2023-03-04""}, {""amount"": 661, ""date"": ""2023-11-04""}]",True,True,True,True,True
263,Customer_263,53.0,9116.0,10666,13,687,0,"[{""amount"": 881, ""date"": ""2023-03-06""}, {""amount"": 944, ""date"": ""2023-05-28""}, {""amount"": 795, ""date"": ""2023-03-17""}, {""amount"": 416, ""date"": ""2023-07-21""}, {""amount"": 191, ""date"": ""2023-02-25""}, {""amount"": 967, ""date"": ""2023-11-11""}, {""amount"": 272, ""date"": ""2023-05-04""}, {""amount"": 115, ""date"": ""2023-03-29""}, {""amount"": 963, ""date"": ""2023-06-21""}, {""amount"": 566, ""date"": ""2023-02-24""}, {""amount"": 368, ""date"": ""2023-08-29""}, {""amount"": 867, ""date"": ""2023-01-04""}, {""amount"": 972, ""date"": ""2023-03-23""}, {""amount"": 879, ""date"": ""2023-12-25""}, {""amount"": 611, ""date"": ""2023-12-21""}, {""amount"": 416, ""date"": ""2023-10-16""}, {""amount"": 485, ""date"": ""2023-03-05""}, {""amount"": 911, ""date"": ""2023-01-24""}]",True,True,True,True,True
264,Customer_264,57.0,18057.0,16118,18,371,0,"[{""amount"": 930, ""date"": ""2023-09-06""}, {""amount"": 667, ""date"": ""2023-11-03""}, {""amount"": 518, ""date"": ""2023-02-05""}, {""amount"": 932, ""date"": ""2023-10-11""}, {""amount"": 320, ""date"": ""2023-05-23""}, {""amount"": 194, ""date"": ""2023-05-18""}]",True,True,True,True,True
265,Customer_265,27.0,11079.0,32709,35,357,0,"[{""amount"": 187, ""date"": ""2023-12-14""}, {""amount"": 386, ""date"": ""2023-05-08""}, {""amount"": 707, ""date"": ""2023-11-30""}, {""amount"": 758, ""date"": ""2023-05-25""}, {""amount"": 168, ""date"": ""2023-05-20""}, {""amount"": 357, ""date"": ""2023-03-01""}, {""amount"": 566, ""date"": ""2023-11-24""}, {""amount"": 473, ""date"": ""2023-07-24""}, {""amount"": 909, ""date"": ""2023-10-25""}, {""amount"": 788, ""date"": ""2023-07-30""}, {""amount"": 680, ""date"": ""2023-11-20""}, {""amount"": 973, ""date"": ""2023-01-23""}, {""amount"": 609, ""date"": ""2023-01-11""}, {""amount"": 784, ""date"": ""2023-04-15""}, {""amount"": 234, ""date"": ""2023-04-28""}, {""amount"": 201, ""date"": ""2023-06-15""}]",True,True,True,True,True
266,Customer_266,27.0,14261.0,24172,42,668,0,"[{""amount"": 202, ""date"": ""2023-03-07""}, {""amount"": 361, ""date"": ""2023-11-23""}, {""amount"": 690, ""date"": ""2023-06-04""}, {""amount"": 556, ""date"": ""2023-03-19""}, {""amount"": 892, ""date"": ""2023-12-18""}, {""amount"": 404, ""date"": ""2023-12-08""}]",True,True,True,True,True
267,Customer_267,59.0,6080.0,39377,44,772,0,"[{""amount"": 207, ""date"": ""2023-03-06""}, {""amount"": 178, ""date"": ""2023-08-09""}, {""amount"": 388, ""date"": ""2023-09-12""}, {""amount"": 415, ""date"": ""2023-09-04""}, {""amount"": 771, ""date"": ""2023-03-27""}, {""amount"": 814, ""date"": ""2023-11-16""}, {""amount"": 508, ""date"": ""2023-05-24""}, {""amount"": 164, ""date"": ""2023-05-02""}, {""amount"": 507, ""date"": ""2023-11-11""}, {""amount"": 427, ""date"": ""2023-12-25""}]",True,True,False,True,False
268,Customer_268,41.0,15444.0,49360,34,810,0,"[{""amount"": 183, ""date"": ""2023-06-18""}, {""amount"": 781, ""date"": ""2023-09-09""}, {""amount"": 566, ""date"": ""2023-11-09""}, {""amount"": 506, ""date"": ""2023-02-13""}, {""amount"": 544, ""date"": ""2023-09-28""}, {""amount"": 265, ""date"": ""2023-07-28""}, {""amount"": 196, ""date"": ""2023-08-20""}, {""amount"": 780, ""date"": ""2023-10-16""}, {""amount"": 543, ""date"": ""2023-12-18""}, {""amount"": 195, ""date"": ""2023-08-10""}, {""amount"": 384, ""date"": ""2023-06-25""}, {""amount"": 813, ""date"": ""2023-07-10""}, {""amount"": 343, ""date"": ""2023-01-26""}, {""amount"": 187, ""date"": ""2023-06-11""}, {""amount"": 596, ""date"": ""2023-06-12""}, {""amount"": 265, ""date"": ""2023-09-05""}]",True,True,True,True,True
269,Customer_269,21.0,4596.0,33720,55,360,0,"[{""amount"": 214, ""date"": ""2023-08-20""}, {""amount"": 432, ""date"": ""2023-08-19""}, {""amount"": 448, ""date"": ""2023-12-28""}, {""amount"": 406, ""date"": ""2023-06-02""}, {""amount"": 764, ""date"": ""2023-10-13""}, {""amount"": 552, ""date"": ""2023-11-21""}, {""amount"": 916, ""date"": ""2023-12-27""}, {""amount"": 393, ""date"": ""2023-09-08""}, {""amount"": 806, ""date"": ""2023-03-28""}, {""amount"": 155, ""date"": ""2023-07-20""}, {""amount"": 145, ""date"": ""2023-11-17""}, {""amount"": 159, ""date"": ""2023-09-26""}, {""amount"": 630, ""date"": ""2023-11-27""}, {""amount"": 895, ""date"": ""2023-04-26""}, {""amount"": 370, ""date"": ""2023-03-02""}, {""amount"": 232, ""date"": ""2023-07-14""}, {""amount"": 806, ""date"": ""2023-02-15""}]",True,True,False,True,False
270,Customer_270,64.0,12706.0,31599,27,822,0,"[{""amount"": 173, ""date"": ""2023-05-07""}, {""amount"": 892, ""date"": ""2023-12-02""}, {""amount"": 630, ""date"": ""2023-09-28""}, {""amount"": 175, ""date"": ""2023-06-20""}, {""amount"": 851, ""date"": ""2023-03-19""}, {""amount"": 590, ""date"": ""2023-01-19""}, {""amount"": 386, ""date"": ""2023-11-27""}, {""amount"": 733, ""date"": ""2023-08-15""}, {""amount"": 785, ""date"": ""2023-08-16""}, {""amount"": 911, ""date"": ""2023-03-27""}, {""amount"": 696, ""date"": ""2023-01-23""}, {""amount"": 563, ""date"": ""2023-07-04""}, {""amount"": 965, ""date"": ""2023-12-14""}, {""amount"": 708, ""date"": ""2023-09-19""}]",True,True,True,True,True
271,Customer_271,44.0,18549.0,35139,29,556,0,"[{""amount"": 481, ""date"": ""2023-05-18""}, {""amount"": 713, ""date"": ""2023-02-08""}, {""amount"": 885, ""date"": ""2023-09-20""}, {""amount"": 552, ""date"": ""2023-07-22""}, {""amount"": 194, ""date"": ""2023-01-03""}, {""amount"": 978, ""date"": ""2023-02-26""}, {""amount"": 910, ""date"": ""2023-02-01""}, {""amount"": 385, ""date"": ""2023-02-22""}, {""amount"": 150, ""date"": ""2023-12-15""}]",True,True,True,True,True
272,Customer_272,68.0,10926.0,14515,43,370,0,"[{""amount"": 918, ""date"": ""2023-12-08""}, {""amount"": 160, ""date"": ""2023-06-13""}, {""amount"": 436, ""date"": ""2023-08-22""}, {""amount"": 373, ""date"": ""2023-10-11""}, {""amount"": 823, ""date"": ""2023-03-19""}, {""amount"": 773, ""date"": ""2023-08-06""}, {""amount"": 753, ""date"": ""2023-01-06""}, {""amount"": 781, ""date"": ""2023-02-23""}, {""amount"": 700, ""date"": ""2023-04-19""}]",True,True,True,True,True
273,Customer_273,62.0,18757.0,13106,26,325,0,"[{""amount"": 813, ""date"": ""2023-11-16""}, {""amount"": 871, ""date"": ""2023-03-03""}, {""amount"": 292, ""date"": ""2023-02-14""}, {""amount"": 948, ""date"": ""2023-04-09""}, {""amount"": 770, ""date"": ""2023-12-07""}, {""amount"": 714, ""date"": ""2023-06-27""}, {""amount"": 318, ""date"": ""2023-04-05""}]",True,True,True,True,True
274,Customer_274,21.0,15952.0,38421,19,391,0,"[{""amount"": 306, ""date"": ""2023-02-05""}, {""amount"": 676, ""date"": ""2023-07-12""}, {""amount"": 850, ""date"": ""2023-03-02""}, {""amount"": 940, ""date"": ""2023-07-26""}, {""amount"": 876, ""date"": ""2023-08-30""}, {""amount"": 973, ""date"": ""2023-09-29""}, {""amount"": 249, ""date"": ""2023-09-16""}, {""amount"": 948, ""date"": ""2023-07-28""}, {""amount"": 254, ""date"": ""2023-03-13""}, {""amount"": 852, ""date"": ""2023-08-16""}, {""amount"": 232, ""date"": ""2023-07-18""}]",True,True,True,True,True
275,Customer_275,49.0,11392.0,5504,51,603,0,"[{""amount"": 863, ""date"": ""2023-07-24""}, {""amount"": 453, ""date"": ""2023-07-24""}, {""amount"": 162, ""date"": ""2023-06-22""}, {""amount"": 327, ""date"": ""2023-08-03""}, {""amount"": 155, ""date"": ""2023-01-24""}, {""amount"": 687, ""date"": ""2023-04-08""}, {""amount"": 864, ""date"": ""2023-09-28""}, {""amount"": 381, ""date"": ""2023-08-23""}, {""amount"": 114, ""date"": ""2023-04-19""}, {""amount"": 732, ""date"": ""2023-06-09""}, {""amount"": 704, ""date"": ""2023-08-27""}, {""amount"": 562, ""date"": ""2023-04-25""}, {""amount"": 236, ""date"": ""2023-10-06""}, {""amount"": 224, ""date"": ""2023-04-21""}, {""amount"": 999, ""date"": ""2023-01-04""}]",True,True,True,True,True
276,Customer_276,27.0,17996.0,5367,46,625,0,"[{""amount"": 220, ""date"": ""2023-08-02""}, {""amount"": 867, ""date"": ""2023-06-17""}, {""amount"": 460, ""date"": ""2023-05-10""}, {""amount"": 398, ""date"": ""2023-09-30""}, {""amount"": 338, ""date"": ""2023-08-01""}, {""amount"": 701, ""date"": ""2023-09-14""}, {""amount"": 873, ""date"": ""2023-07-21""}, {""amount"": 545, ""date"": ""2023-04-28""}, {""amount"": 184, ""date"": ""2023-03-29""}, {""amount"": 849, ""date"": ""2023-02-19""}, {""amount"": 238, ""date"": ""2023-06-05""}, {""amount"": 926, ""date"": ""2023-02-12""}, {""amount"": 656, ""date"": ""2023-09-11""}, {""amount"": 353, ""date"": ""2023-02-08""}, {""amount"": 752, ""date"": ""2023-05-19""}, {""amount"": 197, ""date"": ""2023-10-16""}, {""amount"": 499, ""date"": ""2023-11-01""}, {""amount"": 147, ""date"": ""2023-06-08""}]",True,True,True,True,True
277,Customer_277,28.0,16244.0,46977,56,793,0,"[{""amount"": 791, ""date"": ""2023-11-02""}, {""amount"": 560, ""date"": ""2023-06-30""}, {""amount"": 219, ""date"": ""2023-01-13""}, {""amount"": 640, ""date"": ""2023-08-26""}, {""amount"": 182, ""date"": ""2023-06-29""}, {""amount"": 320, ""date"": ""2023-06-21""}, {""amount"": 911, ""date"": ""2023-02-12""}, {""amount"": 223, ""date"": ""2023-11-07""}, {""amount"": 636, ""date"": ""2023-09-18""}, {""amount"": 962, ""date"": ""2023-03-02""}, {""amount"": 882, ""date"": ""2023-07-02""}]",True,True,True,True,True
278,Customer_278,45.0,15411.0,30353,47,323,0,"[{""amount"": 755, ""date"": ""2023-04-14""}, {""amount"": 788, ""date"": ""2023-05-21""}, {""amount"": 579, ""date"": ""2023-03-12""}, {""amount"": 491, ""date"": ""2023-11-29""}, {""amount"": 664, ""date"": ""2023-10-01""}, {""amount"": 521, ""date"": ""2023-08-06""}, {""amount"": 172, ""date"": ""2023-01-22""}]",True,True,True,True,True
279,Customer_279,63.0,18419.0,5997,60,738,0,"[{""amount"": 168, ""date"": ""2023-06-03""}, {""amount"": 300, ""date"": ""2023-01-12""}, {""amount"": 699, ""date"": ""2023-04-02""}, {""amount"": 120, ""date"": ""2023-10-17""}, {""amount"": 637, ""date"": ""2023-12-01""}, {""amount"": 237, ""date"": ""2023-07-16""}]",True,True,True,True,True
280,Customer_280,25.0,18307.0,35242,7,580,0,"[{""amount"": 197, ""date"": ""2023-09-02""}, {""amount"": 356, ""date"": ""2023-10-24""}, {""amount"": 817, ""date"": ""2023-07-26""}, {""amount"": 815, ""date"": ""2023-01-06""}, {""amount"": 124, ""date"": ""2023-09-09""}, {""amount"": 881, ""date"": ""2023-08-23""}, {""amount"": 806, ""date"": ""2023-07-13""}, {""amount"": 337, ""date"": ""2023-08-27""}, {""amount"": 139, ""date"": ""2023-03-07""}, {""amount"": 950, ""date"": ""2023-06-19""}, {""amount"": 179, ""date"": ""2023-05-16""}]",True,True,True,True,True
281,Customer_281,57.0,18444.0,43726,14,761,0,"[{""amount"": 979, ""date"": ""2023-05-02""}, {""amount"": 264, ""date"": ""2023-10-29""}, {""amount"": 132, ""date"": ""2023-03-20""}, {""amount"": 913, ""date"": ""2023-10-30""}, {""amount"": 265, ""date"": ""2023-05-20""}, {""amount"": 440, ""date"": ""2023-08-17""}, {""amount"": 859, ""date"": ""2023-10-26""}, {""amount"": 908, ""date"": ""2023-01-12""}]",True,True,True,True,True
282,Customer_282,39.0,15304.0,18737,45,825,0,"[{""amount"": 908, ""date"": ""2023-06-23""}, {""amount"": 919, ""date"": ""2023-01-21""}, {""amount"": 432, ""date"": ""2023-05-26""}, {""amount"": 107, ""date"": ""2023-03-11""}, {""amount"": 940, ""date"": ""2023-06-25""}, {""amount"": 903, ""date"": ""2023-04-21""}]",True,True,True,True,True
283,Customer_283,51.0,9505.0,32962,50,366,0,"[{""amount"": 648, ""date"": ""2023-06-04""}, {""amount"": 470, ""date"": ""2023-12-18""}, {""amount"": 105, ""date"": ""2023-06-13""}, {""amount"": 217, ""date"": ""2023-11-23""}, {""amount"": 822, ""date"": ""2023-06-02""}, {""amount"": 632, ""date"": ""2023-10-04""}, {""amount"": 912, ""date"": ""2023-10-04""}, {""amount"": 705, ""date"": ""2023-04-28""}, {""amount"": 796, ""date"": ""2023-03-06""}, {""amount"": 787, ""date"": ""2023-03-16""}, {""amount"": 482, ""date"": ""2023-04-28""}, {""amount"": 346, ""date"": ""2023-10-11""}, {""amount"": 826, ""date"": ""2023-10-25""}, {""amount"": 278, ""date"": ""2023-09-21""}, {""amount"": 300, ""date"": ""2023-08-26""}, {""amount"": 132, ""date"": ""2023-02-03""}]",True,True,True,True,True
284,Customer_284,62.0,14443.0,26077,15,804,0,"[{""amount"": 314, ""date"": ""2023-01-26""}, {""amount"": 700, ""date"": ""2023-05-07""}, {""amount"": 695, ""date"": ""2023-01-25""}, {""amount"": 227, ""date"": ""2023-12-30""}, {""amount"": 131, ""date"": ""2023-11-17""}, {""amount"": 290, ""date"": ""2023-04-16""}, {""amount"": 423, ""date"": ""2023-04-29""}, {""amount"": 788, ""date"": ""2023-04-19""}, {""amount"": 365, ""date"": ""2023-05-08""}, {""amount"": 153, ""date"": ""2023-12-07""}, {""amount"": 785, ""date"": ""2023-10-08""}, {""amount"": 394, ""date"": ""2023-09-05""}, {""amount"": 647, ""date"": ""2023-03-11""}, {""amount"": 327, ""date"": ""2023-12-23""}]",True,True,True,True,True
285,Customer_285,52.0,17491.0,10123,55,358,1,"[{""amount"": 381, ""date"": ""2023-12-23""}, {""amount"": 476, ""date"": ""2023-01-16""}, {""amount"": 357, ""date"": ""2023-09-12""}, {""amount"": 282, ""date"": ""2023-10-17""}, {""amount"": 811, ""date"": ""2023-02-16""}, {""amount"": 577, ""date"": ""2023-04-01""}, {""amount"": 284, ""date"": ""2023-04-01""}, {""amount"": 495, ""date"": ""2023-06-15""}, {""amount"": 551, ""date"": ""2023-06-03""}, {""amount"": 324, ""date"": ""2023-05-13""}]",True,True,True,True,True
286,Customer_286,52.0,19441.0,19411,23,741,0,"[{""amount"": 636, ""date"": ""2023-01-07""}, {""amount"": 232, ""date"": ""2023-04-18""}, {""amount"": 444, ""date"": ""2023-04-26""}, {""amount"": 952, ""date"": ""2023-06-27""}, {""amount"": 927, ""date"": ""2023-12-07""}]",True,True,True,True,True
287,Customer_287,42.0,5958.0,25202,55,826,0,"[{""amount"": 679, ""date"": ""2023-05-23""}, {""amount"": 206, ""date"": ""2023-03-22""}, {""amount"": 103, ""date"": ""2023-09-04""}, {""amount"": 681, ""date"": ""2023-01-05""}, {""amount"": 727, ""date"": ""2023-01-29""}, {""amount"": 101, ""date"": ""2023-08-19""}]",True,True,True,True,True
288,Customer_288,51.0,3435.0,32915,31,656,0,"[{""amount"": 558, ""date"": ""2023-08-17""}, {""amount"": 947, ""date"": ""2023-11-16""}, {""amount"": 288, ""date"": ""2023-03-12""}, {""amount"": 699, ""date"": ""2023-09-02""}, {""amount"": 192, ""date"": ""2023-04-18""}, {""amount"": 119, ""date"": ""2023-12-10""}, {""amount"": 396, ""date"": ""2023-04-14""}, {""amount"": 458, ""date"": ""2023-09-04""}, {""amount"": 463, ""date"": ""2023-04-01""}, {""amount"": 338, ""date"": ""2023-10-05""}, {""amount"": 178, ""date"": ""2023-09-01""}, {""amount"": 219, ""date"": ""2023-05-21""}, {""amount"": 304, ""date"": ""2023-06-06""}]",True,True,False,True,False
289,Customer_289,23.0,5300.0,43990,29,435,0,"[{""amount"": 774, ""date"": ""2023-07-23""}, {""amount"": 462, ""date"": ""2023-09-30""}, {""amount"": 397, ""date"": ""2023-02-09""}, {""amount"": 185, ""date"": ""2023-08-28""}, {""amount"": 669, ""date"": ""2023-05-22""}, {""amount"": 385, ""date"": ""2023-06-14""}, {""amount"": 578, ""date"": ""2023-01-26""}, {""amount"": 882, ""date"": ""2023-12-26""}, {""amount"": 106, ""date"": ""2023-04-06""}, {""amount"": 994, ""date"": ""2023-10-24""}, {""amount"": 829, ""date"": ""2023-04-22""}, {""amount"": 644, ""date"": ""2023-06-11""}, {""amount"": 595, ""date"": ""2023-10-09""}, {""amount"": 512, ""date"": ""2023-03-19""}, {""amount"": 519, ""date"": ""2023-07-22""}, {""amount"": 124, ""date"": ""2023-06-12""}, {""amount"": 843, ""date"": ""2023-07-03""}, {""amount"": 949, ""date"": ""2023-09-10""}, {""amount"": 386, ""date"": ""2023-09-02""}]",True,True,False,True,False
290,Customer_290,58.0,10248.0,26203,46,373,0,"[{""amount"": 840, ""date"": ""2023-07-07""}, {""amount"": 450, ""date"": ""2023-05-09""}, {""amount"": 756, ""date"": ""2023-03-12""}, {""amount"": 636, ""date"": ""2023-12-17""}, {""amount"": 540, ""date"": ""2023-12-14""}, {""amount"": 711, ""date"": ""2023-10-15""}, {""amount"": 311, ""date"": ""2023-04-09""}, {""amount"": 683, ""date"": ""2023-12-10""}, {""amount"": 230, ""date"": ""2023-10-21""}, {""amount"": 200, ""date"": ""2023-11-17""}, {""amount"": 437, ""date"": ""2023-03-14""}, {""amount"": 730, ""date"": ""2023-07-28""}, {""amount"": 516, ""date"": ""2023-06-12""}, {""amount"": 878, ""date"": ""2023-11-17""}, {""amount"": 695, ""date"": ""2023-10-28""}, {""amount"": 542, ""date"": ""2023-06-08""}, {""amount"": 582, ""date"": ""2023-03-13""}, {""amount"": 615, ""date"": ""2023-07-20""}, {""amount"": 103, ""date"": ""2023-12-08""}]",True,True,True,True,True
291,Customer_291,54.0,8421.0,43170,57,408,0,"[{""amount"": 124, ""date"": ""2023-12-23""}, {""amount"": 291, ""date"": ""2023-10-15""}, {""amount"": 605, ""date"": ""2023-05-04""}, {""amount"": 492, ""date"": ""2023-12-04""}, {""amount"": 642, ""date"": ""2023-02-08""}, {""amount"": 864, ""date"": ""2023-06-13""}, {""amount"": 668, ""date"": ""2023-06-07""}, {""amount"": 756, ""date"": ""2023-09-01""}, {""amount"": 535, ""date"": ""2023-02-12""}, {""amount"": 586, ""date"": ""2023-06-09""}, {""amount"": 519, ""date"": ""2023-03-08""}, {""amount"": 806, ""date"": ""2023-11-19""}, {""amount"": 472, ""date"": ""2023-04-15""}, {""amount"": 788, ""date"": ""2023-12-08""}, {""amount"": 518, ""date"": ""2023-12-27""}]",True,True,False,True,False
292,Customer_292,18.0,9498.0,36083,16,816,0,"[{""amount"": 959, ""date"": ""2023-05-28""}, {""amount"": 904, ""date"": ""2023-12-30""}, {""amount"": 467, ""date"": ""2023-08-01""}, {""amount"": 472, ""date"": ""2023-10-16""}, {""amount"": 391, ""date"": ""2023-08-24""}, {""amount"": 985, ""date"": ""2023-01-29""}, {""amount"": 541, ""date"": ""2023-06-27""}, {""amount"": 910, ""date"": ""2023-06-30""}, {""amount"": 691, ""date"": ""2023-01-28""}, {""amount"": 902, ""date"": ""2023-03-16""}, {""amount"": 691, ""date"": ""2023-09-30""}, {""amount"": 967, ""date"": ""2023-02-01""}, {""amount"": 914, ""date"": ""2023-06-21""}, {""amount"": 169, ""date"": ""2023-11-19""}, {""amount"": 358, ""date"": ""2023-05-02""}]",True,True,True,True,True
293,Customer_293,29.0,2957.0,11911,32,316,0,"[{""amount"": 357, ""date"": ""2023-04-14""}, {""amount"": 537, ""date"": ""2023-09-18""}, {""amount"": 646, ""date"": ""2023-10-05""}, {""amount"": 590, ""date"": ""2023-06-29""}, {""amount"": 816, ""date"": ""2023-08-14""}, {""amount"": 877, ""date"": ""2023-08-18""}, {""amount"": 887, ""date"": ""2023-04-24""}, {""amount"": 195, ""date"": ""2023-03-10""}, {""amount"": 105, ""date"": ""2023-04-02""}, {""amount"": 202, ""date"": ""2023-12-01""}]",True,True,True,True,True
294,Customer_294,52.0,11786.0,25560,19,444,0,"[{""amount"": 940, ""date"": ""2023-07-29""}, {""amount"": 308, ""date"": ""2023-08-26""}, {""amount"": 141, ""date"": ""2023-06-26""}, {""amount"": 767, ""date"": ""2023-03-08""}, {""amount"": 456, ""date"": ""2023-04-02""}, {""amount"": 787, ""date"": ""2023-05-04""}, {""amount"": 681, ""date"": ""2023-08-27""}, {""amount"": 864, ""date"": ""2023-05-04""}, {""amount"": 278, ""date"": ""2023-08-16""}, {""amount"": 782, ""date"": ""2023-05-09""}, {""amount"": 432, ""date"": ""2023-09-21""}, {""amount"": 702, ""date"": ""2023-05-25""}, {""amount"": 796, ""date"": ""2023-04-07""}, {""amount"": 926, ""date"": ""2023-01-16""}]",True,True,True,True,True
295,Customer_295,23.0,7912.0,39356,37,549,0,"[{""amount"": 527, ""date"": ""2023-12-11""}, {""amount"": 586, ""date"": ""2023-09-26""}, {""amount"": 461, ""date"": ""2023-08-14""}, {""amount"": 748, ""date"": ""2023-06-06""}, {""amount"": 239, ""date"": ""2023-06-10""}, {""amount"": 689, ""date"": ""2023-12-05""}, {""amount"": 689, ""date"": ""2023-01-07""}, {""amount"": 822, ""date"": ""2023-07-24""}, {""amount"": 947, ""date"": ""2023-05-30""}, {""amount"": 632, ""date"": ""2023-08-07""}, {""amount"": 245, ""date"": ""2023-03-11""}, {""amount"": 132, ""date"": ""2023-02-16""}, {""amount"": 126, ""date"": ""2023-05-21""}, {""amount"": 496, ""date"": ""2023-09-17""}]",True,True,True,True,True
296,Customer_296,34.0,13536.0,42777,27,751,1,"[{""amount"": 562, ""date"": ""2023-02-02""}, {""amount"": 624, ""date"": ""2023-02-03""}, {""amount"": 384, ""date"": ""2023-05-22""}, {""amount"": 736, ""date"": ""2023-03-18""}, {""amount"": 387, ""date"": ""2023-04-19""}, {""amount"": 803, ""date"": ""2023-03-29""}, {""amount"": 192, ""date"": ""2023-08-06""}, {""amount"": 398, ""date"": ""2023-01-03""}, {""amount"": 318, ""date"": ""2023-12-26""}, {""amount"": 860, ""date"": ""2023-06-18""}, {""amount"": 805, ""date"": ""2023-11-14""}, {""amount"": 713, ""date"": ""2023-07-03""}, {""amount"": 698, ""date"": ""2023-07-27""}, {""amount"": 299, ""date"": ""2023-08-19""}, {""amount"": 799, ""date"": ""2023-06-14""}, {""amount"": 922, ""date"": ""2023-03-29""}, {""amount"": 484, ""date"": ""2023-01-24""}, {""amount"": 807, ""date"": ""2023-05-29""}, {""amount"": 860, ""date"": ""2023-04-25""}]",True,True,True,True,True
297,Customer_297,26.0,8592.0,37336,39,482,0,"[{""amount"": 214, ""date"": ""2023-12-25""}, {""amount"": 962, ""date"": ""2023-01-28""}, {""amount"": 527, ""date"": ""2023-05-04""}, {""amount"": 165, ""date"": ""2023-01-28""}, {""amount"": 323, ""date"": ""2023-11-23""}, {""amount"": 601, ""date"": ""2023-02-22""}, {""amount"": 489, ""date"": ""2023-03-24""}, {""amount"": 684, ""date"": ""2023-12-25""}, {""amount"": 504, ""date"": ""2023-03-31""}, {""amount"": 198, ""date"": ""2023-01-01""}, {""amount"": 566, ""date"": ""2023-02-02""}]",True,True,True,True,True
298,Customer_298,19.0,16971.0,10308,51,558,0,"[{""amount"": 807, ""date"": ""2023-09-11""}, {""amount"": 311, ""date"": ""2023-04-29""}, {""amount"": 403, ""date"": ""2023-05-06""}, {""amount"": 888, ""date"": ""2023-06-22""}, {""amount"": 340, ""date"": ""2023-08-20""}, {""amount"": 626, ""date"": ""2023-04-11""}, {""amount"": 521, ""date"": ""2023-05-16""}, {""amount"": 701, ""date"": ""2023-07-14""}, {""amount"": 348, ""date"": ""2023-09-02""}]",True,True,True,True,True
299,Customer_299,35.0,2769.0,5969,7,844,1,"[{""amount"": 385, ""date"": ""2023-11-28""}, {""amount"": 676, ""date"": ""2023-10-23""}, {""amount"": 575, ""date"": ""2023-12-02""}, {""amount"": 626, ""date"": ""2023-09-03""}, {""amount"": 450, ""date"": ""2023-01-10""}, {""amount"": 356, ""date"": ""2023-06-20""}, {""amount"": 219, ""date"": ""2023-07-09""}, {""amount"": 643, ""date"": ""2023-01-01""}, {""amount"": 332, ""date"": ""2023-11-01""}, {""amount"": 251, ""date"": ""2023-08-23""}, {""amount"": 137, ""date"": ""2023-12-11""}, {""amount"": 256, ""date"": ""2023-07-28""}, {""amount"": 790, ""date"": ""2023-11-27""}]",True,True,True,True,True
300,Customer_300,66.0,6354.0,17387,38,626,0,"[{""amount"": 433, ""date"": ""2023-04-03""}, {""amount"": 394, ""date"": ""2023-09-20""}, {""amount"": 300, ""date"": ""2023-08-20""}, {""amount"": 136, ""date"": ""2023-10-13""}, {""amount"": 799, ""date"": ""2023-05-21""}, {""amount"": 691, ""date"": ""2023-06-03""}, {""amount"": 881, ""date"": ""2023-06-27""}, {""amount"": 682, ""date"": ""2023-04-12""}, {""amount"": 533, ""date"": ""2023-01-20""}, {""amount"": 640, ""date"": ""2023-05-04""}, {""amount"": 140, ""date"": ""2023-04-07""}, {""amount"": 349, ""date"": ""2023-12-20""}, {""amount"": 560, ""date"": ""2023-11-08""}, {""amount"": 905, ""date"": ""2023-01-17""}, {""amount"": 822, ""date"": ""2023-10-13""}, {""amount"": 251, ""date"": ""2023-05-29""}, {""amount"": 355, ""date"": ""2023-12-10""}, {""amount"": 357, ""date"": ""2023-09-01""}, {""amount"": 783, ""date"": ""2023-10-08""}]",True,True,True,True,True
301,Customer_301,53.0,3858.0,18209,49,477,0,"[{""amount"": 257, ""date"": ""2023-04-20""}, {""amount"": 982, ""date"": ""2023-04-09""}, {""amount"": 303, ""date"": ""2023-04-07""}, {""amount"": 487, ""date"": ""2023-04-25""}, {""amount"": 181, ""date"": ""2023-07-20""}, {""amount"": 912, ""date"": ""2023-08-07""}, {""amount"": 158, ""date"": ""2023-07-22""}, {""amount"": 948, ""date"": ""2023-04-01""}, {""amount"": 915, ""date"": ""2023-01-16""}, {""amount"": 742, ""date"": ""2023-06-04""}, {""amount"": 378, ""date"": ""2023-11-29""}, {""amount"": 244, ""date"": ""2023-05-14""}]",True,True,True,True,True
302,Customer_302,45.0,12387.0,21947,12,517,0,"[{""amount"": 604, ""date"": ""2023-10-03""}, {""amount"": 135, ""date"": ""2023-07-03""}, {""amount"": 631, ""date"": ""2023-01-07""}, {""amount"": 602, ""date"": ""2023-12-06""}, {""amount"": 898, ""date"": ""2023-04-24""}, {""amount"": 591, ""date"": ""2023-04-03""}]",True,True,True,True,True
303,Customer_303,58.0,12740.0,13527,40,631,0,"[{""amount"": 365, ""date"": ""2023-08-10""}, {""amount"": 929, ""date"": ""2023-04-05""}, {""amount"": 990, ""date"": ""2023-05-03""}, {""amount"": 407, ""date"": ""2023-06-27""}, {""amount"": 164, ""date"": ""2023-12-09""}, {""amount"": 897, ""date"": ""2023-11-08""}, {""amount"": 583, ""date"": ""2023-07-01""}, {""amount"": 769, ""date"": ""2023-09-26""}, {""amount"": 700, ""date"": ""2023-08-17""}, {""amount"": 786, ""date"": ""2023-11-01""}, {""amount"": 557, ""date"": ""2023-08-11""}, {""amount"": 244, ""date"": ""2023-05-03""}]",True,True,True,True,True
304,Customer_304,70.0,7580.0,31727,36,494,0,"[{""amount"": 448, ""date"": ""2023-01-21""}, {""amount"": 196, ""date"": ""2023-01-16""}, {""amount"": 720, ""date"": ""2023-09-26""}, {""amount"": 214, ""date"": ""2023-03-21""}, {""amount"": 751, ""date"": ""2023-11-28""}, {""amount"": 257, ""date"": ""2023-05-28""}, {""amount"": 203, ""date"": ""2023-12-13""}, {""amount"": 110, ""date"": ""2023-03-02""}, {""amount"": 342, ""date"": ""2023-08-14""}, {""amount"": 331, ""date"": ""2023-07-12""}, {""amount"": 945, ""date"": ""2023-11-04""}, {""amount"": 379, ""date"": ""2023-08-16""}, {""amount"": 825, ""date"": ""2023-04-17""}]",True,True,True,True,True
305,Customer_305,54.0,5742.0,7289,52,631,0,"[{""amount"": 609, ""date"": ""2023-02-08""}, {""amount"": 223, ""date"": ""2023-12-18""}, {""amount"": 767, ""date"": ""2023-08-13""}, {""amount"": 193, ""date"": ""2023-06-23""}, {""amount"": 215, ""date"": ""2023-01-14""}, {""amount"": 315, ""date"": ""2023-06-03""}, {""amount"": 233, ""date"": ""2023-05-17""}, {""amount"": 630, ""date"": ""2023-07-21""}, {""amount"": 138, ""date"": ""2023-10-31""}, {""amount"": 673, ""date"": ""2023-11-12""}, {""amount"": 518, ""date"": ""2023-06-21""}, {""amount"": 120, ""date"": ""2023-09-01""}, {""amount"": 135, ""date"": ""2023-02-12""}, {""amount"": 130, ""date"": ""2023-08-16""}, {""amount"": 825, ""date"": ""2023-04-22""}]",True,True,True,True,True
306,Customer_306,66.0,3575.0,15677,32,768,0,"[{""amount"": 351, ""date"": ""2023-10-21""}, {""amount"": 663, ""date"": ""2023-10-07""}, {""amount"": 153, ""date"": ""2023-08-13""}, {""amount"": 538, ""date"": ""2023-04-27""}, {""amount"": 157, ""date"": ""2023-05-29""}, {""amount"": 309, ""date"": ""2023-07-06""}, {""amount"": 217, ""date"": ""2023-09-01""}, {""amount"": 445, ""date"": ""2023-03-21""}, {""amount"": 808, ""date"": ""2023-05-17""}, {""amount"": 665, ""date"": ""2023-05-11""}, {""amount"": 777, ""date"": ""2023-02-16""}, {""amount"": 957, ""date"": ""2023-06-22""}, {""amount"": 150, ""date"": ""2023-06-15""}, {""amount"": 291, ""date"": ""2023-08-03""}, {""amount"": 826, ""date"": ""2023-07-01""}, {""amount"": 255, ""date"": ""2023-05-12""}, {""amount"": 555, ""date"": ""2023-05-19""}]",True,True,True,True,True
307,Customer_307,43.0,7709.0,41631,44,335,0,"[{""amount"": 585, ""date"": ""2023-09-20""}, {""amount"": 651, ""date"": ""2023-02-23""}, {""amount"": 996, ""date"": ""2023-04-26""}, {""amount"": 755, ""date"": ""2023-03-22""}, {""amount"": 819, ""date"": ""2023-05-09""}, {""amount"": 388, ""date"": ""2023-01-01""}]",True,True,False,True,False
308,Customer_308,21.0,4993.0,42868,42,735,1,"[{""amount"": 287, ""date"": ""2023-10-11""}, {""amount"": 405, ""date"": ""2023-01-18""}, {""amount"": 322, ""date"": ""2023-12-06""}, {""amount"": 784, ""date"": ""2023-11-29""}, {""amount"": 814, ""date"": ""2023-05-18""}, {""amount"": 337, ""date"": ""2023-05-05""}, {""amount"": 840, ""date"": ""2023-06-03""}, {""amount"": 512, ""date"": ""2023-07-31""}, {""amount"": 707, ""date"": ""2023-03-28""}, {""amount"": 961, ""date"": ""2023-12-19""}, {""amount"": 138, ""date"": ""2023-01-30""}, {""amount"": 150, ""date"": ""2023-04-22""}, {""amount"": 770, ""date"": ""2023-04-16""}, {""amount"": 626, ""date"": ""2023-12-26""}, {""amount"": 137, ""date"": ""2023-05-13""}, {""amount"": 717, ""date"": ""2023-03-01""}]",True,True,False,True,False
309,Customer_309,57.0,3306.0,12531,23,810,0,"[{""amount"": 251, ""date"": ""2023-09-30""}, {""amount"": 408, ""date"": ""2023-01-23""}, {""amount"": 618, ""date"": ""2023-01-25""}, {""amount"": 383, ""date"": ""2023-12-10""}, {""amount"": 910, ""date"": ""2023-06-07""}, {""amount"": 745, ""date"": ""2023-04-20""}, {""amount"": 427, ""date"": ""2023-01-01""}, {""amount"": 798, ""date"": ""2023-11-27""}, {""amount"": 912, ""date"": ""2023-03-13""}]",True,True,True,True,True
310,Customer_310,53.0,14659.0,44531,54,843,0,"[{""amount"": 519, ""date"": ""2023-09-15""}, {""amount"": 492, ""date"": ""2023-10-11""}, {""amount"": 975, ""date"": ""2023-01-30""}, {""amount"": 585, ""date"": ""2023-10-22""}, {""amount"": 115, ""date"": ""2023-02-13""}, {""amount"": 911, ""date"": ""2023-03-01""}, {""amount"": 624, ""date"": ""2023-09-26""}, {""amount"": 888, ""date"": ""2023-08-03""}, {""amount"": 523, ""date"": ""2023-06-26""}, {""amount"": 904, ""date"": ""2023-02-09""}, {""amount"": 807, ""date"": ""2023-02-24""}, {""amount"": 230, ""date"": ""2023-05-30""}, {""amount"": 571, ""date"": ""2023-10-21""}, {""amount"": 861, ""date"": ""2023-06-08""}, {""amount"": 391, ""date"": ""2023-09-01""}, {""amount"": 632, ""date"": ""2023-08-30""}, {""amount"": 714, ""date"": ""2023-08-28""}, {""amount"": 279, ""date"": ""2023-12-03""}]",True,True,True,True,True
311,Customer_311,68.0,19548.0,22942,18,583,0,"[{""amount"": 387, ""date"": ""2023-09-14""}, {""amount"": 116, ""date"": ""2023-10-06""}, {""amount"": 143, ""date"": ""2023-03-24""}, {""amount"": 470, ""date"": ""2023-10-14""}, {""amount"": 733, ""date"": ""2023-11-18""}, {""amount"": 138, ""date"": ""2023-10-22""}, {""amount"": 183, ""date"": ""2023-12-29""}, {""amount"": 409, ""date"": ""2023-06-05""}, {""amount"": 543, ""date"": ""2023-09-28""}, {""amount"": 310, ""date"": ""2023-08-26""}, {""amount"": 402, ""date"": ""2023-09-02""}, {""amount"": 469, ""date"": ""2023-02-23""}, {""amount"": 225, ""date"": ""2023-06-27""}]",True,True,True,True,True
312,Customer_312,48.0,5313.0,39140,58,310,0,"[{""amount"": 117, ""date"": ""2023-07-17""}, {""amount"": 117, ""date"": ""2023-10-19""}, {""amount"": 471, ""date"": ""2023-02-14""}, {""amount"": 904, ""date"": ""2023-01-05""}, {""amount"": 934, ""date"": ""2023-05-01""}, {""amount"": 207, ""date"": ""2023-02-13""}]",True,True,False,True,False
313,Customer_313,47.0,19344.0,9078,53,517,1,"[{""amount"": 170, ""date"": ""2023-02-04""}, {""amount"": 577, ""date"": ""2023-02-01""}, {""amount"": 422, ""date"": ""2023-08-02""}, {""amount"": 461, ""date"": ""2023-04-09""}, {""amount"": 269, ""date"": ""2023-10-20""}, {""amount"": 517, ""date"": ""2023-02-27""}, {""amount"": 805, ""date"": ""2023-02-20""}, {""amount"": 124, ""date"": ""2023-09-08""}, {""amount"": 927, ""date"": ""2023-12-23""}, {""amount"": 868, ""date"": ""2023-04-09""}, {""amount"": 420, ""date"": ""2023-05-15""}, {""amount"": 936, ""date"": ""2023-06-03""}, {""amount"": 130, ""date"": ""2023-10-07""}, {""amount"": 593, ""date"": ""2023-12-04""}, {""amount"": 450, ""date"": ""2023-11-11""}, {""amount"": 395, ""date"": ""2023-05-07""}, {""amount"": 322, ""date"": ""2023-05-31""}, {""amount"": 376, ""date"": ""2023-06-06""}]",True,True,True,True,True
314,Customer_314,67.0,12497.0,44979,58,635,0,"[{""amount"": 799, ""date"": ""2023-03-04""}, {""amount"": 276, ""date"": ""2023-11-20""}, {""amount"": 471, ""date"": ""2023-05-02""}, {""amount"": 857, ""date"": ""2023-09-29""}, {""amount"": 184, ""date"": ""2023-01-08""}, {""amount"": 213, ""date"": ""2023-06-02""}, {""amount"": 342, ""date"": ""2023-03-14""}, {""amount"": 218, ""date"": ""2023-01-17""}, {""amount"": 286, ""date"": ""2023-05-08""}, {""amount"": 300, ""date"": ""2023-07-08""}, {""amount"": 816, ""date"": ""2023-02-05""}, {""amount"": 685, ""date"": ""2023-07-13""}, {""amount"": 416, ""date"": ""2023-05-22""}, {""amount"": 386, ""date"": ""2023-06-07""}, {""amount"": 288, ""date"": ""2023-10-06""}, {""amount"": 218, ""date"": ""2023-07-10""}, {""amount"": 931, ""date"": ""2023-03-06""}, {""amount"": 844, ""date"": ""2023-04-28""}]",True,True,True,True,True
315,Customer_315,51.0,18138.0,34702,45,838,0,"[{""amount"": 907, ""date"": ""2023-10-26""}, {""amount"": 334, ""date"": ""2023-04-09""}, {""amount"": 374, ""date"": ""2023-09-27""}, {""amount"": 985, ""date"": ""2023-05-06""}, {""amount"": 127, ""date"": ""2023-06-29""}, {""amount"": 764, ""date"": ""2023-12-22""}, {""amount"": 635, ""date"": ""2023-11-09""}, {""amount"": 571, ""date"": ""2023-08-19""}, {""amount"": 246, ""date"": ""2023-06-15""}, {""amount"": 885, ""date"": ""2023-05-23""}, {""amount"": 982, ""date"": ""2023-05-04""}, {""amount"": 412, ""date"": ""2023-11-09""}, {""amount"": 844, ""date"": ""2023-03-03""}]",True,True,True,True,True
316,Customer_316,36.0,11726.0,5909,54,510,0,"[{""amount"": 967, ""date"": ""2023-02-08""}, {""amount"": 667, ""date"": ""2023-05-18""}, {""amount"": 783, ""date"": ""2023-09-20""}, {""amount"": 930, ""date"": ""2023-07-18""}, {""amount"": 144, ""date"": ""2023-02-13""}, {""amount"": 411, ""date"": ""2023-08-28""}, {""amount"": 738, ""date"": ""2023-01-07""}, {""amount"": 341, ""date"": ""2023-05-15""}, {""amount"": 500, ""date"": ""2023-12-25""}, {""amount"": 546, ""date"": ""2023-06-29""}, {""amount"": 303, ""date"": ""2023-11-17""}, {""amount"": 353, ""date"": ""2023-08-07""}]",True,True,True,True,True
317,Customer_317,35.0,9452.0,33817,54,332,0,"[{""amount"": 179, ""date"": ""2023-01-31""}, {""amount"": 947, ""date"": ""2023-01-13""}, {""amount"": 739, ""date"": ""2023-12-16""}, {""amount"": 654, ""date"": ""2023-06-27""}, {""amount"": 370, ""date"": ""2023-02-28""}, {""amount"": 405, ""date"": ""2023-05-19""}, {""amount"": 669, ""date"": ""2023-07-04""}, {""amount"": 862, ""date"": ""2023-03-09""}, {""amount"": 113, ""date"": ""2023-05-16""}, {""amount"": 855, ""date"": ""2023-08-20""}, {""amount"": 628, ""date"": ""2023-01-30""}, {""amount"": 170, ""date"": ""2023-02-23""}, {""amount"": 962, ""date"": ""2023-02-13""}, {""amount"": 229, ""date"": ""2023-08-16""}, {""amount"": 159, ""date"": ""2023-05-14""}, {""amount"": 762, ""date"": ""2023-09-09""}, {""amount"": 919, ""date"": ""2023-09-10""}, {""amount"": 489, ""date"": ""2023-07-26""}]",True,True,True,True,True
318,Customer_318,47.0,17042.0,45360,31,337,0,"[{""amount"": 376, ""date"": ""2023-12-06""}, {""amount"": 882, ""date"": ""2023-02-16""}, {""amount"": 175, ""date"": ""2023-02-16""}, {""amount"": 235, ""date"": ""2023-05-14""}, {""amount"": 888, ""date"": ""2023-10-01""}, {""amount"": 925, ""date"": ""2023-10-19""}, {""amount"": 537, ""date"": ""2023-12-18""}, {""amount"": 964, ""date"": ""2023-01-19""}, {""amount"": 196, ""date"": ""2023-08-17""}]",True,True,True,True,True
319,Customer_319,38.0,4780.0,11781,6,377,0,"[{""amount"": 287, ""date"": ""2023-11-09""}, {""amount"": 757, ""date"": ""2023-10-23""}, {""amount"": 899, ""date"": ""2023-06-20""}, {""amount"": 962, ""date"": ""2023-11-21""}, {""amount"": 166, ""date"": ""2023-11-12""}, {""amount"": 138, ""date"": ""2023-05-09""}, {""amount"": 602, ""date"": ""2023-01-13""}, {""amount"": 479, ""date"": ""2023-07-01""}, {""amount"": 389, ""date"": ""2023-08-06""}]",True,True,True,True,True
320,Customer_320,20.0,19613.0,13670,44,539,0,"[{""amount"": 846, ""date"": ""2023-04-19""}, {""amount"": 369, ""date"": ""2023-09-21""}, {""amount"": 741, ""date"": ""2023-01-20""}, {""amount"": 683, ""date"": ""2023-05-31""}, {""amount"": 643, ""date"": ""2023-06-12""}, {""amount"": 139, ""date"": ""2023-08-09""}, {""amount"": 749, ""date"": ""2023-04-05""}, {""amount"": 379, ""date"": ""2023-04-14""}, {""amount"": 735, ""date"": ""2023-02-04""}, {""amount"": 650, ""date"": ""2023-11-26""}, {""amount"": 811, ""date"": ""2023-04-11""}, {""amount"": 891, ""date"": ""2023-04-11""}]",True,True,True,True,True
321,Customer_321,23.0,8703.0,26956,36,468,0,"[{""amount"": 271, ""date"": ""2023-02-08""}, {""amount"": 434, ""date"": ""2023-08-22""}, {""amount"": 849, ""date"": ""2023-06-15""}, {""amount"": 407, ""date"": ""2023-03-16""}, {""amount"": 292, ""date"": ""2023-08-11""}]",True,True,True,True,True
322,Customer_322,55.0,16929.0,15002,47,533,0,"[{""amount"": 826, ""date"": ""2023-03-19""}, {""amount"": 129, ""date"": ""2023-06-07""}, {""amount"": 769, ""date"": ""2023-04-25""}, {""amount"": 937, ""date"": ""2023-03-01""}, {""amount"": 503, ""date"": ""2023-08-28""}, {""amount"": 313, ""date"": ""2023-02-05""}]",True,True,True,True,True
323,Customer_323,30.0,11926.0,46712,53,428,0,"[{""amount"": 336, ""date"": ""2023-08-06""}, {""amount"": 802, ""date"": ""2023-10-12""}, {""amount"": 570, ""date"": ""2023-09-18""}, {""amount"": 913, ""date"": ""2023-04-01""}, {""amount"": 972, ""date"": ""2023-02-01""}, {""amount"": 703, ""date"": ""2023-02-13""}, {""amount"": 150, ""date"": ""2023-05-21""}, {""amount"": 306, ""date"": ""2023-09-13""}, {""amount"": 154, ""date"": ""2023-12-04""}, {""amount"": 694, ""date"": ""2023-12-10""}, {""amount"": 874, ""date"": ""2023-11-13""}, {""amount"": 385, ""date"": ""2023-11-13""}]",True,True,True,True,True
324,Customer_324,62.0,3181.0,10250,42,466,0,"[{""amount"": 656, ""date"": ""2023-10-30""}, {""amount"": 118, ""date"": ""2023-12-14""}, {""amount"": 902, ""date"": ""2023-04-14""}, {""amount"": 544, ""date"": ""2023-11-24""}, {""amount"": 317, ""date"": ""2023-07-12""}, {""amount"": 578, ""date"": ""2023-06-06""}, {""amount"": 886, ""date"": ""2023-03-31""}, {""amount"": 511, ""date"": ""2023-12-16""}, {""amount"": 767, ""date"": ""2023-04-21""}]",True,True,True,True,True
325,Customer_325,20.0,5004.0,21411,44,620,0,"[{""amount"": 865, ""date"": ""2023-01-08""}, {""amount"": 461, ""date"": ""2023-06-20""}, {""amount"": 904, ""date"": ""2023-03-24""}, {""amount"": 901, ""date"": ""2023-03-11""}, {""amount"": 928, ""date"": ""2023-07-26""}, {""amount"": 171, ""date"": ""2023-12-04""}, {""amount"": 234, ""date"": ""2023-08-21""}, {""amount"": 100, ""date"": ""2023-09-11""}, {""amount"": 334, ""date"": ""2023-09-05""}, {""amount"": 574, ""date"": ""2023-09-25""}, {""amount"": 924, ""date"": ""2023-01-09""}, {""amount"": 832, ""date"": ""2023-05-07""}]",True,True,True,True,True
326,Customer_326,65.0,14842.0,8819,34,815,0,"[{""amount"": 347, ""date"": ""2023-03-23""}, {""amount"": 265, ""date"": ""2023-02-06""}, {""amount"": 394, ""date"": ""2023-08-17""}, {""amount"": 679, ""date"": ""2023-07-12""}, {""amount"": 361, ""date"": ""2023-11-05""}, {""amount"": 944, ""date"": ""2023-07-31""}, {""amount"": 270, ""date"": ""2023-01-01""}, {""amount"": 188, ""date"": ""2023-01-13""}]",True,True,True,True,True
327,Customer_327,45.0,4514.0,43451,48,433,0,"[{""amount"": 419, ""date"": ""2023-03-01""}, {""amount"": 472, ""date"": ""2023-07-22""}, {""amount"": 646, ""date"": ""2023-03-28""}, {""amount"": 790, ""date"": ""2023-11-10""}, {""amount"": 690, ""date"": ""2023-10-16""}, {""amount"": 319, ""date"": ""2023-10-08""}, {""amount"": 899, ""date"": ""2023-03-18""}, {""amount"": 423, ""date"": ""2023-12-13""}, {""amount"": 148, ""date"": ""2023-12-10""}, {""amount"": 926, ""date"": ""2023-09-24""}, {""amount"": 385, ""date"": ""2023-06-11""}, {""amount"": 587, ""date"": ""2023-01-22""}]",True,True,False,True,False
328,Customer_328,39.0,13037.0,5215,29,574,0,"[{""amount"": 947, ""date"": ""2023-07-20""}, {""amount"": 587, ""date"": ""2023-06-01""}, {""amount"": 519, ""date"": ""2023-11-07""}, {""amount"": 347, ""date"": ""2023-10-08""}, {""amount"": 382, ""date"": ""2023-01-29""}, {""amount"": 178, ""date"": ""2023-05-04""}, {""amount"": 568, ""date"": ""2023-10-22""}, {""amount"": 551, ""date"": ""2023-10-07""}, {""amount"": 584, ""date"": ""2023-09-12""}, {""amount"": 289, ""date"": ""2023-08-05""}, {""amount"": 962, ""date"": ""2023-05-26""}, {""amount"": 414, ""date"": ""2023-06-16""}, {""amount"": 535, ""date"": ""2023-03-22""}, {""amount"": 147, ""date"": ""2023-09-24""}, {""amount"": 489, ""date"": ""2023-07-14""}, {""amount"": 882, ""date"": ""2023-08-18""}, {""amount"": 408, ""date"": ""2023-01-30""}, {""amount"": 359, ""date"": ""2023-09-19""}, {""amount"": 506, ""date"": ""2023-03-09""}]",True,True,True,True,True
329,Customer_329,57.0,16737.0,16071,21,594,0,"[{""amount"": 976, ""date"": ""2023-01-01""}, {""amount"": 260, ""date"": ""2023-02-08""}, {""amount"": 736, ""date"": ""2023-07-16""}, {""amount"": 834, ""date"": ""2023-10-24""}, {""amount"": 226, ""date"": ""2023-03-10""}, {""amount"": 832, ""date"": ""2023-10-13""}, {""amount"": 756, ""date"": ""2023-01-17""}, {""amount"": 559, ""date"": ""2023-12-07""}, {""amount"": 237, ""date"": ""2023-05-30""}, {""amount"": 738, ""date"": ""2023-03-24""}, {""amount"": 178, ""date"": ""2023-01-28""}, {""amount"": 739, ""date"": ""2023-10-19""}, {""amount"": 603, ""date"": ""2023-03-25""}, {""amount"": 926, ""date"": ""2023-01-11""}, {""amount"": 665, ""date"": ""2023-07-12""}, {""amount"": 762, ""date"": ""2023-07-23""}, {""amount"": 193, ""date"": ""2023-06-06""}]",True,True,True,True,True
330,Customer_330,57.0,5347.0,24614,44,408,0,"[{""amount"": 228, ""date"": ""2023-03-23""}, {""amount"": 112, ""date"": ""2023-02-14""}, {""amount"": 791, ""date"": ""2023-08-16""}, {""amount"": 973, ""date"": ""2023-09-24""}, {""amount"": 861, ""date"": ""2023-07-08""}, {""amount"": 717, ""date"": ""2023-06-22""}, {""amount"": 759, ""date"": ""2023-03-03""}, {""amount"": 534, ""date"": ""2023-04-28""}, {""amount"": 928, ""date"": ""2023-04-19""}]",True,True,True,True,True
331,Customer_331,29.0,9820.0,48868,44,469,0,"[{""amount"": 842, ""date"": ""2023-07-21""}, {""amount"": 881, ""date"": ""2023-03-20""}, {""amount"": 937, ""date"": ""2023-09-01""}, {""amount"": 593, ""date"": ""2023-09-01""}, {""amount"": 341, ""date"": ""2023-07-06""}, {""amount"": 728, ""date"": ""2023-07-31""}, {""amount"": 783, ""date"": ""2023-05-05""}, {""amount"": 197, ""date"": ""2023-10-20""}]",True,True,True,True,True
332,Customer_332,40.0,6451.0,36662,28,829,0,"[{""amount"": 839, ""date"": ""2023-06-08""}, {""amount"": 284, ""date"": ""2023-09-06""}, {""amount"": 612, ""date"": ""2023-09-09""}, {""amount"": 471, ""date"": ""2023-04-16""}, {""amount"": 453, ""date"": ""2023-01-12""}, {""amount"": 917, ""date"": ""2023-02-12""}, {""amount"": 361, ""date"": ""2023-06-24""}, {""amount"": 271, ""date"": ""2023-01-16""}, {""amount"": 547, ""date"": ""2023-01-11""}, {""amount"": 626, ""date"": ""2023-03-22""}, {""amount"": 263, ""date"": ""2023-05-19""}, {""amount"": 592, ""date"": ""2023-05-15""}, {""amount"": 639, ""date"": ""2023-08-30""}, {""amount"": 339, ""date"": ""2023-09-04""}, {""amount"": 323, ""date"": ""2023-02-20""}, {""amount"": 240, ""date"": ""2023-05-08""}, {""amount"": 541, ""date"": ""2023-10-18""}]",True,True,False,True,False
333,Customer_333,48.0,9021.0,33558,54,747,0,"[{""amount"": 398, ""date"": ""2023-07-28""}, {""amount"": 722, ""date"": ""2023-06-27""}, {""amount"": 760, ""date"": ""2023-06-03""}, {""amount"": 884, ""date"": ""2023-08-31""}, {""amount"": 274, ""date"": ""2023-07-12""}, {""amount"": 597, ""date"": ""2023-12-08""}, {""amount"": 460, ""date"": ""2023-12-19""}, {""amount"": 944, ""date"": ""2023-07-22""}, {""amount"": 348, ""date"": ""2023-09-09""}, {""amount"": 414, ""date"": ""2023-05-13""}, {""amount"": 863, ""date"": ""2023-07-17""}, {""amount"": 184, ""date"": ""2023-07-16""}, {""amount"": 630, ""date"": ""2023-04-15""}]",True,True,True,True,True
334,Customer_334,35.0,16008.0,12922,13,690,1,"[{""amount"": 960, ""date"": ""2023-11-18""}, {""amount"": 614, ""date"": ""2023-04-04""}, {""amount"": 275, ""date"": ""2023-12-29""}, {""amount"": 420, ""date"": ""2023-11-24""}, {""amount"": 469, ""date"": ""2023-07-17""}, {""amount"": 511, ""date"": ""2023-11-28""}, {""amount"": 782, ""date"": ""2023-03-26""}, {""amount"": 268, ""date"": ""2023-09-19""}, {""amount"": 200, ""date"": ""2023-01-24""}, {""amount"": 257, ""date"": ""2023-12-16""}, {""amount"": 390, ""date"": ""2023-08-04""}, {""amount"": 289, ""date"": ""2023-02-08""}, {""amount"": 535, ""date"": ""2023-02-25""}, {""amount"": 708, ""date"": ""2023-11-24""}, {""amount"": 180, ""date"": ""2023-12-27""}, {""amount"": 893, ""date"": ""2023-11-02""}]",True,True,True,True,True
335,Customer_335,24.0,8932.0,36918,43,723,0,"[{""amount"": 168, ""date"": ""2023-05-13""}, {""amount"": 255, ""date"": ""2023-09-11""}, {""amount"": 168, ""date"": ""2023-05-15""}, {""amount"": 607, ""date"": ""2023-06-02""}, {""amount"": 412, ""date"": ""2023-11-05""}]",True,True,True,True,True
336,Customer_336,25.0,17491.0,32821,56,684,0,"[{""amount"": 987, ""date"": ""2023-06-09""}, {""amount"": 636, ""date"": ""2023-08-01""}, {""amount"": 851, ""date"": ""2023-04-13""}, {""amount"": 538, ""date"": ""2023-05-13""}, {""amount"": 522, ""date"": ""2023-11-12""}]",True,True,True,True,True
337,Customer_337,36.0,14369.0,33932,8,593,0,"[{""amount"": 222, ""date"": ""2023-03-04""}, {""amount"": 712, ""date"": ""2023-06-28""}, {""amount"": 498, ""date"": ""2023-08-19""}, {""amount"": 257, ""date"": ""2023-08-18""}, {""amount"": 545, ""date"": ""2023-06-02""}, {""amount"": 763, ""date"": ""2023-10-24""}, {""amount"": 420, ""date"": ""2023-10-11""}, {""amount"": 230, ""date"": ""2023-04-27""}, {""amount"": 575, ""date"": ""2023-12-02""}, {""amount"": 571, ""date"": ""2023-07-15""}, {""amount"": 973, ""date"": ""2023-12-28""}, {""amount"": 218, ""date"": ""2023-02-08""}, {""amount"": 464, ""date"": ""2023-05-09""}, {""amount"": 149, ""date"": ""2023-04-24""}, {""amount"": 900, ""date"": ""2023-05-06""}, {""amount"": 342, ""date"": ""2023-07-02""}, {""amount"": 100, ""date"": ""2023-07-06""}, {""amount"": 127, ""date"": ""2023-02-21""}]",True,True,True,True,True
338,Customer_338,46.0,4086.0,9746,19,848,0,"[{""amount"": 990, ""date"": ""2023-04-21""}, {""amount"": 929, ""date"": ""2023-12-30""}, {""amount"": 706, ""date"": ""2023-03-18""}, {""amount"": 650, ""date"": ""2023-10-15""}, {""amount"": 858, ""date"": ""2023-06-28""}, {""amount"": 649, ""date"": ""2023-10-23""}, {""amount"": 208, ""date"": ""2023-04-26""}, {""amount"": 578, ""date"": ""2023-06-27""}, {""amount"": 740, ""date"": ""2023-12-24""}, {""amount"": 597, ""date"": ""2023-07-08""}, {""amount"": 207, ""date"": ""2023-01-27""}, {""amount"": 840, ""date"": ""2023-04-16""}, {""amount"": 659, ""date"": ""2023-02-22""}, {""amount"": 136, ""date"": ""2023-08-04""}, {""amount"": 333, ""date"": ""2023-02-27""}]",True,True,True,True,True
339,Customer_339,61.0,14837.0,29639,26,435,0,"[{""amount"": 510, ""date"": ""2023-02-25""}, {""amount"": 925, ""date"": ""2023-05-30""}, {""amount"": 978, ""date"": ""2023-09-11""}, {""amount"": 482, ""date"": ""2023-04-10""}, {""amount"": 154, ""date"": ""2023-03-26""}, {""amount"": 249, ""date"": ""2023-03-26""}, {""amount"": 727, ""date"": ""2023-01-15""}, {""amount"": 169, ""date"": ""2023-08-21""}]",True,True,True,True,True
340,Customer_340,37.0,2362.0,41324,52,811,0,"[{""amount"": 774, ""date"": ""2023-01-25""}, {""amount"": 882, ""date"": ""2023-07-22""}, {""amount"": 371, ""date"": ""2023-06-01""}, {""amount"": 973, ""date"": ""2023-11-18""}, {""amount"": 802, ""date"": ""2023-02-01""}, {""amount"": 996, ""date"": ""2023-02-14""}, {""amount"": 794, ""date"": ""2023-03-09""}]",True,True,False,True,False
341,Customer_341,67.0,6648.0,23632,35,850,0,"[{""amount"": 346, ""date"": ""2023-12-27""}, {""amount"": 609, ""date"": ""2023-10-24""}, {""amount"": 735, ""date"": ""2023-01-25""}, {""amount"": 195, ""date"": ""2023-01-28""}, {""amount"": 650, ""date"": ""2023-11-02""}, {""amount"": 823, ""date"": ""2023-05-21""}]",True,True,True,True,True
342,Customer_342,59.0,14059.0,9215,38,712,0,"[{""amount"": 925, ""date"": ""2023-06-11""}, {""amount"": 256, ""date"": ""2023-08-03""}, {""amount"": 175, ""date"": ""2023-01-04""}, {""amount"": 850, ""date"": ""2023-06-29""}, {""amount"": 959, ""date"": ""2023-08-19""}, {""amount"": 590, ""date"": ""2023-09-08""}, {""amount"": 839, ""date"": ""2023-12-10""}, {""amount"": 678, ""date"": ""2023-03-07""}, {""amount"": 548, ""date"": ""2023-09-06""}, {""amount"": 720, ""date"": ""2023-07-11""}]",True,True,True,True,True
343,Customer_343,47.0,15956.0,23746,58,564,0,"[{""amount"": 381, ""date"": ""2023-12-20""}, {""amount"": 318, ""date"": ""2023-02-25""}, {""amount"": 302, ""date"": ""2023-09-03""}, {""amount"": 295, ""date"": ""2023-08-21""}, {""amount"": 851, ""date"": ""2023-11-15""}, {""amount"": 638, ""date"": ""2023-07-02""}, {""amount"": 792, ""date"": ""2023-05-08""}, {""amount"": 181, ""date"": ""2023-08-22""}, {""amount"": 779, ""date"": ""2023-01-14""}]",True,True,True,True,True
344,Customer_344,64.0,3459.0,16977,25,350,0,"[{""amount"": 288, ""date"": ""2023-11-06""}, {""amount"": 959, ""date"": ""2023-04-05""}, {""amount"": 701, ""date"": ""2023-04-10""}, {""amount"": 547, ""date"": ""2023-07-05""}, {""amount"": 724, ""date"": ""2023-06-12""}, {""amount"": 467, ""date"": ""2023-10-31""}, {""amount"": 784, ""date"": ""2023-01-02""}, {""amount"": 862, ""date"": ""2023-05-09""}, {""amount"": 876, ""date"": ""2023-10-27""}, {""amount"": 832, ""date"": ""2023-08-10""}, {""amount"": 388, ""date"": ""2023-04-30""}, {""amount"": 740, ""date"": ""2023-03-01""}, {""amount"": 142, ""date"": ""2023-01-01""}, {""amount"": 402, ""date"": ""2023-10-16""}, {""amount"": 353, ""date"": ""2023-06-15""}]",True,True,True,True,True
345,Customer_345,39.0,12917.0,8469,50,708,0,"[{""amount"": 224, ""date"": ""2023-12-24""}, {""amount"": 588, ""date"": ""2023-10-04""}, {""amount"": 236, ""date"": ""2023-06-19""}, {""amount"": 498, ""date"": ""2023-03-22""}, {""amount"": 535, ""date"": ""2023-09-29""}, {""amount"": 495, ""date"": ""2023-11-20""}, {""amount"": 454, ""date"": ""2023-02-26""}, {""amount"": 730, ""date"": ""2023-11-29""}, {""amount"": 952, ""date"": ""2023-10-29""}, {""amount"": 755, ""date"": ""2023-01-18""}, {""amount"": 414, ""date"": ""2023-01-24""}, {""amount"": 177, ""date"": ""2023-12-22""}, {""amount"": 563, ""date"": ""2023-10-17""}, {""amount"": 413, ""date"": ""2023-03-15""}, {""amount"": 299, ""date"": ""2023-07-01""}]",True,True,True,True,True
346,Customer_346,27.0,8947.0,45460,50,700,1,"[{""amount"": 389, ""date"": ""2023-10-16""}, {""amount"": 115, ""date"": ""2023-09-17""}, {""amount"": 383, ""date"": ""2023-06-15""}, {""amount"": 978, ""date"": ""2023-11-02""}, {""amount"": 147, ""date"": ""2023-05-02""}, {""amount"": 319, ""date"": ""2023-08-06""}, {""amount"": 335, ""date"": ""2023-09-16""}, {""amount"": 623, ""date"": ""2023-08-25""}, {""amount"": 880, ""date"": ""2023-07-22""}]",True,True,False,True,False
347,Customer_347,43.0,2542.0,17957,28,385,0,"[{""amount"": 307, ""date"": ""2023-11-17""}, {""amount"": 815, ""date"": ""2023-01-12""}, {""amount"": 627, ""date"": ""2023-03-24""}, {""amount"": 673, ""date"": ""2023-11-09""}, {""amount"": 212, ""date"": ""2023-12-31""}, {""amount"": 339, ""date"": ""2023-08-31""}, {""amount"": 862, ""date"": ""2023-10-15""}, {""amount"": 676, ""date"": ""2023-09-06""}, {""amount"": 647, ""date"": ""2023-12-04""}, {""amount"": 834, ""date"": ""2023-10-19""}, {""amount"": 146, ""date"": ""2023-04-01""}, {""amount"": 971, ""date"": ""2023-12-13""}, {""amount"": 432, ""date"": ""2023-12-06""}, {""amount"": 682, ""date"": ""2023-04-01""}, {""amount"": 666, ""date"": ""2023-03-09""}, {""amount"": 766, ""date"": ""2023-10-25""}]",True,True,False,True,False
348,Customer_348,68.0,9128.0,24022,28,566,0,"[{""amount"": 847, ""date"": ""2023-11-27""}, {""amount"": 727, ""date"": ""2023-12-22""}, {""amount"": 643, ""date"": ""2023-07-20""}, {""amount"": 394, ""date"": ""2023-10-03""}, {""amount"": 756, ""date"": ""2023-12-06""}, {""amount"": 199, ""date"": ""2023-09-29""}, {""amount"": 420, ""date"": ""2023-08-28""}, {""amount"": 544, ""date"": ""2023-03-12""}, {""amount"": 370, ""date"": ""2023-06-16""}]",True,True,True,True,True
349,Customer_349,50.0,15912.0,27888,50,460,0,"[{""amount"": 408, ""date"": ""2023-10-09""}, {""amount"": 447, ""date"": ""2023-06-19""}, {""amount"": 976, ""date"": ""2023-11-11""}, {""amount"": 394, ""date"": ""2023-05-04""}, {""amount"": 276, ""date"": ""2023-02-11""}, {""amount"": 588, ""date"": ""2023-08-01""}, {""amount"": 431, ""date"": ""2023-08-08""}]",True,True,True,True,True
350,Customer_350,45.0,2239.0,5077,43,692,0,"[{""amount"": 485, ""date"": ""2023-03-28""}, {""amount"": 342, ""date"": ""2023-08-14""}, {""amount"": 276, ""date"": ""2023-07-01""}, {""amount"": 850, ""date"": ""2023-11-22""}, {""amount"": 668, ""date"": ""2023-04-03""}, {""amount"": 897, ""date"": ""2023-05-11""}, {""amount"": 481, ""date"": ""2023-01-31""}, {""amount"": 390, ""date"": ""2023-02-28""}, {""amount"": 341, ""date"": ""2023-11-29""}, {""amount"": 697, ""date"": ""2023-03-22""}]",True,True,True,True,True
351,Customer_351,27.0,16223.0,9796,40,487,0,"[{""amount"": 814, ""date"": ""2023-12-03""}, {""amount"": 185, ""date"": ""2023-03-31""}, {""amount"": 119, ""date"": ""2023-05-25""}, {""amount"": 464, ""date"": ""2023-06-10""}, {""amount"": 677, ""date"": ""2023-12-13""}, {""amount"": 625, ""date"": ""2023-10-14""}, {""amount"": 263, ""date"": ""2023-10-28""}, {""amount"": 643, ""date"": ""2023-06-19""}, {""amount"": 570, ""date"": ""2023-01-02""}, {""amount"": 610, ""date"": ""2023-09-13""}, {""amount"": 499, ""date"": ""2023-05-07""}, {""amount"": 422, ""date"": ""2023-07-25""}]",True,True,True,True,True
352,Customer_352,46.0,9315.0,38356,60,785,0,"[{""amount"": 868, ""date"": ""2023-01-11""}, {""amount"": 884, ""date"": ""2023-09-06""}, {""amount"": 623, ""date"": ""2023-10-06""}, {""amount"": 355, ""date"": ""2023-03-05""}, {""amount"": 937, ""date"": ""2023-11-20""}]",True,True,True,True,True
353,Customer_353,61.0,4893.0,20469,44,754,0,"[{""amount"": 352, ""date"": ""2023-10-03""}, {""amount"": 682, ""date"": ""2023-11-04""}, {""amount"": 501, ""date"": ""2023-11-08""}, {""amount"": 500, ""date"": ""2023-07-02""}, {""amount"": 269, ""date"": ""2023-12-31""}, {""amount"": 508, ""date"": ""2023-09-24""}, {""amount"": 726, ""date"": ""2023-12-29""}, {""amount"": 382, ""date"": ""2023-02-25""}, {""amount"": 347, ""date"": ""2023-04-11""}, {""amount"": 480, ""date"": ""2023-08-11""}, {""amount"": 980, ""date"": ""2023-07-30""}, {""amount"": 740, ""date"": ""2023-01-04""}, {""amount"": 290, ""date"": ""2023-04-09""}, {""amount"": 896, ""date"": ""2023-09-13""}, {""amount"": 693, ""date"": ""2023-03-14""}, {""amount"": 531, ""date"": ""2023-04-02""}, {""amount"": 178, ""date"": ""2023-12-05""}, {""amount"": 902, ""date"": ""2023-04-03""}, {""amount"": 822, ""date"": ""2023-11-17""}]",True,True,True,True,True
354,Customer_354,35.0,8119.0,20852,27,774,1,"[{""amount"": 334, ""date"": ""2023-02-15""}, {""amount"": 392, ""date"": ""2023-01-02""}, {""amount"": 140, ""date"": ""2023-12-31""}, {""amount"": 195, ""date"": ""2023-12-30""}, {""amount"": 725, ""date"": ""2023-12-19""}, {""amount"": 508, ""date"": ""2023-07-12""}, {""amount"": 257, ""date"": ""2023-04-19""}, {""amount"": 326, ""date"": ""2023-06-22""}, {""amount"": 422, ""date"": ""2023-01-19""}, {""amount"": 817, ""date"": ""2023-07-20""}, {""amount"": 616, ""date"": ""2023-10-03""}]",True,True,True,True,True
355,Customer_355,59.0,8117.0,31601,34,406,0,"[{""amount"": 193, ""date"": ""2023-03-06""}, {""amount"": 394, ""date"": ""2023-01-23""}, {""amount"": 639, ""date"": ""2023-05-26""}, {""amount"": 801, ""date"": ""2023-07-06""}, {""amount"": 346, ""date"": ""2023-12-12""}, {""amount"": 218, ""date"": ""2023-04-29""}, {""amount"": 207, ""date"": ""2023-11-21""}, {""amount"": 770, ""date"": ""2023-05-17""}, {""amount"": 928, ""date"": ""2023-05-24""}, {""amount"": 631, ""date"": ""2023-05-25""}, {""amount"": 580, ""date"": ""2023-12-15""}, {""amount"": 366, ""date"": ""2023-07-06""}, {""amount"": 257, ""date"": ""2023-07-25""}, {""amount"": 779, ""date"": ""2023-04-26""}]",True,True,True,True,True
356,Customer_356,18.0,18359.0,47865,54,345,1,"[{""amount"": 542, ""date"": ""2023-05-15""}, {""amount"": 206, ""date"": ""2023-01-07""}, {""amount"": 576, ""date"": ""2023-02-11""}, {""amount"": 817, ""date"": ""2023-08-17""}, {""amount"": 778, ""date"": ""2023-08-30""}, {""amount"": 760, ""date"": ""2023-04-24""}, {""amount"": 895, ""date"": ""2023-04-10""}, {""amount"": 882, ""date"": ""2023-11-13""}, {""amount"": 882, ""date"": ""2023-06-11""}, {""amount"": 921, ""date"": ""2023-12-03""}, {""amount"": 154, ""date"": ""2023-04-05""}, {""amount"": 910, ""date"": ""2023-05-23""}, {""amount"": 982, ""date"": ""2023-09-21""}, {""amount"": 285, ""date"": ""2023-11-03""}, {""amount"": 285, ""date"": ""2023-06-11""}, {""amount"": 877, ""date"": ""2023-09-15""}]",True,True,True,True,True
357,Customer_357,40.0,12130.0,49859,40,768,0,"[{""amount"": 489, ""date"": ""2023-04-21""}, {""amount"": 656, ""date"": ""2023-06-05""}, {""amount"": 250, ""date"": ""2023-09-17""}, {""amount"": 927, ""date"": ""2023-09-06""}, {""amount"": 275, ""date"": ""2023-11-09""}, {""amount"": 559, ""date"": ""2023-02-21""}, {""amount"": 335, ""date"": ""2023-03-10""}, {""amount"": 406, ""date"": ""2023-05-17""}, {""amount"": 200, ""date"": ""2023-06-13""}, {""amount"": 665, ""date"": ""2023-01-18""}, {""amount"": 986, ""date"": ""2023-03-01""}, {""amount"": 422, ""date"": ""2023-03-13""}, {""amount"": 510, ""date"": ""2023-01-01""}]",True,True,True,True,True
358,Customer_358,34.0,9623.0,44567,7,462,0,"[{""amount"": 364, ""date"": ""2023-11-16""}, {""amount"": 171, ""date"": ""2023-04-03""}, {""amount"": 979, ""date"": ""2023-10-11""}, {""amount"": 433, ""date"": ""2023-07-11""}, {""amount"": 457, ""date"": ""2023-05-26""}]",True,True,True,True,True
359,Customer_359,60.0,18444.0,19774,60,560,0,"[{""amount"": 188, ""date"": ""2023-03-10""}, {""amount"": 624, ""date"": ""2023-01-12""}, {""amount"": 622, ""date"": ""2023-02-26""}, {""amount"": 945, ""date"": ""2023-02-28""}, {""amount"": 623, ""date"": ""2023-06-10""}]",True,True,True,True,True
360,Customer_360,54.0,14448.0,42536,51,836,0,"[{""amount"": 416, ""date"": ""2023-08-30""}, {""amount"": 727, ""date"": ""2023-08-17""}, {""amount"": 289, ""date"": ""2023-12-20""}, {""amount"": 261, ""date"": ""2023-01-07""}, {""amount"": 258, ""date"": ""2023-12-14""}, {""amount"": 498, ""date"": ""2023-04-08""}, {""amount"": 955, ""date"": ""2023-07-15""}, {""amount"": 425, ""date"": ""2023-09-27""}, {""amount"": 259, ""date"": ""2023-09-01""}, {""amount"": 819, ""date"": ""2023-11-22""}, {""amount"": 920, ""date"": ""2023-03-23""}, {""amount"": 970, ""date"": ""2023-04-26""}, {""amount"": 444, ""date"": ""2023-12-09""}, {""amount"": 885, ""date"": ""2023-05-04""}, {""amount"": 290, ""date"": ""2023-11-21""}, {""amount"": 207, ""date"": ""2023-06-23""}, {""amount"": 282, ""date"": ""2023-07-11""}]",True,True,True,True,True
361,Customer_361,48.0,5436.0,26758,52,505,0,"[{""amount"": 938, ""date"": ""2023-07-07""}, {""amount"": 825, ""date"": ""2023-10-28""}, {""amount"": 898, ""date"": ""2023-02-22""}, {""amount"": 506, ""date"": ""2023-10-06""}, {""amount"": 153, ""date"": ""2023-11-02""}, {""amount"": 190, ""date"": ""2023-11-30""}, {""amount"": 876, ""date"": ""2023-10-31""}, {""amount"": 609, ""date"": ""2023-06-01""}, {""amount"": 726, ""date"": ""2023-10-21""}, {""amount"": 109, ""date"": ""2023-10-17""}, {""amount"": 704, ""date"": ""2023-05-19""}, {""amount"": 998, ""date"": ""2023-08-08""}, {""amount"": 242, ""date"": ""2023-12-13""}, {""amount"": 871, ""date"": ""2023-01-20""}]",True,True,True,True,True
362,Customer_362,42.0,15694.0,49752,23,528,0,"[{""amount"": 667, ""date"": ""2023-08-07""}, {""amount"": 942, ""date"": ""2023-11-03""}, {""amount"": 796, ""date"": ""2023-01-04""}, {""amount"": 621, ""date"": ""2023-04-16""}, {""amount"": 263, ""date"": ""2023-04-17""}, {""amount"": 480, ""date"": ""2023-05-12""}, {""amount"": 178, ""date"": ""2023-10-08""}, {""amount"": 425, ""date"": ""2023-10-24""}, {""amount"": 684, ""date"": ""2023-06-18""}, {""amount"": 242, ""date"": ""2023-09-22""}, {""amount"": 844, ""date"": ""2023-04-23""}, {""amount"": 135, ""date"": ""2023-05-30""}, {""amount"": 743, ""date"": ""2023-06-16""}, {""amount"": 314, ""date"": ""2023-07-17""}, {""amount"": 225, ""date"": ""2023-01-01""}, {""amount"": 148, ""date"": ""2023-05-30""}, {""amount"": 659, ""date"": ""2023-04-07""}]",True,True,True,True,True
363,Customer_363,70.0,2367.0,42874,58,781,0,"[{""amount"": 507, ""date"": ""2023-01-31""}, {""amount"": 469, ""date"": ""2023-06-28""}, {""amount"": 853, ""date"": ""2023-01-04""}, {""amount"": 296, ""date"": ""2023-06-20""}, {""amount"": 765, ""date"": ""2023-12-05""}]",True,True,False,True,False
364,Customer_364,21.0,6212.0,11515,40,504,0,"[{""amount"": 948, ""date"": ""2023-02-19""}, {""amount"": 498, ""date"": ""2023-04-18""}, {""amount"": 968, ""date"": ""2023-07-22""}, {""amount"": 971, ""date"": ""2023-12-20""}, {""amount"": 674, ""date"": ""2023-03-31""}, {""amount"": 538, ""date"": ""2023-09-03""}, {""amount"": 728, ""date"": ""2023-12-02""}, {""amount"": 853, ""date"": ""2023-04-25""}, {""amount"": 348, ""date"": ""2023-10-25""}, {""amount"": 514, ""date"": ""2023-07-06""}, {""amount"": 825, ""date"": ""2023-11-22""}, {""amount"": 504, ""date"": ""2023-11-10""}, {""amount"": 355, ""date"": ""2023-02-20""}, {""amount"": 560, ""date"": ""2023-11-29""}, {""amount"": 202, ""date"": ""2023-01-26""}, {""amount"": 618, ""date"": ""2023-06-12""}, {""amount"": 905, ""date"": ""2023-08-30""}]",True,True,True,True,True
365,Customer_365,69.0,16314.0,47098,49,828,0,"[{""amount"": 916, ""date"": ""2023-04-06""}, {""amount"": 810, ""date"": ""2023-09-22""}, {""amount"": 225, ""date"": ""2023-06-08""}, {""amount"": 778, ""date"": ""2023-12-17""}, {""amount"": 614, ""date"": ""2023-05-07""}, {""amount"": 734, ""date"": ""2023-08-01""}, {""amount"": 541, ""date"": ""2023-03-24""}, {""amount"": 856, ""date"": ""2023-11-08""}, {""amount"": 572, ""date"": ""2023-08-08""}, {""amount"": 644, ""date"": ""2023-12-07""}, {""amount"": 265, ""date"": ""2023-03-07""}]",True,True,True,True,True
366,Customer_366,26.0,15236.0,20729,19,357,0,"[{""amount"": 266, ""date"": ""2023-01-14""}, {""amount"": 570, ""date"": ""2023-11-22""}, {""amount"": 581, ""date"": ""2023-06-19""}, {""amount"": 873, ""date"": ""2023-09-05""}, {""amount"": 968, ""date"": ""2023-02-21""}, {""amount"": 714, ""date"": ""2023-09-25""}, {""amount"": 732, ""date"": ""2023-12-06""}, {""amount"": 568, ""date"": ""2023-12-02""}, {""amount"": 164, ""date"": ""2023-08-26""}, {""amount"": 537, ""date"": ""2023-10-22""}, {""amount"": 444, ""date"": ""2023-04-17""}, {""amount"": 215, ""date"": ""2023-05-25""}, {""amount"": 966, ""date"": ""2023-07-01""}, {""amount"": 444, ""date"": ""2023-07-04""}, {""amount"": 354, ""date"": ""2023-09-28""}, {""amount"": 192, ""date"": ""2023-03-25""}, {""amount"": 236, ""date"": ""2023-05-07""}, {""amount"": 183, ""date"": ""2023-09-10""}, {""amount"": 260, ""date"": ""2023-05-31""}]",True,True,True,True,True
367,Customer_367,45.0,14264.0,40087,23,817,0,"[{""amount"": 141, ""date"": ""2023-06-09""}, {""amount"": 808, ""date"": ""2023-01-21""}, {""amount"": 722, ""date"": ""2023-03-19""}, {""amount"": 162, ""date"": ""2023-09-30""}, {""amount"": 318, ""date"": ""2023-02-02""}]",True,True,True,True,True
368,Customer_368,47.0,9392.0,23582,37,679,0,"[{""amount"": 481, ""date"": ""2023-08-18""}, {""amount"": 828, ""date"": ""2023-09-23""}, {""amount"": 569, ""date"": ""2023-10-04""}, {""amount"": 768, ""date"": ""2023-12-02""}, {""amount"": 115, ""date"": ""2023-12-31""}, {""amount"": 624, ""date"": ""2023-12-18""}, {""amount"": 144, ""date"": ""2023-10-30""}, {""amount"": 219, ""date"": ""2023-11-08""}, {""amount"": 689, ""date"": ""2023-12-05""}, {""amount"": 573, ""date"": ""2023-11-22""}, {""amount"": 514, ""date"": ""2023-09-22""}]",True,True,True,True,True
369,Customer_369,64.0,4654.0,19289,27,308,0,"[{""amount"": 742, ""date"": ""2023-10-18""}, {""amount"": 947, ""date"": ""2023-02-04""}, {""amount"": 964, ""date"": ""2023-01-04""}, {""amount"": 670, ""date"": ""2023-08-23""}, {""amount"": 157, ""date"": ""2023-09-09""}, {""amount"": 551, ""date"": ""2023-12-08""}, {""amount"": 923, ""date"": ""2023-10-20""}, {""amount"": 286, ""date"": ""2023-03-12""}, {""amount"": 185, ""date"": ""2023-09-28""}, {""amount"": 473, ""date"": ""2023-01-15""}, {""amount"": 821, ""date"": ""2023-12-17""}]",True,True,True,True,True
370,Customer_370,41.0,16931.0,23267,40,333,0,"[{""amount"": 567, ""date"": ""2023-12-31""}, {""amount"": 593, ""date"": ""2023-04-09""}, {""amount"": 452, ""date"": ""2023-04-07""}, {""amount"": 577, ""date"": ""2023-02-24""}, {""amount"": 123, ""date"": ""2023-11-23""}, {""amount"": 462, ""date"": ""2023-02-25""}, {""amount"": 148, ""date"": ""2023-05-31""}, {""amount"": 186, ""date"": ""2023-12-19""}, {""amount"": 997, ""date"": ""2023-12-07""}, {""amount"": 760, ""date"": ""2023-05-22""}, {""amount"": 418, ""date"": ""2023-12-24""}, {""amount"": 674, ""date"": ""2023-06-26""}, {""amount"": 902, ""date"": ""2023-08-18""}, {""amount"": 586, ""date"": ""2023-02-04""}, {""amount"": 407, ""date"": ""2023-05-19""}, {""amount"": 697, ""date"": ""2023-12-17""}]",True,True,True,True,True
371,Customer_371,50.0,7239.0,33780,51,610,0,"[{""amount"": 997, ""date"": ""2023-01-07""}, {""amount"": 256, ""date"": ""2023-11-29""}, {""amount"": 415, ""date"": ""2023-07-11""}, {""amount"": 431, ""date"": ""2023-08-23""}, {""amount"": 792, ""date"": ""2023-03-18""}, {""amount"": 851, ""date"": ""2023-02-18""}, {""amount"": 489, ""date"": ""2023-10-30""}, {""amount"": 859, ""date"": ""2023-12-07""}, {""amount"": 627, ""date"": ""2023-01-17""}, {""amount"": 983, ""date"": ""2023-11-17""}, {""amount"": 509, ""date"": ""2023-12-26""}, {""amount"": 456, ""date"": ""2023-12-27""}, {""amount"": 291, ""date"": ""2023-02-07""}, {""amount"": 979, ""date"": ""2023-10-13""}, {""amount"": 525, ""date"": ""2023-11-28""}]",True,True,True,True,True
372,Customer_372,37.0,19975.0,5859,7,620,0,"[{""amount"": 190, ""date"": ""2023-05-15""}, {""amount"": 826, ""date"": ""2023-08-14""}, {""amount"": 464, ""date"": ""2023-10-13""}, {""amount"": 950, ""date"": ""2023-03-17""}, {""amount"": 533, ""date"": ""2023-05-17""}, {""amount"": 462, ""date"": ""2023-06-10""}, {""amount"": 510, ""date"": ""2023-09-29""}, {""amount"": 790, ""date"": ""2023-07-28""}, {""amount"": 740, ""date"": ""2023-03-15""}, {""amount"": 716, ""date"": ""2023-08-10""}, {""amount"": 583, ""date"": ""2023-02-20""}, {""amount"": 171, ""date"": ""2023-04-09""}, {""amount"": 380, ""date"": ""2023-10-18""}, {""amount"": 756, ""date"": ""2023-09-24""}]",True,True,True,True,True
373,Customer_373,26.0,15666.0,17764,11,716,0,"[{""amount"": 854, ""date"": ""2023-01-10""}, {""amount"": 495, ""date"": ""2023-05-29""}, {""amount"": 546, ""date"": ""2023-01-20""}, {""amount"": 529, ""date"": ""2023-12-07""}, {""amount"": 342, ""date"": ""2023-10-06""}, {""amount"": 341, ""date"": ""2023-12-16""}, {""amount"": 955, ""date"": ""2023-03-05""}, {""amount"": 554, ""date"": ""2023-04-28""}, {""amount"": 534, ""date"": ""2023-07-03""}, {""amount"": 425, ""date"": ""2023-05-23""}, {""amount"": 175, ""date"": ""2023-01-27""}]",True,True,True,True,True
374,Customer_374,25.0,13675.0,19955,53,779,1,"[{""amount"": 906, ""date"": ""2023-10-29""}, {""amount"": 133, ""date"": ""2023-10-27""}, {""amount"": 418, ""date"": ""2023-12-11""}, {""amount"": 655, ""date"": ""2023-10-20""}, {""amount"": 204, ""date"": ""2023-02-15""}, {""amount"": 772, ""date"": ""2023-05-11""}, {""amount"": 358, ""date"": ""2023-07-24""}, {""amount"": 891, ""date"": ""2023-03-27""}, {""amount"": 596, ""date"": ""2023-04-09""}, {""amount"": 579, ""date"": ""2023-11-20""}, {""amount"": 554, ""date"": ""2023-10-24""}, {""amount"": 566, ""date"": ""2023-02-22""}, {""amount"": 816, ""date"": ""2023-07-13""}, {""amount"": 241, ""date"": ""2023-01-31""}, {""amount"": 819, ""date"": ""2023-02-26""}, {""amount"": 149, ""date"": ""2023-12-15""}, {""amount"": 329, ""date"": ""2023-04-07""}]",True,True,True,True,True
375,Customer_375,41.0,8445.0,33775,56,790,0,"[{""amount"": 833, ""date"": ""2023-12-12""}, {""amount"": 776, ""date"": ""2023-05-20""}, {""amount"": 182, ""date"": ""2023-11-10""}, {""amount"": 816, ""date"": ""2023-08-02""}, {""amount"": 938, ""date"": ""2023-02-13""}, {""amount"": 356, ""date"": ""2023-04-16""}, {""amount"": 446, ""date"": ""2023-02-06""}, {""amount"": 497, ""date"": ""2023-01-15""}, {""amount"": 663, ""date"": ""2023-02-09""}, {""amount"": 672, ""date"": ""2023-05-27""}, {""amount"": 607, ""date"": ""2023-09-12""}, {""amount"": 314, ""date"": ""2023-04-29""}, {""amount"": 876, ""date"": ""2023-09-06""}, {""amount"": 327, ""date"": ""2023-09-28""}, {""amount"": 463, ""date"": ""2023-06-29""}, {""amount"": 465, ""date"": ""2023-04-16""}]",True,True,True,True,True
376,Customer_376,31.0,15649.0,29675,44,455,0,"[{""amount"": 756, ""date"": ""2023-04-17""}, {""amount"": 886, ""date"": ""2023-10-30""}, {""amount"": 392, ""date"": ""2023-12-16""}, {""amount"": 549, ""date"": ""2023-09-08""}, {""amount"": 917, ""date"": ""2023-10-19""}, {""amount"": 443, ""date"": ""2023-07-16""}, {""amount"": 609, ""date"": ""2023-11-18""}, {""amount"": 858, ""date"": ""2023-01-22""}, {""amount"": 387, ""date"": ""2023-12-22""}, {""amount"": 234, ""date"": ""2023-01-03""}, {""amount"": 755, ""date"": ""2023-07-07""}, {""amount"": 798, ""date"": ""2023-09-08""}, {""amount"": 651, ""date"": ""2023-10-16""}, {""amount"": 316, ""date"": ""2023-07-18""}, {""amount"": 927, ""date"": ""2023-09-02""}, {""amount"": 844, ""date"": ""2023-05-18""}, {""amount"": 143, ""date"": ""2023-01-14""}]",True,True,True,True,True
377,Customer_377,35.0,5799.0,43644,37,387,0,"[{""amount"": 220, ""date"": ""2023-12-07""}, {""amount"": 945, ""date"": ""2023-09-04""}, {""amount"": 241, ""date"": ""2023-07-24""}, {""amount"": 569, ""date"": ""2023-05-03""}, {""amount"": 393, ""date"": ""2023-07-24""}, {""amount"": 178, ""date"": ""2023-12-26""}, {""amount"": 383, ""date"": ""2023-10-03""}, {""amount"": 456, ""date"": ""2023-10-05""}, {""amount"": 106, ""date"": ""2023-04-10""}, {""amount"": 934, ""date"": ""2023-09-03""}, {""amount"": 394, ""date"": ""2023-01-20""}, {""amount"": 872, ""date"": ""2023-07-28""}, {""amount"": 309, ""date"": ""2023-06-16""}, {""amount"": 689, ""date"": ""2023-08-24""}]",True,True,False,True,False
378,Customer_378,70.0,2432.0,37681,34,345,0,"[{""amount"": 777, ""date"": ""2023-10-09""}, {""amount"": 625, ""date"": ""2023-10-21""}, {""amount"": 398, ""date"": ""2023-12-28""}, {""amount"": 844, ""date"": ""2023-09-18""}, {""amount"": 702, ""date"": ""2023-12-01""}, {""amount"": 341, ""date"": ""2023-12-01""}, {""amount"": 142, ""date"": ""2023-07-31""}, {""amount"": 962, ""date"": ""2023-06-26""}, {""amount"": 136, ""date"": ""2023-08-11""}, {""amount"": 670, ""date"": ""2023-01-23""}, {""amount"": 677, ""date"": ""2023-12-30""}, {""amount"": 728, ""date"": ""2023-05-25""}, {""amount"": 836, ""date"": ""2023-07-28""}, {""amount"": 937, ""date"": ""2023-05-19""}, {""amount"": 633, ""date"": ""2023-08-17""}, {""amount"": 519, ""date"": ""2023-08-29""}, {""amount"": 160, ""date"": ""2023-08-03""}, {""amount"": 580, ""date"": ""2023-01-18""}, {""amount"": 177, ""date"": ""2023-12-08""}]",True,True,False,True,False
379,Customer_379,18.0,13102.0,10878,44,773,0,"[{""amount"": 846, ""date"": ""2023-03-10""}, {""amount"": 700, ""date"": ""2023-12-10""}, {""amount"": 997, ""date"": ""2023-02-12""}, {""amount"": 174, ""date"": ""2023-09-15""}, {""amount"": 890, ""date"": ""2023-11-03""}, {""amount"": 749, ""date"": ""2023-08-09""}, {""amount"": 863, ""date"": ""2023-10-28""}, {""amount"": 991, ""date"": ""2023-08-22""}, {""amount"": 914, ""date"": ""2023-09-08""}, {""amount"": 203, ""date"": ""2023-04-01""}, {""amount"": 364, ""date"": ""2023-02-27""}, {""amount"": 144, ""date"": ""2023-03-27""}]",True,True,True,True,True
380,Customer_380,29.0,19265.0,30396,56,493,0,"[{""amount"": 745, ""date"": ""2023-12-19""}, {""amount"": 393, ""date"": ""2023-06-05""}, {""amount"": 161, ""date"": ""2023-11-13""}, {""amount"": 288, ""date"": ""2023-07-04""}, {""amount"": 304, ""date"": ""2023-03-17""}, {""amount"": 255, ""date"": ""2023-04-27""}]",True,True,True,True,True
381,Customer_381,46.0,15282.0,32947,54,618,0,"[{""amount"": 822, ""date"": ""2023-07-27""}, {""amount"": 872, ""date"": ""2023-01-17""}, {""amount"": 991, ""date"": ""2023-12-26""}, {""amount"": 684, ""date"": ""2023-05-20""}, {""amount"": 142, ""date"": ""2023-09-26""}, {""amount"": 225, ""date"": ""2023-10-20""}]",True,True,True,True,True
382,Customer_382,54.0,17425.0,35642,10,394,0,"[{""amount"": 990, ""date"": ""2023-05-05""}, {""amount"": 783, ""date"": ""2023-05-05""}, {""amount"": 418, ""date"": ""2023-05-08""}, {""amount"": 429, ""date"": ""2023-05-04""}, {""amount"": 944, ""date"": ""2023-08-04""}, {""amount"": 792, ""date"": ""2023-02-25""}, {""amount"": 243, ""date"": ""2023-12-18""}, {""amount"": 158, ""date"": ""2023-09-11""}, {""amount"": 403, ""date"": ""2023-07-09""}, {""amount"": 239, ""date"": ""2023-04-17""}, {""amount"": 563, ""date"": ""2023-05-24""}]",True,True,True,True,True
383,Customer_383,43.0,7884.0,26904,43,718,0,"[{""amount"": 705, ""date"": ""2023-01-17""}, {""amount"": 129, ""date"": ""2023-11-09""}, {""amount"": 456, ""date"": ""2023-04-04""}, {""amount"": 548, ""date"": ""2023-03-03""}, {""amount"": 859, ""date"": ""2023-10-23""}, {""amount"": 954, ""date"": ""2023-09-16""}]",True,True,True,True,True
384,Customer_384,50.0,2370.0,36808,13,520,0,"[{""amount"": 788, ""date"": ""2023-09-12""}, {""amount"": 887, ""date"": ""2023-07-19""}, {""amount"": 582, ""date"": ""2023-03-16""}, {""amount"": 732, ""date"": ""2023-08-25""}, {""amount"": 634, ""date"": ""2023-10-31""}, {""amount"": 846, ""date"": ""2023-11-07""}, {""amount"": 338, ""date"": ""2023-05-08""}, {""amount"": 173, ""date"": ""2023-02-03""}, {""amount"": 981, ""date"": ""2023-08-07""}, {""amount"": 236, ""date"": ""2023-06-07""}]",True,True,False,True,False
385,Customer_385,60.0,9073.0,15010,9,526,0,"[{""amount"": 277, ""date"": ""2023-12-27""}, {""amount"": 345, ""date"": ""2023-07-02""}, {""amount"": 992, ""date"": ""2023-05-27""}, {""amount"": 562, ""date"": ""2023-09-16""}, {""amount"": 750, ""date"": ""2023-08-06""}, {""amount"": 426, ""date"": ""2023-06-06""}, {""amount"": 153, ""date"": ""2023-08-20""}, {""amount"": 185, ""date"": ""2023-03-28""}, {""amount"": 161, ""date"": ""2023-07-30""}, {""amount"": 228, ""date"": ""2023-11-19""}, {""amount"": 799, ""date"": ""2023-01-10""}, {""amount"": 391, ""date"": ""2023-11-30""}, {""amount"": 462, ""date"": ""2023-04-03""}, {""amount"": 528, ""date"": ""2023-01-01""}, {""amount"": 823, ""date"": ""2023-10-18""}, {""amount"": 188, ""date"": ""2023-11-04""}, {""amount"": 430, ""date"": ""2023-04-20""}]",True,True,True,True,True
386,Customer_386,32.0,15686.0,19471,60,643,0,"[{""amount"": 873, ""date"": ""2023-06-19""}, {""amount"": 984, ""date"": ""2023-03-14""}, {""amount"": 294, ""date"": ""2023-04-30""}, {""amount"": 342, ""date"": ""2023-08-05""}, {""amount"": 845, ""date"": ""2023-12-29""}, {""amount"": 766, ""date"": ""2023-03-24""}, {""amount"": 137, ""date"": ""2023-02-12""}, {""amount"": 866, ""date"": ""2023-07-27""}, {""amount"": 245, ""date"": ""2023-12-27""}, {""amount"": 243, ""date"": ""2023-08-30""}, {""amount"": 228, ""date"": ""2023-04-16""}, {""amount"": 466, ""date"": ""2023-08-03""}, {""amount"": 775, ""date"": ""2023-05-06""}, {""amount"": 644, ""date"": ""2023-10-16""}, {""amount"": 817, ""date"": ""2023-11-11""}, {""amount"": 249, ""date"": ""2023-05-31""}, {""amount"": 622, ""date"": ""2023-01-22""}]",True,True,True,True,True
387,Customer_387,40.0,9651.0,14654,27,625,0,"[{""amount"": 741, ""date"": ""2023-08-16""}, {""amount"": 556, ""date"": ""2023-01-04""}, {""amount"": 218, ""date"": ""2023-08-02""}, {""amount"": 371, ""date"": ""2023-01-25""}, {""amount"": 513, ""date"": ""2023-08-25""}, {""amount"": 996, ""date"": ""2023-07-11""}, {""amount"": 133, ""date"": ""2023-05-16""}, {""amount"": 255, ""date"": ""2023-04-01""}, {""amount"": 825, ""date"": ""2023-11-05""}, {""amount"": 665, ""date"": ""2023-02-21""}, {""amount"": 189, ""date"": ""2023-08-08""}, {""amount"": 877, ""date"": ""2023-02-27""}]",True,True,True,True,True
388,Customer_388,46.0,10153.0,37698,27,645,0,"[{""amount"": 788, ""date"": ""2023-12-13""}, {""amount"": 493, ""date"": ""2023-06-26""}, {""amount"": 984, ""date"": ""2023-06-21""}, {""amount"": 522, ""date"": ""2023-07-06""}, {""amount"": 506, ""date"": ""2023-09-30""}, {""amount"": 201, ""date"": ""2023-06-22""}, {""amount"": 511, ""date"": ""2023-09-24""}, {""amount"": 465, ""date"": ""2023-06-17""}, {""amount"": 145, ""date"": ""2023-04-04""}, {""amount"": 735, ""date"": ""2023-05-14""}, {""amount"": 742, ""date"": ""2023-11-01""}]",True,True,True,True,True
389,Customer_389,38.0,15893.0,22739,32,449,0,"[{""amount"": 202, ""date"": ""2023-04-06""}, {""amount"": 660, ""date"": ""2023-11-08""}, {""amount"": 545, ""date"": ""2023-05-17""}, {""amount"": 570, ""date"": ""2023-01-20""}, {""amount"": 862, ""date"": ""2023-03-29""}, {""amount"": 745, ""date"": ""2023-07-10""}, {""amount"": 384, ""date"": ""2023-10-17""}]",True,True,True,True,True
390,Customer_390,36.0,16273.0,44225,8,322,0,"[{""amount"": 158, ""date"": ""2023-03-09""}, {""amount"": 440, ""date"": ""2023-07-26""}, {""amount"": 234, ""date"": ""2023-09-03""}, {""amount"": 975, ""date"": ""2023-11-13""}, {""amount"": 767, ""date"": ""2023-05-27""}, {""amount"": 705, ""date"": ""2023-06-27""}]",True,True,True,True,True
391,Customer_391,22.0,18513.0,29250,34,835,0,"[{""amount"": 687, ""date"": ""2023-06-23""}, {""amount"": 867, ""date"": ""2023-01-12""}, {""amount"": 634, ""date"": ""2023-06-04""}, {""amount"": 985, ""date"": ""2023-06-13""}, {""amount"": 466, ""date"": ""2023-03-28""}, {""amount"": 572, ""date"": ""2023-03-30""}]",True,True,True,True,True
392,Customer_392,40.0,6295.0,48277,53,385,0,"[{""amount"": 586, ""date"": ""2023-11-24""}, {""amount"": 177, ""date"": ""2023-09-28""}, {""amount"": 895, ""date"": ""2023-03-13""}, {""amount"": 441, ""date"": ""2023-06-02""}, {""amount"": 403, ""date"": ""2023-05-03""}, {""amount"": 573, ""date"": ""2023-05-06""}, {""amount"": 215, ""date"": ""2023-10-21""}, {""amount"": 926, ""date"": ""2023-02-22""}, {""amount"": 491, ""date"": ""2023-01-02""}, {""amount"": 783, ""date"": ""2023-05-12""}, {""amount"": 971, ""date"": ""2023-02-01""}, {""amount"": 120, ""date"": ""2023-01-17""}, {""amount"": 432, ""date"": ""2023-11-12""}, {""amount"": 505, ""date"": ""2023-03-12""}, {""amount"": 475, ""date"": ""2023-01-10""}, {""amount"": 394, ""date"": ""2023-11-27""}, {""amount"": 916, ""date"": ""2023-10-14""}, {""amount"": 252, ""date"": ""2023-06-19""}]",True,True,False,True,False
393,Customer_393,53.0,13929.0,22352,38,376,0,"[{""amount"": 172, ""date"": ""2023-10-23""}, {""amount"": 222, ""date"": ""2023-07-13""}, {""amount"": 727, ""date"": ""2023-08-08""}, {""amount"": 844, ""date"": ""2023-02-07""}, {""amount"": 261, ""date"": ""2023-02-02""}, {""amount"": 433, ""date"": ""2023-05-13""}, {""amount"": 455, ""date"": ""2023-11-02""}]",True,True,True,True,True
394,Customer_394,37.0,11316.0,38000,43,360,0,"[{""amount"": 229, ""date"": ""2023-07-10""}, {""amount"": 665, ""date"": ""2023-01-11""}, {""amount"": 298, ""date"": ""2023-04-01""}, {""amount"": 141, ""date"": ""2023-10-14""}, {""amount"": 728, ""date"": ""2023-07-24""}, {""amount"": 745, ""date"": ""2023-01-24""}, {""amount"": 324, ""date"": ""2023-03-11""}, {""amount"": 326, ""date"": ""2023-06-02""}, {""amount"": 893, ""date"": ""2023-11-05""}, {""amount"": 745, ""date"": ""2023-10-27""}, {""amount"": 521, ""date"": ""2023-05-29""}, {""amount"": 841, ""date"": ""2023-01-13""}, {""amount"": 393, ""date"": ""2023-12-30""}, {""amount"": 308, ""date"": ""2023-06-24""}, {""amount"": 718, ""date"": ""2023-08-17""}, {""amount"": 838, ""date"": ""2023-03-06""}, {""amount"": 519, ""date"": ""2023-06-28""}, {""amount"": 498, ""date"": ""2023-03-31""}]",True,True,True,True,True
395,Customer_395,25.0,9788.0,45722,39,485,0,"[{""amount"": 146, ""date"": ""2023-05-14""}, {""amount"": 929, ""date"": ""2023-01-29""}, {""amount"": 816, ""date"": ""2023-06-26""}, {""amount"": 842, ""date"": ""2023-07-31""}, {""amount"": 141, ""date"": ""2023-06-18""}, {""amount"": 355, ""date"": ""2023-01-26""}, {""amount"": 932, ""date"": ""2023-03-28""}, {""amount"": 399, ""date"": ""2023-02-08""}, {""amount"": 345, ""date"": ""2023-01-26""}, {""amount"": 483, ""date"": ""2023-02-26""}, {""amount"": 528, ""date"": ""2023-09-15""}, {""amount"": 294, ""date"": ""2023-05-19""}, {""amount"": 849, ""date"": ""2023-07-02""}, {""amount"": 399, ""date"": ""2023-09-27""}, {""amount"": 849, ""date"": ""2023-01-02""}, {""amount"": 867, ""date"": ""2023-09-10""}, {""amount"": 601, ""date"": ""2023-10-21""}]",True,True,True,True,True
396,Customer_396,26.0,5250.0,24756,41,341,0,"[{""amount"": 970, ""date"": ""2023-05-02""}, {""amount"": 582, ""date"": ""2023-12-27""}, {""amount"": 396, ""date"": ""2023-08-28""}, {""amount"": 254, ""date"": ""2023-08-24""}, {""amount"": 829, ""date"": ""2023-03-31""}, {""amount"": 669, ""date"": ""2023-07-10""}, {""amount"": 746, ""date"": ""2023-02-28""}, {""amount"": 146, ""date"": ""2023-12-17""}, {""amount"": 305, ""date"": ""2023-08-04""}]",True,True,True,True,True
397,Customer_397,31.0,3435.0,24682,38,758,0,"[{""amount"": 127, ""date"": ""2023-11-27""}, {""amount"": 520, ""date"": ""2023-06-03""}, {""amount"": 434, ""date"": ""2023-08-14""}, {""amount"": 988, ""date"": ""2023-07-03""}, {""amount"": 970, ""date"": ""2023-10-15""}, {""amount"": 733, ""date"": ""2023-12-06""}, {""amount"": 622, ""date"": ""2023-07-03""}, {""amount"": 509, ""date"": ""2023-07-20""}, {""amount"": 266, ""date"": ""2023-05-17""}, {""amount"": 448, ""date"": ""2023-02-22""}, {""amount"": 167, ""date"": ""2023-11-25""}, {""amount"": 448, ""date"": ""2023-04-16""}, {""amount"": 290, ""date"": ""2023-10-01""}, {""amount"": 245, ""date"": ""2023-05-19""}, {""amount"": 808, ""date"": ""2023-08-10""}, {""amount"": 644, ""date"": ""2023-12-25""}, {""amount"": 796, ""date"": ""2023-03-19""}]",True,True,False,True,False
398,Customer_398,23.0,6192.0,47699,45,745,0,"[{""amount"": 311, ""date"": ""2023-08-25""}, {""amount"": 111, ""date"": ""2023-06-15""}, {""amount"": 455, ""date"": ""2023-09-17""}, {""amount"": 678, ""date"": ""2023-05-03""}, {""amount"": 373, ""date"": ""2023-07-13""}, {""amount"": 410, ""date"": ""2023-09-15""}, {""amount"": 879, ""date"": ""2023-05-11""}, {""amount"": 380, ""date"": ""2023-07-03""}, {""amount"": 512, ""date"": ""2023-10-13""}, {""amount"": 784, ""date"": ""2023-07-16""}, {""amount"": 417, ""date"": ""2023-10-14""}, {""amount"": 892, ""date"": ""2023-12-16""}, {""amount"": 632, ""date"": ""2023-04-27""}, {""amount"": 954, ""date"": ""2023-09-25""}, {""amount"": 705, ""date"": ""2023-08-27""}, {""amount"": 261, ""date"": ""2023-01-04""}, {""amount"": 427, ""date"": ""2023-11-11""}, {""amount"": 271, ""date"": ""2023-12-24""}]",True,True,False,True,False
399,Customer_399,18.0,19963.0,18126,23,646,0,"[{""amount"": 124, ""date"": ""2023-08-30""}, {""amount"": 857, ""date"": ""2023-01-16""}, {""amount"": 217, ""date"": ""2023-05-31""}, {""amount"": 583, ""date"": ""2023-12-20""}, {""amount"": 990, ""date"": ""2023-03-22""}, {""amount"": 720, ""date"": ""2023-05-06""}, {""amount"": 347, ""date"": ""2023-07-12""}, {""amount"": 986, ""date"": ""2023-07-16""}, {""amount"": 618, ""date"": ""2023-09-08""}, {""amount"": 823, ""date"": ""2023-01-17""}, {""amount"": 181, ""date"": ""2023-03-18""}, {""amount"": 430, ""date"": ""2023-07-02""}, {""amount"": 908, ""date"": ""2023-01-28""}, {""amount"": 646, ""date"": ""2023-09-28""}, {""amount"": 876, ""date"": ""2023-02-22""}, {""amount"": 912, ""date"": ""2023-08-07""}, {""amount"": 827, ""date"": ""2023-01-22""}]",True,True,True,True,True
400,Customer_400,26.0,5859.0,35926,15,710,1,"[{""amount"": 202, ""date"": ""2023-05-31""}, {""amount"": 779, ""date"": ""2023-10-17""}, {""amount"": 857, ""date"": ""2023-09-09""}, {""amount"": 795, ""date"": ""2023-03-29""}, {""amount"": 320, ""date"": ""2023-09-28""}, {""amount"": 289, ""date"": ""2023-06-17""}, {""amount"": 448, ""date"": ""2023-09-03""}, {""amount"": 532, ""date"": ""2023-03-04""}, {""amount"": 726, ""date"": ""2023-09-04""}, {""amount"": 578, ""date"": ""2023-05-24""}, {""amount"": 451, ""date"": ""2023-09-22""}, {""amount"": 456, ""date"": ""2023-12-31""}, {""amount"": 567, ""date"": ""2023-01-16""}, {""amount"": 182, ""date"": ""2023-12-28""}, {""amount"": 799, ""date"": ""2023-11-17""}, {""amount"": 676, ""date"": ""2023-02-25""}, {""amount"": 789, ""date"": ""2023-11-14""}]",True,True,False,True,False
401,Customer_401,33.0,19709.0,49590,41,474,0,"[{""amount"": 430, ""date"": ""2023-08-11""}, {""amount"": 519, ""date"": ""2023-01-03""}, {""amount"": 869, ""date"": ""2023-04-23""}, {""amount"": 984, ""date"": ""2023-12-30""}, {""amount"": 136, ""date"": ""2023-01-14""}, {""amount"": 263, ""date"": ""2023-09-03""}]",True,True,True,True,True
402,Customer_402,33.0,10292.0,20926,50,444,0,"[{""amount"": 978, ""date"": ""2023-12-26""}, {""amount"": 653, ""date"": ""2023-01-05""}, {""amount"": 864, ""date"": ""2023-04-19""}, {""amount"": 562, ""date"": ""2023-04-19""}, {""amount"": 573, ""date"": ""2023-02-12""}, {""amount"": 954, ""date"": ""2023-10-30""}, {""amount"": 928, ""date"": ""2023-11-03""}]",True,True,True,True,True
403,Customer_403,29.0,17811.0,29242,28,511,0,"[{""amount"": 177, ""date"": ""2023-11-18""}, {""amount"": 407, ""date"": ""2023-04-07""}, {""amount"": 551, ""date"": ""2023-12-23""}, {""amount"": 276, ""date"": ""2023-01-30""}, {""amount"": 167, ""date"": ""2023-03-11""}, {""amount"": 767, ""date"": ""2023-02-22""}, {""amount"": 338, ""date"": ""2023-09-20""}]",True,True,True,True,True
404,Customer_404,22.0,16856.0,5043,11,634,0,"[{""amount"": 421, ""date"": ""2023-11-20""}, {""amount"": 803, ""date"": ""2023-01-09""}, {""amount"": 456, ""date"": ""2023-12-27""}, {""amount"": 134, ""date"": ""2023-09-17""}, {""amount"": 773, ""date"": ""2023-05-28""}, {""amount"": 743, ""date"": ""2023-08-26""}, {""amount"": 193, ""date"": ""2023-10-10""}, {""amount"": 831, ""date"": ""2023-12-26""}, {""amount"": 599, ""date"": ""2023-11-22""}, {""amount"": 762, ""date"": ""2023-03-19""}, {""amount"": 318, ""date"": ""2023-08-31""}, {""amount"": 138, ""date"": ""2023-06-27""}, {""amount"": 842, ""date"": ""2023-05-18""}, {""amount"": 331, ""date"": ""2023-12-16""}, {""amount"": 976, ""date"": ""2023-07-04""}, {""amount"": 289, ""date"": ""2023-05-17""}, {""amount"": 756, ""date"": ""2023-08-12""}]",True,True,True,True,True
405,Customer_405,57.0,8720.0,46537,28,821,0,"[{""amount"": 604, ""date"": ""2023-09-06""}, {""amount"": 342, ""date"": ""2023-05-12""}, {""amount"": 159, ""date"": ""2023-03-30""}, {""amount"": 578, ""date"": ""2023-01-12""}, {""amount"": 733, ""date"": ""2023-08-25""}, {""amount"": 525, ""date"": ""2023-02-05""}, {""amount"": 347, ""date"": ""2023-01-27""}, {""amount"": 727, ""date"": ""2023-06-26""}, {""amount"": 230, ""date"": ""2023-11-02""}, {""amount"": 723, ""date"": ""2023-01-12""}, {""amount"": 142, ""date"": ""2023-01-22""}, {""amount"": 226, ""date"": ""2023-10-05""}, {""amount"": 180, ""date"": ""2023-09-22""}, {""amount"": 315, ""date"": ""2023-12-26""}, {""amount"": 825, ""date"": ""2023-08-28""}, {""amount"": 623, ""date"": ""2023-06-13""}]",True,True,False,True,False
406,Customer_406,46.0,2372.0,32598,15,792,0,"[{""amount"": 446, ""date"": ""2023-02-02""}, {""amount"": 197, ""date"": ""2023-04-18""}, {""amount"": 864, ""date"": ""2023-02-23""}, {""amount"": 844, ""date"": ""2023-02-26""}, {""amount"": 609, ""date"": ""2023-07-09""}, {""amount"": 541, ""date"": ""2023-03-08""}, {""amount"": 704, ""date"": ""2023-02-02""}]",True,True,False,True,False
407,Customer_407,63.0,5168.0,17645,60,619,0,"[{""amount"": 353, ""date"": ""2023-05-24""}, {""amount"": 719, ""date"": ""2023-12-18""}, {""amount"": 834, ""date"": ""2023-07-29""}, {""amount"": 305, ""date"": ""2023-11-01""}, {""amount"": 300, ""date"": ""2023-06-14""}, {""amount"": 568, ""date"": ""2023-04-11""}, {""amount"": 766, ""date"": ""2023-11-08""}, {""amount"": 137, ""date"": ""2023-06-28""}, {""amount"": 720, ""date"": ""2023-06-12""}, {""amount"": 110, ""date"": ""2023-08-12""}, {""amount"": 440, ""date"": ""2023-09-29""}, {""amount"": 975, ""date"": ""2023-02-15""}]",True,True,True,True,True
408,Customer_408,44.0,19890.0,19598,7,744,0,"[{""amount"": 782, ""date"": ""2023-10-07""}, {""amount"": 544, ""date"": ""2023-09-25""}, {""amount"": 622, ""date"": ""2023-03-09""}, {""amount"": 407, ""date"": ""2023-10-20""}, {""amount"": 405, ""date"": ""2023-07-20""}, {""amount"": 423, ""date"": ""2023-12-22""}, {""amount"": 947, ""date"": ""2023-11-05""}, {""amount"": 450, ""date"": ""2023-06-18""}, {""amount"": 995, ""date"": ""2023-12-04""}, {""amount"": 901, ""date"": ""2023-01-19""}, {""amount"": 739, ""date"": ""2023-11-20""}, {""amount"": 633, ""date"": ""2023-07-04""}, {""amount"": 663, ""date"": ""2023-08-26""}, {""amount"": 826, ""date"": ""2023-07-26""}]",True,True,True,True,True
409,Customer_409,28.0,14629.0,23553,49,463,0,"[{""amount"": 625, ""date"": ""2023-09-08""}, {""amount"": 565, ""date"": ""2023-01-30""}, {""amount"": 786, ""date"": ""2023-06-23""}, {""amount"": 317, ""date"": ""2023-11-22""}, {""amount"": 592, ""date"": ""2023-01-09""}, {""amount"": 349, ""date"": ""2023-06-26""}, {""amount"": 350, ""date"": ""2023-07-12""}, {""amount"": 166, ""date"": ""2023-03-03""}, {""amount"": 493, ""date"": ""2023-01-12""}, {""amount"": 419, ""date"": ""2023-10-15""}, {""amount"": 901, ""date"": ""2023-03-26""}, {""amount"": 813, ""date"": ""2023-12-09""}, {""amount"": 447, ""date"": ""2023-11-26""}, {""amount"": 247, ""date"": ""2023-07-05""}]",True,True,True,True,True
410,Customer_410,70.0,8424.0,34871,11,655,0,"[{""amount"": 920, ""date"": ""2023-09-10""}, {""amount"": 472, ""date"": ""2023-08-06""}, {""amount"": 726, ""date"": ""2023-07-18""}, {""amount"": 919, ""date"": ""2023-10-19""}, {""amount"": 692, ""date"": ""2023-02-03""}, {""amount"": 489, ""date"": ""2023-07-08""}, {""amount"": 367, ""date"": ""2023-12-30""}, {""amount"": 783, ""date"": ""2023-07-30""}, {""amount"": 934, ""date"": ""2023-07-10""}, {""amount"": 219, ""date"": ""2023-05-25""}, {""amount"": 356, ""date"": ""2023-09-27""}, {""amount"": 148, ""date"": ""2023-09-14""}]",True,True,True,True,True
411,Customer_411,64.0,11218.0,8244,48,436,1,"[{""amount"": 685, ""date"": ""2023-06-03""}, {""amount"": 204, ""date"": ""2023-11-10""}, {""amount"": 670, ""date"": ""2023-01-15""}, {""amount"": 474, ""date"": ""2023-11-11""}, {""amount"": 825, ""date"": ""2023-07-20""}, {""amount"": 339, ""date"": ""2023-10-19""}, {""amount"": 593, ""date"": ""2023-12-21""}, {""amount"": 413, ""date"": ""2023-05-16""}, {""amount"": 494, ""date"": ""2023-04-04""}, {""amount"": 171, ""date"": ""2023-05-16""}, {""amount"": 933, ""date"": ""2023-07-25""}, {""amount"": 292, ""date"": ""2023-10-25""}, {""amount"": 784, ""date"": ""2023-05-28""}, {""amount"": 423, ""date"": ""2023-06-17""}, {""amount"": 217, ""date"": ""2023-11-18""}]",True,True,True,True,True
412,Customer_412,67.0,5527.0,38283,10,671,0,"[{""amount"": 159, ""date"": ""2023-09-04""}, {""amount"": 838, ""date"": ""2023-04-17""}, {""amount"": 361, ""date"": ""2023-11-19""}, {""amount"": 943, ""date"": ""2023-03-05""}, {""amount"": 847, ""date"": ""2023-05-13""}, {""amount"": 401, ""date"": ""2023-10-16""}]",True,True,False,True,False
413,Customer_413,45.0,4251.0,15747,13,660,0,"[{""amount"": 823, ""date"": ""2023-12-09""}, {""amount"": 168, ""date"": ""2023-06-09""}, {""amount"": 452, ""date"": ""2023-08-08""}, {""amount"": 673, ""date"": ""2023-07-25""}, {""amount"": 770, ""date"": ""2023-03-24""}, {""amount"": 431, ""date"": ""2023-07-02""}, {""amount"": 470, ""date"": ""2023-09-25""}, {""amount"": 182, ""date"": ""2023-04-23""}, {""amount"": 832, ""date"": ""2023-01-19""}]",True,True,True,True,True
414,Customer_414,69.0,2243.0,26538,60,473,1,"[{""amount"": 551, ""date"": ""2023-02-03""}, {""amount"": 732, ""date"": ""2023-02-12""}, {""amount"": 321, ""date"": ""2023-07-23""}, {""amount"": 156, ""date"": ""2023-02-05""}, {""amount"": 273, ""date"": ""2023-06-25""}, {""amount"": 870, ""date"": ""2023-05-12""}, {""amount"": 158, ""date"": ""2023-06-16""}, {""amount"": 372, ""date"": ""2023-04-06""}, {""amount"": 241, ""date"": ""2023-09-25""}, {""amount"": 581, ""date"": ""2023-08-10""}]",True,True,False,True,False
415,Customer_415,53.0,18758.0,10414,25,489,0,"[{""amount"": 942, ""date"": ""2023-04-20""}, {""amount"": 188, ""date"": ""2023-07-14""}, {""amount"": 181, ""date"": ""2023-11-27""}, {""amount"": 256, ""date"": ""2023-08-09""}, {""amount"": 855, ""date"": ""2023-04-12""}, {""amount"": 232, ""date"": ""2023-08-09""}, {""amount"": 784, ""date"": ""2023-09-26""}]",True,True,True,True,True
416,Customer_416,59.0,15151.0,43864,56,600,0,"[{""amount"": 195, ""date"": ""2023-06-18""}, {""amount"": 419, ""date"": ""2023-04-27""}, {""amount"": 671, ""date"": ""2023-03-14""}, {""amount"": 454, ""date"": ""2023-06-08""}, {""amount"": 556, ""date"": ""2023-01-26""}, {""amount"": 625, ""date"": ""2023-10-06""}, {""amount"": 456, ""date"": ""2023-08-17""}]",True,True,True,True,True
417,Customer_417,36.0,6161.0,49466,57,826,0,"[{""amount"": 808, ""date"": ""2023-01-01""}, {""amount"": 634, ""date"": ""2023-12-20""}, {""amount"": 495, ""date"": ""2023-02-22""}, {""amount"": 218, ""date"": ""2023-05-13""}, {""amount"": 598, ""date"": ""2023-11-24""}, {""amount"": 806, ""date"": ""2023-03-18""}]",True,True,False,True,False
418,Customer_418,52.0,4512.0,13333,44,796,0,"[{""amount"": 102, ""date"": ""2023-04-08""}, {""amount"": 607, ""date"": ""2023-07-29""}, {""amount"": 212, ""date"": ""2023-02-05""}, {""amount"": 370, ""date"": ""2023-09-09""}, {""amount"": 558, ""date"": ""2023-11-02""}, {""amount"": 723, ""date"": ""2023-06-26""}, {""amount"": 332, ""date"": ""2023-03-13""}, {""amount"": 174, ""date"": ""2023-03-03""}, {""amount"": 771, ""date"": ""2023-07-27""}, {""amount"": 885, ""date"": ""2023-09-04""}, {""amount"": 671, ""date"": ""2023-05-25""}, {""amount"": 956, ""date"": ""2023-12-09""}, {""amount"": 942, ""date"": ""2023-08-19""}]",True,True,True,True,True
419,Customer_419,69.0,13662.0,43742,59,441,0,"[{""amount"": 861, ""date"": ""2023-11-08""}, {""amount"": 932, ""date"": ""2023-07-18""}, {""amount"": 339, ""date"": ""2023-02-28""}, {""amount"": 532, ""date"": ""2023-08-09""}, {""amount"": 692, ""date"": ""2023-06-29""}, {""amount"": 289, ""date"": ""2023-09-21""}, {""amount"": 297, ""date"": ""2023-05-10""}, {""amount"": 612, ""date"": ""2023-08-16""}, {""amount"": 111, ""date"": ""2023-04-23""}, {""amount"": 934, ""date"": ""2023-02-21""}]",True,True,True,True,True
420,Customer_420,48.0,17893.0,36715,19,663,1,"[{""amount"": 709, ""date"": ""2023-07-23""}, {""amount"": 667, ""date"": ""2023-08-25""}, {""amount"": 407, ""date"": ""2023-12-02""}, {""amount"": 517, ""date"": ""2023-08-09""}, {""amount"": 664, ""date"": ""2023-04-18""}, {""amount"": 634, ""date"": ""2023-04-28""}]",True,True,True,True,True
421,Customer_421,61.0,8341.0,14047,17,552,0,"[{""amount"": 104, ""date"": ""2023-12-18""}, {""amount"": 394, ""date"": ""2023-12-20""}, {""amount"": 939, ""date"": ""2023-08-17""}, {""amount"": 808, ""date"": ""2023-09-02""}, {""amount"": 458, ""date"": ""2023-05-02""}, {""amount"": 654, ""date"": ""2023-06-07""}, {""amount"": 867, ""date"": ""2023-03-01""}, {""amount"": 323, ""date"": ""2023-02-23""}, {""amount"": 461, ""date"": ""2023-09-20""}, {""amount"": 716, ""date"": ""2023-12-26""}, {""amount"": 762, ""date"": ""2023-04-25""}, {""amount"": 884, ""date"": ""2023-12-15""}, {""amount"": 627, ""date"": ""2023-02-08""}, {""amount"": 768, ""date"": ""2023-11-05""}, {""amount"": 427, ""date"": ""2023-02-25""}, {""amount"": 666, ""date"": ""2023-02-13""}, {""amount"": 286, ""date"": ""2023-12-30""}, {""amount"": 282, ""date"": ""2023-04-17""}, {""amount"": 981, ""date"": ""2023-05-04""}]",True,True,True,True,True
422,Customer_422,36.0,10993.0,13997,29,351,0,"[{""amount"": 165, ""date"": ""2023-12-24""}, {""amount"": 406, ""date"": ""2023-04-01""}, {""amount"": 916, ""date"": ""2023-08-23""}, {""amount"": 584, ""date"": ""2023-06-07""}, {""amount"": 847, ""date"": ""2023-04-08""}, {""amount"": 209, ""date"": ""2023-09-30""}, {""amount"": 585, ""date"": ""2023-04-04""}, {""amount"": 996, ""date"": ""2023-01-04""}, {""amount"": 663, ""date"": ""2023-07-30""}, {""amount"": 751, ""date"": ""2023-12-24""}, {""amount"": 553, ""date"": ""2023-04-07""}]",True,True,True,True,True
423,Customer_423,63.0,17978.0,49893,44,457,0,"[{""amount"": 976, ""date"": ""2023-12-24""}, {""amount"": 681, ""date"": ""2023-10-24""}, {""amount"": 790, ""date"": ""2023-08-05""}, {""amount"": 174, ""date"": ""2023-08-23""}, {""amount"": 559, ""date"": ""2023-04-09""}, {""amount"": 600, ""date"": ""2023-08-22""}, {""amount"": 265, ""date"": ""2023-08-16""}, {""amount"": 127, ""date"": ""2023-07-17""}, {""amount"": 338, ""date"": ""2023-08-16""}, {""amount"": 943, ""date"": ""2023-12-25""}, {""amount"": 182, ""date"": ""2023-01-16""}, {""amount"": 986, ""date"": ""2023-04-01""}, {""amount"": 110, ""date"": ""2023-01-13""}]",True,True,True,True,True
424,Customer_424,41.0,14827.0,17013,60,523,0,"[{""amount"": 711, ""date"": ""2023-04-05""}, {""amount"": 145, ""date"": ""2023-05-13""}, {""amount"": 484, ""date"": ""2023-03-18""}, {""amount"": 790, ""date"": ""2023-07-23""}, {""amount"": 428, ""date"": ""2023-06-10""}]",True,True,True,True,True
425,Customer_425,19.0,17507.0,41822,59,394,0,"[{""amount"": 883, ""date"": ""2023-10-23""}, {""amount"": 313, ""date"": ""2023-08-27""}, {""amount"": 150, ""date"": ""2023-05-04""}, {""amount"": 753, ""date"": ""2023-01-17""}, {""amount"": 831, ""date"": ""2023-07-26""}, {""amount"": 619, ""date"": ""2023-01-20""}, {""amount"": 906, ""date"": ""2023-09-01""}, {""amount"": 290, ""date"": ""2023-11-04""}, {""amount"": 861, ""date"": ""2023-03-31""}, {""amount"": 442, ""date"": ""2023-11-21""}, {""amount"": 642, ""date"": ""2023-10-15""}, {""amount"": 956, ""date"": ""2023-05-15""}, {""amount"": 677, ""date"": ""2023-03-15""}, {""amount"": 592, ""date"": ""2023-07-16""}, {""amount"": 996, ""date"": ""2023-01-23""}, {""amount"": 502, ""date"": ""2023-04-10""}, {""amount"": 114, ""date"": ""2023-10-29""}, {""amount"": 138, ""date"": ""2023-01-10""}]",True,True,True,True,True
426,Customer_426,24.0,5983.0,9614,17,564,0,"[{""amount"": 909, ""date"": ""2023-06-26""}, {""amount"": 601, ""date"": ""2023-11-20""}, {""amount"": 625, ""date"": ""2023-12-01""}, {""amount"": 667, ""date"": ""2023-05-16""}, {""amount"": 541, ""date"": ""2023-10-09""}, {""amount"": 586, ""date"": ""2023-07-05""}, {""amount"": 115, ""date"": ""2023-05-03""}, {""amount"": 586, ""date"": ""2023-09-14""}]",True,True,True,True,True
427,Customer_427,60.0,6935.0,31186,46,750,0,"[{""amount"": 935, ""date"": ""2023-12-27""}, {""amount"": 775, ""date"": ""2023-07-22""}, {""amount"": 361, ""date"": ""2023-01-31""}, {""amount"": 216, ""date"": ""2023-12-28""}, {""amount"": 295, ""date"": ""2023-04-18""}, {""amount"": 790, ""date"": ""2023-12-02""}, {""amount"": 434, ""date"": ""2023-02-19""}, {""amount"": 399, ""date"": ""2023-11-08""}, {""amount"": 420, ""date"": ""2023-08-26""}]",True,True,True,True,True
428,Customer_428,66.0,8941.0,41297,59,356,0,"[{""amount"": 639, ""date"": ""2023-09-05""}, {""amount"": 316, ""date"": ""2023-04-26""}, {""amount"": 340, ""date"": ""2023-08-21""}, {""amount"": 396, ""date"": ""2023-09-11""}, {""amount"": 888, ""date"": ""2023-10-07""}, {""amount"": 987, ""date"": ""2023-10-17""}, {""amount"": 374, ""date"": ""2023-02-06""}, {""amount"": 843, ""date"": ""2023-02-28""}]",True,True,True,True,True
429,Customer_429,48.0,19827.0,9272,37,635,0,"[{""amount"": 194, ""date"": ""2023-01-03""}, {""amount"": 135, ""date"": ""2023-10-20""}, {""amount"": 923, ""date"": ""2023-05-28""}, {""amount"": 236, ""date"": ""2023-08-31""}, {""amount"": 123, ""date"": ""2023-02-13""}, {""amount"": 486, ""date"": ""2023-05-16""}, {""amount"": 120, ""date"": ""2023-08-31""}, {""amount"": 363, ""date"": ""2023-09-01""}, {""amount"": 988, ""date"": ""2023-05-08""}, {""amount"": 284, ""date"": ""2023-06-26""}, {""amount"": 863, ""date"": ""2023-11-07""}, {""amount"": 948, ""date"": ""2023-09-12""}, {""amount"": 292, ""date"": ""2023-07-15""}, {""amount"": 395, ""date"": ""2023-07-27""}]",True,True,True,True,True
430,Customer_430,34.0,16640.0,44759,9,740,0,"[{""amount"": 930, ""date"": ""2023-04-17""}, {""amount"": 460, ""date"": ""2023-10-27""}, {""amount"": 915, ""date"": ""2023-06-15""}, {""amount"": 688, ""date"": ""2023-12-19""}, {""amount"": 194, ""date"": ""2023-07-05""}]",True,True,True,True,True
431,Customer_431,44.0,2945.0,37019,8,402,0,"[{""amount"": 952, ""date"": ""2023-03-16""}, {""amount"": 107, ""date"": ""2023-03-17""}, {""amount"": 681, ""date"": ""2023-01-07""}, {""amount"": 717, ""date"": ""2023-02-12""}, {""amount"": 831, ""date"": ""2023-12-31""}, {""amount"": 317, ""date"": ""2023-10-20""}, {""amount"": 424, ""date"": ""2023-10-27""}, {""amount"": 276, ""date"": ""2023-05-13""}, {""amount"": 481, ""date"": ""2023-02-07""}, {""amount"": 937, ""date"": ""2023-03-14""}, {""amount"": 434, ""date"": ""2023-03-28""}, {""amount"": 797, ""date"": ""2023-10-20""}, {""amount"": 346, ""date"": ""2023-09-13""}, {""amount"": 915, ""date"": ""2023-02-22""}]",True,True,False,True,False
432,Customer_432,53.0,2848.0,29830,13,657,0,"[{""amount"": 164, ""date"": ""2023-03-11""}, {""amount"": 435, ""date"": ""2023-12-10""}, {""amount"": 374, ""date"": ""2023-04-28""}, {""amount"": 794, ""date"": ""2023-09-23""}, {""amount"": 762, ""date"": ""2023-02-11""}, {""amount"": 990, ""date"": ""2023-12-08""}, {""amount"": 911, ""date"": ""2023-07-03""}, {""amount"": 901, ""date"": ""2023-03-27""}, {""amount"": 686, ""date"": ""2023-06-27""}, {""amount"": 179, ""date"": ""2023-06-02""}, {""amount"": 899, ""date"": ""2023-02-06""}, {""amount"": 120, ""date"": ""2023-06-30""}]",True,True,False,True,False
433,Customer_433,67.0,18703.0,48841,8,516,0,"[{""amount"": 280, ""date"": ""2023-04-10""}, {""amount"": 106, ""date"": ""2023-10-27""}, {""amount"": 439, ""date"": ""2023-09-02""}, {""amount"": 387, ""date"": ""2023-09-16""}, {""amount"": 892, ""date"": ""2023-02-13""}, {""amount"": 802, ""date"": ""2023-03-07""}, {""amount"": 257, ""date"": ""2023-10-14""}, {""amount"": 510, ""date"": ""2023-08-15""}, {""amount"": 540, ""date"": ""2023-04-17""}, {""amount"": 413, ""date"": ""2023-07-25""}, {""amount"": 482, ""date"": ""2023-12-29""}, {""amount"": 963, ""date"": ""2023-12-10""}, {""amount"": 605, ""date"": ""2023-05-22""}, {""amount"": 166, ""date"": ""2023-08-03""}, {""amount"": 784, ""date"": ""2023-07-01""}, {""amount"": 861, ""date"": ""2023-05-26""}, {""amount"": 937, ""date"": ""2023-03-03""}, {""amount"": 797, ""date"": ""2023-06-24""}]",True,True,True,True,True
434,Customer_434,60.0,9640.0,43299,31,561,0,"[{""amount"": 631, ""date"": ""2023-12-26""}, {""amount"": 100, ""date"": ""2023-08-20""}, {""amount"": 335, ""date"": ""2023-05-01""}, {""amount"": 705, ""date"": ""2023-12-11""}, {""amount"": 237, ""date"": ""2023-05-20""}, {""amount"": 824, ""date"": ""2023-03-07""}, {""amount"": 879, ""date"": ""2023-01-06""}, {""amount"": 753, ""date"": ""2023-01-04""}, {""amount"": 324, ""date"": ""2023-04-07""}, {""amount"": 360, ""date"": ""2023-12-23""}, {""amount"": 520, ""date"": ""2023-12-14""}, {""amount"": 924, ""date"": ""2023-04-29""}, {""amount"": 975, ""date"": ""2023-02-13""}]",True,True,True,True,True
435,Customer_435,27.0,15189.0,31340,52,526,0,"[{""amount"": 121, ""date"": ""2023-10-24""}, {""amount"": 634, ""date"": ""2023-12-22""}, {""amount"": 306, ""date"": ""2023-07-23""}, {""amount"": 952, ""date"": ""2023-07-03""}, {""amount"": 115, ""date"": ""2023-07-14""}, {""amount"": 182, ""date"": ""2023-11-26""}, {""amount"": 322, ""date"": ""2023-08-04""}, {""amount"": 410, ""date"": ""2023-10-09""}, {""amount"": 491, ""date"": ""2023-09-04""}, {""amount"": 238, ""date"": ""2023-03-29""}, {""amount"": 168, ""date"": ""2023-02-22""}, {""amount"": 884, ""date"": ""2023-10-16""}, {""amount"": 299, ""date"": ""2023-12-20""}, {""amount"": 899, ""date"": ""2023-12-21""}, {""amount"": 977, ""date"": ""2023-09-12""}]",True,True,True,True,True
436,Customer_436,62.0,4093.0,15505,11,695,0,"[{""amount"": 529, ""date"": ""2023-12-03""}, {""amount"": 538, ""date"": ""2023-09-01""}, {""amount"": 125, ""date"": ""2023-03-29""}, {""amount"": 618, ""date"": ""2023-01-31""}, {""amount"": 239, ""date"": ""2023-04-24""}, {""amount"": 123, ""date"": ""2023-03-13""}, {""amount"": 420, ""date"": ""2023-08-27""}, {""amount"": 735, ""date"": ""2023-11-27""}, {""amount"": 874, ""date"": ""2023-12-06""}, {""amount"": 679, ""date"": ""2023-08-09""}, {""amount"": 579, ""date"": ""2023-06-15""}, {""amount"": 201, ""date"": ""2023-03-13""}, {""amount"": 300, ""date"": ""2023-08-30""}, {""amount"": 400, ""date"": ""2023-09-18""}, {""amount"": 809, ""date"": ""2023-05-28""}]",True,True,True,True,True
437,Customer_437,31.0,7088.0,13205,22,542,0,"[{""amount"": 564, ""date"": ""2023-02-11""}, {""amount"": 852, ""date"": ""2023-10-29""}, {""amount"": 810, ""date"": ""2023-12-21""}, {""amount"": 421, ""date"": ""2023-09-08""}, {""amount"": 130, ""date"": ""2023-10-31""}]",True,True,True,True,True
438,Customer_438,24.0,11790.0,25917,56,486,0,"[{""amount"": 217, ""date"": ""2023-12-20""}, {""amount"": 293, ""date"": ""2023-08-23""}, {""amount"": 165, ""date"": ""2023-01-19""}, {""amount"": 285, ""date"": ""2023-07-25""}, {""amount"": 123, ""date"": ""2023-03-05""}, {""amount"": 628, ""date"": ""2023-01-08""}, {""amount"": 454, ""date"": ""2023-12-29""}, {""amount"": 902, ""date"": ""2023-06-12""}, {""amount"": 872, ""date"": ""2023-04-03""}, {""amount"": 801, ""date"": ""2023-02-10""}, {""amount"": 467, ""date"": ""2023-03-22""}, {""amount"": 222, ""date"": ""2023-01-21""}, {""amount"": 685, ""date"": ""2023-11-12""}, {""amount"": 649, ""date"": ""2023-10-19""}, {""amount"": 353, ""date"": ""2023-12-17""}, {""amount"": 605, ""date"": ""2023-10-21""}, {""amount"": 608, ""date"": ""2023-06-28""}]",True,True,True,True,True
439,Customer_439,56.0,19740.0,18272,14,748,0,"[{""amount"": 723, ""date"": ""2023-06-28""}, {""amount"": 842, ""date"": ""2023-06-26""}, {""amount"": 541, ""date"": ""2023-02-23""}, {""amount"": 391, ""date"": ""2023-02-19""}, {""amount"": 370, ""date"": ""2023-02-10""}, {""amount"": 233, ""date"": ""2023-04-03""}, {""amount"": 190, ""date"": ""2023-03-07""}, {""amount"": 842, ""date"": ""2023-04-28""}, {""amount"": 445, ""date"": ""2023-08-01""}, {""amount"": 878, ""date"": ""2023-03-11""}]",True,True,True,True,True
440,Customer_440,57.0,19143.0,25601,23,357,0,"[{""amount"": 202, ""date"": ""2023-11-09""}, {""amount"": 165, ""date"": ""2023-04-23""}, {""amount"": 287, ""date"": ""2023-04-17""}, {""amount"": 913, ""date"": ""2023-09-18""}, {""amount"": 518, ""date"": ""2023-02-05""}, {""amount"": 660, ""date"": ""2023-03-21""}, {""amount"": 781, ""date"": ""2023-07-15""}, {""amount"": 471, ""date"": ""2023-11-23""}, {""amount"": 992, ""date"": ""2023-03-25""}, {""amount"": 422, ""date"": ""2023-03-15""}, {""amount"": 181, ""date"": ""2023-01-22""}, {""amount"": 427, ""date"": ""2023-06-27""}, {""amount"": 495, ""date"": ""2023-03-26""}, {""amount"": 495, ""date"": ""2023-07-10""}, {""amount"": 931, ""date"": ""2023-12-02""}, {""amount"": 474, ""date"": ""2023-01-20""}, {""amount"": 714, ""date"": ""2023-01-20""}, {""amount"": 645, ""date"": ""2023-04-22""}, {""amount"": 739, ""date"": ""2023-05-29""}]",True,True,True,True,True
441,Customer_441,26.0,5387.0,6323,56,656,0,"[{""amount"": 563, ""date"": ""2023-04-20""}, {""amount"": 235, ""date"": ""2023-10-18""}, {""amount"": 753, ""date"": ""2023-04-22""}, {""amount"": 211, ""date"": ""2023-06-01""}, {""amount"": 586, ""date"": ""2023-04-02""}, {""amount"": 903, ""date"": ""2023-03-12""}, {""amount"": 482, ""date"": ""2023-04-25""}, {""amount"": 316, ""date"": ""2023-12-02""}, {""amount"": 939, ""date"": ""2023-08-02""}, {""amount"": 680, ""date"": ""2023-12-23""}]",True,True,True,True,True
442,Customer_442,31.0,19724.0,33261,34,815,0,"[{""amount"": 399, ""date"": ""2023-02-17""}, {""amount"": 408, ""date"": ""2023-06-08""}, {""amount"": 175, ""date"": ""2023-05-31""}, {""amount"": 999, ""date"": ""2023-05-12""}, {""amount"": 762, ""date"": ""2023-03-08""}, {""amount"": 649, ""date"": ""2023-05-27""}, {""amount"": 991, ""date"": ""2023-07-04""}, {""amount"": 799, ""date"": ""2023-11-20""}, {""amount"": 139, ""date"": ""2023-11-29""}, {""amount"": 408, ""date"": ""2023-11-02""}, {""amount"": 964, ""date"": ""2023-03-24""}, {""amount"": 476, ""date"": ""2023-07-07""}, {""amount"": 775, ""date"": ""2023-03-12""}, {""amount"": 960, ""date"": ""2023-03-29""}, {""amount"": 508, ""date"": ""2023-04-02""}, {""amount"": 246, ""date"": ""2023-05-25""}, {""amount"": 477, ""date"": ""2023-02-18""}]",True,True,True,True,True
443,Customer_443,25.0,7785.0,6268,20,689,0,"[{""amount"": 532, ""date"": ""2023-06-30""}, {""amount"": 370, ""date"": ""2023-01-28""}, {""amount"": 113, ""date"": ""2023-04-29""}, {""amount"": 790, ""date"": ""2023-11-30""}, {""amount"": 336, ""date"": ""2023-10-10""}, {""amount"": 862, ""date"": ""2023-07-31""}, {""amount"": 318, ""date"": ""2023-05-26""}, {""amount"": 185, ""date"": ""2023-12-11""}, {""amount"": 202, ""date"": ""2023-07-19""}, {""amount"": 831, ""date"": ""2023-03-14""}, {""amount"": 658, ""date"": ""2023-03-28""}, {""amount"": 369, ""date"": ""2023-04-20""}, {""amount"": 787, ""date"": ""2023-10-14""}, {""amount"": 998, ""date"": ""2023-01-26""}]",True,True,True,True,True
444,Customer_444,34.0,7262.0,26263,12,551,0,"[{""amount"": 587, ""date"": ""2023-08-26""}, {""amount"": 984, ""date"": ""2023-05-04""}, {""amount"": 177, ""date"": ""2023-02-09""}, {""amount"": 706, ""date"": ""2023-06-23""}, {""amount"": 932, ""date"": ""2023-10-19""}, {""amount"": 146, ""date"": ""2023-05-12""}, {""amount"": 785, ""date"": ""2023-11-30""}, {""amount"": 992, ""date"": ""2023-09-23""}, {""amount"": 123, ""date"": ""2023-07-20""}, {""amount"": 145, ""date"": ""2023-04-22""}, {""amount"": 542, ""date"": ""2023-01-17""}, {""amount"": 544, ""date"": ""2023-02-07""}, {""amount"": 970, ""date"": ""2023-02-15""}]",True,True,True,True,True
445,Customer_445,40.0,2877.0,15709,19,350,0,"[{""amount"": 349, ""date"": ""2023-08-25""}, {""amount"": 875, ""date"": ""2023-11-23""}, {""amount"": 975, ""date"": ""2023-03-15""}, {""amount"": 383, ""date"": ""2023-09-21""}, {""amount"": 956, ""date"": ""2023-09-10""}, {""amount"": 643, ""date"": ""2023-08-16""}, {""amount"": 802, ""date"": ""2023-08-19""}, {""amount"": 445, ""date"": ""2023-03-15""}, {""amount"": 274, ""date"": ""2023-06-17""}, {""amount"": 351, ""date"": ""2023-11-16""}]",True,True,False,True,False
446,Customer_446,33.0,9997.0,29576,34,683,0,"[{""amount"": 129, ""date"": ""2023-06-11""}, {""amount"": 690, ""date"": ""2023-04-12""}, {""amount"": 372, ""date"": ""2023-08-22""}, {""amount"": 226, ""date"": ""2023-03-17""}, {""amount"": 830, ""date"": ""2023-01-29""}, {""amount"": 234, ""date"": ""2023-07-29""}, {""amount"": 832, ""date"": ""2023-06-18""}, {""amount"": 391, ""date"": ""2023-04-03""}, {""amount"": 663, ""date"": ""2023-06-28""}, {""amount"": 790, ""date"": ""2023-11-29""}, {""amount"": 697, ""date"": ""2023-08-27""}, {""amount"": 617, ""date"": ""2023-10-26""}, {""amount"": 744, ""date"": ""2023-06-20""}, {""amount"": 861, ""date"": ""2023-10-08""}, {""amount"": 363, ""date"": ""2023-06-03""}, {""amount"": 178, ""date"": ""2023-02-14""}, {""amount"": 245, ""date"": ""2023-11-20""}, {""amount"": 769, ""date"": ""2023-02-24""}, {""amount"": 401, ""date"": ""2023-08-16""}]",True,True,True,True,True
447,Customer_447,43.0,2081.0,26795,9,470,0,"[{""amount"": 672, ""date"": ""2023-09-13""}, {""amount"": 952, ""date"": ""2023-05-31""}, {""amount"": 790, ""date"": ""2023-10-30""}, {""amount"": 574, ""date"": ""2023-05-11""}, {""amount"": 207, ""date"": ""2023-10-30""}, {""amount"": 118, ""date"": ""2023-01-03""}]",True,True,False,True,False
448,Customer_448,26.0,4246.0,27113,50,732,0,"[{""amount"": 869, ""date"": ""2023-02-28""}, {""amount"": 950, ""date"": ""2023-07-12""}, {""amount"": 981, ""date"": ""2023-09-29""}, {""amount"": 882, ""date"": ""2023-12-04""}, {""amount"": 334, ""date"": ""2023-11-03""}]",True,True,False,True,False
449,Customer_449,53.0,14316.0,24854,44,571,0,"[{""amount"": 401, ""date"": ""2023-09-24""}, {""amount"": 564, ""date"": ""2023-08-25""}, {""amount"": 846, ""date"": ""2023-12-27""}, {""amount"": 878, ""date"": ""2023-07-02""}, {""amount"": 730, ""date"": ""2023-08-27""}, {""amount"": 815, ""date"": ""2023-11-01""}, {""amount"": 388, ""date"": ""2023-03-17""}, {""amount"": 656, ""date"": ""2023-07-20""}, {""amount"": 426, ""date"": ""2023-10-19""}, {""amount"": 689, ""date"": ""2023-06-06""}, {""amount"": 974, ""date"": ""2023-08-06""}, {""amount"": 803, ""date"": ""2023-01-28""}, {""amount"": 822, ""date"": ""2023-01-23""}, {""amount"": 974, ""date"": ""2023-05-19""}, {""amount"": 669, ""date"": ""2023-06-01""}, {""amount"": 207, ""date"": ""2023-11-10""}, {""amount"": 386, ""date"": ""2023-02-16""}]",True,True,True,True,True
450,Customer_450,24.0,18074.0,49534,53,529,0,"[{""amount"": 362, ""date"": ""2023-08-17""}, {""amount"": 308, ""date"": ""2023-03-22""}, {""amount"": 135, ""date"": ""2023-09-10""}, {""amount"": 310, ""date"": ""2023-10-26""}, {""amount"": 203, ""date"": ""2023-09-13""}, {""amount"": 461, ""date"": ""2023-04-22""}, {""amount"": 590, ""date"": ""2023-04-01""}, {""amount"": 826, ""date"": ""2023-05-07""}]",True,True,True,True,True
451,Customer_451,35.0,14772.0,26507,10,533,0,"[{""amount"": 272, ""date"": ""2023-12-24""}, {""amount"": 369, ""date"": ""2023-07-10""}, {""amount"": 255, ""date"": ""2023-08-02""}, {""amount"": 533, ""date"": ""2023-01-30""}, {""amount"": 849, ""date"": ""2023-06-27""}, {""amount"": 398, ""date"": ""2023-11-02""}, {""amount"": 974, ""date"": ""2023-08-14""}, {""amount"": 328, ""date"": ""2023-04-08""}, {""amount"": 507, ""date"": ""2023-07-22""}]",True,True,True,True,True
452,Customer_452,25.0,14215.0,6348,6,417,0,"[{""amount"": 442, ""date"": ""2023-06-07""}, {""amount"": 742, ""date"": ""2023-09-10""}, {""amount"": 892, ""date"": ""2023-05-18""}, {""amount"": 838, ""date"": ""2023-06-10""}, {""amount"": 333, ""date"": ""2023-06-27""}, {""amount"": 315, ""date"": ""2023-09-12""}, {""amount"": 420, ""date"": ""2023-07-06""}, {""amount"": 553, ""date"": ""2023-05-26""}, {""amount"": 928, ""date"": ""2023-09-13""}, {""amount"": 611, ""date"": ""2023-12-22""}, {""amount"": 978, ""date"": ""2023-06-30""}, {""amount"": 998, ""date"": ""2023-01-29""}]",True,True,True,True,True
453,Customer_453,38.0,6274.0,38893,17,483,0,"[{""amount"": 655, ""date"": ""2023-03-22""}, {""amount"": 576, ""date"": ""2023-11-25""}, {""amount"": 915, ""date"": ""2023-07-11""}, {""amount"": 861, ""date"": ""2023-07-19""}, {""amount"": 341, ""date"": ""2023-10-07""}, {""amount"": 876, ""date"": ""2023-11-06""}, {""amount"": 376, ""date"": ""2023-05-03""}]",True,True,False,True,False
454,Customer_454,43.0,5670.0,9722,44,487,0,"[{""amount"": 829, ""date"": ""2023-06-08""}, {""amount"": 195, ""date"": ""2023-05-30""}, {""amount"": 258, ""date"": ""2023-05-22""}, {""amount"": 719, ""date"": ""2023-09-05""}, {""amount"": 550, ""date"": ""2023-10-12""}, {""amount"": 280, ""date"": ""2023-04-04""}, {""amount"": 134, ""date"": ""2023-06-03""}, {""amount"": 441, ""date"": ""2023-07-01""}, {""amount"": 171, ""date"": ""2023-01-03""}, {""amount"": 211, ""date"": ""2023-12-03""}]",True,True,True,True,True
455,Customer_455,20.0,8325.0,31601,12,807,0,"[{""amount"": 593, ""date"": ""2023-01-31""}, {""amount"": 135, ""date"": ""2023-05-10""}, {""amount"": 781, ""date"": ""2023-04-01""}, {""amount"": 788, ""date"": ""2023-02-12""}, {""amount"": 398, ""date"": ""2023-05-01""}]",True,True,True,True,True
456,Customer_456,34.0,13195.0,45738,57,793,0,"[{""amount"": 587, ""date"": ""2023-10-28""}, {""amount"": 793, ""date"": ""2023-10-11""}, {""amount"": 625, ""date"": ""2023-06-11""}, {""amount"": 163, ""date"": ""2023-08-04""}, {""amount"": 195, ""date"": ""2023-02-07""}]",True,True,True,True,True
457,Customer_457,68.0,7947.0,46385,26,483,0,"[{""amount"": 958, ""date"": ""2023-03-09""}, {""amount"": 107, ""date"": ""2023-07-01""}, {""amount"": 607, ""date"": ""2023-05-20""}, {""amount"": 581, ""date"": ""2023-05-17""}, {""amount"": 552, ""date"": ""2023-02-14""}, {""amount"": 636, ""date"": ""2023-01-29""}, {""amount"": 152, ""date"": ""2023-08-13""}]",True,True,False,True,False
458,Customer_458,63.0,11358.0,42645,12,567,0,"[{""amount"": 911, ""date"": ""2023-07-20""}, {""amount"": 877, ""date"": ""2023-01-03""}, {""amount"": 206, ""date"": ""2023-12-16""}, {""amount"": 332, ""date"": ""2023-06-07""}, {""amount"": 732, ""date"": ""2023-03-15""}, {""amount"": 964, ""date"": ""2023-12-23""}, {""amount"": 142, ""date"": ""2023-09-09""}, {""amount"": 927, ""date"": ""2023-04-16""}, {""amount"": 434, ""date"": ""2023-05-09""}, {""amount"": 883, ""date"": ""2023-04-30""}, {""amount"": 836, ""date"": ""2023-12-03""}, {""amount"": 679, ""date"": ""2023-04-13""}, {""amount"": 537, ""date"": ""2023-09-25""}, {""amount"": 849, ""date"": ""2023-12-03""}, {""amount"": 541, ""date"": ""2023-04-24""}, {""amount"": 200, ""date"": ""2023-07-10""}, {""amount"": 127, ""date"": ""2023-07-13""}, {""amount"": 294, ""date"": ""2023-05-10""}, {""amount"": 328, ""date"": ""2023-04-12""}]",True,True,True,True,True
459,Customer_459,41.0,15744.0,45831,22,772,0,"[{""amount"": 306, ""date"": ""2023-09-24""}, {""amount"": 216, ""date"": ""2023-03-14""}, {""amount"": 631, ""date"": ""2023-01-23""}, {""amount"": 430, ""date"": ""2023-03-22""}, {""amount"": 543, ""date"": ""2023-11-07""}, {""amount"": 732, ""date"": ""2023-06-25""}, {""amount"": 769, ""date"": ""2023-07-20""}, {""amount"": 702, ""date"": ""2023-08-11""}]",True,True,True,True,True
460,Customer_460,42.0,3080.0,47097,6,569,0,"[{""amount"": 816, ""date"": ""2023-09-04""}, {""amount"": 340, ""date"": ""2023-03-28""}, {""amount"": 590, ""date"": ""2023-12-21""}, {""amount"": 971, ""date"": ""2023-11-11""}, {""amount"": 560, ""date"": ""2023-04-18""}]",True,True,False,True,False
461,Customer_461,22.0,3896.0,32025,9,691,0,"[{""amount"": 399, ""date"": ""2023-10-28""}, {""amount"": 567, ""date"": ""2023-03-28""}, {""amount"": 815, ""date"": ""2023-03-03""}, {""amount"": 865, ""date"": ""2023-05-01""}, {""amount"": 956, ""date"": ""2023-01-23""}, {""amount"": 398, ""date"": ""2023-11-29""}, {""amount"": 857, ""date"": ""2023-06-14""}]",True,True,False,True,False
462,Customer_462,54.0,12383.0,21746,11,708,0,"[{""amount"": 462, ""date"": ""2023-11-13""}, {""amount"": 678, ""date"": ""2023-08-15""}, {""amount"": 224, ""date"": ""2023-08-12""}, {""amount"": 144, ""date"": ""2023-08-14""}, {""amount"": 111, ""date"": ""2023-11-11""}, {""amount"": 296, ""date"": ""2023-11-10""}]",True,True,True,True,True
463,Customer_463,62.0,10823.0,28208,53,399,1,"[{""amount"": 362, ""date"": ""2023-04-14""}, {""amount"": 125, ""date"": ""2023-10-19""}, {""amount"": 376, ""date"": ""2023-02-21""}, {""amount"": 731, ""date"": ""2023-01-11""}, {""amount"": 569, ""date"": ""2023-01-30""}, {""amount"": 900, ""date"": ""2023-08-31""}, {""amount"": 696, ""date"": ""2023-10-14""}, {""amount"": 114, ""date"": ""2023-11-07""}, {""amount"": 585, ""date"": ""2023-11-04""}, {""amount"": 561, ""date"": ""2023-03-24""}]",True,True,True,True,True
464,Customer_464,67.0,5049.0,12661,45,666,0,"[{""amount"": 224, ""date"": ""2023-02-03""}, {""amount"": 225, ""date"": ""2023-07-27""}, {""amount"": 526, ""date"": ""2023-02-23""}, {""amount"": 532, ""date"": ""2023-09-18""}, {""amount"": 555, ""date"": ""2023-11-27""}, {""amount"": 591, ""date"": ""2023-11-01""}, {""amount"": 420, ""date"": ""2023-12-10""}, {""amount"": 368, ""date"": ""2023-11-02""}, {""amount"": 772, ""date"": ""2023-12-05""}, {""amount"": 859, ""date"": ""2023-11-09""}, {""amount"": 817, ""date"": ""2023-07-29""}, {""amount"": 125, ""date"": ""2023-10-15""}, {""amount"": 898, ""date"": ""2023-10-08""}, {""amount"": 730, ""date"": ""2023-02-18""}, {""amount"": 824, ""date"": ""2023-10-31""}, {""amount"": 986, ""date"": ""2023-01-02""}, {""amount"": 559, ""date"": ""2023-09-08""}, {""amount"": 965, ""date"": ""2023-05-19""}, {""amount"": 478, ""date"": ""2023-10-19""}]",True,True,True,True,True
465,Customer_465,41.0,12548.0,30546,22,596,0,"[{""amount"": 974, ""date"": ""2023-11-22""}, {""amount"": 370, ""date"": ""2023-06-02""}, {""amount"": 888, ""date"": ""2023-02-12""}, {""amount"": 275, ""date"": ""2023-03-03""}, {""amount"": 519, ""date"": ""2023-07-12""}, {""amount"": 115, ""date"": ""2023-07-18""}, {""amount"": 706, ""date"": ""2023-04-29""}, {""amount"": 218, ""date"": ""2023-01-14""}, {""amount"": 583, ""date"": ""2023-01-09""}, {""amount"": 664, ""date"": ""2023-08-17""}, {""amount"": 128, ""date"": ""2023-07-25""}, {""amount"": 853, ""date"": ""2023-12-16""}, {""amount"": 755, ""date"": ""2023-04-21""}, {""amount"": 591, ""date"": ""2023-05-26""}, {""amount"": 776, ""date"": ""2023-01-17""}, {""amount"": 479, ""date"": ""2023-09-03""}]",True,True,True,True,True
466,Customer_466,48.0,8432.0,11950,31,534,1,"[{""amount"": 207, ""date"": ""2023-07-24""}, {""amount"": 819, ""date"": ""2023-05-19""}, {""amount"": 643, ""date"": ""2023-01-12""}, {""amount"": 960, ""date"": ""2023-06-04""}, {""amount"": 951, ""date"": ""2023-01-04""}, {""amount"": 201, ""date"": ""2023-03-09""}, {""amount"": 972, ""date"": ""2023-12-01""}]",True,True,True,True,True
467,Customer_467,43.0,13351.0,42187,36,583,0,"[{""amount"": 626, ""date"": ""2023-01-25""}, {""amount"": 488, ""date"": ""2023-07-21""}, {""amount"": 351, ""date"": ""2023-01-24""}, {""amount"": 214, ""date"": ""2023-06-23""}, {""amount"": 342, ""date"": ""2023-01-08""}, {""amount"": 380, ""date"": ""2023-08-10""}, {""amount"": 358, ""date"": ""2023-10-25""}, {""amount"": 811, ""date"": ""2023-02-20""}, {""amount"": 875, ""date"": ""2023-01-05""}, {""amount"": 131, ""date"": ""2023-09-05""}]",True,True,True,True,True
468,Customer_468,38.0,16286.0,26135,33,443,0,"[{""amount"": 111, ""date"": ""2023-03-13""}, {""amount"": 101, ""date"": ""2023-06-23""}, {""amount"": 923, ""date"": ""2023-12-09""}, {""amount"": 633, ""date"": ""2023-01-31""}, {""amount"": 217, ""date"": ""2023-04-15""}, {""amount"": 127, ""date"": ""2023-06-06""}, {""amount"": 147, ""date"": ""2023-03-26""}, {""amount"": 549, ""date"": ""2023-03-19""}, {""amount"": 425, ""date"": ""2023-10-26""}, {""amount"": 924, ""date"": ""2023-09-24""}, {""amount"": 878, ""date"": ""2023-06-27""}, {""amount"": 540, ""date"": ""2023-02-12""}, {""amount"": 993, ""date"": ""2023-07-26""}, {""amount"": 836, ""date"": ""2023-11-04""}, {""amount"": 872, ""date"": ""2023-02-22""}, {""amount"": 958, ""date"": ""2023-06-18""}]",True,True,True,True,True
469,Customer_469,51.0,4978.0,20090,17,597,0,"[{""amount"": 803, ""date"": ""2023-09-06""}, {""amount"": 362, ""date"": ""2023-02-09""}, {""amount"": 152, ""date"": ""2023-07-15""}, {""amount"": 602, ""date"": ""2023-08-04""}, {""amount"": 422, ""date"": ""2023-11-08""}, {""amount"": 873, ""date"": ""2023-07-31""}, {""amount"": 361, ""date"": ""2023-11-28""}, {""amount"": 768, ""date"": ""2023-03-28""}, {""amount"": 861, ""date"": ""2023-08-21""}, {""amount"": 521, ""date"": ""2023-04-29""}, {""amount"": 978, ""date"": ""2023-01-16""}]",True,True,True,True,True
470,Customer_470,55.0,10629.0,45420,46,818,0,"[{""amount"": 457, ""date"": ""2023-11-03""}, {""amount"": 682, ""date"": ""2023-01-20""}, {""amount"": 365, ""date"": ""2023-04-19""}, {""amount"": 312, ""date"": ""2023-05-20""}, {""amount"": 383, ""date"": ""2023-06-02""}, {""amount"": 206, ""date"": ""2023-02-26""}, {""amount"": 819, ""date"": ""2023-10-16""}, {""amount"": 224, ""date"": ""2023-10-29""}, {""amount"": 467, ""date"": ""2023-12-26""}, {""amount"": 696, ""date"": ""2023-10-18""}, {""amount"": 551, ""date"": ""2023-07-20""}, {""amount"": 553, ""date"": ""2023-07-14""}, {""amount"": 793, ""date"": ""2023-11-08""}]",True,True,True,True,True
471,Customer_471,41.0,7312.0,37359,6,550,0,"[{""amount"": 607, ""date"": ""2023-03-01""}, {""amount"": 276, ""date"": ""2023-06-22""}, {""amount"": 858, ""date"": ""2023-10-29""}, {""amount"": 782, ""date"": ""2023-02-19""}, {""amount"": 873, ""date"": ""2023-08-11""}, {""amount"": 306, ""date"": ""2023-01-13""}, {""amount"": 391, ""date"": ""2023-07-21""}, {""amount"": 414, ""date"": ""2023-04-18""}, {""amount"": 335, ""date"": ""2023-10-07""}, {""amount"": 801, ""date"": ""2023-03-23""}, {""amount"": 684, ""date"": ""2023-01-21""}, {""amount"": 309, ""date"": ""2023-04-11""}, {""amount"": 917, ""date"": ""2023-09-24""}]",True,True,False,True,False
472,Customer_472,45.0,5963.0,41530,39,524,0,"[{""amount"": 677, ""date"": ""2023-01-10""}, {""amount"": 274, ""date"": ""2023-11-23""}, {""amount"": 370, ""date"": ""2023-07-19""}, {""amount"": 954, ""date"": ""2023-08-06""}, {""amount"": 233, ""date"": ""2023-03-13""}, {""amount"": 830, ""date"": ""2023-01-02""}, {""amount"": 299, ""date"": ""2023-06-15""}, {""amount"": 392, ""date"": ""2023-05-19""}]",True,True,False,True,False
473,Customer_473,47.0,4437.0,43956,31,776,0,"[{""amount"": 463, ""date"": ""2023-06-03""}, {""amount"": 979, ""date"": ""2023-10-28""}, {""amount"": 322, ""date"": ""2023-03-13""}, {""amount"": 774, ""date"": ""2023-07-08""}, {""amount"": 109, ""date"": ""2023-01-14""}, {""amount"": 649, ""date"": ""2023-04-29""}, {""amount"": 545, ""date"": ""2023-12-08""}]",True,True,False,True,False
474,Customer_474,51.0,9000.0,29916,58,480,0,"[{""amount"": 222, ""date"": ""2023-07-28""}, {""amount"": 335, ""date"": ""2023-09-25""}, {""amount"": 189, ""date"": ""2023-05-16""}, {""amount"": 454, ""date"": ""2023-06-28""}, {""amount"": 638, ""date"": ""2023-04-04""}, {""amount"": 237, ""date"": ""2023-07-02""}, {""amount"": 534, ""date"": ""2023-01-11""}, {""amount"": 177, ""date"": ""2023-08-31""}]",True,True,True,True,True
475,Customer_475,69.0,4321.0,5564,20,634,0,"[{""amount"": 338, ""date"": ""2023-02-22""}, {""amount"": 280, ""date"": ""2023-08-04""}, {""amount"": 205, ""date"": ""2023-08-09""}, {""amount"": 177, ""date"": ""2023-12-09""}, {""amount"": 603, ""date"": ""2023-08-27""}, {""amount"": 582, ""date"": ""2023-12-29""}, {""amount"": 455, ""date"": ""2023-03-29""}, {""amount"": 818, ""date"": ""2023-02-07""}, {""amount"": 386, ""date"": ""2023-06-24""}, {""amount"": 323, ""date"": ""2023-06-21""}, {""amount"": 747, ""date"": ""2023-01-19""}, {""amount"": 899, ""date"": ""2023-05-15""}, {""amount"": 435, ""date"": ""2023-04-10""}, {""amount"": 541, ""date"": ""2023-11-07""}, {""amount"": 372, ""date"": ""2023-09-04""}, {""amount"": 801, ""date"": ""2023-06-21""}]",True,True,True,True,True
476,Customer_476,69.0,12180.0,42036,54,715,0,"[{""amount"": 813, ""date"": ""2023-03-09""}, {""amount"": 571, ""date"": ""2023-03-11""}, {""amount"": 420, ""date"": ""2023-11-23""}, {""amount"": 422, ""date"": ""2023-07-19""}, {""amount"": 731, ""date"": ""2023-10-07""}, {""amount"": 852, ""date"": ""2023-12-19""}]",True,True,True,True,True
477,Customer_477,40.0,4360.0,9177,40,690,0,"[{""amount"": 675, ""date"": ""2023-05-03""}, {""amount"": 907, ""date"": ""2023-03-12""}, {""amount"": 876, ""date"": ""2023-03-24""}, {""amount"": 348, ""date"": ""2023-05-15""}, {""amount"": 132, ""date"": ""2023-08-28""}, {""amount"": 919, ""date"": ""2023-05-08""}, {""amount"": 114, ""date"": ""2023-12-29""}, {""amount"": 387, ""date"": ""2023-08-06""}, {""amount"": 343, ""date"": ""2023-02-22""}]",True,True,True,True,True
478,Customer_478,25.0,12400.0,30221,58,845,0,"[{""amount"": 406, ""date"": ""2023-03-20""}, {""amount"": 493, ""date"": ""2023-05-31""}, {""amount"": 432, ""date"": ""2023-02-07""}, {""amount"": 197, ""date"": ""2023-10-30""}, {""amount"": 119, ""date"": ""2023-02-10""}, {""amount"": 936, ""date"": ""2023-05-19""}, {""amount"": 367, ""date"": ""2023-04-27""}, {""amount"": 539, ""date"": ""2023-08-30""}, {""amount"": 357, ""date"": ""2023-11-21""}, {""amount"": 429, ""date"": ""2023-04-25""}, {""amount"": 191, ""date"": ""2023-08-12""}, {""amount"": 408, ""date"": ""2023-10-30""}, {""amount"": 984, ""date"": ""2023-12-07""}, {""amount"": 887, ""date"": ""2023-11-07""}, {""amount"": 890, ""date"": ""2023-02-01""}, {""amount"": 895, ""date"": ""2023-02-23""}, {""amount"": 725, ""date"": ""2023-10-18""}, {""amount"": 692, ""date"": ""2023-06-19""}]",True,True,True,True,True
479,Customer_479,59.0,15553.0,5711,46,683,0,"[{""amount"": 807, ""date"": ""2023-03-13""}, {""amount"": 758, ""date"": ""2023-09-01""}, {""amount"": 855, ""date"": ""2023-11-23""}, {""amount"": 362, ""date"": ""2023-10-30""}, {""amount"": 316, ""date"": ""2023-07-12""}, {""amount"": 200, ""date"": ""2023-06-13""}, {""amount"": 998, ""date"": ""2023-05-05""}, {""amount"": 928, ""date"": ""2023-11-15""}, {""amount"": 941, ""date"": ""2023-05-30""}, {""amount"": 676, ""date"": ""2023-11-12""}, {""amount"": 740, ""date"": ""2023-10-25""}]",True,True,True,True,True
480,Customer_480,67.0,2337.0,43724,56,486,0,"[{""amount"": 930, ""date"": ""2023-02-05""}, {""amount"": 855, ""date"": ""2023-11-25""}, {""amount"": 340, ""date"": ""2023-07-18""}, {""amount"": 819, ""date"": ""2023-04-27""}, {""amount"": 352, ""date"": ""2023-05-31""}, {""amount"": 441, ""date"": ""2023-02-26""}, {""amount"": 250, ""date"": ""2023-03-13""}, {""amount"": 346, ""date"": ""2023-09-29""}, {""amount"": 815, ""date"": ""2023-06-24""}, {""amount"": 661, ""date"": ""2023-01-10""}, {""amount"": 903, ""date"": ""2023-06-27""}, {""amount"": 774, ""date"": ""2023-01-05""}, {""amount"": 558, ""date"": ""2023-02-18""}, {""amount"": 534, ""date"": ""2023-02-23""}, {""amount"": 119, ""date"": ""2023-02-08""}, {""amount"": 188, ""date"": ""2023-12-16""}]",True,True,False,True,False
481,Customer_481,27.0,18457.0,5106,56,346,0,"[{""amount"": 237, ""date"": ""2023-11-15""}, {""amount"": 620, ""date"": ""2023-07-03""}, {""amount"": 312, ""date"": ""2023-05-19""}, {""amount"": 397, ""date"": ""2023-11-22""}, {""amount"": 690, ""date"": ""2023-03-31""}, {""amount"": 906, ""date"": ""2023-04-28""}, {""amount"": 530, ""date"": ""2023-01-05""}, {""amount"": 438, ""date"": ""2023-04-13""}, {""amount"": 532, ""date"": ""2023-12-17""}, {""amount"": 565, ""date"": ""2023-09-19""}]",True,True,True,True,True
482,Customer_482,18.0,19124.0,38522,49,838,0,"[{""amount"": 663, ""date"": ""2023-04-21""}, {""amount"": 940, ""date"": ""2023-05-24""}, {""amount"": 771, ""date"": ""2023-07-02""}, {""amount"": 776, ""date"": ""2023-02-06""}, {""amount"": 343, ""date"": ""2023-09-08""}, {""amount"": 939, ""date"": ""2023-07-28""}, {""amount"": 678, ""date"": ""2023-11-03""}, {""amount"": 424, ""date"": ""2023-04-25""}, {""amount"": 837, ""date"": ""2023-08-12""}, {""amount"": 748, ""date"": ""2023-01-12""}]",True,True,True,True,True
483,Customer_483,37.0,5248.0,39395,44,351,0,"[{""amount"": 363, ""date"": ""2023-01-30""}, {""amount"": 921, ""date"": ""2023-06-10""}, {""amount"": 497, ""date"": ""2023-01-05""}, {""amount"": 780, ""date"": ""2023-04-07""}, {""amount"": 812, ""date"": ""2023-07-31""}, {""amount"": 550, ""date"": ""2023-03-12""}, {""amount"": 531, ""date"": ""2023-08-29""}, {""amount"": 931, ""date"": ""2023-07-21""}, {""amount"": 675, ""date"": ""2023-02-22""}, {""amount"": 865, ""date"": ""2023-03-25""}, {""amount"": 122, ""date"": ""2023-08-23""}, {""amount"": 682, ""date"": ""2023-09-30""}, {""amount"": 207, ""date"": ""2023-01-14""}, {""amount"": 467, ""date"": ""2023-01-17""}]",True,True,False,True,False
484,Customer_484,54.0,2739.0,34856,25,460,0,"[{""amount"": 948, ""date"": ""2023-11-19""}, {""amount"": 538, ""date"": ""2023-02-19""}, {""amount"": 111, ""date"": ""2023-04-23""}, {""amount"": 497, ""date"": ""2023-05-26""}, {""amount"": 526, ""date"": ""2023-05-16""}, {""amount"": 995, ""date"": ""2023-02-25""}, {""amount"": 533, ""date"": ""2023-08-03""}, {""amount"": 286, ""date"": ""2023-03-07""}]",True,True,False,True,False
485,Customer_485,35.0,15728.0,12659,48,395,0,"[{""amount"": 515, ""date"": ""2023-04-15""}, {""amount"": 184, ""date"": ""2023-04-24""}, {""amount"": 488, ""date"": ""2023-06-28""}, {""amount"": 507, ""date"": ""2023-08-03""}, {""amount"": 838, ""date"": ""2023-09-14""}, {""amount"": 615, ""date"": ""2023-11-14""}, {""amount"": 803, ""date"": ""2023-07-31""}, {""amount"": 159, ""date"": ""2023-10-19""}, {""amount"": 559, ""date"": ""2023-10-22""}, {""amount"": 575, ""date"": ""2023-03-24""}, {""amount"": 572, ""date"": ""2023-11-27""}, {""amount"": 901, ""date"": ""2023-10-01""}, {""amount"": 823, ""date"": ""2023-02-17""}, {""amount"": 711, ""date"": ""2023-11-03""}]",True,True,True,True,True
486,Customer_486,38.0,7390.0,38705,40,493,0,"[{""amount"": 535, ""date"": ""2023-07-19""}, {""amount"": 203, ""date"": ""2023-03-17""}, {""amount"": 551, ""date"": ""2023-02-28""}, {""amount"": 373, ""date"": ""2023-10-30""}, {""amount"": 645, ""date"": ""2023-11-18""}, {""amount"": 331, ""date"": ""2023-09-02""}, {""amount"": 602, ""date"": ""2023-07-13""}, {""amount"": 288, ""date"": ""2023-08-24""}, {""amount"": 399, ""date"": ""2023-08-28""}, {""amount"": 393, ""date"": ""2023-09-16""}]",True,True,False,True,False
487,Customer_487,66.0,10604.0,16474,44,561,0,"[{""amount"": 140, ""date"": ""2023-06-02""}, {""amount"": 375, ""date"": ""2023-02-10""}, {""amount"": 243, ""date"": ""2023-06-04""}, {""amount"": 791, ""date"": ""2023-01-28""}, {""amount"": 334, ""date"": ""2023-03-02""}, {""amount"": 541, ""date"": ""2023-04-24""}, {""amount"": 974, ""date"": ""2023-06-05""}, {""amount"": 525, ""date"": ""2023-02-02""}, {""amount"": 990, ""date"": ""2023-08-09""}, {""amount"": 300, ""date"": ""2023-12-28""}, {""amount"": 495, ""date"": ""2023-11-04""}]",True,True,True,True,True
488,Customer_488,21.0,6267.0,42277,27,568,0,"[{""amount"": 148, ""date"": ""2023-09-10""}, {""amount"": 594, ""date"": ""2023-10-01""}, {""amount"": 710, ""date"": ""2023-05-30""}, {""amount"": 815, ""date"": ""2023-04-17""}, {""amount"": 195, ""date"": ""2023-03-19""}, {""amount"": 520, ""date"": ""2023-07-01""}, {""amount"": 865, ""date"": ""2023-11-19""}, {""amount"": 750, ""date"": ""2023-03-28""}, {""amount"": 524, ""date"": ""2023-07-20""}, {""amount"": 779, ""date"": ""2023-08-23""}, {""amount"": 833, ""date"": ""2023-04-03""}, {""amount"": 887, ""date"": ""2023-01-21""}]",True,True,False,True,False
489,Customer_489,60.0,15409.0,37653,26,457,0,"[{""amount"": 489, ""date"": ""2023-06-22""}, {""amount"": 445, ""date"": ""2023-02-19""}, {""amount"": 944, ""date"": ""2023-12-28""}, {""amount"": 825, ""date"": ""2023-05-06""}, {""amount"": 791, ""date"": ""2023-05-12""}, {""amount"": 150, ""date"": ""2023-12-14""}, {""amount"": 861, ""date"": ""2023-12-16""}, {""amount"": 727, ""date"": ""2023-05-18""}, {""amount"": 171, ""date"": ""2023-11-01""}, {""amount"": 999, ""date"": ""2023-10-11""}, {""amount"": 613, ""date"": ""2023-12-09""}, {""amount"": 126, ""date"": ""2023-09-15""}, {""amount"": 127, ""date"": ""2023-02-25""}, {""amount"": 163, ""date"": ""2023-03-15""}, {""amount"": 556, ""date"": ""2023-04-30""}, {""amount"": 409, ""date"": ""2023-10-15""}, {""amount"": 129, ""date"": ""2023-01-24""}]",True,True,True,True,True
490,Customer_490,19.0,18562.0,41850,32,457,0,"[{""amount"": 889, ""date"": ""2023-03-08""}, {""amount"": 742, ""date"": ""2023-07-25""}, {""amount"": 510, ""date"": ""2023-07-29""}, {""amount"": 546, ""date"": ""2023-08-23""}, {""amount"": 880, ""date"": ""2023-07-08""}, {""amount"": 669, ""date"": ""2023-04-24""}, {""amount"": 258, ""date"": ""2023-02-13""}, {""amount"": 617, ""date"": ""2023-01-15""}, {""amount"": 641, ""date"": ""2023-05-22""}, {""amount"": 833, ""date"": ""2023-02-19""}, {""amount"": 295, ""date"": ""2023-08-22""}, {""amount"": 415, ""date"": ""2023-08-17""}, {""amount"": 891, ""date"": ""2023-01-26""}, {""amount"": 587, ""date"": ""2023-06-10""}, {""amount"": 714, ""date"": ""2023-11-04""}]",True,True,True,True,True
491,Customer_491,38.0,12242.0,10484,41,313,0,"[{""amount"": 178, ""date"": ""2023-05-13""}, {""amount"": 836, ""date"": ""2023-01-09""}, {""amount"": 826, ""date"": ""2023-01-06""}, {""amount"": 164, ""date"": ""2023-08-02""}, {""amount"": 797, ""date"": ""2023-09-27""}]",True,True,True,True,True
492,Customer_492,54.0,10977.0,32273,33,368,0,"[{""amount"": 290, ""date"": ""2023-09-06""}, {""amount"": 327, ""date"": ""2023-08-31""}, {""amount"": 607, ""date"": ""2023-08-04""}, {""amount"": 792, ""date"": ""2023-12-09""}, {""amount"": 739, ""date"": ""2023-05-21""}, {""amount"": 238, ""date"": ""2023-02-09""}, {""amount"": 247, ""date"": ""2023-07-23""}, {""amount"": 847, ""date"": ""2023-08-14""}]",True,True,True,True,True
493,Customer_493,22.0,19091.0,25534,9,721,1,"[{""amount"": 249, ""date"": ""2023-05-31""}, {""amount"": 259, ""date"": ""2023-01-07""}, {""amount"": 361, ""date"": ""2023-10-10""}, {""amount"": 541, ""date"": ""2023-01-20""}, {""amount"": 185, ""date"": ""2023-06-21""}, {""amount"": 881, ""date"": ""2023-04-27""}]",True,True,True,True,True
494,Customer_494,34.0,11557.0,31785,31,740,0,"[{""amount"": 623, ""date"": ""2023-07-20""}, {""amount"": 341, ""date"": ""2023-12-28""}, {""amount"": 629, ""date"": ""2023-05-27""}, {""amount"": 280, ""date"": ""2023-12-20""}, {""amount"": 756, ""date"": ""2023-02-17""}, {""amount"": 588, ""date"": ""2023-04-03""}, {""amount"": 311, ""date"": ""2023-04-30""}, {""amount"": 323, ""date"": ""2023-06-08""}, {""amount"": 805, ""date"": ""2023-10-02""}, {""amount"": 404, ""date"": ""2023-02-25""}, {""amount"": 800, ""date"": ""2023-10-19""}, {""amount"": 597, ""date"": ""2023-01-25""}, {""amount"": 309, ""date"": ""2023-03-29""}, {""amount"": 683, ""date"": ""2023-09-05""}, {""amount"": 946, ""date"": ""2023-09-26""}, {""amount"": 685, ""date"": ""2023-01-21""}, {""amount"": 788, ""date"": ""2023-04-27""}, {""amount"": 466, ""date"": ""2023-01-20""}, {""amount"": 581, ""date"": ""2023-01-16""}]",True,True,True,True,True
495,Customer_495,66.0,16181.0,13721,13,642,0,"[{""amount"": 471, ""date"": ""2023-08-26""}, {""amount"": 213, ""date"": ""2023-12-27""}, {""amount"": 198, ""date"": ""2023-04-04""}, {""amount"": 802, ""date"": ""2023-12-10""}, {""amount"": 455, ""date"": ""2023-09-26""}, {""amount"": 107, ""date"": ""2023-10-07""}]",True,True,True,True,True
496,Customer_496,65.0,17480.0,8134,10,488,0,"[{""amount"": 551, ""date"": ""2023-02-26""}, {""amount"": 138, ""date"": ""2023-08-29""}, {""amount"": 913, ""date"": ""2023-10-24""}, {""amount"": 356, ""date"": ""2023-06-23""}, {""amount"": 801, ""date"": ""2023-09-09""}, {""amount"": 775, ""date"": ""2023-08-29""}, {""amount"": 882, ""date"": ""2023-04-30""}, {""amount"": 380, ""date"": ""2023-02-06""}, {""amount"": 251, ""date"": ""2023-10-02""}]",True,True,True,True,True
497,Customer_497,28.0,16998.0,18127,10,404,0,"[{""amount"": 369, ""date"": ""2023-11-18""}, {""amount"": 838, ""date"": ""2023-03-29""}, {""amount"": 225, ""date"": ""2023-02-14""}, {""amount"": 698, ""date"": ""2023-01-14""}, {""amount"": 610, ""date"": ""2023-07-12""}, {""amount"": 194, ""date"": ""2023-10-02""}, {""amount"": 798, ""date"": ""2023-10-24""}, {""amount"": 798, ""date"": ""2023-09-21""}, {""amount"": 906, ""date"": ""2023-09-24""}, {""amount"": 966, ""date"": ""2023-04-16""}, {""amount"": 958, ""date"": ""2023-07-19""}, {""amount"": 514, ""date"": ""2023-04-16""}, {""amount"": 786, ""date"": ""2023-11-08""}, {""amount"": 179, ""date"": ""2023-02-11""}, {""amount"": 839, ""date"": ""2023-12-07""}]",True,True,True,True,True
498,Customer_498,63.0,7330.0,28504,59,788,1,"[{""amount"": 124, ""date"": ""2023-06-12""}, {""amount"": 159, ""date"": ""2023-10-26""}, {""amount"": 363, ""date"": ""2023-12-19""}, {""amount"": 222, ""date"": ""2023-01-25""}, {""amount"": 883, ""date"": ""2023-03-03""}]",True,True,True,True,True
499,Customer_499,58.0,11015.0,47070,15,480,0,"[{""amount"": 271, ""date"": ""2023-10-02""}, {""amount"": 308, ""date"": ""2023-07-11""}, {""amount"": 529, ""date"": ""2023-10-20""}, {""amount"": 725, ""date"": ""2023-12-22""}, {""amount"": 219, ""date"": ""2023-08-11""}, {""amount"": 416, ""date"": ""2023-06-16""}, {""amount"": 694, ""date"": ""2023-05-29""}, {""amount"": 370, ""date"": ""2023-11-22""}, {""amount"": 890, ""date"": ""2023-09-26""}, {""amount"": 857, ""date"": ""2023-12-05""}, {""amount"": 933, ""date"": ""2023-06-01""}, {""amount"": 118, ""date"": ""2023-06-05""}, {""amount"": 404, ""date"": ""2023-11-05""}, {""amount"": 920, ""date"": ""2023-01-30""}, {""amount"": 763, ""date"": ""2023-08-21""}, {""amount"": 303, ""date"": ""2023-07-10""}, {""amount"": 275, ""date"": ""2023-01-03""}]",True,True,True,True,True
500,Customer_500,48.0,12417.0,15747,10,781,0,"[{""amount"": 887, ""date"": ""2023-10-13""}, {""amount"": 373, ""date"": ""2023-11-02""}, {""amount"": 476, ""date"": ""2023-12-01""}, {""amount"": 325, ""date"": ""2023-03-04""}, {""amount"": 825, ""date"": ""2023-05-19""}, {""amount"": 564, ""date"": ""2023-07-10""}, {""amount"": 256, ""date"": ""2023-06-16""}, {""amount"": 756, ""date"": ""2023-06-18""}, {""amount"": 486, ""date"": ""2023-03-08""}, {""amount"": 458, ""date"": ""2023-09-13""}]",True,True,True,True,True
501,Customer_501,45.0,17469.0,22673,39,755,0,"[{""amount"": 381, ""date"": ""2023-06-26""}, {""amount"": 433, ""date"": ""2023-04-26""}, {""amount"": 402, ""date"": ""2023-08-28""}, {""amount"": 749, ""date"": ""2023-07-10""}, {""amount"": 574, ""date"": ""2023-04-27""}, {""amount"": 183, ""date"": ""2023-08-21""}, {""amount"": 305, ""date"": ""2023-06-04""}, {""amount"": 678, ""date"": ""2023-11-29""}, {""amount"": 741, ""date"": ""2023-03-13""}, {""amount"": 227, ""date"": ""2023-02-19""}, {""amount"": 625, ""date"": ""2023-07-25""}, {""amount"": 527, ""date"": ""2023-09-02""}, {""amount"": 965, ""date"": ""2023-03-29""}, {""amount"": 466, ""date"": ""2023-12-15""}]",True,True,True,True,True
502,Customer_502,61.0,12483.0,49974,55,824,1,"[{""amount"": 846, ""date"": ""2023-02-25""}, {""amount"": 455, ""date"": ""2023-05-24""}, {""amount"": 661, ""date"": ""2023-08-31""}, {""amount"": 207, ""date"": ""2023-10-09""}, {""amount"": 720, ""date"": ""2023-12-19""}, {""amount"": 832, ""date"": ""2023-01-10""}, {""amount"": 527, ""date"": ""2023-03-07""}, {""amount"": 204, ""date"": ""2023-06-19""}]",True,True,True,True,True
503,Customer_503,49.0,16926.0,9748,16,501,0,"[{""amount"": 245, ""date"": ""2023-06-14""}, {""amount"": 515, ""date"": ""2023-12-26""}, {""amount"": 431, ""date"": ""2023-07-23""}, {""amount"": 821, ""date"": ""2023-12-31""}, {""amount"": 603, ""date"": ""2023-04-26""}, {""amount"": 216, ""date"": ""2023-07-09""}, {""amount"": 151, ""date"": ""2023-03-11""}, {""amount"": 933, ""date"": ""2023-07-26""}, {""amount"": 876, ""date"": ""2023-05-11""}, {""amount"": 820, ""date"": ""2023-11-09""}, {""amount"": 633, ""date"": ""2023-02-18""}, {""amount"": 963, ""date"": ""2023-03-15""}, {""amount"": 554, ""date"": ""2023-10-16""}, {""amount"": 165, ""date"": ""2023-06-21""}, {""amount"": 151, ""date"": ""2023-04-04""}, {""amount"": 194, ""date"": ""2023-07-18""}, {""amount"": 325, ""date"": ""2023-11-10""}]",True,True,True,True,True
504,Customer_504,38.0,6754.0,35077,29,730,0,"[{""amount"": 632, ""date"": ""2023-04-20""}, {""amount"": 289, ""date"": ""2023-12-25""}, {""amount"": 182, ""date"": ""2023-07-05""}, {""amount"": 758, ""date"": ""2023-06-11""}, {""amount"": 294, ""date"": ""2023-04-13""}, {""amount"": 485, ""date"": ""2023-12-29""}, {""amount"": 959, ""date"": ""2023-07-27""}, {""amount"": 360, ""date"": ""2023-02-05""}, {""amount"": 487, ""date"": ""2023-01-12""}, {""amount"": 342, ""date"": ""2023-04-19""}]",True,True,False,True,False
505,Customer_505,24.0,13385.0,6397,54,585,0,"[{""amount"": 281, ""date"": ""2023-02-11""}, {""amount"": 342, ""date"": ""2023-10-14""}, {""amount"": 851, ""date"": ""2023-05-23""}, {""amount"": 329, ""date"": ""2023-05-23""}, {""amount"": 660, ""date"": ""2023-08-07""}, {""amount"": 949, ""date"": ""2023-12-29""}, {""amount"": 970, ""date"": ""2023-11-07""}, {""amount"": 579, ""date"": ""2023-04-08""}, {""amount"": 678, ""date"": ""2023-01-13""}, {""amount"": 410, ""date"": ""2023-10-28""}, {""amount"": 914, ""date"": ""2023-07-16""}, {""amount"": 127, ""date"": ""2023-08-03""}, {""amount"": 994, ""date"": ""2023-10-15""}, {""amount"": 528, ""date"": ""2023-04-03""}, {""amount"": 484, ""date"": ""2023-11-26""}, {""amount"": 506, ""date"": ""2023-07-05""}, {""amount"": 490, ""date"": ""2023-03-22""}, {""amount"": 792, ""date"": ""2023-07-30""}, {""amount"": 264, ""date"": ""2023-03-13""}]",True,True,True,True,True
506,Customer_506,27.0,12587.0,32030,38,568,0,"[{""amount"": 432, ""date"": ""2023-10-27""}, {""amount"": 841, ""date"": ""2023-01-03""}, {""amount"": 489, ""date"": ""2023-04-29""}, {""amount"": 524, ""date"": ""2023-12-20""}, {""amount"": 149, ""date"": ""2023-01-12""}, {""amount"": 291, ""date"": ""2023-01-11""}, {""amount"": 878, ""date"": ""2023-01-13""}, {""amount"": 610, ""date"": ""2023-12-14""}, {""amount"": 244, ""date"": ""2023-06-06""}, {""amount"": 468, ""date"": ""2023-11-29""}, {""amount"": 985, ""date"": ""2023-08-18""}, {""amount"": 394, ""date"": ""2023-10-18""}, {""amount"": 997, ""date"": ""2023-07-04""}, {""amount"": 146, ""date"": ""2023-11-17""}, {""amount"": 927, ""date"": ""2023-10-03""}, {""amount"": 728, ""date"": ""2023-06-23""}, {""amount"": 612, ""date"": ""2023-10-02""}]",True,True,True,True,True
507,Customer_507,45.0,7612.0,36928,19,348,0,"[{""amount"": 565, ""date"": ""2023-06-03""}, {""amount"": 789, ""date"": ""2023-05-14""}, {""amount"": 678, ""date"": ""2023-04-13""}, {""amount"": 811, ""date"": ""2023-02-28""}, {""amount"": 645, ""date"": ""2023-08-29""}, {""amount"": 378, ""date"": ""2023-12-24""}, {""amount"": 439, ""date"": ""2023-07-02""}, {""amount"": 198, ""date"": ""2023-11-22""}, {""amount"": 427, ""date"": ""2023-07-30""}, {""amount"": 237, ""date"": ""2023-05-10""}, {""amount"": 957, ""date"": ""2023-02-07""}, {""amount"": 412, ""date"": ""2023-07-09""}]",True,True,True,True,True
508,Customer_508,65.0,10397.0,32181,27,546,1,"[{""amount"": 433, ""date"": ""2023-08-06""}, {""amount"": 259, ""date"": ""2023-03-10""}, {""amount"": 354, ""date"": ""2023-03-14""}, {""amount"": 228, ""date"": ""2023-01-18""}, {""amount"": 653, ""date"": ""2023-10-23""}, {""amount"": 479, ""date"": ""2023-07-01""}, {""amount"": 211, ""date"": ""2023-09-25""}, {""amount"": 577, ""date"": ""2023-10-17""}, {""amount"": 929, ""date"": ""2023-02-07""}, {""amount"": 841, ""date"": ""2023-04-28""}, {""amount"": 403, ""date"": ""2023-05-26""}]",True,True,True,True,True
509,Customer_509,53.0,13106.0,6825,34,334,0,"[{""amount"": 682, ""date"": ""2023-02-12""}, {""amount"": 698, ""date"": ""2023-06-14""}, {""amount"": 374, ""date"": ""2023-12-15""}, {""amount"": 166, ""date"": ""2023-09-15""}, {""amount"": 950, ""date"": ""2023-12-31""}, {""amount"": 486, ""date"": ""2023-05-29""}, {""amount"": 600, ""date"": ""2023-07-27""}, {""amount"": 639, ""date"": ""2023-12-10""}, {""amount"": 301, ""date"": ""2023-02-21""}, {""amount"": 568, ""date"": ""2023-03-14""}, {""amount"": 510, ""date"": ""2023-07-16""}]",True,True,True,True,True
510,Customer_510,37.0,8957.0,22086,29,358,1,"[{""amount"": 995, ""date"": ""2023-10-19""}, {""amount"": 493, ""date"": ""2023-01-25""}, {""amount"": 653, ""date"": ""2023-07-30""}, {""amount"": 181, ""date"": ""2023-01-27""}, {""amount"": 647, ""date"": ""2023-12-11""}, {""amount"": 909, ""date"": ""2023-12-25""}, {""amount"": 935, ""date"": ""2023-06-09""}, {""amount"": 605, ""date"": ""2023-01-31""}, {""amount"": 797, ""date"": ""2023-11-22""}, {""amount"": 981, ""date"": ""2023-12-25""}, {""amount"": 591, ""date"": ""2023-04-04""}, {""amount"": 538, ""date"": ""2023-05-06""}, {""amount"": 412, ""date"": ""2023-05-02""}, {""amount"": 845, ""date"": ""2023-08-10""}, {""amount"": 795, ""date"": ""2023-01-06""}, {""amount"": 224, ""date"": ""2023-02-25""}]",True,True,True,True,True
511,Customer_511,30.0,5792.0,28044,54,471,0,"[{""amount"": 144, ""date"": ""2023-07-24""}, {""amount"": 528, ""date"": ""2023-03-14""}, {""amount"": 946, ""date"": ""2023-12-27""}, {""amount"": 408, ""date"": ""2023-01-19""}, {""amount"": 833, ""date"": ""2023-10-22""}, {""amount"": 638, ""date"": ""2023-03-24""}, {""amount"": 238, ""date"": ""2023-08-06""}, {""amount"": 742, ""date"": ""2023-11-08""}, {""amount"": 322, ""date"": ""2023-08-15""}, {""amount"": 381, ""date"": ""2023-01-07""}, {""amount"": 715, ""date"": ""2023-08-28""}, {""amount"": 390, ""date"": ""2023-03-09""}, {""amount"": 112, ""date"": ""2023-01-17""}, {""amount"": 517, ""date"": ""2023-04-24""}, {""amount"": 896, ""date"": ""2023-08-06""}, {""amount"": 203, ""date"": ""2023-10-03""}, {""amount"": 330, ""date"": ""2023-02-12""}, {""amount"": 794, ""date"": ""2023-02-22""}]",True,True,True,True,True
512,Customer_512,36.0,12305.0,24269,11,739,0,"[{""amount"": 432, ""date"": ""2023-02-02""}, {""amount"": 639, ""date"": ""2023-10-28""}, {""amount"": 403, ""date"": ""2023-08-27""}, {""amount"": 146, ""date"": ""2023-07-29""}, {""amount"": 946, ""date"": ""2023-11-20""}, {""amount"": 213, ""date"": ""2023-02-26""}, {""amount"": 863, ""date"": ""2023-03-07""}, {""amount"": 690, ""date"": ""2023-06-15""}, {""amount"": 935, ""date"": ""2023-06-04""}, {""amount"": 137, ""date"": ""2023-01-25""}, {""amount"": 683, ""date"": ""2023-03-16""}, {""amount"": 986, ""date"": ""2023-11-14""}, {""amount"": 319, ""date"": ""2023-12-05""}, {""amount"": 683, ""date"": ""2023-09-25""}, {""amount"": 965, ""date"": ""2023-06-18""}, {""amount"": 815, ""date"": ""2023-07-27""}]",True,True,True,True,True
513,Customer_513,67.0,16608.0,9733,8,309,0,"[{""amount"": 370, ""date"": ""2023-01-03""}, {""amount"": 714, ""date"": ""2023-05-24""}, {""amount"": 625, ""date"": ""2023-05-19""}, {""amount"": 850, ""date"": ""2023-02-09""}, {""amount"": 139, ""date"": ""2023-01-22""}, {""amount"": 530, ""date"": ""2023-04-28""}, {""amount"": 249, ""date"": ""2023-11-06""}, {""amount"": 203, ""date"": ""2023-08-01""}, {""amount"": 341, ""date"": ""2023-11-29""}, {""amount"": 468, ""date"": ""2023-07-27""}, {""amount"": 590, ""date"": ""2023-08-24""}, {""amount"": 672, ""date"": ""2023-03-09""}, {""amount"": 944, ""date"": ""2023-01-06""}, {""amount"": 266, ""date"": ""2023-04-22""}, {""amount"": 252, ""date"": ""2023-09-13""}, {""amount"": 967, ""date"": ""2023-02-01""}, {""amount"": 951, ""date"": ""2023-04-26""}, {""amount"": 628, ""date"": ""2023-07-23""}]",True,True,True,True,True
514,Customer_514,28.0,8445.0,42964,6,739,0,"[{""amount"": 865, ""date"": ""2023-01-25""}, {""amount"": 852, ""date"": ""2023-04-18""}, {""amount"": 183, ""date"": ""2023-10-30""}, {""amount"": 760, ""date"": ""2023-02-10""}, {""amount"": 361, ""date"": ""2023-04-26""}, {""amount"": 122, ""date"": ""2023-01-31""}, {""amount"": 327, ""date"": ""2023-02-09""}, {""amount"": 526, ""date"": ""2023-12-04""}, {""amount"": 487, ""date"": ""2023-03-08""}, {""amount"": 232, ""date"": ""2023-07-04""}, {""amount"": 584, ""date"": ""2023-05-29""}, {""amount"": 149, ""date"": ""2023-11-14""}, {""amount"": 632, ""date"": ""2023-12-16""}]",True,True,False,True,False
515,Customer_515,52.0,8363.0,38449,15,770,0,"[{""amount"": 307, ""date"": ""2023-02-14""}, {""amount"": 648, ""date"": ""2023-03-07""}, {""amount"": 624, ""date"": ""2023-11-17""}, {""amount"": 877, ""date"": ""2023-11-15""}, {""amount"": 710, ""date"": ""2023-10-31""}, {""amount"": 602, ""date"": ""2023-03-01""}, {""amount"": 281, ""date"": ""2023-01-06""}, {""amount"": 654, ""date"": ""2023-09-19""}, {""amount"": 718, ""date"": ""2023-06-13""}, {""amount"": 619, ""date"": ""2023-02-06""}, {""amount"": 415, ""date"": ""2023-05-28""}, {""amount"": 198, ""date"": ""2023-12-02""}, {""amount"": 513, ""date"": ""2023-11-01""}]",True,True,True,True,True
516,Customer_516,51.0,2165.0,48404,13,388,0,"[{""amount"": 347, ""date"": ""2023-06-29""}, {""amount"": 449, ""date"": ""2023-12-13""}, {""amount"": 939, ""date"": ""2023-03-28""}, {""amount"": 406, ""date"": ""2023-08-02""}, {""amount"": 841, ""date"": ""2023-01-30""}, {""amount"": 512, ""date"": ""2023-12-09""}, {""amount"": 613, ""date"": ""2023-05-06""}, {""amount"": 552, ""date"": ""2023-02-20""}, {""amount"": 826, ""date"": ""2023-07-16""}, {""amount"": 978, ""date"": ""2023-09-26""}, {""amount"": 815, ""date"": ""2023-02-09""}, {""amount"": 322, ""date"": ""2023-12-31""}]",True,True,False,True,False
517,Customer_517,61.0,18818.0,49741,35,525,0,"[{""amount"": 242, ""date"": ""2023-04-25""}, {""amount"": 769, ""date"": ""2023-10-30""}, {""amount"": 959, ""date"": ""2023-01-10""}, {""amount"": 706, ""date"": ""2023-03-13""}, {""amount"": 208, ""date"": ""2023-07-25""}, {""amount"": 732, ""date"": ""2023-10-14""}, {""amount"": 885, ""date"": ""2023-07-15""}, {""amount"": 818, ""date"": ""2023-12-11""}, {""amount"": 500, ""date"": ""2023-08-30""}, {""amount"": 259, ""date"": ""2023-01-01""}, {""amount"": 776, ""date"": ""2023-09-07""}, {""amount"": 777, ""date"": ""2023-05-15""}]",True,True,True,True,True
518,Customer_518,21.0,16744.0,6769,27,807,0,"[{""amount"": 808, ""date"": ""2023-08-10""}, {""amount"": 847, ""date"": ""2023-02-19""}, {""amount"": 208, ""date"": ""2023-08-04""}, {""amount"": 996, ""date"": ""2023-12-15""}, {""amount"": 832, ""date"": ""2023-08-22""}, {""amount"": 366, ""date"": ""2023-02-25""}, {""amount"": 345, ""date"": ""2023-05-01""}, {""amount"": 102, ""date"": ""2023-06-06""}]",True,True,True,True,True
519,Customer_519,30.0,3968.0,37371,22,513,0,"[{""amount"": 952, ""date"": ""2023-12-20""}, {""amount"": 367, ""date"": ""2023-10-01""}, {""amount"": 291, ""date"": ""2023-11-28""}, {""amount"": 406, ""date"": ""2023-03-29""}, {""amount"": 310, ""date"": ""2023-04-12""}, {""amount"": 499, ""date"": ""2023-05-14""}, {""amount"": 712, ""date"": ""2023-10-02""}, {""amount"": 161, ""date"": ""2023-07-02""}, {""amount"": 424, ""date"": ""2023-09-16""}, {""amount"": 721, ""date"": ""2023-10-03""}, {""amount"": 998, ""date"": ""2023-12-31""}, {""amount"": 341, ""date"": ""2023-06-25""}, {""amount"": 450, ""date"": ""2023-12-20""}, {""amount"": 623, ""date"": ""2023-02-21""}, {""amount"": 562, ""date"": ""2023-01-19""}, {""amount"": 425, ""date"": ""2023-12-15""}, {""amount"": 992, ""date"": ""2023-04-07""}]",True,True,False,True,False
520,Customer_520,54.0,3228.0,48402,20,568,0,"[{""amount"": 848, ""date"": ""2023-10-21""}, {""amount"": 775, ""date"": ""2023-03-09""}, {""amount"": 191, ""date"": ""2023-12-16""}, {""amount"": 679, ""date"": ""2023-03-05""}, {""amount"": 449, ""date"": ""2023-11-21""}, {""amount"": 773, ""date"": ""2023-04-03""}, {""amount"": 939, ""date"": ""2023-08-22""}]",True,True,False,True,False
521,Customer_521,19.0,11220.0,17486,25,326,0,"[{""amount"": 111, ""date"": ""2023-06-29""}, {""amount"": 879, ""date"": ""2023-03-28""}, {""amount"": 392, ""date"": ""2023-09-25""}, {""amount"": 695, ""date"": ""2023-05-23""}, {""amount"": 584, ""date"": ""2023-06-01""}, {""amount"": 594, ""date"": ""2023-08-18""}, {""amount"": 642, ""date"": ""2023-09-13""}, {""amount"": 101, ""date"": ""2023-03-21""}, {""amount"": 782, ""date"": ""2023-12-25""}, {""amount"": 982, ""date"": ""2023-10-27""}, {""amount"": 285, ""date"": ""2023-02-02""}, {""amount"": 593, ""date"": ""2023-12-06""}, {""amount"": 974, ""date"": ""2023-01-10""}, {""amount"": 363, ""date"": ""2023-09-11""}, {""amount"": 652, ""date"": ""2023-08-08""}, {""amount"": 999, ""date"": ""2023-12-14""}]",True,True,True,True,True
522,Customer_522,67.0,3198.0,27939,43,302,0,"[{""amount"": 217, ""date"": ""2023-02-11""}, {""amount"": 919, ""date"": ""2023-07-15""}, {""amount"": 753, ""date"": ""2023-05-26""}, {""amount"": 876, ""date"": ""2023-07-06""}, {""amount"": 609, ""date"": ""2023-05-31""}, {""amount"": 424, ""date"": ""2023-02-19""}, {""amount"": 547, ""date"": ""2023-03-29""}, {""amount"": 221, ""date"": ""2023-08-02""}]",True,True,False,True,False
523,Customer_523,18.0,13505.0,23539,32,549,1,"[{""amount"": 125, ""date"": ""2023-01-28""}, {""amount"": 649, ""date"": ""2023-12-31""}, {""amount"": 410, ""date"": ""2023-02-27""}, {""amount"": 783, ""date"": ""2023-05-09""}, {""amount"": 382, ""date"": ""2023-07-19""}, {""amount"": 207, ""date"": ""2023-10-04""}, {""amount"": 100, ""date"": ""2023-01-27""}, {""amount"": 439, ""date"": ""2023-10-04""}, {""amount"": 745, ""date"": ""2023-08-16""}, {""amount"": 169, ""date"": ""2023-12-31""}, {""amount"": 586, ""date"": ""2023-10-04""}, {""amount"": 376, ""date"": ""2023-06-23""}, {""amount"": 604, ""date"": ""2023-10-28""}, {""amount"": 465, ""date"": ""2023-12-16""}, {""amount"": 676, ""date"": ""2023-02-24""}, {""amount"": 738, ""date"": ""2023-02-06""}, {""amount"": 555, ""date"": ""2023-04-09""}]",True,True,True,True,True
524,Customer_524,57.0,16730.0,18010,18,318,0,"[{""amount"": 295, ""date"": ""2023-07-12""}, {""amount"": 216, ""date"": ""2023-06-18""}, {""amount"": 946, ""date"": ""2023-09-20""}, {""amount"": 890, ""date"": ""2023-07-16""}, {""amount"": 855, ""date"": ""2023-10-14""}, {""amount"": 183, ""date"": ""2023-04-14""}]",True,True,True,True,True
525,Customer_525,42.0,9579.0,9723,21,334,0,"[{""amount"": 414, ""date"": ""2023-12-12""}, {""amount"": 325, ""date"": ""2023-05-30""}, {""amount"": 399, ""date"": ""2023-11-15""}, {""amount"": 946, ""date"": ""2023-06-28""}, {""amount"": 677, ""date"": ""2023-08-21""}, {""amount"": 726, ""date"": ""2023-03-06""}, {""amount"": 927, ""date"": ""2023-01-13""}, {""amount"": 332, ""date"": ""2023-02-18""}, {""amount"": 222, ""date"": ""2023-11-23""}, {""amount"": 605, ""date"": ""2023-07-25""}, {""amount"": 732, ""date"": ""2023-05-02""}, {""amount"": 283, ""date"": ""2023-03-13""}, {""amount"": 456, ""date"": ""2023-03-01""}, {""amount"": 890, ""date"": ""2023-10-02""}, {""amount"": 723, ""date"": ""2023-08-17""}, {""amount"": 895, ""date"": ""2023-10-02""}, {""amount"": 583, ""date"": ""2023-01-23""}, {""amount"": 438, ""date"": ""2023-02-14""}]",True,True,True,True,True
526,Customer_526,54.0,5406.0,9550,25,395,0,"[{""amount"": 846, ""date"": ""2023-08-19""}, {""amount"": 617, ""date"": ""2023-02-18""}, {""amount"": 214, ""date"": ""2023-10-11""}, {""amount"": 742, ""date"": ""2023-03-20""}, {""amount"": 404, ""date"": ""2023-03-31""}, {""amount"": 805, ""date"": ""2023-06-09""}]",True,True,True,True,True
527,Customer_527,53.0,6966.0,7982,24,495,1,"[{""amount"": 986, ""date"": ""2023-01-22""}, {""amount"": 964, ""date"": ""2023-07-19""}, {""amount"": 658, ""date"": ""2023-02-27""}, {""amount"": 942, ""date"": ""2023-09-23""}, {""amount"": 788, ""date"": ""2023-11-07""}, {""amount"": 639, ""date"": ""2023-01-08""}, {""amount"": 226, ""date"": ""2023-06-15""}, {""amount"": 499, ""date"": ""2023-12-22""}]",True,True,True,True,True
528,Customer_528,23.0,7517.0,44025,48,300,0,"[{""amount"": 689, ""date"": ""2023-04-09""}, {""amount"": 755, ""date"": ""2023-08-25""}, {""amount"": 515, ""date"": ""2023-06-29""}, {""amount"": 866, ""date"": ""2023-07-06""}, {""amount"": 394, ""date"": ""2023-06-13""}, {""amount"": 494, ""date"": ""2023-02-11""}, {""amount"": 699, ""date"": ""2023-03-09""}]",True,True,False,True,False
529,Customer_529,24.0,9197.0,34386,8,348,0,"[{""amount"": 583, ""date"": ""2023-08-31""}, {""amount"": 870, ""date"": ""2023-11-13""}, {""amount"": 630, ""date"": ""2023-04-12""}, {""amount"": 327, ""date"": ""2023-11-30""}, {""amount"": 255, ""date"": ""2023-07-12""}, {""amount"": 507, ""date"": ""2023-10-06""}, {""amount"": 947, ""date"": ""2023-10-06""}, {""amount"": 289, ""date"": ""2023-09-10""}, {""amount"": 335, ""date"": ""2023-05-22""}, {""amount"": 694, ""date"": ""2023-04-18""}, {""amount"": 764, ""date"": ""2023-02-07""}, {""amount"": 833, ""date"": ""2023-08-09""}, {""amount"": 573, ""date"": ""2023-06-17""}, {""amount"": 672, ""date"": ""2023-08-18""}, {""amount"": 207, ""date"": ""2023-06-25""}]",True,True,True,True,True
530,Customer_530,21.0,11166.0,33415,22,794,0,"[{""amount"": 820, ""date"": ""2023-06-13""}, {""amount"": 205, ""date"": ""2023-04-03""}, {""amount"": 235, ""date"": ""2023-03-30""}, {""amount"": 707, ""date"": ""2023-05-18""}, {""amount"": 351, ""date"": ""2023-05-03""}, {""amount"": 917, ""date"": ""2023-06-18""}, {""amount"": 540, ""date"": ""2023-03-27""}, {""amount"": 152, ""date"": ""2023-03-08""}, {""amount"": 705, ""date"": ""2023-01-21""}, {""amount"": 279, ""date"": ""2023-11-15""}, {""amount"": 582, ""date"": ""2023-12-01""}, {""amount"": 912, ""date"": ""2023-09-18""}, {""amount"": 256, ""date"": ""2023-08-16""}, {""amount"": 347, ""date"": ""2023-11-21""}, {""amount"": 377, ""date"": ""2023-10-17""}, {""amount"": 819, ""date"": ""2023-07-29""}]",True,True,True,True,True
531,Customer_531,52.0,19611.0,15024,17,800,0,"[{""amount"": 902, ""date"": ""2023-04-29""}, {""amount"": 584, ""date"": ""2023-08-03""}, {""amount"": 560, ""date"": ""2023-12-13""}, {""amount"": 980, ""date"": ""2023-06-10""}, {""amount"": 998, ""date"": ""2023-06-11""}, {""amount"": 621, ""date"": ""2023-07-19""}, {""amount"": 507, ""date"": ""2023-05-20""}]",True,True,True,True,True
532,Customer_532,58.0,14767.0,37808,41,311,0,"[{""amount"": 263, ""date"": ""2023-06-02""}, {""amount"": 301, ""date"": ""2023-02-16""}, {""amount"": 891, ""date"": ""2023-06-21""}, {""amount"": 123, ""date"": ""2023-12-11""}, {""amount"": 234, ""date"": ""2023-10-30""}, {""amount"": 516, ""date"": ""2023-10-26""}, {""amount"": 676, ""date"": ""2023-09-18""}, {""amount"": 185, ""date"": ""2023-07-04""}, {""amount"": 771, ""date"": ""2023-06-26""}, {""amount"": 811, ""date"": ""2023-06-27""}, {""amount"": 212, ""date"": ""2023-01-13""}]",True,True,True,True,True
533,Customer_533,51.0,9278.0,37667,15,456,0,"[{""amount"": 279, ""date"": ""2023-06-08""}, {""amount"": 190, ""date"": ""2023-02-15""}, {""amount"": 763, ""date"": ""2023-07-29""}, {""amount"": 374, ""date"": ""2023-08-10""}, {""amount"": 550, ""date"": ""2023-02-18""}, {""amount"": 633, ""date"": ""2023-07-10""}]",True,True,True,True,True
534,Customer_534,46.0,3492.0,25574,15,596,0,"[{""amount"": 385, ""date"": ""2023-11-21""}, {""amount"": 269, ""date"": ""2023-10-14""}, {""amount"": 214, ""date"": ""2023-12-30""}, {""amount"": 590, ""date"": ""2023-05-11""}, {""amount"": 620, ""date"": ""2023-09-09""}, {""amount"": 349, ""date"": ""2023-06-20""}, {""amount"": 919, ""date"": ""2023-03-31""}, {""amount"": 507, ""date"": ""2023-05-09""}, {""amount"": 468, ""date"": ""2023-01-02""}]",True,True,False,True,False
535,Customer_535,22.0,5767.0,33667,36,501,0,"[{""amount"": 894, ""date"": ""2023-06-26""}, {""amount"": 276, ""date"": ""2023-01-19""}, {""amount"": 369, ""date"": ""2023-05-16""}, {""amount"": 464, ""date"": ""2023-08-18""}, {""amount"": 487, ""date"": ""2023-08-23""}, {""amount"": 790, ""date"": ""2023-03-08""}, {""amount"": 668, ""date"": ""2023-04-17""}, {""amount"": 350, ""date"": ""2023-12-03""}, {""amount"": 734, ""date"": ""2023-08-24""}, {""amount"": 856, ""date"": ""2023-06-18""}, {""amount"": 855, ""date"": ""2023-11-10""}, {""amount"": 438, ""date"": ""2023-07-14""}, {""amount"": 424, ""date"": ""2023-02-11""}, {""amount"": 205, ""date"": ""2023-07-08""}, {""amount"": 240, ""date"": ""2023-12-28""}]",True,True,False,True,False
536,Customer_536,44.0,17101.0,31722,28,762,0,"[{""amount"": 933, ""date"": ""2023-01-19""}, {""amount"": 822, ""date"": ""2023-05-12""}, {""amount"": 675, ""date"": ""2023-05-30""}, {""amount"": 523, ""date"": ""2023-01-09""}, {""amount"": 933, ""date"": ""2023-08-18""}, {""amount"": 653, ""date"": ""2023-06-10""}, {""amount"": 660, ""date"": ""2023-10-15""}, {""amount"": 710, ""date"": ""2023-12-23""}, {""amount"": 987, ""date"": ""2023-07-08""}, {""amount"": 966, ""date"": ""2023-09-29""}, {""amount"": 376, ""date"": ""2023-05-26""}, {""amount"": 779, ""date"": ""2023-11-19""}]",True,True,True,True,True
537,Customer_537,50.0,19538.0,39715,48,688,0,"[{""amount"": 162, ""date"": ""2023-04-11""}, {""amount"": 112, ""date"": ""2023-04-04""}, {""amount"": 987, ""date"": ""2023-11-01""}, {""amount"": 365, ""date"": ""2023-11-22""}, {""amount"": 521, ""date"": ""2023-03-29""}, {""amount"": 674, ""date"": ""2023-09-01""}, {""amount"": 636, ""date"": ""2023-02-27""}, {""amount"": 622, ""date"": ""2023-03-16""}, {""amount"": 492, ""date"": ""2023-09-17""}, {""amount"": 820, ""date"": ""2023-01-29""}, {""amount"": 665, ""date"": ""2023-04-18""}, {""amount"": 906, ""date"": ""2023-01-09""}, {""amount"": 224, ""date"": ""2023-11-09""}, {""amount"": 450, ""date"": ""2023-09-04""}, {""amount"": 110, ""date"": ""2023-12-08""}, {""amount"": 907, ""date"": ""2023-11-02""}, {""amount"": 199, ""date"": ""2023-06-11""}, {""amount"": 724, ""date"": ""2023-04-02""}]",True,True,True,True,True
538,Customer_538,63.0,2184.0,38464,26,665,0,"[{""amount"": 933, ""date"": ""2023-12-17""}, {""amount"": 642, ""date"": ""2023-08-29""}, {""amount"": 805, ""date"": ""2023-01-11""}, {""amount"": 221, ""date"": ""2023-04-01""}, {""amount"": 972, ""date"": ""2023-05-22""}, {""amount"": 238, ""date"": ""2023-07-08""}, {""amount"": 505, ""date"": ""2023-12-10""}, {""amount"": 176, ""date"": ""2023-10-19""}, {""amount"": 465, ""date"": ""2023-01-17""}, {""amount"": 345, ""date"": ""2023-04-18""}, {""amount"": 877, ""date"": ""2023-05-21""}, {""amount"": 227, ""date"": ""2023-09-28""}, {""amount"": 656, ""date"": ""2023-12-15""}, {""amount"": 510, ""date"": ""2023-11-15""}, {""amount"": 356, ""date"": ""2023-04-25""}, {""amount"": 319, ""date"": ""2023-07-19""}, {""amount"": 273, ""date"": ""2023-11-04""}]",True,True,False,True,False
539,Customer_539,69.0,9278.0,12295,47,427,0,"[{""amount"": 347, ""date"": ""2023-07-17""}, {""amount"": 495, ""date"": ""2023-11-18""}, {""amount"": 406, ""date"": ""2023-12-07""}, {""amount"": 323, ""date"": ""2023-10-13""}, {""amount"": 545, ""date"": ""2023-05-17""}, {""amount"": 708, ""date"": ""2023-10-11""}, {""amount"": 225, ""date"": ""2023-09-07""}, {""amount"": 132, ""date"": ""2023-02-15""}, {""amount"": 274, ""date"": ""2023-08-11""}]",True,True,True,True,True
540,Customer_540,27.0,13974.0,34626,25,390,0,"[{""amount"": 814, ""date"": ""2023-12-14""}, {""amount"": 147, ""date"": ""2023-03-10""}, {""amount"": 494, ""date"": ""2023-08-29""}, {""amount"": 828, ""date"": ""2023-02-13""}, {""amount"": 712, ""date"": ""2023-07-01""}, {""amount"": 637, ""date"": ""2023-05-13""}, {""amount"": 490, ""date"": ""2023-01-27""}, {""amount"": 617, ""date"": ""2023-06-30""}, {""amount"": 654, ""date"": ""2023-07-11""}, {""amount"": 930, ""date"": ""2023-09-23""}]",True,True,True,True,True
541,Customer_541,23.0,7074.0,6311,10,553,1,"[{""amount"": 909, ""date"": ""2023-04-03""}, {""amount"": 102, ""date"": ""2023-04-05""}, {""amount"": 190, ""date"": ""2023-05-30""}, {""amount"": 958, ""date"": ""2023-10-11""}, {""amount"": 779, ""date"": ""2023-09-13""}, {""amount"": 491, ""date"": ""2023-12-28""}, {""amount"": 337, ""date"": ""2023-08-17""}, {""amount"": 135, ""date"": ""2023-01-25""}, {""amount"": 525, ""date"": ""2023-01-26""}, {""amount"": 861, ""date"": ""2023-09-30""}, {""amount"": 879, ""date"": ""2023-08-04""}, {""amount"": 280, ""date"": ""2023-01-01""}, {""amount"": 790, ""date"": ""2023-03-28""}]",True,True,True,True,True
542,Customer_542,51.0,12430.0,7864,52,564,0,"[{""amount"": 916, ""date"": ""2023-09-16""}, {""amount"": 519, ""date"": ""2023-11-18""}, {""amount"": 228, ""date"": ""2023-01-22""}, {""amount"": 110, ""date"": ""2023-03-12""}, {""amount"": 578, ""date"": ""2023-06-30""}, {""amount"": 328, ""date"": ""2023-04-30""}, {""amount"": 965, ""date"": ""2023-10-27""}, {""amount"": 169, ""date"": ""2023-12-02""}, {""amount"": 262, ""date"": ""2023-08-25""}, {""amount"": 974, ""date"": ""2023-06-06""}, {""amount"": 847, ""date"": ""2023-04-12""}, {""amount"": 954, ""date"": ""2023-09-17""}, {""amount"": 230, ""date"": ""2023-12-11""}, {""amount"": 170, ""date"": ""2023-09-19""}, {""amount"": 411, ""date"": ""2023-06-23""}, {""amount"": 223, ""date"": ""2023-03-08""}, {""amount"": 562, ""date"": ""2023-05-15""}, {""amount"": 168, ""date"": ""2023-05-22""}]",True,True,True,True,True
543,Customer_543,25.0,9726.0,12147,21,593,0,"[{""amount"": 774, ""date"": ""2023-08-29""}, {""amount"": 280, ""date"": ""2023-06-21""}, {""amount"": 271, ""date"": ""2023-12-09""}, {""amount"": 717, ""date"": ""2023-08-12""}, {""amount"": 129, ""date"": ""2023-07-08""}, {""amount"": 873, ""date"": ""2023-01-28""}, {""amount"": 650, ""date"": ""2023-02-08""}]",True,True,True,True,True
544,Customer_544,48.0,15051.0,42251,39,526,0,"[{""amount"": 673, ""date"": ""2023-01-27""}, {""amount"": 896, ""date"": ""2023-04-28""}, {""amount"": 890, ""date"": ""2023-04-19""}, {""amount"": 991, ""date"": ""2023-12-01""}, {""amount"": 470, ""date"": ""2023-01-09""}, {""amount"": 651, ""date"": ""2023-07-02""}, {""amount"": 409, ""date"": ""2023-04-30""}, {""amount"": 622, ""date"": ""2023-05-24""}, {""amount"": 820, ""date"": ""2023-02-23""}, {""amount"": 205, ""date"": ""2023-11-23""}]",True,True,True,True,True
545,Customer_545,26.0,7209.0,37293,6,402,0,"[{""amount"": 372, ""date"": ""2023-05-26""}, {""amount"": 976, ""date"": ""2023-04-04""}, {""amount"": 508, ""date"": ""2023-06-09""}, {""amount"": 327, ""date"": ""2023-08-29""}, {""amount"": 114, ""date"": ""2023-11-27""}, {""amount"": 512, ""date"": ""2023-09-21""}, {""amount"": 446, ""date"": ""2023-11-15""}, {""amount"": 641, ""date"": ""2023-12-23""}, {""amount"": 304, ""date"": ""2023-12-23""}, {""amount"": 845, ""date"": ""2023-07-13""}, {""amount"": 629, ""date"": ""2023-10-17""}, {""amount"": 960, ""date"": ""2023-01-30""}, {""amount"": 669, ""date"": ""2023-08-05""}, {""amount"": 353, ""date"": ""2023-08-30""}, {""amount"": 556, ""date"": ""2023-11-09""}, {""amount"": 697, ""date"": ""2023-05-27""}, {""amount"": 155, ""date"": ""2023-11-25""}]",True,True,False,True,False
546,Customer_546,38.0,8462.0,23087,53,742,0,"[{""amount"": 631, ""date"": ""2023-07-14""}, {""amount"": 651, ""date"": ""2023-03-01""}, {""amount"": 119, ""date"": ""2023-06-30""}, {""amount"": 753, ""date"": ""2023-01-28""}, {""amount"": 733, ""date"": ""2023-09-12""}, {""amount"": 948, ""date"": ""2023-10-01""}, {""amount"": 178, ""date"": ""2023-06-01""}, {""amount"": 507, ""date"": ""2023-12-23""}]",True,True,True,True,True
547,Customer_547,25.0,18677.0,26516,21,545,0,"[{""amount"": 571, ""date"": ""2023-11-30""}, {""amount"": 203, ""date"": ""2023-01-15""}, {""amount"": 613, ""date"": ""2023-06-27""}, {""amount"": 117, ""date"": ""2023-10-26""}, {""amount"": 237, ""date"": ""2023-09-30""}, {""amount"": 431, ""date"": ""2023-06-16""}]",True,True,True,True,True
548,Customer_548,21.0,16495.0,16092,19,575,0,"[{""amount"": 553, ""date"": ""2023-11-09""}, {""amount"": 896, ""date"": ""2023-10-30""}, {""amount"": 413, ""date"": ""2023-05-02""}, {""amount"": 267, ""date"": ""2023-04-21""}, {""amount"": 719, ""date"": ""2023-01-05""}, {""amount"": 971, ""date"": ""2023-08-13""}, {""amount"": 345, ""date"": ""2023-08-28""}, {""amount"": 388, ""date"": ""2023-03-09""}, {""amount"": 597, ""date"": ""2023-06-25""}, {""amount"": 961, ""date"": ""2023-03-14""}, {""amount"": 744, ""date"": ""2023-09-21""}]",True,True,True,True,True
549,Customer_549,39.0,6983.0,41299,15,720,0,"[{""amount"": 119, ""date"": ""2023-09-18""}, {""amount"": 807, ""date"": ""2023-04-16""}, {""amount"": 806, ""date"": ""2023-01-10""}, {""amount"": 821, ""date"": ""2023-06-06""}, {""amount"": 836, ""date"": ""2023-04-05""}, {""amount"": 647, ""date"": ""2023-10-04""}, {""amount"": 609, ""date"": ""2023-06-25""}, {""amount"": 962, ""date"": ""2023-08-23""}, {""amount"": 648, ""date"": ""2023-07-07""}, {""amount"": 188, ""date"": ""2023-07-26""}, {""amount"": 151, ""date"": ""2023-09-06""}, {""amount"": 237, ""date"": ""2023-07-01""}, {""amount"": 851, ""date"": ""2023-12-14""}, {""amount"": 887, ""date"": ""2023-10-21""}, {""amount"": 975, ""date"": ""2023-01-18""}, {""amount"": 238, ""date"": ""2023-08-22""}, {""amount"": 415, ""date"": ""2023-03-02""}, {""amount"": 916, ""date"": ""2023-09-13""}, {""amount"": 127, ""date"": ""2023-09-19""}]",True,True,False,True,False
550,Customer_550,45.0,10092.0,19668,55,630,0,"[{""amount"": 232, ""date"": ""2023-02-03""}, {""amount"": 184, ""date"": ""2023-10-24""}, {""amount"": 443, ""date"": ""2023-07-27""}, {""amount"": 619, ""date"": ""2023-06-23""}, {""amount"": 266, ""date"": ""2023-11-01""}, {""amount"": 315, ""date"": ""2023-03-18""}, {""amount"": 312, ""date"": ""2023-09-12""}, {""amount"": 880, ""date"": ""2023-12-15""}, {""amount"": 647, ""date"": ""2023-10-22""}, {""amount"": 181, ""date"": ""2023-07-03""}, {""amount"": 352, ""date"": ""2023-11-18""}, {""amount"": 279, ""date"": ""2023-09-26""}, {""amount"": 108, ""date"": ""2023-07-15""}, {""amount"": 673, ""date"": ""2023-06-14""}, {""amount"": 241, ""date"": ""2023-08-04""}, {""amount"": 427, ""date"": ""2023-02-23""}, {""amount"": 706, ""date"": ""2023-10-20""}, {""amount"": 942, ""date"": ""2023-01-06""}]",True,True,True,True,True
551,Customer_551,62.0,11576.0,43520,48,605,1,"[{""amount"": 742, ""date"": ""2023-10-03""}, {""amount"": 669, ""date"": ""2023-01-04""}, {""amount"": 606, ""date"": ""2023-03-30""}, {""amount"": 430, ""date"": ""2023-12-09""}, {""amount"": 613, ""date"": ""2023-10-12""}, {""amount"": 479, ""date"": ""2023-06-07""}, {""amount"": 965, ""date"": ""2023-01-23""}, {""amount"": 236, ""date"": ""2023-04-23""}, {""amount"": 781, ""date"": ""2023-07-31""}, {""amount"": 122, ""date"": ""2023-08-22""}, {""amount"": 940, ""date"": ""2023-06-27""}, {""amount"": 683, ""date"": ""2023-03-06""}]",True,True,True,True,True
552,Customer_552,21.0,14271.0,9466,16,560,1,"[{""amount"": 297, ""date"": ""2023-08-30""}, {""amount"": 363, ""date"": ""2023-03-02""}, {""amount"": 799, ""date"": ""2023-10-22""}, {""amount"": 460, ""date"": ""2023-05-14""}, {""amount"": 903, ""date"": ""2023-08-05""}, {""amount"": 218, ""date"": ""2023-01-11""}, {""amount"": 928, ""date"": ""2023-04-18""}, {""amount"": 301, ""date"": ""2023-07-06""}, {""amount"": 889, ""date"": ""2023-09-30""}, {""amount"": 145, ""date"": ""2023-04-26""}, {""amount"": 308, ""date"": ""2023-12-29""}, {""amount"": 537, ""date"": ""2023-06-19""}, {""amount"": 893, ""date"": ""2023-09-02""}, {""amount"": 518, ""date"": ""2023-03-09""}, {""amount"": 351, ""date"": ""2023-05-31""}, {""amount"": 193, ""date"": ""2023-06-30""}, {""amount"": 508, ""date"": ""2023-10-17""}]",True,True,True,True,True
553,Customer_553,56.0,5869.0,37731,55,772,0,"[{""amount"": 444, ""date"": ""2023-10-22""}, {""amount"": 175, ""date"": ""2023-07-10""}, {""amount"": 718, ""date"": ""2023-08-05""}, {""amount"": 853, ""date"": ""2023-01-08""}, {""amount"": 200, ""date"": ""2023-05-20""}, {""amount"": 228, ""date"": ""2023-01-06""}, {""amount"": 109, ""date"": ""2023-03-11""}, {""amount"": 782, ""date"": ""2023-09-28""}]",True,True,False,True,False
554,Customer_554,38.0,5796.0,26423,45,569,1,"[{""amount"": 394, ""date"": ""2023-10-17""}, {""amount"": 135, ""date"": ""2023-05-17""}, {""amount"": 579, ""date"": ""2023-01-03""}, {""amount"": 136, ""date"": ""2023-01-21""}, {""amount"": 209, ""date"": ""2023-06-08""}, {""amount"": 429, ""date"": ""2023-06-11""}, {""amount"": 971, ""date"": ""2023-03-24""}, {""amount"": 840, ""date"": ""2023-06-28""}, {""amount"": 391, ""date"": ""2023-07-10""}, {""amount"": 845, ""date"": ""2023-07-22""}, {""amount"": 687, ""date"": ""2023-03-11""}]",True,True,True,True,True
555,Customer_555,25.0,7393.0,42177,40,735,0,"[{""amount"": 860, ""date"": ""2023-08-09""}, {""amount"": 456, ""date"": ""2023-12-25""}, {""amount"": 538, ""date"": ""2023-06-13""}, {""amount"": 440, ""date"": ""2023-12-21""}, {""amount"": 944, ""date"": ""2023-07-09""}, {""amount"": 353, ""date"": ""2023-06-16""}, {""amount"": 736, ""date"": ""2023-03-13""}, {""amount"": 595, ""date"": ""2023-09-25""}, {""amount"": 313, ""date"": ""2023-03-27""}, {""amount"": 818, ""date"": ""2023-05-20""}, {""amount"": 357, ""date"": ""2023-05-21""}, {""amount"": 654, ""date"": ""2023-10-07""}, {""amount"": 297, ""date"": ""2023-02-07""}, {""amount"": 240, ""date"": ""2023-02-21""}, {""amount"": 438, ""date"": ""2023-01-25""}]",True,True,False,True,False
556,Customer_556,37.0,13943.0,38292,45,700,0,"[{""amount"": 628, ""date"": ""2023-01-16""}, {""amount"": 754, ""date"": ""2023-12-24""}, {""amount"": 264, ""date"": ""2023-12-10""}, {""amount"": 775, ""date"": ""2023-05-29""}, {""amount"": 410, ""date"": ""2023-04-17""}, {""amount"": 355, ""date"": ""2023-09-05""}, {""amount"": 299, ""date"": ""2023-07-09""}, {""amount"": 216, ""date"": ""2023-09-24""}, {""amount"": 705, ""date"": ""2023-06-05""}]",True,True,True,True,True
557,Customer_557,49.0,3506.0,27951,54,739,0,"[{""amount"": 711, ""date"": ""2023-02-02""}, {""amount"": 235, ""date"": ""2023-05-02""}, {""amount"": 274, ""date"": ""2023-02-24""}, {""amount"": 506, ""date"": ""2023-08-21""}, {""amount"": 888, ""date"": ""2023-03-10""}, {""amount"": 866, ""date"": ""2023-12-23""}, {""amount"": 260, ""date"": ""2023-03-06""}, {""amount"": 951, ""date"": ""2023-05-25""}, {""amount"": 399, ""date"": ""2023-11-20""}]",True,True,False,True,False
558,Customer_558,18.0,17920.0,13095,50,404,0,"[{""amount"": 597, ""date"": ""2023-07-27""}, {""amount"": 821, ""date"": ""2023-11-29""}, {""amount"": 646, ""date"": ""2023-10-27""}, {""amount"": 412, ""date"": ""2023-11-17""}, {""amount"": 788, ""date"": ""2023-04-10""}]",True,True,True,True,True
559,Customer_559,23.0,16550.0,14839,50,361,0,"[{""amount"": 606, ""date"": ""2023-09-05""}, {""amount"": 892, ""date"": ""2023-03-26""}, {""amount"": 528, ""date"": ""2023-03-29""}, {""amount"": 659, ""date"": ""2023-09-19""}, {""amount"": 344, ""date"": ""2023-11-06""}]",True,True,True,True,True
560,Customer_560,45.0,9213.0,10789,48,654,0,"[{""amount"": 212, ""date"": ""2023-06-30""}, {""amount"": 840, ""date"": ""2023-12-14""}, {""amount"": 943, ""date"": ""2023-03-18""}, {""amount"": 979, ""date"": ""2023-05-02""}, {""amount"": 802, ""date"": ""2023-06-24""}, {""amount"": 881, ""date"": ""2023-01-27""}, {""amount"": 399, ""date"": ""2023-06-19""}]",True,True,True,True,True
561,Customer_561,61.0,3146.0,44351,7,573,0,"[{""amount"": 138, ""date"": ""2023-01-19""}, {""amount"": 269, ""date"": ""2023-06-05""}, {""amount"": 489, ""date"": ""2023-11-13""}, {""amount"": 110, ""date"": ""2023-08-12""}, {""amount"": 382, ""date"": ""2023-05-30""}, {""amount"": 251, ""date"": ""2023-03-27""}, {""amount"": 563, ""date"": ""2023-02-18""}, {""amount"": 229, ""date"": ""2023-11-08""}, {""amount"": 442, ""date"": ""2023-07-09""}, {""amount"": 786, ""date"": ""2023-03-15""}, {""amount"": 812, ""date"": ""2023-01-13""}, {""amount"": 703, ""date"": ""2023-09-17""}, {""amount"": 177, ""date"": ""2023-07-01""}, {""amount"": 522, ""date"": ""2023-08-17""}, {""amount"": 670, ""date"": ""2023-06-30""}, {""amount"": 839, ""date"": ""2023-03-07""}, {""amount"": 207, ""date"": ""2023-12-03""}]",True,True,False,True,False
562,Customer_562,48.0,4737.0,40265,14,836,0,"[{""amount"": 113, ""date"": ""2023-01-09""}, {""amount"": 470, ""date"": ""2023-11-22""}, {""amount"": 332, ""date"": ""2023-02-24""}, {""amount"": 567, ""date"": ""2023-08-28""}, {""amount"": 991, ""date"": ""2023-06-28""}, {""amount"": 835, ""date"": ""2023-10-22""}, {""amount"": 950, ""date"": ""2023-12-30""}, {""amount"": 754, ""date"": ""2023-06-09""}, {""amount"": 858, ""date"": ""2023-06-10""}, {""amount"": 131, ""date"": ""2023-03-23""}, {""amount"": 932, ""date"": ""2023-05-29""}, {""amount"": 366, ""date"": ""2023-12-05""}, {""amount"": 323, ""date"": ""2023-04-27""}, {""amount"": 641, ""date"": ""2023-08-13""}, {""amount"": 242, ""date"": ""2023-06-10""}]",True,True,False,True,False
563,Customer_563,27.0,17708.0,47277,6,521,0,"[{""amount"": 341, ""date"": ""2023-07-26""}, {""amount"": 344, ""date"": ""2023-06-29""}, {""amount"": 157, ""date"": ""2023-04-22""}, {""amount"": 500, ""date"": ""2023-09-03""}, {""amount"": 462, ""date"": ""2023-09-25""}, {""amount"": 137, ""date"": ""2023-06-12""}, {""amount"": 645, ""date"": ""2023-10-06""}, {""amount"": 202, ""date"": ""2023-01-17""}, {""amount"": 729, ""date"": ""2023-10-20""}, {""amount"": 804, ""date"": ""2023-03-19""}, {""amount"": 957, ""date"": ""2023-09-12""}, {""amount"": 690, ""date"": ""2023-10-16""}, {""amount"": 637, ""date"": ""2023-09-02""}, {""amount"": 235, ""date"": ""2023-03-05""}, {""amount"": 560, ""date"": ""2023-05-25""}, {""amount"": 396, ""date"": ""2023-01-06""}, {""amount"": 727, ""date"": ""2023-06-19""}]",True,True,True,True,True
564,Customer_564,37.0,19729.0,19848,17,503,0,"[{""amount"": 569, ""date"": ""2023-10-10""}, {""amount"": 429, ""date"": ""2023-09-11""}, {""amount"": 794, ""date"": ""2023-11-25""}, {""amount"": 937, ""date"": ""2023-08-09""}, {""amount"": 630, ""date"": ""2023-06-06""}, {""amount"": 392, ""date"": ""2023-02-13""}, {""amount"": 702, ""date"": ""2023-01-05""}, {""amount"": 457, ""date"": ""2023-11-21""}, {""amount"": 811, ""date"": ""2023-11-09""}, {""amount"": 806, ""date"": ""2023-04-16""}, {""amount"": 331, ""date"": ""2023-04-04""}, {""amount"": 798, ""date"": ""2023-05-17""}, {""amount"": 893, ""date"": ""2023-05-25""}, {""amount"": 883, ""date"": ""2023-10-26""}, {""amount"": 743, ""date"": ""2023-01-21""}, {""amount"": 386, ""date"": ""2023-12-13""}, {""amount"": 718, ""date"": ""2023-06-29""}, {""amount"": 502, ""date"": ""2023-07-19""}]",True,True,True,True,True
565,Customer_565,25.0,3365.0,13983,32,346,0,"[{""amount"": 203, ""date"": ""2023-09-02""}, {""amount"": 951, ""date"": ""2023-01-31""}, {""amount"": 471, ""date"": ""2023-03-07""}, {""amount"": 966, ""date"": ""2023-07-17""}, {""amount"": 296, ""date"": ""2023-10-18""}, {""amount"": 154, ""date"": ""2023-04-01""}, {""amount"": 589, ""date"": ""2023-01-24""}, {""amount"": 971, ""date"": ""2023-10-14""}, {""amount"": 850, ""date"": ""2023-06-02""}, {""amount"": 389, ""date"": ""2023-08-22""}, {""amount"": 256, ""date"": ""2023-09-22""}, {""amount"": 983, ""date"": ""2023-07-07""}, {""amount"": 452, ""date"": ""2023-12-12""}, {""amount"": 748, ""date"": ""2023-01-10""}, {""amount"": 638, ""date"": ""2023-07-18""}, {""amount"": 720, ""date"": ""2023-09-01""}, {""amount"": 218, ""date"": ""2023-03-29""}]",True,True,True,True,True
566,Customer_566,39.0,15856.0,10005,36,468,0,"[{""amount"": 256, ""date"": ""2023-11-21""}, {""amount"": 963, ""date"": ""2023-08-02""}, {""amount"": 177, ""date"": ""2023-06-02""}, {""amount"": 160, ""date"": ""2023-04-07""}, {""amount"": 296, ""date"": ""2023-04-11""}, {""amount"": 153, ""date"": ""2023-09-07""}, {""amount"": 857, ""date"": ""2023-11-19""}, {""amount"": 596, ""date"": ""2023-03-27""}, {""amount"": 809, ""date"": ""2023-01-27""}, {""amount"": 834, ""date"": ""2023-09-25""}, {""amount"": 829, ""date"": ""2023-06-16""}, {""amount"": 537, ""date"": ""2023-12-29""}, {""amount"": 734, ""date"": ""2023-03-15""}, {""amount"": 380, ""date"": ""2023-12-12""}, {""amount"": 922, ""date"": ""2023-07-15""}]",True,True,True,True,True
567,Customer_567,55.0,18371.0,37904,49,467,0,"[{""amount"": 794, ""date"": ""2023-12-13""}, {""amount"": 891, ""date"": ""2023-04-06""}, {""amount"": 175, ""date"": ""2023-08-26""}, {""amount"": 582, ""date"": ""2023-08-16""}, {""amount"": 685, ""date"": ""2023-11-10""}, {""amount"": 305, ""date"": ""2023-02-11""}, {""amount"": 591, ""date"": ""2023-05-23""}, {""amount"": 235, ""date"": ""2023-06-13""}, {""amount"": 154, ""date"": ""2023-10-29""}, {""amount"": 166, ""date"": ""2023-11-09""}, {""amount"": 374, ""date"": ""2023-08-22""}, {""amount"": 324, ""date"": ""2023-07-23""}, {""amount"": 260, ""date"": ""2023-03-03""}, {""amount"": 408, ""date"": ""2023-09-20""}]",True,True,True,True,True
568,Customer_568,46.0,4170.0,19804,48,811,0,"[{""amount"": 589, ""date"": ""2023-05-18""}, {""amount"": 586, ""date"": ""2023-06-22""}, {""amount"": 623, ""date"": ""2023-08-02""}, {""amount"": 695, ""date"": ""2023-01-27""}, {""amount"": 464, ""date"": ""2023-08-30""}, {""amount"": 972, ""date"": ""2023-11-16""}, {""amount"": 907, ""date"": ""2023-03-04""}]",True,True,True,True,True
569,Customer_569,26.0,7222.0,19389,25,663,0,"[{""amount"": 610, ""date"": ""2023-02-27""}, {""amount"": 105, ""date"": ""2023-04-01""}, {""amount"": 893, ""date"": ""2023-06-10""}, {""amount"": 848, ""date"": ""2023-07-29""}, {""amount"": 360, ""date"": ""2023-03-11""}]",True,True,True,True,True
570,Customer_570,61.0,18473.0,7258,27,582,0,"[{""amount"": 117, ""date"": ""2023-02-20""}, {""amount"": 867, ""date"": ""2023-09-26""}, {""amount"": 112, ""date"": ""2023-05-10""}, {""amount"": 918, ""date"": ""2023-08-18""}, {""amount"": 412, ""date"": ""2023-08-04""}, {""amount"": 874, ""date"": ""2023-09-24""}, {""amount"": 301, ""date"": ""2023-08-02""}, {""amount"": 860, ""date"": ""2023-12-14""}, {""amount"": 667, ""date"": ""2023-12-03""}]",True,True,True,True,True
571,Customer_571,64.0,5185.0,49813,53,622,0,"[{""amount"": 447, ""date"": ""2023-02-14""}, {""amount"": 686, ""date"": ""2023-01-30""}, {""amount"": 841, ""date"": ""2023-01-28""}, {""amount"": 384, ""date"": ""2023-12-07""}, {""amount"": 708, ""date"": ""2023-04-28""}, {""amount"": 816, ""date"": ""2023-05-03""}, {""amount"": 661, ""date"": ""2023-03-09""}, {""amount"": 531, ""date"": ""2023-11-28""}, {""amount"": 378, ""date"": ""2023-11-26""}, {""amount"": 411, ""date"": ""2023-01-18""}, {""amount"": 762, ""date"": ""2023-07-18""}]",True,True,False,True,False
572,Customer_572,18.0,10347.0,19728,7,352,0,"[{""amount"": 631, ""date"": ""2023-04-01""}, {""amount"": 443, ""date"": ""2023-12-30""}, {""amount"": 927, ""date"": ""2023-12-07""}, {""amount"": 793, ""date"": ""2023-06-22""}, {""amount"": 322, ""date"": ""2023-06-21""}, {""amount"": 965, ""date"": ""2023-01-01""}, {""amount"": 819, ""date"": ""2023-12-29""}, {""amount"": 323, ""date"": ""2023-12-15""}, {""amount"": 491, ""date"": ""2023-08-10""}, {""amount"": 881, ""date"": ""2023-12-13""}, {""amount"": 842, ""date"": ""2023-03-10""}, {""amount"": 721, ""date"": ""2023-08-16""}]",True,True,True,True,True
573,Customer_573,58.0,3537.0,49422,24,747,0,"[{""amount"": 621, ""date"": ""2023-11-23""}, {""amount"": 777, ""date"": ""2023-02-05""}, {""amount"": 882, ""date"": ""2023-05-27""}, {""amount"": 920, ""date"": ""2023-07-17""}, {""amount"": 951, ""date"": ""2023-06-22""}, {""amount"": 689, ""date"": ""2023-11-15""}]",True,True,False,True,False
574,Customer_574,69.0,4313.0,29987,34,672,0,"[{""amount"": 341, ""date"": ""2023-07-01""}, {""amount"": 511, ""date"": ""2023-10-08""}, {""amount"": 773, ""date"": ""2023-05-13""}, {""amount"": 349, ""date"": ""2023-10-28""}, {""amount"": 176, ""date"": ""2023-10-11""}, {""amount"": 433, ""date"": ""2023-03-20""}, {""amount"": 165, ""date"": ""2023-01-24""}, {""amount"": 362, ""date"": ""2023-08-17""}, {""amount"": 798, ""date"": ""2023-07-15""}]",True,True,False,True,False
575,Customer_575,56.0,14403.0,16429,17,843,0,"[{""amount"": 407, ""date"": ""2023-05-12""}, {""amount"": 928, ""date"": ""2023-12-25""}, {""amount"": 848, ""date"": ""2023-11-21""}, {""amount"": 927, ""date"": ""2023-10-14""}, {""amount"": 878, ""date"": ""2023-11-23""}, {""amount"": 586, ""date"": ""2023-06-09""}, {""amount"": 275, ""date"": ""2023-05-01""}, {""amount"": 836, ""date"": ""2023-03-05""}]",True,True,True,True,True
576,Customer_576,43.0,3873.0,38187,55,396,0,"[{""amount"": 537, ""date"": ""2023-01-26""}, {""amount"": 958, ""date"": ""2023-09-04""}, {""amount"": 937, ""date"": ""2023-01-04""}, {""amount"": 183, ""date"": ""2023-08-17""}, {""amount"": 101, ""date"": ""2023-05-14""}, {""amount"": 143, ""date"": ""2023-04-18""}, {""amount"": 883, ""date"": ""2023-05-21""}, {""amount"": 411, ""date"": ""2023-09-09""}, {""amount"": 733, ""date"": ""2023-05-17""}, {""amount"": 586, ""date"": ""2023-07-01""}, {""amount"": 707, ""date"": ""2023-06-19""}, {""amount"": 732, ""date"": ""2023-01-08""}, {""amount"": 148, ""date"": ""2023-12-26""}]",True,True,False,True,False
577,Customer_577,28.0,14683.0,37296,58,496,0,"[{""amount"": 364, ""date"": ""2023-06-23""}, {""amount"": 953, ""date"": ""2023-01-07""}, {""amount"": 607, ""date"": ""2023-07-21""}, {""amount"": 261, ""date"": ""2023-05-21""}, {""amount"": 599, ""date"": ""2023-08-28""}, {""amount"": 598, ""date"": ""2023-09-16""}, {""amount"": 575, ""date"": ""2023-10-11""}, {""amount"": 475, ""date"": ""2023-04-11""}, {""amount"": 988, ""date"": ""2023-09-29""}, {""amount"": 141, ""date"": ""2023-10-22""}, {""amount"": 396, ""date"": ""2023-05-30""}, {""amount"": 342, ""date"": ""2023-08-30""}, {""amount"": 579, ""date"": ""2023-05-17""}, {""amount"": 784, ""date"": ""2023-07-20""}, {""amount"": 934, ""date"": ""2023-05-25""}, {""amount"": 268, ""date"": ""2023-01-19""}, {""amount"": 729, ""date"": ""2023-04-26""}, {""amount"": 637, ""date"": ""2023-03-10""}]",True,True,True,True,True
578,Customer_578,69.0,4295.0,44262,45,455,0,"[{""amount"": 997, ""date"": ""2023-05-14""}, {""amount"": 934, ""date"": ""2023-09-16""}, {""amount"": 144, ""date"": ""2023-02-09""}, {""amount"": 149, ""date"": ""2023-12-03""}, {""amount"": 117, ""date"": ""2023-12-07""}, {""amount"": 306, ""date"": ""2023-12-07""}, {""amount"": 389, ""date"": ""2023-05-17""}, {""amount"": 341, ""date"": ""2023-08-05""}, {""amount"": 253, ""date"": ""2023-04-10""}]",True,True,False,True,False
579,Customer_579,52.0,7955.0,5972,15,452,0,"[{""amount"": 351, ""date"": ""2023-05-14""}, {""amount"": 784, ""date"": ""2023-07-04""}, {""amount"": 517, ""date"": ""2023-12-17""}, {""amount"": 262, ""date"": ""2023-01-30""}, {""amount"": 994, ""date"": ""2023-09-26""}, {""amount"": 398, ""date"": ""2023-03-13""}, {""amount"": 599, ""date"": ""2023-11-21""}]",True,True,True,True,True
580,Customer_580,41.0,19700.0,37185,30,850,0,"[{""amount"": 676, ""date"": ""2023-03-06""}, {""amount"": 906, ""date"": ""2023-06-27""}, {""amount"": 813, ""date"": ""2023-08-01""}, {""amount"": 684, ""date"": ""2023-02-18""}, {""amount"": 682, ""date"": ""2023-11-08""}, {""amount"": 888, ""date"": ""2023-12-31""}, {""amount"": 101, ""date"": ""2023-12-28""}, {""amount"": 872, ""date"": ""2023-12-15""}, {""amount"": 165, ""date"": ""2023-12-06""}, {""amount"": 274, ""date"": ""2023-08-11""}, {""amount"": 422, ""date"": ""2023-02-17""}, {""amount"": 818, ""date"": ""2023-09-06""}, {""amount"": 372, ""date"": ""2023-03-17""}, {""amount"": 504, ""date"": ""2023-07-22""}, {""amount"": 460, ""date"": ""2023-05-02""}, {""amount"": 242, ""date"": ""2023-06-16""}]",True,True,True,True,True
581,Customer_581,50.0,10211.0,23733,10,455,0,"[{""amount"": 113, ""date"": ""2023-02-16""}, {""amount"": 607, ""date"": ""2023-09-14""}, {""amount"": 107, ""date"": ""2023-05-05""}, {""amount"": 869, ""date"": ""2023-05-27""}, {""amount"": 144, ""date"": ""2023-11-20""}, {""amount"": 530, ""date"": ""2023-11-19""}, {""amount"": 736, ""date"": ""2023-10-02""}, {""amount"": 262, ""date"": ""2023-02-21""}, {""amount"": 591, ""date"": ""2023-11-20""}, {""amount"": 909, ""date"": ""2023-10-22""}, {""amount"": 980, ""date"": ""2023-10-13""}, {""amount"": 677, ""date"": ""2023-02-22""}, {""amount"": 131, ""date"": ""2023-06-05""}, {""amount"": 995, ""date"": ""2023-01-09""}, {""amount"": 757, ""date"": ""2023-10-08""}, {""amount"": 618, ""date"": ""2023-04-21""}]",True,True,True,True,True
582,Customer_582,37.0,3007.0,8920,32,526,0,"[{""amount"": 190, ""date"": ""2023-05-20""}, {""amount"": 544, ""date"": ""2023-03-29""}, {""amount"": 595, ""date"": ""2023-07-24""}, {""amount"": 195, ""date"": ""2023-08-12""}, {""amount"": 436, ""date"": ""2023-01-30""}, {""amount"": 827, ""date"": ""2023-04-20""}, {""amount"": 392, ""date"": ""2023-08-29""}, {""amount"": 957, ""date"": ""2023-12-24""}, {""amount"": 501, ""date"": ""2023-06-23""}, {""amount"": 218, ""date"": ""2023-11-12""}, {""amount"": 102, ""date"": ""2023-12-24""}]",True,True,True,True,True
583,Customer_583,44.0,6820.0,32962,58,343,0,"[{""amount"": 830, ""date"": ""2023-01-10""}, {""amount"": 780, ""date"": ""2023-06-05""}, {""amount"": 583, ""date"": ""2023-08-23""}, {""amount"": 432, ""date"": ""2023-09-20""}, {""amount"": 211, ""date"": ""2023-07-28""}, {""amount"": 183, ""date"": ""2023-02-22""}, {""amount"": 652, ""date"": ""2023-06-25""}, {""amount"": 981, ""date"": ""2023-06-09""}, {""amount"": 291, ""date"": ""2023-03-20""}, {""amount"": 880, ""date"": ""2023-03-14""}, {""amount"": 380, ""date"": ""2023-04-26""}, {""amount"": 113, ""date"": ""2023-05-18""}, {""amount"": 714, ""date"": ""2023-03-15""}, {""amount"": 466, ""date"": ""2023-12-22""}, {""amount"": 934, ""date"": ""2023-11-10""}, {""amount"": 652, ""date"": ""2023-03-29""}, {""amount"": 794, ""date"": ""2023-12-23""}, {""amount"": 816, ""date"": ""2023-04-09""}, {""amount"": 576, ""date"": ""2023-09-27""}]",True,True,True,True,True
584,Customer_584,32.0,18062.0,45087,49,820,0,"[{""amount"": 686, ""date"": ""2023-12-02""}, {""amount"": 398, ""date"": ""2023-12-17""}, {""amount"": 527, ""date"": ""2023-10-05""}, {""amount"": 935, ""date"": ""2023-07-24""}, {""amount"": 630, ""date"": ""2023-05-26""}, {""amount"": 706, ""date"": ""2023-07-06""}, {""amount"": 778, ""date"": ""2023-12-07""}, {""amount"": 821, ""date"": ""2023-02-15""}, {""amount"": 388, ""date"": ""2023-11-14""}]",True,True,True,True,True
585,Customer_585,50.0,18592.0,24198,60,793,1,"[{""amount"": 391, ""date"": ""2023-08-03""}, {""amount"": 279, ""date"": ""2023-05-12""}, {""amount"": 280, ""date"": ""2023-06-05""}, {""amount"": 761, ""date"": ""2023-08-20""}, {""amount"": 158, ""date"": ""2023-01-22""}, {""amount"": 630, ""date"": ""2023-10-07""}, {""amount"": 598, ""date"": ""2023-07-27""}, {""amount"": 483, ""date"": ""2023-06-03""}, {""amount"": 410, ""date"": ""2023-07-26""}]",True,True,True,True,True
586,Customer_586,69.0,4233.0,5746,27,588,0,"[{""amount"": 380, ""date"": ""2023-01-05""}, {""amount"": 226, ""date"": ""2023-12-03""}, {""amount"": 461, ""date"": ""2023-08-16""}, {""amount"": 872, ""date"": ""2023-08-04""}, {""amount"": 602, ""date"": ""2023-03-31""}]",True,True,True,True,True
587,Customer_587,24.0,18005.0,5968,20,748,0,"[{""amount"": 832, ""date"": ""2023-11-30""}, {""amount"": 150, ""date"": ""2023-07-20""}, {""amount"": 192, ""date"": ""2023-03-09""}, {""amount"": 612, ""date"": ""2023-10-01""}, {""amount"": 849, ""date"": ""2023-11-30""}, {""amount"": 749, ""date"": ""2023-05-21""}, {""amount"": 492, ""date"": ""2023-03-04""}, {""amount"": 567, ""date"": ""2023-03-10""}, {""amount"": 337, ""date"": ""2023-09-25""}, {""amount"": 641, ""date"": ""2023-10-15""}, {""amount"": 125, ""date"": ""2023-04-15""}, {""amount"": 516, ""date"": ""2023-04-17""}, {""amount"": 449, ""date"": ""2023-09-06""}]",True,True,True,True,True
588,Customer_588,51.0,4326.0,45951,35,828,0,"[{""amount"": 356, ""date"": ""2023-05-22""}, {""amount"": 859, ""date"": ""2023-11-27""}, {""amount"": 575, ""date"": ""2023-01-29""}, {""amount"": 552, ""date"": ""2023-06-25""}, {""amount"": 534, ""date"": ""2023-04-28""}, {""amount"": 521, ""date"": ""2023-02-01""}, {""amount"": 580, ""date"": ""2023-10-01""}, {""amount"": 860, ""date"": ""2023-02-11""}, {""amount"": 732, ""date"": ""2023-04-26""}, {""amount"": 404, ""date"": ""2023-07-18""}]",True,True,False,True,False
589,Customer_589,62.0,19800.0,36734,7,417,0,"[{""amount"": 958, ""date"": ""2023-05-03""}, {""amount"": 143, ""date"": ""2023-01-26""}, {""amount"": 954, ""date"": ""2023-06-22""}, {""amount"": 966, ""date"": ""2023-10-17""}, {""amount"": 517, ""date"": ""2023-03-18""}, {""amount"": 186, ""date"": ""2023-10-18""}, {""amount"": 992, ""date"": ""2023-03-27""}, {""amount"": 366, ""date"": ""2023-03-08""}, {""amount"": 288, ""date"": ""2023-03-16""}, {""amount"": 901, ""date"": ""2023-10-14""}, {""amount"": 596, ""date"": ""2023-11-24""}, {""amount"": 979, ""date"": ""2023-06-06""}, {""amount"": 323, ""date"": ""2023-05-05""}, {""amount"": 366, ""date"": ""2023-05-15""}]",True,True,True,True,True
590,Customer_590,68.0,3193.0,23896,20,631,0,"[{""amount"": 327, ""date"": ""2023-03-29""}, {""amount"": 231, ""date"": ""2023-09-26""}, {""amount"": 448, ""date"": ""2023-05-12""}, {""amount"": 652, ""date"": ""2023-05-12""}, {""amount"": 954, ""date"": ""2023-06-01""}, {""amount"": 134, ""date"": ""2023-08-26""}, {""amount"": 353, ""date"": ""2023-07-12""}, {""amount"": 983, ""date"": ""2023-08-20""}, {""amount"": 387, ""date"": ""2023-12-26""}, {""amount"": 884, ""date"": ""2023-03-02""}, {""amount"": 314, ""date"": ""2023-08-09""}, {""amount"": 719, ""date"": ""2023-10-30""}, {""amount"": 854, ""date"": ""2023-05-07""}]",True,True,False,True,False
591,Customer_591,63.0,12058.0,32893,6,520,1,"[{""amount"": 173, ""date"": ""2023-06-22""}, {""amount"": 323, ""date"": ""2023-02-23""}, {""amount"": 371, ""date"": ""2023-10-21""}, {""amount"": 602, ""date"": ""2023-11-18""}, {""amount"": 328, ""date"": ""2023-04-27""}, {""amount"": 610, ""date"": ""2023-10-03""}, {""amount"": 579, ""date"": ""2023-05-10""}, {""amount"": 799, ""date"": ""2023-01-21""}, {""amount"": 490, ""date"": ""2023-11-08""}, {""amount"": 614, ""date"": ""2023-06-12""}, {""amount"": 722, ""date"": ""2023-05-24""}, {""amount"": 942, ""date"": ""2023-12-29""}, {""amount"": 988, ""date"": ""2023-03-21""}, {""amount"": 984, ""date"": ""2023-11-11""}, {""amount"": 522, ""date"": ""2023-12-05""}, {""amount"": 389, ""date"": ""2023-04-06""}]",True,True,True,True,True
592,Customer_592,59.0,11820.0,48901,21,748,0,"[{""amount"": 431, ""date"": ""2023-01-28""}, {""amount"": 379, ""date"": ""2023-02-13""}, {""amount"": 472, ""date"": ""2023-04-27""}, {""amount"": 922, ""date"": ""2023-10-24""}, {""amount"": 281, ""date"": ""2023-02-16""}, {""amount"": 480, ""date"": ""2023-05-11""}, {""amount"": 900, ""date"": ""2023-04-20""}, {""amount"": 948, ""date"": ""2023-08-06""}, {""amount"": 799, ""date"": ""2023-03-04""}, {""amount"": 438, ""date"": ""2023-01-23""}, {""amount"": 531, ""date"": ""2023-05-19""}, {""amount"": 660, ""date"": ""2023-10-14""}, {""amount"": 167, ""date"": ""2023-05-17""}]",True,True,True,True,True
593,Customer_593,22.0,17455.0,18842,39,360,0,"[{""amount"": 534, ""date"": ""2023-10-10""}, {""amount"": 145, ""date"": ""2023-12-11""}, {""amount"": 944, ""date"": ""2023-07-23""}, {""amount"": 668, ""date"": ""2023-10-19""}, {""amount"": 522, ""date"": ""2023-03-08""}, {""amount"": 429, ""date"": ""2023-10-28""}, {""amount"": 556, ""date"": ""2023-05-19""}, {""amount"": 629, ""date"": ""2023-05-26""}, {""amount"": 628, ""date"": ""2023-06-10""}, {""amount"": 201, ""date"": ""2023-05-14""}, {""amount"": 173, ""date"": ""2023-05-14""}, {""amount"": 371, ""date"": ""2023-10-05""}, {""amount"": 778, ""date"": ""2023-05-07""}, {""amount"": 890, ""date"": ""2023-05-18""}, {""amount"": 883, ""date"": ""2023-12-30""}, {""amount"": 759, ""date"": ""2023-01-01""}, {""amount"": 977, ""date"": ""2023-06-07""}, {""amount"": 870, ""date"": ""2023-07-08""}]",True,True,True,True,True
594,Customer_594,47.0,2907.0,10066,38,830,0,"[{""amount"": 269, ""date"": ""2023-10-05""}, {""amount"": 715, ""date"": ""2023-05-30""}, {""amount"": 297, ""date"": ""2023-04-25""}, {""amount"": 420, ""date"": ""2023-03-13""}, {""amount"": 325, ""date"": ""2023-11-26""}, {""amount"": 951, ""date"": ""2023-06-28""}, {""amount"": 480, ""date"": ""2023-05-31""}]",True,True,True,True,True
595,Customer_595,45.0,18475.0,6935,57,453,0,"[{""amount"": 164, ""date"": ""2023-08-07""}, {""amount"": 148, ""date"": ""2023-08-15""}, {""amount"": 688, ""date"": ""2023-05-28""}, {""amount"": 507, ""date"": ""2023-02-20""}, {""amount"": 984, ""date"": ""2023-12-20""}, {""amount"": 720, ""date"": ""2023-12-17""}, {""amount"": 240, ""date"": ""2023-10-19""}, {""amount"": 563, ""date"": ""2023-10-31""}, {""amount"": 516, ""date"": ""2023-08-16""}, {""amount"": 567, ""date"": ""2023-06-07""}, {""amount"": 845, ""date"": ""2023-06-07""}, {""amount"": 136, ""date"": ""2023-10-26""}, {""amount"": 536, ""date"": ""2023-01-30""}]",True,True,True,True,True
596,Customer_596,35.0,14871.0,11013,43,397,0,"[{""amount"": 682, ""date"": ""2023-12-07""}, {""amount"": 438, ""date"": ""2023-11-20""}, {""amount"": 825, ""date"": ""2023-03-15""}, {""amount"": 175, ""date"": ""2023-07-07""}, {""amount"": 462, ""date"": ""2023-08-10""}, {""amount"": 368, ""date"": ""2023-04-30""}, {""amount"": 820, ""date"": ""2023-08-14""}]",True,True,True,True,True
597,Customer_597,53.0,17223.0,9952,11,386,0,"[{""amount"": 867, ""date"": ""2023-02-11""}, {""amount"": 406, ""date"": ""2023-06-04""}, {""amount"": 446, ""date"": ""2023-04-20""}, {""amount"": 781, ""date"": ""2023-06-10""}, {""amount"": 300, ""date"": ""2023-04-26""}, {""amount"": 698, ""date"": ""2023-09-11""}, {""amount"": 796, ""date"": ""2023-12-30""}, {""amount"": 361, ""date"": ""2023-06-07""}, {""amount"": 602, ""date"": ""2023-04-17""}, {""amount"": 956, ""date"": ""2023-05-26""}, {""amount"": 903, ""date"": ""2023-10-27""}, {""amount"": 535, ""date"": ""2023-11-28""}]",True,True,True,True,True
598,Customer_598,20.0,3097.0,35692,36,525,0,"[{""amount"": 803, ""date"": ""2023-07-04""}, {""amount"": 331, ""date"": ""2023-12-17""}, {""amount"": 760, ""date"": ""2023-06-17""}, {""amount"": 595, ""date"": ""2023-02-06""}, {""amount"": 585, ""date"": ""2023-03-27""}, {""amount"": 994, ""date"": ""2023-06-20""}, {""amount"": 164, ""date"": ""2023-12-05""}, {""amount"": 375, ""date"": ""2023-07-06""}, {""amount"": 624, ""date"": ""2023-12-16""}, {""amount"": 484, ""date"": ""2023-12-29""}, {""amount"": 375, ""date"": ""2023-05-23""}, {""amount"": 161, ""date"": ""2023-04-25""}, {""amount"": 805, ""date"": ""2023-10-13""}, {""amount"": 917, ""date"": ""2023-05-28""}, {""amount"": 121, ""date"": ""2023-02-28""}, {""amount"": 867, ""date"": ""2023-04-19""}, {""amount"": 184, ""date"": ""2023-08-10""}, {""amount"": 727, ""date"": ""2023-02-08""}]",True,True,False,True,False
599,Customer_599,38.0,14428.0,12555,60,666,0,"[{""amount"": 693, ""date"": ""2023-05-17""}, {""amount"": 274, ""date"": ""2023-09-01""}, {""amount"": 451, ""date"": ""2023-12-30""}, {""amount"": 706, ""date"": ""2023-03-27""}, {""amount"": 265, ""date"": ""2023-10-31""}, {""amount"": 730, ""date"": ""2023-11-07""}, {""amount"": 582, ""date"": ""2023-11-03""}, {""amount"": 615, ""date"": ""2023-05-20""}, {""amount"": 483, ""date"": ""2023-06-09""}, {""amount"": 979, ""date"": ""2023-05-27""}]",True,True,True,True,True
600,Customer_600,63.0,4792.0,42871,47,510,1,"[{""amount"": 520, ""date"": ""2023-05-03""}, {""amount"": 717, ""date"": ""2023-07-04""}, {""amount"": 674, ""date"": ""2023-10-05""}, {""amount"": 194, ""date"": ""2023-11-18""}, {""amount"": 337, ""date"": ""2023-10-28""}, {""amount"": 625, ""date"": ""2023-11-20""}, {""amount"": 122, ""date"": ""2023-08-17""}, {""amount"": 211, ""date"": ""2023-08-14""}, {""amount"": 887, ""date"": ""2023-04-30""}, {""amount"": 578, ""date"": ""2023-11-07""}, {""amount"": 756, ""date"": ""2023-05-24""}, {""amount"": 258, ""date"": ""2023-09-14""}, {""amount"": 735, ""date"": ""2023-01-17""}, {""amount"": 827, ""date"": ""2023-07-24""}, {""amount"": 928, ""date"": ""2023-04-16""}]",True,True,False,True,False
601,Customer_601,33.0,16317.0,49207,53,614,0,"[{""amount"": 548, ""date"": ""2023-04-28""}, {""amount"": 603, ""date"": ""2023-04-17""}, {""amount"": 978, ""date"": ""2023-09-14""}, {""amount"": 933, ""date"": ""2023-06-05""}, {""amount"": 646, ""date"": ""2023-01-23""}, {""amount"": 964, ""date"": ""2023-07-19""}, {""amount"": 209, ""date"": ""2023-12-15""}, {""amount"": 727, ""date"": ""2023-06-10""}, {""amount"": 197, ""date"": ""2023-01-27""}, {""amount"": 233, ""date"": ""2023-05-26""}, {""amount"": 198, ""date"": ""2023-07-04""}, {""amount"": 522, ""date"": ""2023-09-18""}, {""amount"": 531, ""date"": ""2023-02-20""}, {""amount"": 982, ""date"": ""2023-04-20""}, {""amount"": 826, ""date"": ""2023-01-28""}, {""amount"": 420, ""date"": ""2023-03-08""}, {""amount"": 602, ""date"": ""2023-05-29""}, {""amount"": 412, ""date"": ""2023-10-14""}, {""amount"": 128, ""date"": ""2023-04-07""}]",True,True,True,True,True
602,Customer_602,54.0,13791.0,40864,56,731,0,"[{""amount"": 403, ""date"": ""2023-11-15""}, {""amount"": 968, ""date"": ""2023-08-17""}, {""amount"": 942, ""date"": ""2023-12-28""}, {""amount"": 272, ""date"": ""2023-10-18""}, {""amount"": 985, ""date"": ""2023-03-04""}, {""amount"": 384, ""date"": ""2023-07-24""}, {""amount"": 546, ""date"": ""2023-07-07""}, {""amount"": 814, ""date"": ""2023-05-11""}, {""amount"": 161, ""date"": ""2023-06-08""}, {""amount"": 214, ""date"": ""2023-12-28""}, {""amount"": 303, ""date"": ""2023-10-01""}, {""amount"": 505, ""date"": ""2023-02-08""}, {""amount"": 308, ""date"": ""2023-03-24""}, {""amount"": 784, ""date"": ""2023-10-21""}, {""amount"": 975, ""date"": ""2023-09-04""}, {""amount"": 528, ""date"": ""2023-04-19""}]",True,True,True,True,True
603,Customer_603,59.0,11220.0,35504,15,761,0,"[{""amount"": 587, ""date"": ""2023-08-18""}, {""amount"": 147, ""date"": ""2023-04-23""}, {""amount"": 441, ""date"": ""2023-03-25""}, {""amount"": 930, ""date"": ""2023-05-05""}, {""amount"": 292, ""date"": ""2023-02-16""}, {""amount"": 255, ""date"": ""2023-04-10""}, {""amount"": 405, ""date"": ""2023-01-13""}, {""amount"": 468, ""date"": ""2023-01-23""}, {""amount"": 197, ""date"": ""2023-07-24""}, {""amount"": 802, ""date"": ""2023-01-07""}, {""amount"": 569, ""date"": ""2023-05-21""}, {""amount"": 953, ""date"": ""2023-05-21""}, {""amount"": 479, ""date"": ""2023-12-30""}, {""amount"": 657, ""date"": ""2023-06-24""}]",True,True,True,True,True
604,Customer_604,22.0,3716.0,19473,59,788,0,"[{""amount"": 853, ""date"": ""2023-06-07""}, {""amount"": 997, ""date"": ""2023-05-07""}, {""amount"": 671, ""date"": ""2023-10-12""}, {""amount"": 282, ""date"": ""2023-12-28""}, {""amount"": 777, ""date"": ""2023-01-19""}]",True,True,False,True,False
605,Customer_605,67.0,16402.0,18640,13,403,0,"[{""amount"": 658, ""date"": ""2023-08-29""}, {""amount"": 456, ""date"": ""2023-05-18""}, {""amount"": 325, ""date"": ""2023-01-25""}, {""amount"": 315, ""date"": ""2023-05-06""}, {""amount"": 293, ""date"": ""2023-04-19""}, {""amount"": 592, ""date"": ""2023-12-07""}, {""amount"": 834, ""date"": ""2023-10-11""}, {""amount"": 639, ""date"": ""2023-02-13""}, {""amount"": 596, ""date"": ""2023-06-27""}, {""amount"": 866, ""date"": ""2023-11-26""}, {""amount"": 126, ""date"": ""2023-06-23""}, {""amount"": 746, ""date"": ""2023-03-29""}, {""amount"": 301, ""date"": ""2023-01-03""}, {""amount"": 469, ""date"": ""2023-11-05""}, {""amount"": 968, ""date"": ""2023-08-31""}, {""amount"": 778, ""date"": ""2023-10-30""}, {""amount"": 695, ""date"": ""2023-07-10""}]",True,True,True,True,True
606,Customer_606,68.0,9533.0,43895,36,714,0,"[{""amount"": 950, ""date"": ""2023-08-01""}, {""amount"": 354, ""date"": ""2023-05-11""}, {""amount"": 164, ""date"": ""2023-04-01""}, {""amount"": 576, ""date"": ""2023-05-07""}, {""amount"": 802, ""date"": ""2023-10-24""}, {""amount"": 417, ""date"": ""2023-07-14""}, {""amount"": 925, ""date"": ""2023-01-12""}, {""amount"": 638, ""date"": ""2023-10-28""}, {""amount"": 514, ""date"": ""2023-02-23""}, {""amount"": 249, ""date"": ""2023-07-20""}, {""amount"": 924, ""date"": ""2023-06-02""}, {""amount"": 222, ""date"": ""2023-02-17""}, {""amount"": 919, ""date"": ""2023-12-04""}, {""amount"": 979, ""date"": ""2023-07-04""}, {""amount"": 583, ""date"": ""2023-01-13""}, {""amount"": 756, ""date"": ""2023-05-29""}, {""amount"": 515, ""date"": ""2023-10-22""}, {""amount"": 966, ""date"": ""2023-12-08""}]",True,True,True,True,True
607,Customer_607,31.0,5333.0,35483,27,695,0,"[{""amount"": 790, ""date"": ""2023-06-24""}, {""amount"": 676, ""date"": ""2023-09-29""}, {""amount"": 995, ""date"": ""2023-09-03""}, {""amount"": 920, ""date"": ""2023-12-11""}, {""amount"": 723, ""date"": ""2023-11-11""}, {""amount"": 756, ""date"": ""2023-01-01""}, {""amount"": 599, ""date"": ""2023-12-29""}]",True,True,False,True,False
608,Customer_608,48.0,10527.0,28254,36,308,0,"[{""amount"": 314, ""date"": ""2023-08-24""}, {""amount"": 171, ""date"": ""2023-09-15""}, {""amount"": 756, ""date"": ""2023-07-26""}, {""amount"": 123, ""date"": ""2023-05-06""}, {""amount"": 240, ""date"": ""2023-02-23""}, {""amount"": 758, ""date"": ""2023-04-16""}, {""amount"": 473, ""date"": ""2023-03-24""}, {""amount"": 776, ""date"": ""2023-08-01""}, {""amount"": 935, ""date"": ""2023-04-11""}, {""amount"": 793, ""date"": ""2023-07-03""}, {""amount"": 971, ""date"": ""2023-05-26""}, {""amount"": 482, ""date"": ""2023-12-09""}, {""amount"": 310, ""date"": ""2023-10-19""}]",True,True,True,True,True
609,Customer_609,63.0,14111.0,47307,47,421,0,"[{""amount"": 134, ""date"": ""2023-01-05""}, {""amount"": 450, ""date"": ""2023-02-12""}, {""amount"": 153, ""date"": ""2023-12-20""}, {""amount"": 219, ""date"": ""2023-01-16""}, {""amount"": 383, ""date"": ""2023-03-11""}, {""amount"": 443, ""date"": ""2023-05-02""}, {""amount"": 369, ""date"": ""2023-04-30""}, {""amount"": 669, ""date"": ""2023-10-04""}, {""amount"": 510, ""date"": ""2023-12-18""}]",True,True,True,True,True
610,Customer_610,41.0,17321.0,11094,14,326,0,"[{""amount"": 438, ""date"": ""2023-12-28""}, {""amount"": 116, ""date"": ""2023-08-06""}, {""amount"": 369, ""date"": ""2023-08-27""}, {""amount"": 403, ""date"": ""2023-05-20""}, {""amount"": 655, ""date"": ""2023-05-26""}, {""amount"": 456, ""date"": ""2023-08-06""}]",True,True,True,True,True
611,Customer_611,52.0,2662.0,49159,7,404,0,"[{""amount"": 280, ""date"": ""2023-03-30""}, {""amount"": 201, ""date"": ""2023-01-04""}, {""amount"": 742, ""date"": ""2023-09-15""}, {""amount"": 887, ""date"": ""2023-08-31""}, {""amount"": 897, ""date"": ""2023-09-04""}, {""amount"": 653, ""date"": ""2023-04-11""}, {""amount"": 662, ""date"": ""2023-04-05""}, {""amount"": 932, ""date"": ""2023-04-06""}, {""amount"": 930, ""date"": ""2023-03-27""}, {""amount"": 575, ""date"": ""2023-12-07""}]",True,True,False,True,False
612,Customer_612,53.0,16809.0,45770,51,395,0,"[{""amount"": 854, ""date"": ""2023-11-20""}, {""amount"": 868, ""date"": ""2023-08-25""}, {""amount"": 962, ""date"": ""2023-10-31""}, {""amount"": 378, ""date"": ""2023-07-20""}, {""amount"": 173, ""date"": ""2023-04-13""}]",True,True,True,True,True
613,Customer_613,27.0,11433.0,19039,27,529,1,"[{""amount"": 320, ""date"": ""2023-05-02""}, {""amount"": 235, ""date"": ""2023-12-21""}, {""amount"": 272, ""date"": ""2023-04-11""}, {""amount"": 975, ""date"": ""2023-08-07""}, {""amount"": 286, ""date"": ""2023-05-25""}, {""amount"": 471, ""date"": ""2023-09-19""}, {""amount"": 402, ""date"": ""2023-08-26""}, {""amount"": 209, ""date"": ""2023-03-12""}, {""amount"": 782, ""date"": ""2023-07-25""}, {""amount"": 445, ""date"": ""2023-07-07""}]",True,True,True,True,True
614,Customer_614,44.0,9998.0,25715,14,319,0,"[{""amount"": 667, ""date"": ""2023-06-02""}, {""amount"": 225, ""date"": ""2023-09-18""}, {""amount"": 116, ""date"": ""2023-03-13""}, {""amount"": 648, ""date"": ""2023-09-04""}, {""amount"": 289, ""date"": ""2023-04-06""}, {""amount"": 702, ""date"": ""2023-05-09""}, {""amount"": 660, ""date"": ""2023-02-08""}, {""amount"": 835, ""date"": ""2023-05-19""}, {""amount"": 522, ""date"": ""2023-09-16""}, {""amount"": 373, ""date"": ""2023-09-18""}, {""amount"": 927, ""date"": ""2023-11-05""}, {""amount"": 615, ""date"": ""2023-01-04""}, {""amount"": 619, ""date"": ""2023-08-15""}, {""amount"": 226, ""date"": ""2023-10-30""}, {""amount"": 712, ""date"": ""2023-10-18""}, {""amount"": 916, ""date"": ""2023-11-03""}, {""amount"": 857, ""date"": ""2023-07-04""}]",True,True,True,True,True
615,Customer_615,44.0,10989.0,10144,51,739,1,"[{""amount"": 888, ""date"": ""2023-05-22""}, {""amount"": 816, ""date"": ""2023-02-17""}, {""amount"": 603, ""date"": ""2023-06-05""}, {""amount"": 876, ""date"": ""2023-12-12""}, {""amount"": 280, ""date"": ""2023-05-10""}, {""amount"": 643, ""date"": ""2023-09-01""}, {""amount"": 242, ""date"": ""2023-10-16""}, {""amount"": 611, ""date"": ""2023-12-13""}]",True,True,True,True,True
616,Customer_616,40.0,11993.0,25052,55,552,0,"[{""amount"": 824, ""date"": ""2023-07-03""}, {""amount"": 373, ""date"": ""2023-05-04""}, {""amount"": 318, ""date"": ""2023-10-29""}, {""amount"": 613, ""date"": ""2023-05-11""}, {""amount"": 311, ""date"": ""2023-07-07""}, {""amount"": 137, ""date"": ""2023-07-19""}, {""amount"": 506, ""date"": ""2023-07-16""}, {""amount"": 473, ""date"": ""2023-08-07""}, {""amount"": 843, ""date"": ""2023-10-26""}, {""amount"": 241, ""date"": ""2023-11-21""}, {""amount"": 954, ""date"": ""2023-02-06""}, {""amount"": 431, ""date"": ""2023-05-20""}, {""amount"": 556, ""date"": ""2023-02-13""}]",True,True,True,True,True
617,Customer_617,30.0,13133.0,27179,58,593,0,"[{""amount"": 202, ""date"": ""2023-04-15""}, {""amount"": 460, ""date"": ""2023-05-04""}, {""amount"": 832, ""date"": ""2023-04-05""}, {""amount"": 315, ""date"": ""2023-09-28""}, {""amount"": 350, ""date"": ""2023-11-16""}, {""amount"": 259, ""date"": ""2023-07-10""}, {""amount"": 314, ""date"": ""2023-12-29""}, {""amount"": 757, ""date"": ""2023-09-02""}]",True,True,True,True,True
618,Customer_618,33.0,13111.0,42408,6,635,0,"[{""amount"": 819, ""date"": ""2023-04-27""}, {""amount"": 406, ""date"": ""2023-10-20""}, {""amount"": 433, ""date"": ""2023-09-22""}, {""amount"": 545, ""date"": ""2023-09-12""}, {""amount"": 625, ""date"": ""2023-07-28""}, {""amount"": 629, ""date"": ""2023-11-30""}, {""amount"": 864, ""date"": ""2023-11-11""}, {""amount"": 630, ""date"": ""2023-10-13""}, {""amount"": 138, ""date"": ""2023-12-24""}, {""amount"": 920, ""date"": ""2023-11-16""}, {""amount"": 875, ""date"": ""2023-08-14""}, {""amount"": 681, ""date"": ""2023-12-29""}, {""amount"": 819, ""date"": ""2023-02-23""}, {""amount"": 869, ""date"": ""2023-10-05""}, {""amount"": 524, ""date"": ""2023-01-05""}, {""amount"": 584, ""date"": ""2023-08-18""}, {""amount"": 185, ""date"": ""2023-06-22""}, {""amount"": 859, ""date"": ""2023-04-03""}, {""amount"": 964, ""date"": ""2023-02-05""}]",True,True,True,True,True
619,Customer_619,52.0,5794.0,18090,33,609,0,"[{""amount"": 308, ""date"": ""2023-06-20""}, {""amount"": 269, ""date"": ""2023-09-03""}, {""amount"": 243, ""date"": ""2023-03-26""}, {""amount"": 639, ""date"": ""2023-02-24""}, {""amount"": 765, ""date"": ""2023-03-22""}, {""amount"": 548, ""date"": ""2023-01-01""}, {""amount"": 305, ""date"": ""2023-12-22""}, {""amount"": 490, ""date"": ""2023-08-24""}, {""amount"": 284, ""date"": ""2023-08-20""}, {""amount"": 483, ""date"": ""2023-06-02""}, {""amount"": 132, ""date"": ""2023-08-30""}, {""amount"": 356, ""date"": ""2023-02-10""}, {""amount"": 284, ""date"": ""2023-08-17""}, {""amount"": 650, ""date"": ""2023-07-05""}, {""amount"": 305, ""date"": ""2023-09-17""}, {""amount"": 778, ""date"": ""2023-07-21""}, {""amount"": 160, ""date"": ""2023-09-04""}, {""amount"": 688, ""date"": ""2023-02-04""}, {""amount"": 946, ""date"": ""2023-08-20""}]",True,True,True,True,True
620,Customer_620,44.0,9752.0,38628,56,432,0,"[{""amount"": 355, ""date"": ""2023-12-23""}, {""amount"": 617, ""date"": ""2023-11-17""}, {""amount"": 721, ""date"": ""2023-09-28""}, {""amount"": 509, ""date"": ""2023-06-29""}, {""amount"": 602, ""date"": ""2023-07-08""}, {""amount"": 221, ""date"": ""2023-01-14""}, {""amount"": 506, ""date"": ""2023-12-22""}, {""amount"": 178, ""date"": ""2023-09-28""}, {""amount"": 223, ""date"": ""2023-05-26""}, {""amount"": 693, ""date"": ""2023-09-18""}, {""amount"": 480, ""date"": ""2023-02-22""}, {""amount"": 500, ""date"": ""2023-03-03""}, {""amount"": 902, ""date"": ""2023-04-09""}, {""amount"": 871, ""date"": ""2023-11-30""}, {""amount"": 620, ""date"": ""2023-11-12""}, {""amount"": 292, ""date"": ""2023-10-11""}, {""amount"": 447, ""date"": ""2023-03-15""}, {""amount"": 805, ""date"": ""2023-06-20""}]",True,True,True,True,True
621,Customer_621,69.0,18639.0,43949,54,783,0,"[{""amount"": 903, ""date"": ""2023-08-18""}, {""amount"": 839, ""date"": ""2023-06-02""}, {""amount"": 890, ""date"": ""2023-01-26""}, {""amount"": 296, ""date"": ""2023-01-14""}, {""amount"": 994, ""date"": ""2023-11-30""}, {""amount"": 442, ""date"": ""2023-05-31""}, {""amount"": 780, ""date"": ""2023-10-19""}, {""amount"": 624, ""date"": ""2023-07-22""}, {""amount"": 523, ""date"": ""2023-10-01""}, {""amount"": 443, ""date"": ""2023-10-07""}, {""amount"": 926, ""date"": ""2023-06-01""}, {""amount"": 831, ""date"": ""2023-01-11""}]",True,True,True,True,True
622,Customer_622,56.0,8770.0,34522,31,542,0,"[{""amount"": 109, ""date"": ""2023-09-19""}, {""amount"": 962, ""date"": ""2023-08-10""}, {""amount"": 191, ""date"": ""2023-09-01""}, {""amount"": 427, ""date"": ""2023-04-17""}, {""amount"": 946, ""date"": ""2023-05-09""}, {""amount"": 228, ""date"": ""2023-05-19""}, {""amount"": 603, ""date"": ""2023-01-17""}, {""amount"": 183, ""date"": ""2023-06-26""}, {""amount"": 306, ""date"": ""2023-11-01""}]",True,True,True,True,True
623,Customer_623,64.0,8385.0,22463,35,792,0,"[{""amount"": 332, ""date"": ""2023-09-16""}, {""amount"": 403, ""date"": ""2023-01-06""}, {""amount"": 662, ""date"": ""2023-12-08""}, {""amount"": 733, ""date"": ""2023-03-30""}, {""amount"": 273, ""date"": ""2023-12-23""}, {""amount"": 163, ""date"": ""2023-10-28""}, {""amount"": 397, ""date"": ""2023-02-07""}, {""amount"": 193, ""date"": ""2023-12-03""}, {""amount"": 474, ""date"": ""2023-11-20""}, {""amount"": 891, ""date"": ""2023-07-23""}, {""amount"": 855, ""date"": ""2023-11-03""}, {""amount"": 255, ""date"": ""2023-06-01""}, {""amount"": 810, ""date"": ""2023-08-09""}, {""amount"": 108, ""date"": ""2023-07-24""}, {""amount"": 727, ""date"": ""2023-02-07""}]",True,True,True,True,True
624,Customer_624,34.0,11527.0,10994,13,837,0,"[{""amount"": 453, ""date"": ""2023-09-19""}, {""amount"": 259, ""date"": ""2023-08-14""}, {""amount"": 364, ""date"": ""2023-11-12""}, {""amount"": 516, ""date"": ""2023-07-13""}, {""amount"": 630, ""date"": ""2023-08-10""}, {""amount"": 722, ""date"": ""2023-12-16""}, {""amount"": 574, ""date"": ""2023-04-20""}, {""amount"": 681, ""date"": ""2023-06-11""}, {""amount"": 284, ""date"": ""2023-02-08""}, {""amount"": 100, ""date"": ""2023-04-21""}, {""amount"": 504, ""date"": ""2023-04-22""}, {""amount"": 837, ""date"": ""2023-04-20""}]",True,True,True,True,True
625,Customer_625,65.0,18074.0,15787,32,678,0,"[{""amount"": 748, ""date"": ""2023-06-15""}, {""amount"": 119, ""date"": ""2023-11-19""}, {""amount"": 747, ""date"": ""2023-02-05""}, {""amount"": 721, ""date"": ""2023-11-03""}, {""amount"": 971, ""date"": ""2023-09-28""}, {""amount"": 133, ""date"": ""2023-07-03""}, {""amount"": 791, ""date"": ""2023-04-28""}, {""amount"": 473, ""date"": ""2023-05-25""}, {""amount"": 124, ""date"": ""2023-02-14""}, {""amount"": 491, ""date"": ""2023-06-25""}, {""amount"": 201, ""date"": ""2023-08-22""}, {""amount"": 311, ""date"": ""2023-12-14""}, {""amount"": 430, ""date"": ""2023-12-04""}, {""amount"": 195, ""date"": ""2023-03-02""}, {""amount"": 772, ""date"": ""2023-04-03""}, {""amount"": 611, ""date"": ""2023-09-19""}]",True,True,True,True,True
626,Customer_626,58.0,7400.0,21359,37,725,0,"[{""amount"": 261, ""date"": ""2023-09-03""}, {""amount"": 226, ""date"": ""2023-05-04""}, {""amount"": 535, ""date"": ""2023-07-03""}, {""amount"": 212, ""date"": ""2023-01-07""}, {""amount"": 457, ""date"": ""2023-08-12""}, {""amount"": 897, ""date"": ""2023-03-29""}, {""amount"": 657, ""date"": ""2023-10-04""}, {""amount"": 225, ""date"": ""2023-09-20""}, {""amount"": 760, ""date"": ""2023-12-07""}, {""amount"": 505, ""date"": ""2023-02-15""}, {""amount"": 116, ""date"": ""2023-11-14""}, {""amount"": 358, ""date"": ""2023-02-05""}, {""amount"": 778, ""date"": ""2023-07-19""}, {""amount"": 837, ""date"": ""2023-11-02""}, {""amount"": 851, ""date"": ""2023-11-27""}]",True,True,True,True,True
627,Customer_627,18.0,3677.0,10349,20,660,0,"[{""amount"": 543, ""date"": ""2023-07-17""}, {""amount"": 377, ""date"": ""2023-07-16""}, {""amount"": 779, ""date"": ""2023-11-06""}, {""amount"": 865, ""date"": ""2023-12-31""}, {""amount"": 576, ""date"": ""2023-02-12""}, {""amount"": 497, ""date"": ""2023-04-26""}, {""amount"": 507, ""date"": ""2023-07-03""}, {""amount"": 803, ""date"": ""2023-01-18""}, {""amount"": 501, ""date"": ""2023-05-17""}, {""amount"": 157, ""date"": ""2023-01-17""}, {""amount"": 781, ""date"": ""2023-06-26""}, {""amount"": 382, ""date"": ""2023-04-11""}, {""amount"": 799, ""date"": ""2023-08-30""}, {""amount"": 236, ""date"": ""2023-05-08""}, {""amount"": 479, ""date"": ""2023-02-05""}, {""amount"": 113, ""date"": ""2023-12-20""}, {""amount"": 949, ""date"": ""2023-03-12""}, {""amount"": 464, ""date"": ""2023-10-01""}, {""amount"": 705, ""date"": ""2023-03-26""}]",True,True,True,True,True
628,Customer_628,28.0,8149.0,18102,25,383,0,"[{""amount"": 588, ""date"": ""2023-10-25""}, {""amount"": 566, ""date"": ""2023-03-15""}, {""amount"": 725, ""date"": ""2023-05-05""}, {""amount"": 385, ""date"": ""2023-08-27""}, {""amount"": 735, ""date"": ""2023-08-12""}, {""amount"": 189, ""date"": ""2023-07-10""}, {""amount"": 105, ""date"": ""2023-05-06""}, {""amount"": 396, ""date"": ""2023-02-05""}, {""amount"": 913, ""date"": ""2023-10-02""}, {""amount"": 314, ""date"": ""2023-12-20""}, {""amount"": 837, ""date"": ""2023-12-26""}, {""amount"": 778, ""date"": ""2023-09-15""}]",True,True,True,True,True
629,Customer_629,29.0,7735.0,45290,14,399,0,"[{""amount"": 586, ""date"": ""2023-10-15""}, {""amount"": 581, ""date"": ""2023-06-18""}, {""amount"": 464, ""date"": ""2023-05-10""}, {""amount"": 568, ""date"": ""2023-12-25""}, {""amount"": 211, ""date"": ""2023-08-01""}, {""amount"": 881, ""date"": ""2023-03-25""}, {""amount"": 591, ""date"": ""2023-11-09""}, {""amount"": 984, ""date"": ""2023-03-02""}, {""amount"": 416, ""date"": ""2023-09-15""}, {""amount"": 848, ""date"": ""2023-01-06""}]",True,True,False,True,False
630,Customer_630,31.0,17409.0,37859,45,649,1,"[{""amount"": 572, ""date"": ""2023-12-13""}, {""amount"": 221, ""date"": ""2023-04-03""}, {""amount"": 390, ""date"": ""2023-09-02""}, {""amount"": 124, ""date"": ""2023-12-07""}, {""amount"": 923, ""date"": ""2023-03-01""}, {""amount"": 740, ""date"": ""2023-10-18""}, {""amount"": 578, ""date"": ""2023-09-01""}, {""amount"": 338, ""date"": ""2023-03-10""}, {""amount"": 364, ""date"": ""2023-10-03""}, {""amount"": 423, ""date"": ""2023-03-09""}]",True,True,True,True,True
631,Customer_631,25.0,19765.0,13689,35,790,0,"[{""amount"": 161, ""date"": ""2023-05-28""}, {""amount"": 304, ""date"": ""2023-11-02""}, {""amount"": 479, ""date"": ""2023-04-17""}, {""amount"": 678, ""date"": ""2023-09-14""}, {""amount"": 501, ""date"": ""2023-02-02""}, {""amount"": 276, ""date"": ""2023-10-18""}, {""amount"": 205, ""date"": ""2023-11-03""}, {""amount"": 630, ""date"": ""2023-07-04""}, {""amount"": 950, ""date"": ""2023-08-13""}, {""amount"": 266, ""date"": ""2023-08-05""}, {""amount"": 492, ""date"": ""2023-12-20""}, {""amount"": 999, ""date"": ""2023-06-22""}]",True,True,True,True,True
632,Customer_632,48.0,6248.0,15830,29,512,0,"[{""amount"": 534, ""date"": ""2023-03-01""}, {""amount"": 352, ""date"": ""2023-02-26""}, {""amount"": 613, ""date"": ""2023-02-11""}, {""amount"": 126, ""date"": ""2023-12-11""}, {""amount"": 543, ""date"": ""2023-05-06""}, {""amount"": 506, ""date"": ""2023-05-08""}, {""amount"": 595, ""date"": ""2023-11-05""}, {""amount"": 200, ""date"": ""2023-07-30""}, {""amount"": 801, ""date"": ""2023-10-26""}, {""amount"": 957, ""date"": ""2023-01-02""}, {""amount"": 128, ""date"": ""2023-10-03""}, {""amount"": 259, ""date"": ""2023-01-21""}, {""amount"": 855, ""date"": ""2023-06-22""}, {""amount"": 879, ""date"": ""2023-06-18""}, {""amount"": 493, ""date"": ""2023-09-07""}, {""amount"": 947, ""date"": ""2023-05-29""}, {""amount"": 876, ""date"": ""2023-07-27""}]",True,True,True,True,True
633,Customer_633,24.0,14351.0,42738,19,728,1,"[{""amount"": 877, ""date"": ""2023-07-08""}, {""amount"": 106, ""date"": ""2023-05-11""}, {""amount"": 881, ""date"": ""2023-01-23""}, {""amount"": 995, ""date"": ""2023-02-25""}, {""amount"": 477, ""date"": ""2023-12-11""}, {""amount"": 403, ""date"": ""2023-06-27""}, {""amount"": 576, ""date"": ""2023-10-25""}]",True,True,True,True,True
634,Customer_634,63.0,3565.0,19494,46,628,0,"[{""amount"": 538, ""date"": ""2023-01-29""}, {""amount"": 568, ""date"": ""2023-12-11""}, {""amount"": 299, ""date"": ""2023-09-27""}, {""amount"": 977, ""date"": ""2023-08-31""}, {""amount"": 211, ""date"": ""2023-02-28""}, {""amount"": 343, ""date"": ""2023-12-09""}, {""amount"": 722, ""date"": ""2023-08-03""}, {""amount"": 905, ""date"": ""2023-07-29""}, {""amount"": 355, ""date"": ""2023-05-30""}, {""amount"": 632, ""date"": ""2023-03-08""}, {""amount"": 721, ""date"": ""2023-11-30""}, {""amount"": 147, ""date"": ""2023-09-24""}, {""amount"": 870, ""date"": ""2023-09-09""}, {""amount"": 746, ""date"": ""2023-12-02""}]",True,True,False,True,False
635,Customer_635,48.0,6593.0,20707,7,338,0,"[{""amount"": 244, ""date"": ""2023-07-26""}, {""amount"": 654, ""date"": ""2023-10-11""}, {""amount"": 209, ""date"": ""2023-03-11""}, {""amount"": 429, ""date"": ""2023-11-04""}, {""amount"": 812, ""date"": ""2023-02-07""}, {""amount"": 790, ""date"": ""2023-07-16""}, {""amount"": 971, ""date"": ""2023-02-15""}, {""amount"": 402, ""date"": ""2023-11-05""}, {""amount"": 284, ""date"": ""2023-03-17""}, {""amount"": 760, ""date"": ""2023-08-13""}]",True,True,True,True,True
636,Customer_636,33.0,12602.0,17339,31,770,0,"[{""amount"": 975, ""date"": ""2023-04-12""}, {""amount"": 632, ""date"": ""2023-02-21""}, {""amount"": 951, ""date"": ""2023-03-05""}, {""amount"": 744, ""date"": ""2023-02-12""}, {""amount"": 401, ""date"": ""2023-04-24""}, {""amount"": 341, ""date"": ""2023-11-08""}, {""amount"": 188, ""date"": ""2023-02-06""}]",True,True,True,True,True
637,Customer_637,59.0,5339.0,28044,30,531,0,"[{""amount"": 452, ""date"": ""2023-02-25""}, {""amount"": 576, ""date"": ""2023-05-11""}, {""amount"": 234, ""date"": ""2023-03-08""}, {""amount"": 655, ""date"": ""2023-07-27""}, {""amount"": 786, ""date"": ""2023-11-04""}, {""amount"": 527, ""date"": ""2023-04-19""}, {""amount"": 218, ""date"": ""2023-08-22""}, {""amount"": 673, ""date"": ""2023-05-11""}, {""amount"": 954, ""date"": ""2023-11-17""}, {""amount"": 547, ""date"": ""2023-07-03""}, {""amount"": 413, ""date"": ""2023-06-22""}, {""amount"": 341, ""date"": ""2023-11-17""}]",True,True,False,True,False
638,Customer_638,56.0,9615.0,38670,36,606,0,"[{""amount"": 563, ""date"": ""2023-11-11""}, {""amount"": 746, ""date"": ""2023-01-01""}, {""amount"": 185, ""date"": ""2023-10-01""}, {""amount"": 874, ""date"": ""2023-03-04""}, {""amount"": 284, ""date"": ""2023-03-18""}, {""amount"": 109, ""date"": ""2023-01-15""}]",True,True,True,True,True
639,Customer_639,61.0,11504.0,37553,47,811,0,"[{""amount"": 606, ""date"": ""2023-04-25""}, {""amount"": 579, ""date"": ""2023-07-13""}, {""amount"": 578, ""date"": ""2023-11-05""}, {""amount"": 452, ""date"": ""2023-06-02""}, {""amount"": 839, ""date"": ""2023-10-04""}, {""amount"": 678, ""date"": ""2023-08-31""}, {""amount"": 796, ""date"": ""2023-11-29""}, {""amount"": 340, ""date"": ""2023-10-01""}, {""amount"": 120, ""date"": ""2023-04-22""}, {""amount"": 324, ""date"": ""2023-03-07""}, {""amount"": 165, ""date"": ""2023-04-09""}]",True,True,True,True,True
640,Customer_640,36.0,8337.0,45195,22,582,0,"[{""amount"": 406, ""date"": ""2023-12-26""}, {""amount"": 421, ""date"": ""2023-12-27""}, {""amount"": 789, ""date"": ""2023-12-09""}, {""amount"": 753, ""date"": ""2023-02-10""}, {""amount"": 201, ""date"": ""2023-07-14""}, {""amount"": 915, ""date"": ""2023-04-12""}, {""amount"": 934, ""date"": ""2023-10-15""}, {""amount"": 148, ""date"": ""2023-06-13""}, {""amount"": 767, ""date"": ""2023-08-06""}, {""amount"": 366, ""date"": ""2023-12-25""}, {""amount"": 842, ""date"": ""2023-02-12""}, {""amount"": 572, ""date"": ""2023-10-14""}]",True,True,False,True,False
641,Customer_641,25.0,7241.0,40495,17,375,0,"[{""amount"": 414, ""date"": ""2023-09-24""}, {""amount"": 145, ""date"": ""2023-12-29""}, {""amount"": 487, ""date"": ""2023-11-10""}, {""amount"": 109, ""date"": ""2023-10-27""}, {""amount"": 485, ""date"": ""2023-03-15""}, {""amount"": 661, ""date"": ""2023-12-12""}, {""amount"": 564, ""date"": ""2023-09-21""}, {""amount"": 332, ""date"": ""2023-08-24""}, {""amount"": 997, ""date"": ""2023-03-01""}, {""amount"": 676, ""date"": ""2023-12-10""}, {""amount"": 215, ""date"": ""2023-02-17""}, {""amount"": 274, ""date"": ""2023-01-27""}, {""amount"": 662, ""date"": ""2023-11-03""}, {""amount"": 312, ""date"": ""2023-02-13""}]",True,True,False,True,False
642,Customer_642,46.0,18757.0,15732,45,625,0,"[{""amount"": 782, ""date"": ""2023-07-18""}, {""amount"": 696, ""date"": ""2023-02-17""}, {""amount"": 469, ""date"": ""2023-05-02""}, {""amount"": 975, ""date"": ""2023-08-27""}, {""amount"": 408, ""date"": ""2023-11-24""}, {""amount"": 128, ""date"": ""2023-02-24""}, {""amount"": 723, ""date"": ""2023-08-20""}, {""amount"": 602, ""date"": ""2023-10-16""}, {""amount"": 626, ""date"": ""2023-07-29""}, {""amount"": 512, ""date"": ""2023-11-22""}, {""amount"": 602, ""date"": ""2023-12-16""}, {""amount"": 657, ""date"": ""2023-06-23""}, {""amount"": 716, ""date"": ""2023-01-20""}]",True,True,True,True,True
643,Customer_643,19.0,2833.0,44323,13,357,0,"[{""amount"": 145, ""date"": ""2023-03-30""}, {""amount"": 555, ""date"": ""2023-09-06""}, {""amount"": 211, ""date"": ""2023-03-20""}, {""amount"": 958, ""date"": ""2023-05-15""}, {""amount"": 416, ""date"": ""2023-05-06""}, {""amount"": 336, ""date"": ""2023-05-11""}, {""amount"": 649, ""date"": ""2023-08-20""}, {""amount"": 485, ""date"": ""2023-10-06""}, {""amount"": 916, ""date"": ""2023-06-20""}, {""amount"": 991, ""date"": ""2023-09-01""}, {""amount"": 221, ""date"": ""2023-01-11""}, {""amount"": 562, ""date"": ""2023-09-02""}, {""amount"": 633, ""date"": ""2023-06-17""}, {""amount"": 955, ""date"": ""2023-07-10""}, {""amount"": 216, ""date"": ""2023-03-04""}, {""amount"": 612, ""date"": ""2023-12-24""}, {""amount"": 363, ""date"": ""2023-09-25""}, {""amount"": 603, ""date"": ""2023-12-06""}, {""amount"": 516, ""date"": ""2023-04-20""}]",True,True,False,True,False
644,Customer_644,59.0,16074.0,44168,44,786,0,"[{""amount"": 151, ""date"": ""2023-11-24""}, {""amount"": 971, ""date"": ""2023-09-24""}, {""amount"": 953, ""date"": ""2023-08-17""}, {""amount"": 817, ""date"": ""2023-12-16""}, {""amount"": 980, ""date"": ""2023-10-10""}, {""amount"": 226, ""date"": ""2023-01-09""}, {""amount"": 890, ""date"": ""2023-02-17""}, {""amount"": 398, ""date"": ""2023-01-11""}, {""amount"": 638, ""date"": ""2023-01-27""}, {""amount"": 125, ""date"": ""2023-07-16""}, {""amount"": 585, ""date"": ""2023-10-02""}, {""amount"": 470, ""date"": ""2023-05-05""}, {""amount"": 179, ""date"": ""2023-06-22""}]",True,True,True,True,True
645,Customer_645,20.0,4073.0,15058,27,825,0,"[{""amount"": 799, ""date"": ""2023-01-03""}, {""amount"": 125, ""date"": ""2023-01-02""}, {""amount"": 537, ""date"": ""2023-07-13""}, {""amount"": 225, ""date"": ""2023-11-28""}, {""amount"": 357, ""date"": ""2023-11-20""}, {""amount"": 246, ""date"": ""2023-02-01""}, {""amount"": 731, ""date"": ""2023-05-19""}, {""amount"": 739, ""date"": ""2023-07-13""}, {""amount"": 163, ""date"": ""2023-01-01""}, {""amount"": 240, ""date"": ""2023-12-07""}, {""amount"": 382, ""date"": ""2023-12-13""}, {""amount"": 421, ""date"": ""2023-07-03""}, {""amount"": 284, ""date"": ""2023-04-29""}, {""amount"": 776, ""date"": ""2023-09-10""}, {""amount"": 523, ""date"": ""2023-11-04""}, {""amount"": 410, ""date"": ""2023-09-30""}, {""amount"": 544, ""date"": ""2023-07-01""}, {""amount"": 674, ""date"": ""2023-04-11""}, {""amount"": 440, ""date"": ""2023-12-13""}]",True,True,True,True,True
646,Customer_646,68.0,14236.0,7781,30,551,0,"[{""amount"": 660, ""date"": ""2023-10-13""}, {""amount"": 914, ""date"": ""2023-03-21""}, {""amount"": 160, ""date"": ""2023-07-28""}, {""amount"": 834, ""date"": ""2023-09-23""}, {""amount"": 193, ""date"": ""2023-04-06""}, {""amount"": 105, ""date"": ""2023-05-21""}, {""amount"": 692, ""date"": ""2023-09-26""}, {""amount"": 284, ""date"": ""2023-08-28""}, {""amount"": 384, ""date"": ""2023-11-26""}, {""amount"": 253, ""date"": ""2023-12-27""}, {""amount"": 648, ""date"": ""2023-06-14""}, {""amount"": 648, ""date"": ""2023-10-30""}]",True,True,True,True,True
647,Customer_647,46.0,8216.0,5846,43,617,0,"[{""amount"": 160, ""date"": ""2023-07-29""}, {""amount"": 124, ""date"": ""2023-12-10""}, {""amount"": 856, ""date"": ""2023-05-28""}, {""amount"": 562, ""date"": ""2023-12-10""}, {""amount"": 370, ""date"": ""2023-06-19""}, {""amount"": 335, ""date"": ""2023-12-16""}, {""amount"": 128, ""date"": ""2023-08-28""}, {""amount"": 432, ""date"": ""2023-03-06""}, {""amount"": 651, ""date"": ""2023-12-14""}, {""amount"": 184, ""date"": ""2023-03-25""}, {""amount"": 492, ""date"": ""2023-07-17""}, {""amount"": 107, ""date"": ""2023-08-16""}, {""amount"": 684, ""date"": ""2023-05-25""}, {""amount"": 756, ""date"": ""2023-04-14""}, {""amount"": 107, ""date"": ""2023-08-21""}, {""amount"": 719, ""date"": ""2023-07-06""}]",True,True,True,True,True
648,Customer_648,32.0,16860.0,6152,49,666,0,"[{""amount"": 826, ""date"": ""2023-04-11""}, {""amount"": 405, ""date"": ""2023-04-27""}, {""amount"": 777, ""date"": ""2023-02-27""}, {""amount"": 157, ""date"": ""2023-11-30""}, {""amount"": 990, ""date"": ""2023-02-12""}]",True,True,True,True,True
649,Customer_649,55.0,4968.0,24712,42,520,0,"[{""amount"": 745, ""date"": ""2023-02-07""}, {""amount"": 113, ""date"": ""2023-05-07""}, {""amount"": 135, ""date"": ""2023-02-28""}, {""amount"": 882, ""date"": ""2023-10-25""}, {""amount"": 803, ""date"": ""2023-09-13""}, {""amount"": 505, ""date"": ""2023-04-20""}, {""amount"": 574, ""date"": ""2023-04-20""}, {""amount"": 110, ""date"": ""2023-12-26""}, {""amount"": 509, ""date"": ""2023-01-08""}, {""amount"": 163, ""date"": ""2023-11-03""}, {""amount"": 953, ""date"": ""2023-12-31""}, {""amount"": 704, ""date"": ""2023-05-22""}]",True,True,True,True,True
650,Customer_650,45.0,14435.0,11240,38,323,0,"[{""amount"": 931, ""date"": ""2023-08-28""}, {""amount"": 331, ""date"": ""2023-03-21""}, {""amount"": 159, ""date"": ""2023-03-03""}, {""amount"": 173, ""date"": ""2023-07-18""}, {""amount"": 400, ""date"": ""2023-02-09""}, {""amount"": 890, ""date"": ""2023-07-24""}, {""amount"": 520, ""date"": ""2023-08-07""}, {""amount"": 236, ""date"": ""2023-01-02""}, {""amount"": 787, ""date"": ""2023-01-31""}, {""amount"": 494, ""date"": ""2023-11-22""}, {""amount"": 271, ""date"": ""2023-11-21""}, {""amount"": 421, ""date"": ""2023-09-05""}, {""amount"": 524, ""date"": ""2023-03-18""}, {""amount"": 854, ""date"": ""2023-07-15""}]",True,True,True,True,True
651,Customer_651,54.0,19332.0,21139,15,735,0,"[{""amount"": 460, ""date"": ""2023-07-03""}, {""amount"": 626, ""date"": ""2023-11-25""}, {""amount"": 113, ""date"": ""2023-08-15""}, {""amount"": 775, ""date"": ""2023-09-20""}, {""amount"": 733, ""date"": ""2023-11-25""}, {""amount"": 946, ""date"": ""2023-04-07""}, {""amount"": 981, ""date"": ""2023-07-29""}, {""amount"": 471, ""date"": ""2023-12-04""}, {""amount"": 960, ""date"": ""2023-07-30""}, {""amount"": 120, ""date"": ""2023-01-06""}, {""amount"": 701, ""date"": ""2023-12-17""}]",True,True,True,True,True
652,Customer_652,49.0,17452.0,27557,55,817,1,"[{""amount"": 530, ""date"": ""2023-10-15""}, {""amount"": 369, ""date"": ""2023-03-21""}, {""amount"": 797, ""date"": ""2023-11-21""}, {""amount"": 793, ""date"": ""2023-01-31""}, {""amount"": 691, ""date"": ""2023-05-07""}, {""amount"": 977, ""date"": ""2023-09-02""}]",True,True,True,True,True
653,Customer_653,47.0,7347.0,26177,46,518,0,"[{""amount"": 168, ""date"": ""2023-12-17""}, {""amount"": 507, ""date"": ""2023-04-21""}, {""amount"": 664, ""date"": ""2023-04-21""}, {""amount"": 644, ""date"": ""2023-07-06""}, {""amount"": 683, ""date"": ""2023-07-24""}, {""amount"": 148, ""date"": ""2023-12-26""}, {""amount"": 752, ""date"": ""2023-08-14""}, {""amount"": 437, ""date"": ""2023-01-09""}, {""amount"": 151, ""date"": ""2023-07-17""}, {""amount"": 864, ""date"": ""2023-10-13""}, {""amount"": 951, ""date"": ""2023-12-03""}, {""amount"": 111, ""date"": ""2023-08-17""}, {""amount"": 249, ""date"": ""2023-04-17""}, {""amount"": 449, ""date"": ""2023-05-17""}, {""amount"": 556, ""date"": ""2023-03-13""}, {""amount"": 429, ""date"": ""2023-04-24""}, {""amount"": 236, ""date"": ""2023-10-21""}, {""amount"": 592, ""date"": ""2023-12-04""}, {""amount"": 100, ""date"": ""2023-08-28""}]",True,True,True,True,True
654,Customer_654,68.0,14323.0,14502,22,845,0,"[{""amount"": 341, ""date"": ""2023-12-12""}, {""amount"": 763, ""date"": ""2023-08-29""}, {""amount"": 798, ""date"": ""2023-06-09""}, {""amount"": 354, ""date"": ""2023-11-23""}, {""amount"": 768, ""date"": ""2023-05-06""}, {""amount"": 680, ""date"": ""2023-06-30""}, {""amount"": 815, ""date"": ""2023-07-29""}, {""amount"": 997, ""date"": ""2023-03-13""}, {""amount"": 538, ""date"": ""2023-06-18""}, {""amount"": 443, ""date"": ""2023-10-06""}, {""amount"": 764, ""date"": ""2023-11-07""}, {""amount"": 331, ""date"": ""2023-06-29""}, {""amount"": 286, ""date"": ""2023-02-25""}, {""amount"": 324, ""date"": ""2023-05-08""}]",True,True,True,True,True
655,Customer_655,64.0,4257.0,32410,41,429,0,"[{""amount"": 422, ""date"": ""2023-10-12""}, {""amount"": 175, ""date"": ""2023-07-22""}, {""amount"": 275, ""date"": ""2023-02-16""}, {""amount"": 155, ""date"": ""2023-12-06""}, {""amount"": 240, ""date"": ""2023-11-02""}]",True,True,False,True,False
656,Customer_656,47.0,3175.0,42482,9,363,0,"[{""amount"": 661, ""date"": ""2023-11-20""}, {""amount"": 470, ""date"": ""2023-04-10""}, {""amount"": 923, ""date"": ""2023-02-25""}, {""amount"": 187, ""date"": ""2023-07-14""}, {""amount"": 419, ""date"": ""2023-08-02""}, {""amount"": 486, ""date"": ""2023-01-28""}, {""amount"": 602, ""date"": ""2023-03-03""}, {""amount"": 615, ""date"": ""2023-07-17""}, {""amount"": 678, ""date"": ""2023-12-01""}, {""amount"": 627, ""date"": ""2023-09-26""}, {""amount"": 160, ""date"": ""2023-01-09""}, {""amount"": 783, ""date"": ""2023-12-21""}, {""amount"": 305, ""date"": ""2023-08-24""}, {""amount"": 924, ""date"": ""2023-03-18""}]",True,True,False,True,False
657,Customer_657,68.0,12301.0,29592,45,780,0,"[{""amount"": 905, ""date"": ""2023-12-20""}, {""amount"": 211, ""date"": ""2023-03-18""}, {""amount"": 210, ""date"": ""2023-07-03""}, {""amount"": 133, ""date"": ""2023-02-19""}, {""amount"": 965, ""date"": ""2023-12-15""}, {""amount"": 102, ""date"": ""2023-05-13""}, {""amount"": 571, ""date"": ""2023-06-14""}, {""amount"": 936, ""date"": ""2023-08-18""}, {""amount"": 860, ""date"": ""2023-03-25""}, {""amount"": 482, ""date"": ""2023-02-21""}]",True,True,True,True,True
658,Customer_658,51.0,19589.0,31487,43,384,0,"[{""amount"": 693, ""date"": ""2023-09-01""}, {""amount"": 508, ""date"": ""2023-11-07""}, {""amount"": 229, ""date"": ""2023-04-13""}, {""amount"": 921, ""date"": ""2023-06-10""}, {""amount"": 905, ""date"": ""2023-11-26""}, {""amount"": 883, ""date"": ""2023-01-06""}, {""amount"": 490, ""date"": ""2023-01-29""}, {""amount"": 903, ""date"": ""2023-10-20""}, {""amount"": 545, ""date"": ""2023-07-20""}, {""amount"": 283, ""date"": ""2023-11-03""}, {""amount"": 933, ""date"": ""2023-11-23""}]",True,True,True,True,True
659,Customer_659,30.0,7549.0,49369,9,805,0,"[{""amount"": 793, ""date"": ""2023-01-10""}, {""amount"": 852, ""date"": ""2023-08-23""}, {""amount"": 692, ""date"": ""2023-12-30""}, {""amount"": 367, ""date"": ""2023-03-27""}, {""amount"": 345, ""date"": ""2023-10-01""}, {""amount"": 365, ""date"": ""2023-01-18""}, {""amount"": 863, ""date"": ""2023-01-09""}, {""amount"": 328, ""date"": ""2023-10-11""}, {""amount"": 949, ""date"": ""2023-02-11""}, {""amount"": 933, ""date"": ""2023-12-15""}, {""amount"": 826, ""date"": ""2023-12-22""}, {""amount"": 269, ""date"": ""2023-09-23""}]",True,True,False,True,False
660,Customer_660,50.0,12350.0,15249,46,795,0,"[{""amount"": 132, ""date"": ""2023-05-20""}, {""amount"": 643, ""date"": ""2023-09-04""}, {""amount"": 499, ""date"": ""2023-12-06""}, {""amount"": 769, ""date"": ""2023-05-28""}, {""amount"": 893, ""date"": ""2023-06-21""}]",True,True,True,True,True
661,Customer_661,59.0,7779.0,23313,41,647,0,"[{""amount"": 958, ""date"": ""2023-11-17""}, {""amount"": 437, ""date"": ""2023-05-09""}, {""amount"": 589, ""date"": ""2023-05-02""}, {""amount"": 483, ""date"": ""2023-04-29""}, {""amount"": 269, ""date"": ""2023-01-15""}, {""amount"": 271, ""date"": ""2023-11-25""}, {""amount"": 328, ""date"": ""2023-08-24""}, {""amount"": 712, ""date"": ""2023-06-23""}, {""amount"": 823, ""date"": ""2023-10-05""}, {""amount"": 240, ""date"": ""2023-05-11""}]",True,True,True,True,True
662,Customer_662,34.0,3258.0,28258,7,504,0,"[{""amount"": 358, ""date"": ""2023-07-21""}, {""amount"": 208, ""date"": ""2023-02-14""}, {""amount"": 632, ""date"": ""2023-08-01""}, {""amount"": 160, ""date"": ""2023-06-24""}, {""amount"": 313, ""date"": ""2023-06-12""}, {""amount"": 795, ""date"": ""2023-03-30""}, {""amount"": 778, ""date"": ""2023-02-18""}, {""amount"": 328, ""date"": ""2023-05-29""}, {""amount"": 332, ""date"": ""2023-10-03""}, {""amount"": 114, ""date"": ""2023-07-13""}, {""amount"": 510, ""date"": ""2023-09-23""}, {""amount"": 848, ""date"": ""2023-12-26""}]",True,True,False,True,False
663,Customer_663,20.0,3901.0,30676,9,587,0,"[{""amount"": 472, ""date"": ""2023-07-04""}, {""amount"": 896, ""date"": ""2023-05-13""}, {""amount"": 957, ""date"": ""2023-10-16""}, {""amount"": 292, ""date"": ""2023-12-26""}, {""amount"": 486, ""date"": ""2023-12-30""}, {""amount"": 794, ""date"": ""2023-02-19""}, {""amount"": 216, ""date"": ""2023-09-10""}, {""amount"": 262, ""date"": ""2023-12-25""}, {""amount"": 500, ""date"": ""2023-02-23""}, {""amount"": 225, ""date"": ""2023-02-18""}, {""amount"": 204, ""date"": ""2023-06-01""}, {""amount"": 581, ""date"": ""2023-03-04""}, {""amount"": 806, ""date"": ""2023-12-17""}, {""amount"": 961, ""date"": ""2023-09-22""}, {""amount"": 310, ""date"": ""2023-05-05""}, {""amount"": 710, ""date"": ""2023-12-26""}, {""amount"": 924, ""date"": ""2023-08-14""}]",True,True,False,True,False
664,Customer_664,26.0,7042.0,10351,17,537,0,"[{""amount"": 643, ""date"": ""2023-12-14""}, {""amount"": 350, ""date"": ""2023-01-05""}, {""amount"": 166, ""date"": ""2023-12-12""}, {""amount"": 894, ""date"": ""2023-03-27""}, {""amount"": 839, ""date"": ""2023-12-28""}, {""amount"": 252, ""date"": ""2023-03-11""}, {""amount"": 868, ""date"": ""2023-11-11""}, {""amount"": 967, ""date"": ""2023-11-14""}, {""amount"": 870, ""date"": ""2023-05-29""}, {""amount"": 572, ""date"": ""2023-09-27""}, {""amount"": 524, ""date"": ""2023-07-22""}]",True,True,True,True,True
665,Customer_665,69.0,17937.0,31524,9,775,1,"[{""amount"": 329, ""date"": ""2023-08-11""}, {""amount"": 823, ""date"": ""2023-11-27""}, {""amount"": 503, ""date"": ""2023-11-07""}, {""amount"": 799, ""date"": ""2023-07-11""}, {""amount"": 639, ""date"": ""2023-02-04""}, {""amount"": 261, ""date"": ""2023-05-21""}, {""amount"": 318, ""date"": ""2023-10-19""}, {""amount"": 475, ""date"": ""2023-09-05""}, {""amount"": 433, ""date"": ""2023-10-18""}, {""amount"": 848, ""date"": ""2023-05-03""}, {""amount"": 404, ""date"": ""2023-04-08""}, {""amount"": 556, ""date"": ""2023-07-04""}]",True,True,True,True,True
666,Customer_666,28.0,18978.0,23166,52,687,0,"[{""amount"": 896, ""date"": ""2023-07-28""}, {""amount"": 429, ""date"": ""2023-06-18""}, {""amount"": 972, ""date"": ""2023-11-21""}, {""amount"": 361, ""date"": ""2023-10-03""}, {""amount"": 456, ""date"": ""2023-07-14""}, {""amount"": 326, ""date"": ""2023-09-01""}, {""amount"": 473, ""date"": ""2023-06-10""}, {""amount"": 567, ""date"": ""2023-07-02""}, {""amount"": 393, ""date"": ""2023-07-16""}, {""amount"": 859, ""date"": ""2023-01-05""}, {""amount"": 860, ""date"": ""2023-08-31""}, {""amount"": 171, ""date"": ""2023-05-09""}, {""amount"": 550, ""date"": ""2023-09-17""}, {""amount"": 684, ""date"": ""2023-04-17""}, {""amount"": 106, ""date"": ""2023-08-16""}]",True,True,True,True,True
667,Customer_667,66.0,19870.0,48853,18,543,0,"[{""amount"": 312, ""date"": ""2023-09-05""}, {""amount"": 270, ""date"": ""2023-11-03""}, {""amount"": 702, ""date"": ""2023-06-20""}, {""amount"": 137, ""date"": ""2023-10-22""}, {""amount"": 342, ""date"": ""2023-09-16""}, {""amount"": 157, ""date"": ""2023-05-30""}, {""amount"": 528, ""date"": ""2023-06-26""}, {""amount"": 243, ""date"": ""2023-05-20""}, {""amount"": 505, ""date"": ""2023-03-19""}, {""amount"": 629, ""date"": ""2023-05-02""}, {""amount"": 265, ""date"": ""2023-08-06""}, {""amount"": 984, ""date"": ""2023-08-14""}, {""amount"": 999, ""date"": ""2023-11-01""}, {""amount"": 276, ""date"": ""2023-10-20""}, {""amount"": 521, ""date"": ""2023-02-04""}, {""amount"": 961, ""date"": ""2023-08-14""}, {""amount"": 896, ""date"": ""2023-02-16""}, {""amount"": 129, ""date"": ""2023-08-11""}, {""amount"": 138, ""date"": ""2023-07-12""}]",True,True,True,True,True
668,Customer_668,44.0,2101.0,48962,38,694,0,"[{""amount"": 676, ""date"": ""2023-07-27""}, {""amount"": 548, ""date"": ""2023-01-07""}, {""amount"": 618, ""date"": ""2023-05-17""}, {""amount"": 772, ""date"": ""2023-02-16""}, {""amount"": 394, ""date"": ""2023-08-24""}, {""amount"": 262, ""date"": ""2023-06-26""}, {""amount"": 967, ""date"": ""2023-07-03""}, {""amount"": 827, ""date"": ""2023-01-13""}, {""amount"": 638, ""date"": ""2023-06-08""}, {""amount"": 769, ""date"": ""2023-05-02""}, {""amount"": 659, ""date"": ""2023-08-04""}, {""amount"": 819, ""date"": ""2023-10-29""}, {""amount"": 875, ""date"": ""2023-09-03""}, {""amount"": 668, ""date"": ""2023-08-24""}, {""amount"": 348, ""date"": ""2023-09-17""}, {""amount"": 579, ""date"": ""2023-11-11""}, {""amount"": 868, ""date"": ""2023-09-10""}, {""amount"": 363, ""date"": ""2023-05-06""}]",True,True,False,True,False
669,Customer_669,45.0,16920.0,48641,45,479,0,"[{""amount"": 630, ""date"": ""2023-08-08""}, {""amount"": 902, ""date"": ""2023-12-05""}, {""amount"": 339, ""date"": ""2023-01-01""}, {""amount"": 705, ""date"": ""2023-10-12""}, {""amount"": 243, ""date"": ""2023-07-14""}, {""amount"": 149, ""date"": ""2023-11-24""}, {""amount"": 874, ""date"": ""2023-07-16""}, {""amount"": 724, ""date"": ""2023-04-20""}, {""amount"": 765, ""date"": ""2023-09-10""}, {""amount"": 175, ""date"": ""2023-11-21""}, {""amount"": 386, ""date"": ""2023-09-08""}, {""amount"": 508, ""date"": ""2023-09-20""}, {""amount"": 282, ""date"": ""2023-11-08""}, {""amount"": 726, ""date"": ""2023-03-25""}, {""amount"": 457, ""date"": ""2023-06-16""}, {""amount"": 650, ""date"": ""2023-11-11""}]",True,True,True,True,True
670,Customer_670,19.0,8834.0,45368,56,373,0,"[{""amount"": 304, ""date"": ""2023-07-10""}, {""amount"": 748, ""date"": ""2023-02-03""}, {""amount"": 301, ""date"": ""2023-02-09""}, {""amount"": 136, ""date"": ""2023-01-01""}, {""amount"": 732, ""date"": ""2023-01-17""}, {""amount"": 719, ""date"": ""2023-11-24""}, {""amount"": 918, ""date"": ""2023-11-02""}, {""amount"": 534, ""date"": ""2023-08-20""}, {""amount"": 310, ""date"": ""2023-06-03""}]",True,True,False,True,False
671,Customer_671,18.0,12274.0,33059,6,441,0,"[{""amount"": 196, ""date"": ""2023-02-15""}, {""amount"": 441, ""date"": ""2023-12-21""}, {""amount"": 536, ""date"": ""2023-09-28""}, {""amount"": 386, ""date"": ""2023-03-16""}, {""amount"": 427, ""date"": ""2023-03-22""}, {""amount"": 127, ""date"": ""2023-12-31""}, {""amount"": 152, ""date"": ""2023-04-30""}, {""amount"": 540, ""date"": ""2023-01-24""}, {""amount"": 342, ""date"": ""2023-11-14""}, {""amount"": 938, ""date"": ""2023-05-21""}, {""amount"": 727, ""date"": ""2023-03-20""}, {""amount"": 888, ""date"": ""2023-12-24""}, {""amount"": 284, ""date"": ""2023-10-19""}, {""amount"": 426, ""date"": ""2023-08-25""}, {""amount"": 129, ""date"": ""2023-05-04""}]",True,True,True,True,True
672,Customer_672,23.0,19370.0,15091,60,616,0,"[{""amount"": 318, ""date"": ""2023-04-12""}, {""amount"": 501, ""date"": ""2023-02-16""}, {""amount"": 837, ""date"": ""2023-10-12""}, {""amount"": 278, ""date"": ""2023-02-11""}, {""amount"": 556, ""date"": ""2023-07-29""}, {""amount"": 593, ""date"": ""2023-07-01""}, {""amount"": 384, ""date"": ""2023-12-27""}, {""amount"": 349, ""date"": ""2023-10-02""}, {""amount"": 691, ""date"": ""2023-11-13""}, {""amount"": 484, ""date"": ""2023-04-29""}, {""amount"": 744, ""date"": ""2023-08-26""}, {""amount"": 303, ""date"": ""2023-06-05""}, {""amount"": 847, ""date"": ""2023-07-01""}, {""amount"": 764, ""date"": ""2023-01-12""}, {""amount"": 894, ""date"": ""2023-04-10""}]",True,True,True,True,True
673,Customer_673,42.0,10715.0,33825,60,742,0,"[{""amount"": 818, ""date"": ""2023-07-18""}, {""amount"": 374, ""date"": ""2023-04-15""}, {""amount"": 115, ""date"": ""2023-12-04""}, {""amount"": 960, ""date"": ""2023-06-11""}, {""amount"": 409, ""date"": ""2023-04-06""}, {""amount"": 751, ""date"": ""2023-11-06""}, {""amount"": 109, ""date"": ""2023-04-19""}, {""amount"": 388, ""date"": ""2023-08-28""}, {""amount"": 204, ""date"": ""2023-12-08""}, {""amount"": 715, ""date"": ""2023-05-19""}, {""amount"": 325, ""date"": ""2023-01-29""}, {""amount"": 230, ""date"": ""2023-05-22""}, {""amount"": 350, ""date"": ""2023-08-23""}, {""amount"": 879, ""date"": ""2023-12-01""}, {""amount"": 209, ""date"": ""2023-01-01""}, {""amount"": 847, ""date"": ""2023-01-19""}, {""amount"": 791, ""date"": ""2023-07-11""}]",True,True,True,True,True
674,Customer_674,52.0,5211.0,11100,53,601,0,"[{""amount"": 906, ""date"": ""2023-06-15""}, {""amount"": 733, ""date"": ""2023-12-05""}, {""amount"": 329, ""date"": ""2023-07-04""}, {""amount"": 365, ""date"": ""2023-07-29""}, {""amount"": 204, ""date"": ""2023-04-13""}, {""amount"": 952, ""date"": ""2023-09-27""}, {""amount"": 659, ""date"": ""2023-10-10""}, {""amount"": 925, ""date"": ""2023-07-15""}, {""amount"": 373, ""date"": ""2023-10-16""}]",True,True,True,True,True
675,Customer_675,33.0,12600.0,27639,29,453,0,"[{""amount"": 459, ""date"": ""2023-06-19""}, {""amount"": 510, ""date"": ""2023-02-26""}, {""amount"": 951, ""date"": ""2023-01-04""}, {""amount"": 758, ""date"": ""2023-02-16""}, {""amount"": 132, ""date"": ""2023-10-02""}, {""amount"": 550, ""date"": ""2023-11-09""}, {""amount"": 168, ""date"": ""2023-11-21""}, {""amount"": 874, ""date"": ""2023-05-10""}, {""amount"": 689, ""date"": ""2023-01-03""}, {""amount"": 537, ""date"": ""2023-12-03""}, {""amount"": 691, ""date"": ""2023-01-15""}, {""amount"": 214, ""date"": ""2023-09-21""}, {""amount"": 559, ""date"": ""2023-03-24""}, {""amount"": 519, ""date"": ""2023-04-30""}, {""amount"": 231, ""date"": ""2023-06-23""}, {""amount"": 792, ""date"": ""2023-05-28""}, {""amount"": 843, ""date"": ""2023-09-03""}, {""amount"": 822, ""date"": ""2023-09-24""}, {""amount"": 337, ""date"": ""2023-02-15""}]",True,True,True,True,True
676,Customer_676,21.0,8564.0,27092,13,748,0,"[{""amount"": 699, ""date"": ""2023-01-25""}, {""amount"": 689, ""date"": ""2023-01-12""}, {""amount"": 233, ""date"": ""2023-11-06""}, {""amount"": 982, ""date"": ""2023-02-04""}, {""amount"": 220, ""date"": ""2023-11-28""}, {""amount"": 490, ""date"": ""2023-03-06""}]",True,True,True,True,True
677,Customer_677,64.0,7936.0,22944,7,544,0,"[{""amount"": 531, ""date"": ""2023-12-21""}, {""amount"": 131, ""date"": ""2023-12-14""}, {""amount"": 882, ""date"": ""2023-05-17""}, {""amount"": 354, ""date"": ""2023-05-28""}, {""amount"": 856, ""date"": ""2023-12-10""}, {""amount"": 986, ""date"": ""2023-09-18""}, {""amount"": 764, ""date"": ""2023-11-26""}, {""amount"": 177, ""date"": ""2023-05-28""}, {""amount"": 847, ""date"": ""2023-02-07""}, {""amount"": 443, ""date"": ""2023-05-22""}]",True,True,True,True,True
678,Customer_678,55.0,16941.0,25229,40,515,0,"[{""amount"": 675, ""date"": ""2023-07-25""}, {""amount"": 469, ""date"": ""2023-11-11""}, {""amount"": 115, ""date"": ""2023-07-25""}, {""amount"": 147, ""date"": ""2023-02-05""}, {""amount"": 796, ""date"": ""2023-07-13""}, {""amount"": 235, ""date"": ""2023-01-13""}, {""amount"": 386, ""date"": ""2023-10-15""}]",True,True,True,True,True
679,Customer_679,61.0,7666.0,18346,19,571,0,"[{""amount"": 116, ""date"": ""2023-07-17""}, {""amount"": 591, ""date"": ""2023-10-08""}, {""amount"": 900, ""date"": ""2023-05-20""}, {""amount"": 152, ""date"": ""2023-06-15""}, {""amount"": 459, ""date"": ""2023-12-15""}, {""amount"": 257, ""date"": ""2023-07-19""}, {""amount"": 160, ""date"": ""2023-03-12""}, {""amount"": 742, ""date"": ""2023-01-13""}, {""amount"": 864, ""date"": ""2023-12-24""}, {""amount"": 204, ""date"": ""2023-12-06""}, {""amount"": 940, ""date"": ""2023-01-17""}, {""amount"": 713, ""date"": ""2023-04-09""}, {""amount"": 693, ""date"": ""2023-02-27""}, {""amount"": 225, ""date"": ""2023-04-20""}, {""amount"": 966, ""date"": ""2023-08-22""}, {""amount"": 684, ""date"": ""2023-06-15""}, {""amount"": 835, ""date"": ""2023-11-04""}, {""amount"": 423, ""date"": ""2023-11-02""}]",True,True,True,True,True
680,Customer_680,37.0,15002.0,21460,36,817,0,"[{""amount"": 557, ""date"": ""2023-08-10""}, {""amount"": 362, ""date"": ""2023-03-01""}, {""amount"": 519, ""date"": ""2023-09-27""}, {""amount"": 373, ""date"": ""2023-07-30""}, {""amount"": 693, ""date"": ""2023-06-21""}, {""amount"": 888, ""date"": ""2023-03-21""}, {""amount"": 712, ""date"": ""2023-09-19""}, {""amount"": 185, ""date"": ""2023-09-13""}, {""amount"": 597, ""date"": ""2023-07-29""}, {""amount"": 742, ""date"": ""2023-06-19""}, {""amount"": 381, ""date"": ""2023-10-03""}, {""amount"": 305, ""date"": ""2023-08-09""}, {""amount"": 821, ""date"": ""2023-08-02""}]",True,True,True,True,True
681,Customer_681,42.0,5532.0,49219,27,812,0,"[{""amount"": 500, ""date"": ""2023-07-05""}, {""amount"": 181, ""date"": ""2023-08-16""}, {""amount"": 403, ""date"": ""2023-08-07""}, {""amount"": 689, ""date"": ""2023-01-07""}, {""amount"": 414, ""date"": ""2023-07-15""}, {""amount"": 981, ""date"": ""2023-11-17""}, {""amount"": 968, ""date"": ""2023-07-08""}, {""amount"": 754, ""date"": ""2023-03-02""}, {""amount"": 882, ""date"": ""2023-05-01""}, {""amount"": 720, ""date"": ""2023-11-10""}]",True,True,False,True,False
682,Customer_682,24.0,4801.0,8627,23,637,0,"[{""amount"": 128, ""date"": ""2023-06-09""}, {""amount"": 705, ""date"": ""2023-11-15""}, {""amount"": 339, ""date"": ""2023-04-25""}, {""amount"": 949, ""date"": ""2023-09-30""}, {""amount"": 513, ""date"": ""2023-04-06""}]",True,True,True,True,True
683,Customer_683,38.0,9463.0,46935,29,358,0,"[{""amount"": 175, ""date"": ""2023-06-22""}, {""amount"": 409, ""date"": ""2023-10-06""}, {""amount"": 745, ""date"": ""2023-01-10""}, {""amount"": 716, ""date"": ""2023-08-01""}, {""amount"": 989, ""date"": ""2023-08-04""}, {""amount"": 153, ""date"": ""2023-05-01""}, {""amount"": 935, ""date"": ""2023-09-01""}, {""amount"": 158, ""date"": ""2023-09-25""}, {""amount"": 904, ""date"": ""2023-05-19""}, {""amount"": 540, ""date"": ""2023-07-18""}, {""amount"": 735, ""date"": ""2023-08-23""}, {""amount"": 922, ""date"": ""2023-07-05""}, {""amount"": 521, ""date"": ""2023-05-17""}]",True,True,True,True,True
684,Customer_684,24.0,7103.0,14019,41,841,0,"[{""amount"": 144, ""date"": ""2023-05-02""}, {""amount"": 160, ""date"": ""2023-12-13""}, {""amount"": 408, ""date"": ""2023-05-15""}, {""amount"": 505, ""date"": ""2023-07-21""}, {""amount"": 199, ""date"": ""2023-05-19""}]",True,True,True,True,True
685,Customer_685,46.0,2075.0,41117,39,763,0,"[{""amount"": 589, ""date"": ""2023-02-21""}, {""amount"": 278, ""date"": ""2023-03-28""}, {""amount"": 312, ""date"": ""2023-05-17""}, {""amount"": 526, ""date"": ""2023-08-07""}, {""amount"": 125, ""date"": ""2023-12-12""}, {""amount"": 856, ""date"": ""2023-02-24""}, {""amount"": 572, ""date"": ""2023-02-21""}, {""amount"": 318, ""date"": ""2023-10-23""}, {""amount"": 470, ""date"": ""2023-02-28""}, {""amount"": 901, ""date"": ""2023-09-19""}, {""amount"": 982, ""date"": ""2023-10-22""}, {""amount"": 829, ""date"": ""2023-07-03""}]",True,True,False,True,False
686,Customer_686,69.0,3966.0,45420,12,715,0,"[{""amount"": 437, ""date"": ""2023-02-13""}, {""amount"": 833, ""date"": ""2023-10-16""}, {""amount"": 951, ""date"": ""2023-09-26""}, {""amount"": 849, ""date"": ""2023-11-17""}, {""amount"": 501, ""date"": ""2023-01-06""}, {""amount"": 749, ""date"": ""2023-05-07""}]",True,True,False,True,False
687,Customer_687,24.0,14201.0,12665,30,574,0,"[{""amount"": 494, ""date"": ""2023-03-08""}, {""amount"": 172, ""date"": ""2023-04-06""}, {""amount"": 123, ""date"": ""2023-07-14""}, {""amount"": 353, ""date"": ""2023-05-11""}, {""amount"": 590, ""date"": ""2023-08-06""}, {""amount"": 913, ""date"": ""2023-03-03""}, {""amount"": 418, ""date"": ""2023-03-22""}, {""amount"": 952, ""date"": ""2023-06-01""}, {""amount"": 589, ""date"": ""2023-10-21""}]",True,True,True,True,True
688,Customer_688,20.0,6090.0,44422,40,407,0,"[{""amount"": 577, ""date"": ""2023-03-24""}, {""amount"": 319, ""date"": ""2023-04-07""}, {""amount"": 471, ""date"": ""2023-03-24""}, {""amount"": 756, ""date"": ""2023-01-01""}, {""amount"": 387, ""date"": ""2023-07-12""}, {""amount"": 782, ""date"": ""2023-09-21""}]",True,True,False,True,False
689,Customer_689,46.0,5715.0,11508,46,402,0,"[{""amount"": 342, ""date"": ""2023-01-03""}, {""amount"": 737, ""date"": ""2023-08-26""}, {""amount"": 151, ""date"": ""2023-07-03""}, {""amount"": 254, ""date"": ""2023-10-23""}, {""amount"": 338, ""date"": ""2023-12-27""}, {""amount"": 566, ""date"": ""2023-06-19""}, {""amount"": 637, ""date"": ""2023-09-16""}, {""amount"": 434, ""date"": ""2023-04-09""}, {""amount"": 602, ""date"": ""2023-10-27""}]",True,True,True,True,True
690,Customer_690,46.0,17679.0,22932,44,770,1,"[{""amount"": 944, ""date"": ""2023-04-17""}, {""amount"": 229, ""date"": ""2023-07-12""}, {""amount"": 253, ""date"": ""2023-07-16""}, {""amount"": 949, ""date"": ""2023-02-10""}, {""amount"": 618, ""date"": ""2023-09-21""}, {""amount"": 541, ""date"": ""2023-02-14""}, {""amount"": 533, ""date"": ""2023-03-16""}, {""amount"": 751, ""date"": ""2023-08-20""}, {""amount"": 437, ""date"": ""2023-01-31""}, {""amount"": 141, ""date"": ""2023-11-14""}, {""amount"": 236, ""date"": ""2023-12-05""}, {""amount"": 317, ""date"": ""2023-05-02""}, {""amount"": 901, ""date"": ""2023-07-15""}, {""amount"": 892, ""date"": ""2023-05-09""}]",True,True,True,True,True
691,Customer_691,56.0,17168.0,16120,15,627,0,"[{""amount"": 429, ""date"": ""2023-07-20""}, {""amount"": 129, ""date"": ""2023-09-28""}, {""amount"": 647, ""date"": ""2023-03-28""}, {""amount"": 230, ""date"": ""2023-10-03""}, {""amount"": 639, ""date"": ""2023-06-04""}, {""amount"": 505, ""date"": ""2023-11-03""}, {""amount"": 108, ""date"": ""2023-07-10""}, {""amount"": 449, ""date"": ""2023-08-20""}, {""amount"": 949, ""date"": ""2023-03-16""}, {""amount"": 652, ""date"": ""2023-05-26""}, {""amount"": 733, ""date"": ""2023-03-21""}, {""amount"": 667, ""date"": ""2023-08-01""}, {""amount"": 326, ""date"": ""2023-08-09""}, {""amount"": 519, ""date"": ""2023-09-24""}, {""amount"": 994, ""date"": ""2023-07-19""}, {""amount"": 147, ""date"": ""2023-03-19""}, {""amount"": 733, ""date"": ""2023-02-26""}, {""amount"": 217, ""date"": ""2023-09-16""}]",True,True,True,True,True
692,Customer_692,55.0,9949.0,6660,30,783,0,"[{""amount"": 861, ""date"": ""2023-07-03""}, {""amount"": 765, ""date"": ""2023-10-13""}, {""amount"": 322, ""date"": ""2023-04-06""}, {""amount"": 319, ""date"": ""2023-08-14""}, {""amount"": 505, ""date"": ""2023-11-18""}, {""amount"": 357, ""date"": ""2023-05-20""}, {""amount"": 595, ""date"": ""2023-03-17""}, {""amount"": 974, ""date"": ""2023-06-02""}, {""amount"": 421, ""date"": ""2023-08-26""}, {""amount"": 244, ""date"": ""2023-09-28""}, {""amount"": 553, ""date"": ""2023-01-14""}, {""amount"": 885, ""date"": ""2023-04-18""}]",True,True,True,True,True
693,Customer_693,23.0,5878.0,36391,35,831,0,"[{""amount"": 913, ""date"": ""2023-03-15""}, {""amount"": 405, ""date"": ""2023-06-15""}, {""amount"": 161, ""date"": ""2023-09-30""}, {""amount"": 533, ""date"": ""2023-05-05""}, {""amount"": 764, ""date"": ""2023-04-12""}, {""amount"": 489, ""date"": ""2023-02-28""}, {""amount"": 228, ""date"": ""2023-11-27""}, {""amount"": 529, ""date"": ""2023-02-09""}, {""amount"": 570, ""date"": ""2023-10-06""}, {""amount"": 413, ""date"": ""2023-05-14""}, {""amount"": 997, ""date"": ""2023-12-01""}, {""amount"": 482, ""date"": ""2023-12-11""}, {""amount"": 406, ""date"": ""2023-10-29""}, {""amount"": 967, ""date"": ""2023-07-22""}, {""amount"": 960, ""date"": ""2023-03-26""}, {""amount"": 723, ""date"": ""2023-11-14""}]",True,True,False,True,False
694,Customer_694,63.0,6356.0,35227,11,625,0,"[{""amount"": 372, ""date"": ""2023-01-27""}, {""amount"": 361, ""date"": ""2023-03-26""}, {""amount"": 730, ""date"": ""2023-08-20""}, {""amount"": 436, ""date"": ""2023-01-21""}, {""amount"": 413, ""date"": ""2023-09-09""}, {""amount"": 283, ""date"": ""2023-10-04""}, {""amount"": 559, ""date"": ""2023-05-21""}, {""amount"": 725, ""date"": ""2023-08-02""}]",True,True,False,True,False
695,Customer_695,27.0,16851.0,11741,54,492,0,"[{""amount"": 161, ""date"": ""2023-11-18""}, {""amount"": 179, ""date"": ""2023-04-23""}, {""amount"": 710, ""date"": ""2023-04-02""}, {""amount"": 782, ""date"": ""2023-08-05""}, {""amount"": 979, ""date"": ""2023-07-31""}, {""amount"": 818, ""date"": ""2023-04-30""}]",True,True,True,True,True
696,Customer_696,54.0,5216.0,7863,54,791,0,"[{""amount"": 341, ""date"": ""2023-10-30""}, {""amount"": 551, ""date"": ""2023-12-09""}, {""amount"": 436, ""date"": ""2023-03-20""}, {""amount"": 469, ""date"": ""2023-03-09""}, {""amount"": 787, ""date"": ""2023-12-04""}, {""amount"": 826, ""date"": ""2023-10-21""}, {""amount"": 690, ""date"": ""2023-06-19""}, {""amount"": 187, ""date"": ""2023-05-01""}, {""amount"": 724, ""date"": ""2023-12-20""}]",True,True,True,True,True
697,Customer_697,31.0,4430.0,7042,31,685,0,"[{""amount"": 744, ""date"": ""2023-09-17""}, {""amount"": 518, ""date"": ""2023-12-23""}, {""amount"": 960, ""date"": ""2023-07-03""}, {""amount"": 496, ""date"": ""2023-07-24""}, {""amount"": 554, ""date"": ""2023-08-10""}, {""amount"": 556, ""date"": ""2023-01-26""}, {""amount"": 637, ""date"": ""2023-10-06""}, {""amount"": 105, ""date"": ""2023-11-04""}]",True,True,True,True,True
698,Customer_698,39.0,10856.0,37836,10,469,0,"[{""amount"": 481, ""date"": ""2023-08-03""}, {""amount"": 928, ""date"": ""2023-05-19""}, {""amount"": 123, ""date"": ""2023-03-27""}, {""amount"": 607, ""date"": ""2023-11-08""}, {""amount"": 981, ""date"": ""2023-10-06""}, {""amount"": 912, ""date"": ""2023-09-22""}, {""amount"": 181, ""date"": ""2023-12-06""}, {""amount"": 701, ""date"": ""2023-06-27""}, {""amount"": 722, ""date"": ""2023-03-26""}, {""amount"": 879, ""date"": ""2023-12-19""}, {""amount"": 613, ""date"": ""2023-05-10""}, {""amount"": 201, ""date"": ""2023-04-12""}, {""amount"": 717, ""date"": ""2023-06-29""}]",True,True,True,True,True
699,Customer_699,49.0,11483.0,26705,52,528,0,"[{""amount"": 653, ""date"": ""2023-04-23""}, {""amount"": 662, ""date"": ""2023-12-29""}, {""amount"": 225, ""date"": ""2023-04-07""}, {""amount"": 735, ""date"": ""2023-08-03""}, {""amount"": 987, ""date"": ""2023-03-22""}, {""amount"": 503, ""date"": ""2023-11-18""}, {""amount"": 624, ""date"": ""2023-09-17""}, {""amount"": 281, ""date"": ""2023-10-10""}, {""amount"": 596, ""date"": ""2023-05-19""}, {""amount"": 276, ""date"": ""2023-08-18""}, {""amount"": 279, ""date"": ""2023-07-21""}, {""amount"": 858, ""date"": ""2023-09-13""}, {""amount"": 820, ""date"": ""2023-08-29""}, {""amount"": 619, ""date"": ""2023-06-22""}, {""amount"": 533, ""date"": ""2023-06-20""}]",True,True,True,True,True
700,Customer_700,35.0,11435.0,29480,44,471,0,"[{""amount"": 261, ""date"": ""2023-12-16""}, {""amount"": 644, ""date"": ""2023-01-14""}, {""amount"": 130, ""date"": ""2023-07-20""}, {""amount"": 414, ""date"": ""2023-01-08""}, {""amount"": 678, ""date"": ""2023-08-08""}, {""amount"": 763, ""date"": ""2023-08-05""}, {""amount"": 599, ""date"": ""2023-11-08""}, {""amount"": 258, ""date"": ""2023-10-12""}, {""amount"": 424, ""date"": ""2023-06-14""}, {""amount"": 523, ""date"": ""2023-04-03""}, {""amount"": 268, ""date"": ""2023-02-20""}, {""amount"": 926, ""date"": ""2023-08-08""}, {""amount"": 910, ""date"": ""2023-02-25""}, {""amount"": 253, ""date"": ""2023-03-08""}, {""amount"": 829, ""date"": ""2023-10-03""}, {""amount"": 301, ""date"": ""2023-03-23""}]",True,True,True,True,True
701,Customer_701,53.0,7000.0,43858,6,515,0,"[{""amount"": 372, ""date"": ""2023-10-02""}, {""amount"": 922, ""date"": ""2023-01-07""}, {""amount"": 287, ""date"": ""2023-11-30""}, {""amount"": 868, ""date"": ""2023-10-16""}, {""amount"": 355, ""date"": ""2023-07-10""}, {""amount"": 463, ""date"": ""2023-11-09""}, {""amount"": 351, ""date"": ""2023-04-28""}, {""amount"": 866, ""date"": ""2023-08-30""}, {""amount"": 649, ""date"": ""2023-04-15""}, {""amount"": 395, ""date"": ""2023-09-18""}, {""amount"": 550, ""date"": ""2023-03-18""}, {""amount"": 192, ""date"": ""2023-02-07""}, {""amount"": 551, ""date"": ""2023-03-24""}, {""amount"": 247, ""date"": ""2023-08-10""}, {""amount"": 293, ""date"": ""2023-05-18""}, {""amount"": 563, ""date"": ""2023-02-12""}]",True,True,False,True,False
702,Customer_702,63.0,8438.0,25955,20,350,0,"[{""amount"": 151, ""date"": ""2023-10-04""}, {""amount"": 116, ""date"": ""2023-04-13""}, {""amount"": 654, ""date"": ""2023-04-08""}, {""amount"": 106, ""date"": ""2023-06-04""}, {""amount"": 572, ""date"": ""2023-07-06""}, {""amount"": 446, ""date"": ""2023-07-15""}, {""amount"": 542, ""date"": ""2023-11-02""}, {""amount"": 258, ""date"": ""2023-05-20""}, {""amount"": 120, ""date"": ""2023-11-11""}, {""amount"": 757, ""date"": ""2023-09-09""}, {""amount"": 187, ""date"": ""2023-08-07""}, {""amount"": 469, ""date"": ""2023-01-08""}]",True,True,True,True,True
703,Customer_703,69.0,3588.0,39064,15,692,0,"[{""amount"": 866, ""date"": ""2023-02-14""}, {""amount"": 633, ""date"": ""2023-12-23""}, {""amount"": 764, ""date"": ""2023-10-29""}, {""amount"": 353, ""date"": ""2023-11-21""}, {""amount"": 520, ""date"": ""2023-11-11""}]",True,True,False,True,False
704,Customer_704,26.0,17679.0,6762,42,417,0,"[{""amount"": 468, ""date"": ""2023-02-24""}, {""amount"": 331, ""date"": ""2023-03-17""}, {""amount"": 974, ""date"": ""2023-09-21""}, {""amount"": 961, ""date"": ""2023-06-10""}, {""amount"": 412, ""date"": ""2023-03-02""}, {""amount"": 740, ""date"": ""2023-10-31""}, {""amount"": 450, ""date"": ""2023-12-15""}, {""amount"": 714, ""date"": ""2023-07-06""}, {""amount"": 726, ""date"": ""2023-12-18""}, {""amount"": 487, ""date"": ""2023-11-27""}, {""amount"": 512, ""date"": ""2023-04-21""}, {""amount"": 175, ""date"": ""2023-03-10""}, {""amount"": 321, ""date"": ""2023-10-11""}, {""amount"": 138, ""date"": ""2023-01-08""}, {""amount"": 382, ""date"": ""2023-06-27""}]",True,True,True,True,True
705,Customer_705,43.0,13157.0,28702,53,558,0,"[{""amount"": 149, ""date"": ""2023-04-03""}, {""amount"": 566, ""date"": ""2023-06-08""}, {""amount"": 151, ""date"": ""2023-03-25""}, {""amount"": 580, ""date"": ""2023-02-27""}, {""amount"": 511, ""date"": ""2023-03-14""}, {""amount"": 488, ""date"": ""2023-02-09""}, {""amount"": 805, ""date"": ""2023-11-26""}, {""amount"": 537, ""date"": ""2023-08-15""}, {""amount"": 826, ""date"": ""2023-04-27""}, {""amount"": 164, ""date"": ""2023-08-09""}, {""amount"": 647, ""date"": ""2023-02-04""}, {""amount"": 967, ""date"": ""2023-12-02""}, {""amount"": 149, ""date"": ""2023-12-15""}, {""amount"": 986, ""date"": ""2023-05-15""}, {""amount"": 244, ""date"": ""2023-07-29""}, {""amount"": 541, ""date"": ""2023-06-12""}]",True,True,True,True,True
706,Customer_706,39.0,10947.0,10245,56,798,0,"[{""amount"": 876, ""date"": ""2023-03-17""}, {""amount"": 204, ""date"": ""2023-02-18""}, {""amount"": 668, ""date"": ""2023-07-19""}, {""amount"": 317, ""date"": ""2023-11-08""}, {""amount"": 824, ""date"": ""2023-04-18""}, {""amount"": 266, ""date"": ""2023-06-26""}, {""amount"": 853, ""date"": ""2023-09-07""}]",True,True,True,True,True
707,Customer_707,63.0,16539.0,22436,34,328,0,"[{""amount"": 198, ""date"": ""2023-05-05""}, {""amount"": 741, ""date"": ""2023-04-23""}, {""amount"": 955, ""date"": ""2023-04-21""}, {""amount"": 798, ""date"": ""2023-01-14""}, {""amount"": 272, ""date"": ""2023-08-15""}, {""amount"": 132, ""date"": ""2023-09-01""}, {""amount"": 788, ""date"": ""2023-11-09""}, {""amount"": 581, ""date"": ""2023-09-30""}, {""amount"": 230, ""date"": ""2023-07-18""}, {""amount"": 504, ""date"": ""2023-02-08""}, {""amount"": 742, ""date"": ""2023-04-01""}, {""amount"": 212, ""date"": ""2023-03-04""}]",True,True,True,True,True
708,Customer_708,55.0,12975.0,17572,21,338,0,"[{""amount"": 221, ""date"": ""2023-04-10""}, {""amount"": 267, ""date"": ""2023-05-28""}, {""amount"": 215, ""date"": ""2023-08-16""}, {""amount"": 613, ""date"": ""2023-06-02""}, {""amount"": 420, ""date"": ""2023-01-11""}, {""amount"": 647, ""date"": ""2023-07-15""}, {""amount"": 381, ""date"": ""2023-06-05""}, {""amount"": 282, ""date"": ""2023-03-31""}, {""amount"": 861, ""date"": ""2023-09-25""}, {""amount"": 308, ""date"": ""2023-12-09""}, {""amount"": 803, ""date"": ""2023-01-09""}, {""amount"": 120, ""date"": ""2023-11-09""}, {""amount"": 932, ""date"": ""2023-08-12""}, {""amount"": 713, ""date"": ""2023-01-28""}]",True,True,True,True,True
709,Customer_709,40.0,18694.0,40441,8,548,0,"[{""amount"": 402, ""date"": ""2023-10-24""}, {""amount"": 518, ""date"": ""2023-05-17""}, {""amount"": 988, ""date"": ""2023-02-21""}, {""amount"": 897, ""date"": ""2023-04-10""}, {""amount"": 801, ""date"": ""2023-08-04""}, {""amount"": 192, ""date"": ""2023-10-20""}, {""amount"": 275, ""date"": ""2023-12-08""}, {""amount"": 507, ""date"": ""2023-12-30""}, {""amount"": 649, ""date"": ""2023-01-26""}, {""amount"": 912, ""date"": ""2023-09-18""}, {""amount"": 504, ""date"": ""2023-09-10""}]",True,True,True,True,True
710,Customer_710,34.0,18243.0,12013,42,730,0,"[{""amount"": 192, ""date"": ""2023-10-09""}, {""amount"": 936, ""date"": ""2023-07-27""}, {""amount"": 998, ""date"": ""2023-11-24""}, {""amount"": 404, ""date"": ""2023-08-12""}, {""amount"": 766, ""date"": ""2023-09-20""}, {""amount"": 102, ""date"": ""2023-12-30""}, {""amount"": 465, ""date"": ""2023-03-01""}, {""amount"": 714, ""date"": ""2023-06-05""}, {""amount"": 320, ""date"": ""2023-08-06""}, {""amount"": 292, ""date"": ""2023-10-22""}, {""amount"": 287, ""date"": ""2023-10-05""}, {""amount"": 874, ""date"": ""2023-02-17""}, {""amount"": 253, ""date"": ""2023-11-03""}, {""amount"": 359, ""date"": ""2023-04-07""}, {""amount"": 502, ""date"": ""2023-06-07""}, {""amount"": 990, ""date"": ""2023-03-06""}]",True,True,True,True,True
711,Customer_711,43.0,15747.0,15841,13,313,0,"[{""amount"": 144, ""date"": ""2023-08-16""}, {""amount"": 844, ""date"": ""2023-11-09""}, {""amount"": 175, ""date"": ""2023-09-17""}, {""amount"": 785, ""date"": ""2023-02-27""}, {""amount"": 257, ""date"": ""2023-05-17""}, {""amount"": 549, ""date"": ""2023-03-12""}, {""amount"": 611, ""date"": ""2023-12-02""}, {""amount"": 174, ""date"": ""2023-10-02""}, {""amount"": 728, ""date"": ""2023-08-03""}, {""amount"": 781, ""date"": ""2023-11-26""}, {""amount"": 171, ""date"": ""2023-11-18""}, {""amount"": 493, ""date"": ""2023-05-14""}, {""amount"": 723, ""date"": ""2023-06-25""}, {""amount"": 856, ""date"": ""2023-02-22""}, {""amount"": 291, ""date"": ""2023-04-03""}, {""amount"": 721, ""date"": ""2023-07-30""}, {""amount"": 687, ""date"": ""2023-07-18""}]",True,True,True,True,True
712,Customer_712,64.0,17443.0,22541,23,601,0,"[{""amount"": 631, ""date"": ""2023-09-04""}, {""amount"": 429, ""date"": ""2023-11-12""}, {""amount"": 453, ""date"": ""2023-10-04""}, {""amount"": 582, ""date"": ""2023-11-29""}, {""amount"": 673, ""date"": ""2023-12-15""}, {""amount"": 935, ""date"": ""2023-10-30""}, {""amount"": 881, ""date"": ""2023-02-18""}]",True,True,True,True,True
713,Customer_713,55.0,18685.0,26923,37,845,0,"[{""amount"": 409, ""date"": ""2023-11-16""}, {""amount"": 274, ""date"": ""2023-07-01""}, {""amount"": 823, ""date"": ""2023-09-01""}, {""amount"": 756, ""date"": ""2023-10-24""}, {""amount"": 614, ""date"": ""2023-03-03""}, {""amount"": 499, ""date"": ""2023-12-03""}, {""amount"": 856, ""date"": ""2023-07-01""}, {""amount"": 233, ""date"": ""2023-07-11""}, {""amount"": 568, ""date"": ""2023-03-03""}]",True,True,True,True,True
714,Customer_714,19.0,17727.0,27499,49,671,0,"[{""amount"": 127, ""date"": ""2023-05-31""}, {""amount"": 226, ""date"": ""2023-09-08""}, {""amount"": 442, ""date"": ""2023-07-19""}, {""amount"": 142, ""date"": ""2023-06-01""}, {""amount"": 572, ""date"": ""2023-12-20""}, {""amount"": 954, ""date"": ""2023-08-19""}, {""amount"": 967, ""date"": ""2023-02-07""}, {""amount"": 712, ""date"": ""2023-06-11""}, {""amount"": 730, ""date"": ""2023-04-27""}, {""amount"": 652, ""date"": ""2023-02-06""}, {""amount"": 633, ""date"": ""2023-12-15""}, {""amount"": 140, ""date"": ""2023-03-02""}, {""amount"": 233, ""date"": ""2023-07-23""}, {""amount"": 873, ""date"": ""2023-12-22""}, {""amount"": 729, ""date"": ""2023-10-13""}, {""amount"": 613, ""date"": ""2023-06-30""}, {""amount"": 765, ""date"": ""2023-02-25""}, {""amount"": 264, ""date"": ""2023-08-04""}]",True,True,True,True,True
715,Customer_715,23.0,3339.0,29031,47,794,0,"[{""amount"": 870, ""date"": ""2023-01-26""}, {""amount"": 176, ""date"": ""2023-05-03""}, {""amount"": 152, ""date"": ""2023-01-23""}, {""amount"": 431, ""date"": ""2023-12-20""}, {""amount"": 667, ""date"": ""2023-01-22""}, {""amount"": 542, ""date"": ""2023-04-13""}, {""amount"": 798, ""date"": ""2023-12-11""}, {""amount"": 518, ""date"": ""2023-09-22""}, {""amount"": 162, ""date"": ""2023-04-07""}, {""amount"": 817, ""date"": ""2023-10-19""}, {""amount"": 258, ""date"": ""2023-05-08""}, {""amount"": 459, ""date"": ""2023-05-07""}, {""amount"": 481, ""date"": ""2023-07-28""}, {""amount"": 371, ""date"": ""2023-12-24""}, {""amount"": 188, ""date"": ""2023-06-29""}]",True,True,False,True,False
716,Customer_716,24.0,19562.0,21309,21,364,0,"[{""amount"": 591, ""date"": ""2023-09-24""}, {""amount"": 168, ""date"": ""2023-05-29""}, {""amount"": 572, ""date"": ""2023-08-04""}, {""amount"": 657, ""date"": ""2023-04-11""}, {""amount"": 217, ""date"": ""2023-10-27""}, {""amount"": 279, ""date"": ""2023-11-27""}, {""amount"": 206, ""date"": ""2023-05-11""}, {""amount"": 425, ""date"": ""2023-07-20""}, {""amount"": 250, ""date"": ""2023-08-15""}, {""amount"": 328, ""date"": ""2023-02-15""}, {""amount"": 324, ""date"": ""2023-02-13""}, {""amount"": 222, ""date"": ""2023-07-15""}, {""amount"": 130, ""date"": ""2023-02-12""}, {""amount"": 730, ""date"": ""2023-10-31""}, {""amount"": 839, ""date"": ""2023-02-19""}, {""amount"": 389, ""date"": ""2023-12-23""}, {""amount"": 652, ""date"": ""2023-01-02""}, {""amount"": 481, ""date"": ""2023-02-17""}]",True,True,True,True,True
717,Customer_717,30.0,5704.0,35013,34,663,0,"[{""amount"": 815, ""date"": ""2023-09-09""}, {""amount"": 519, ""date"": ""2023-10-20""}, {""amount"": 485, ""date"": ""2023-03-11""}, {""amount"": 859, ""date"": ""2023-07-10""}, {""amount"": 183, ""date"": ""2023-08-18""}, {""amount"": 959, ""date"": ""2023-12-25""}, {""amount"": 607, ""date"": ""2023-09-16""}, {""amount"": 253, ""date"": ""2023-07-13""}, {""amount"": 988, ""date"": ""2023-01-14""}]",True,True,False,True,False
718,Customer_718,44.0,7774.0,12452,60,499,0,"[{""amount"": 411, ""date"": ""2023-05-02""}, {""amount"": 239, ""date"": ""2023-05-28""}, {""amount"": 823, ""date"": ""2023-09-14""}, {""amount"": 354, ""date"": ""2023-11-02""}, {""amount"": 271, ""date"": ""2023-05-25""}, {""amount"": 261, ""date"": ""2023-08-22""}, {""amount"": 567, ""date"": ""2023-10-09""}, {""amount"": 551, ""date"": ""2023-03-15""}, {""amount"": 740, ""date"": ""2023-04-14""}, {""amount"": 298, ""date"": ""2023-01-31""}, {""amount"": 887, ""date"": ""2023-10-02""}, {""amount"": 586, ""date"": ""2023-11-18""}, {""amount"": 825, ""date"": ""2023-06-08""}, {""amount"": 716, ""date"": ""2023-06-12""}, {""amount"": 885, ""date"": ""2023-04-15""}, {""amount"": 740, ""date"": ""2023-06-28""}, {""amount"": 612, ""date"": ""2023-06-07""}]",True,True,True,True,True
719,Customer_719,28.0,2513.0,38767,58,623,0,"[{""amount"": 228, ""date"": ""2023-05-06""}, {""amount"": 202, ""date"": ""2023-09-06""}, {""amount"": 583, ""date"": ""2023-03-28""}, {""amount"": 888, ""date"": ""2023-10-13""}, {""amount"": 992, ""date"": ""2023-11-03""}, {""amount"": 331, ""date"": ""2023-08-01""}, {""amount"": 379, ""date"": ""2023-07-24""}, {""amount"": 271, ""date"": ""2023-04-16""}]",True,True,False,True,False
720,Customer_720,32.0,5574.0,23855,60,666,1,"[{""amount"": 257, ""date"": ""2023-09-16""}, {""amount"": 789, ""date"": ""2023-11-23""}, {""amount"": 156, ""date"": ""2023-02-19""}, {""amount"": 586, ""date"": ""2023-10-29""}, {""amount"": 919, ""date"": ""2023-04-27""}, {""amount"": 130, ""date"": ""2023-11-04""}, {""amount"": 477, ""date"": ""2023-06-16""}, {""amount"": 360, ""date"": ""2023-10-17""}, {""amount"": 736, ""date"": ""2023-04-22""}, {""amount"": 128, ""date"": ""2023-02-11""}]",True,True,True,True,True
721,Customer_721,26.0,16767.0,37873,48,428,0,"[{""amount"": 551, ""date"": ""2023-05-26""}, {""amount"": 785, ""date"": ""2023-09-19""}, {""amount"": 558, ""date"": ""2023-01-01""}, {""amount"": 645, ""date"": ""2023-12-05""}, {""amount"": 934, ""date"": ""2023-04-20""}, {""amount"": 103, ""date"": ""2023-05-28""}, {""amount"": 191, ""date"": ""2023-12-29""}, {""amount"": 630, ""date"": ""2023-06-18""}, {""amount"": 319, ""date"": ""2023-09-07""}, {""amount"": 488, ""date"": ""2023-09-26""}, {""amount"": 757, ""date"": ""2023-01-22""}, {""amount"": 535, ""date"": ""2023-04-29""}]",True,True,True,True,True
722,Customer_722,25.0,9548.0,19445,37,692,0,"[{""amount"": 110, ""date"": ""2023-04-10""}, {""amount"": 669, ""date"": ""2023-07-08""}, {""amount"": 697, ""date"": ""2023-11-25""}, {""amount"": 349, ""date"": ""2023-09-19""}, {""amount"": 626, ""date"": ""2023-06-14""}, {""amount"": 309, ""date"": ""2023-01-24""}, {""amount"": 539, ""date"": ""2023-05-31""}, {""amount"": 449, ""date"": ""2023-10-01""}, {""amount"": 567, ""date"": ""2023-09-21""}, {""amount"": 741, ""date"": ""2023-02-17""}, {""amount"": 698, ""date"": ""2023-05-18""}]",True,True,True,True,True
723,Customer_723,63.0,13382.0,35624,28,623,0,"[{""amount"": 439, ""date"": ""2023-11-16""}, {""amount"": 848, ""date"": ""2023-11-04""}, {""amount"": 569, ""date"": ""2023-10-10""}, {""amount"": 483, ""date"": ""2023-05-20""}, {""amount"": 589, ""date"": ""2023-01-15""}, {""amount"": 129, ""date"": ""2023-02-20""}, {""amount"": 733, ""date"": ""2023-09-04""}, {""amount"": 144, ""date"": ""2023-05-03""}, {""amount"": 182, ""date"": ""2023-08-20""}, {""amount"": 581, ""date"": ""2023-01-21""}, {""amount"": 134, ""date"": ""2023-10-18""}, {""amount"": 474, ""date"": ""2023-06-08""}, {""amount"": 659, ""date"": ""2023-04-26""}]",True,True,True,True,True
724,Customer_724,23.0,10004.0,17548,56,823,0,"[{""amount"": 569, ""date"": ""2023-03-13""}, {""amount"": 325, ""date"": ""2023-02-14""}, {""amount"": 364, ""date"": ""2023-11-21""}, {""amount"": 525, ""date"": ""2023-01-22""}, {""amount"": 118, ""date"": ""2023-09-11""}, {""amount"": 847, ""date"": ""2023-04-08""}, {""amount"": 835, ""date"": ""2023-12-08""}, {""amount"": 654, ""date"": ""2023-10-29""}, {""amount"": 308, ""date"": ""2023-03-02""}, {""amount"": 828, ""date"": ""2023-08-11""}, {""amount"": 283, ""date"": ""2023-02-20""}, {""amount"": 680, ""date"": ""2023-04-27""}, {""amount"": 509, ""date"": ""2023-01-24""}, {""amount"": 625, ""date"": ""2023-09-18""}, {""amount"": 916, ""date"": ""2023-07-02""}]",True,True,True,True,True
725,Customer_725,65.0,19610.0,40200,29,707,0,"[{""amount"": 919, ""date"": ""2023-11-16""}, {""amount"": 665, ""date"": ""2023-11-26""}, {""amount"": 508, ""date"": ""2023-06-22""}, {""amount"": 267, ""date"": ""2023-03-13""}, {""amount"": 221, ""date"": ""2023-06-17""}, {""amount"": 230, ""date"": ""2023-01-23""}, {""amount"": 185, ""date"": ""2023-03-26""}, {""amount"": 308, ""date"": ""2023-05-24""}, {""amount"": 966, ""date"": ""2023-07-14""}, {""amount"": 201, ""date"": ""2023-07-24""}, {""amount"": 158, ""date"": ""2023-06-01""}, {""amount"": 624, ""date"": ""2023-03-04""}, {""amount"": 560, ""date"": ""2023-02-12""}, {""amount"": 927, ""date"": ""2023-09-03""}, {""amount"": 575, ""date"": ""2023-06-13""}]",True,True,True,True,True
726,Customer_726,60.0,2106.0,29843,10,832,1,"[{""amount"": 662, ""date"": ""2023-10-26""}, {""amount"": 275, ""date"": ""2023-12-15""}, {""amount"": 464, ""date"": ""2023-03-15""}, {""amount"": 272, ""date"": ""2023-10-27""}, {""amount"": 414, ""date"": ""2023-06-22""}, {""amount"": 186, ""date"": ""2023-04-03""}, {""amount"": 784, ""date"": ""2023-02-21""}, {""amount"": 775, ""date"": ""2023-09-20""}, {""amount"": 206, ""date"": ""2023-04-13""}, {""amount"": 397, ""date"": ""2023-02-14""}, {""amount"": 342, ""date"": ""2023-06-29""}, {""amount"": 136, ""date"": ""2023-03-06""}, {""amount"": 211, ""date"": ""2023-07-05""}, {""amount"": 883, ""date"": ""2023-10-31""}]",True,True,False,True,False
727,Customer_727,21.0,9659.0,46139,6,538,0,"[{""amount"": 834, ""date"": ""2023-04-20""}, {""amount"": 899, ""date"": ""2023-08-14""}, {""amount"": 311, ""date"": ""2023-05-02""}, {""amount"": 449, ""date"": ""2023-08-07""}, {""amount"": 580, ""date"": ""2023-12-03""}, {""amount"": 243, ""date"": ""2023-12-23""}, {""amount"": 371, ""date"": ""2023-01-07""}, {""amount"": 898, ""date"": ""2023-07-07""}, {""amount"": 605, ""date"": ""2023-06-25""}, {""amount"": 120, ""date"": ""2023-08-10""}, {""amount"": 460, ""date"": ""2023-01-22""}, {""amount"": 416, ""date"": ""2023-06-09""}, {""amount"": 423, ""date"": ""2023-09-18""}, {""amount"": 337, ""date"": ""2023-05-29""}, {""amount"": 929, ""date"": ""2023-01-13""}]",True,True,True,True,True
728,Customer_728,28.0,15918.0,22348,23,624,0,"[{""amount"": 876, ""date"": ""2023-06-18""}, {""amount"": 411, ""date"": ""2023-05-21""}, {""amount"": 739, ""date"": ""2023-12-13""}, {""amount"": 216, ""date"": ""2023-07-03""}, {""amount"": 226, ""date"": ""2023-09-17""}, {""amount"": 233, ""date"": ""2023-10-07""}, {""amount"": 404, ""date"": ""2023-06-23""}, {""amount"": 791, ""date"": ""2023-10-30""}, {""amount"": 793, ""date"": ""2023-04-11""}, {""amount"": 174, ""date"": ""2023-07-16""}]",True,True,True,True,True
729,Customer_729,68.0,6352.0,29346,12,470,0,"[{""amount"": 948, ""date"": ""2023-09-04""}, {""amount"": 289, ""date"": ""2023-05-22""}, {""amount"": 784, ""date"": ""2023-10-31""}, {""amount"": 103, ""date"": ""2023-06-12""}, {""amount"": 468, ""date"": ""2023-04-17""}, {""amount"": 784, ""date"": ""2023-09-16""}, {""amount"": 177, ""date"": ""2023-08-03""}, {""amount"": 880, ""date"": ""2023-01-10""}, {""amount"": 692, ""date"": ""2023-05-12""}, {""amount"": 292, ""date"": ""2023-11-10""}, {""amount"": 624, ""date"": ""2023-11-13""}, {""amount"": 740, ""date"": ""2023-01-22""}]",True,True,True,True,True
730,Customer_730,45.0,11809.0,37271,10,655,0,"[{""amount"": 603, ""date"": ""2023-07-13""}, {""amount"": 510, ""date"": ""2023-08-02""}, {""amount"": 634, ""date"": ""2023-04-26""}, {""amount"": 518, ""date"": ""2023-12-12""}, {""amount"": 939, ""date"": ""2023-09-25""}, {""amount"": 337, ""date"": ""2023-08-02""}, {""amount"": 698, ""date"": ""2023-06-05""}, {""amount"": 555, ""date"": ""2023-09-17""}, {""amount"": 529, ""date"": ""2023-03-20""}, {""amount"": 671, ""date"": ""2023-11-24""}, {""amount"": 675, ""date"": ""2023-05-27""}, {""amount"": 375, ""date"": ""2023-05-06""}, {""amount"": 514, ""date"": ""2023-05-23""}, {""amount"": 347, ""date"": ""2023-11-21""}, {""amount"": 834, ""date"": ""2023-08-15""}, {""amount"": 468, ""date"": ""2023-05-20""}, {""amount"": 181, ""date"": ""2023-09-03""}]",True,True,True,True,True
731,Customer_731,43.0,17147.0,28025,17,424,0,"[{""amount"": 329, ""date"": ""2023-07-25""}, {""amount"": 521, ""date"": ""2023-06-14""}, {""amount"": 385, ""date"": ""2023-02-20""}, {""amount"": 271, ""date"": ""2023-07-06""}, {""amount"": 587, ""date"": ""2023-05-10""}, {""amount"": 599, ""date"": ""2023-04-10""}, {""amount"": 458, ""date"": ""2023-07-03""}, {""amount"": 800, ""date"": ""2023-04-17""}, {""amount"": 918, ""date"": ""2023-04-08""}, {""amount"": 902, ""date"": ""2023-12-18""}, {""amount"": 607, ""date"": ""2023-07-18""}, {""amount"": 192, ""date"": ""2023-06-22""}, {""amount"": 343, ""date"": ""2023-11-30""}, {""amount"": 273, ""date"": ""2023-04-15""}]",True,True,True,True,True
732,Customer_732,21.0,7046.0,30308,38,539,0,"[{""amount"": 824, ""date"": ""2023-03-24""}, {""amount"": 291, ""date"": ""2023-12-10""}, {""amount"": 104, ""date"": ""2023-04-02""}, {""amount"": 380, ""date"": ""2023-09-26""}, {""amount"": 762, ""date"": ""2023-04-12""}, {""amount"": 502, ""date"": ""2023-02-04""}, {""amount"": 627, ""date"": ""2023-12-13""}, {""amount"": 111, ""date"": ""2023-01-18""}, {""amount"": 768, ""date"": ""2023-02-15""}, {""amount"": 503, ""date"": ""2023-12-03""}]",True,True,True,True,True
733,Customer_733,32.0,10982.0,30670,22,578,0,"[{""amount"": 984, ""date"": ""2023-01-06""}, {""amount"": 286, ""date"": ""2023-03-23""}, {""amount"": 158, ""date"": ""2023-10-30""}, {""amount"": 225, ""date"": ""2023-03-22""}, {""amount"": 825, ""date"": ""2023-04-05""}, {""amount"": 987, ""date"": ""2023-11-13""}, {""amount"": 976, ""date"": ""2023-05-12""}]",True,True,True,True,True
734,Customer_734,36.0,17135.0,32384,8,458,1,"[{""amount"": 291, ""date"": ""2023-12-15""}, {""amount"": 626, ""date"": ""2023-08-27""}, {""amount"": 457, ""date"": ""2023-12-03""}, {""amount"": 749, ""date"": ""2023-07-02""}, {""amount"": 357, ""date"": ""2023-01-08""}, {""amount"": 876, ""date"": ""2023-01-26""}, {""amount"": 829, ""date"": ""2023-11-26""}, {""amount"": 415, ""date"": ""2023-08-16""}, {""amount"": 380, ""date"": ""2023-06-03""}, {""amount"": 161, ""date"": ""2023-11-18""}, {""amount"": 565, ""date"": ""2023-08-17""}, {""amount"": 574, ""date"": ""2023-05-05""}, {""amount"": 916, ""date"": ""2023-07-23""}]",True,True,True,True,True
735,Customer_735,23.0,14660.0,16506,16,338,0,"[{""amount"": 486, ""date"": ""2023-01-12""}, {""amount"": 967, ""date"": ""2023-01-22""}, {""amount"": 465, ""date"": ""2023-03-18""}, {""amount"": 822, ""date"": ""2023-11-15""}, {""amount"": 315, ""date"": ""2023-06-18""}, {""amount"": 809, ""date"": ""2023-08-04""}, {""amount"": 913, ""date"": ""2023-11-11""}, {""amount"": 578, ""date"": ""2023-07-27""}, {""amount"": 930, ""date"": ""2023-12-30""}, {""amount"": 459, ""date"": ""2023-07-02""}, {""amount"": 828, ""date"": ""2023-11-04""}]",True,True,True,True,True
736,Customer_736,22.0,17394.0,49865,45,631,0,"[{""amount"": 313, ""date"": ""2023-02-18""}, {""amount"": 788, ""date"": ""2023-09-03""}, {""amount"": 718, ""date"": ""2023-06-17""}, {""amount"": 391, ""date"": ""2023-12-16""}, {""amount"": 458, ""date"": ""2023-06-03""}, {""amount"": 393, ""date"": ""2023-09-26""}]",True,True,True,True,True
737,Customer_737,35.0,5396.0,7273,44,803,0,"[{""amount"": 377, ""date"": ""2023-01-25""}, {""amount"": 891, ""date"": ""2023-02-04""}, {""amount"": 857, ""date"": ""2023-02-15""}, {""amount"": 963, ""date"": ""2023-11-21""}, {""amount"": 419, ""date"": ""2023-08-14""}, {""amount"": 850, ""date"": ""2023-06-09""}, {""amount"": 766, ""date"": ""2023-02-26""}, {""amount"": 864, ""date"": ""2023-03-12""}, {""amount"": 999, ""date"": ""2023-12-03""}, {""amount"": 850, ""date"": ""2023-05-01""}, {""amount"": 354, ""date"": ""2023-03-05""}, {""amount"": 348, ""date"": ""2023-03-30""}, {""amount"": 746, ""date"": ""2023-01-31""}, {""amount"": 997, ""date"": ""2023-08-14""}]",True,True,True,True,True
738,Customer_738,23.0,5962.0,47406,60,669,0,"[{""amount"": 483, ""date"": ""2023-07-04""}, {""amount"": 106, ""date"": ""2023-01-25""}, {""amount"": 260, ""date"": ""2023-03-13""}, {""amount"": 206, ""date"": ""2023-11-02""}, {""amount"": 933, ""date"": ""2023-04-09""}, {""amount"": 166, ""date"": ""2023-06-08""}, {""amount"": 671, ""date"": ""2023-10-18""}, {""amount"": 961, ""date"": ""2023-03-03""}, {""amount"": 176, ""date"": ""2023-03-26""}, {""amount"": 748, ""date"": ""2023-07-20""}, {""amount"": 770, ""date"": ""2023-08-19""}, {""amount"": 685, ""date"": ""2023-12-24""}, {""amount"": 604, ""date"": ""2023-01-16""}, {""amount"": 184, ""date"": ""2023-12-02""}, {""amount"": 477, ""date"": ""2023-09-28""}, {""amount"": 867, ""date"": ""2023-08-31""}]",True,True,False,True,False
739,Customer_739,48.0,19214.0,40396,45,790,0,"[{""amount"": 726, ""date"": ""2023-06-28""}, {""amount"": 124, ""date"": ""2023-01-01""}, {""amount"": 187, ""date"": ""2023-09-07""}, {""amount"": 152, ""date"": ""2023-06-04""}, {""amount"": 831, ""date"": ""2023-06-20""}, {""amount"": 460, ""date"": ""2023-12-22""}, {""amount"": 904, ""date"": ""2023-07-23""}, {""amount"": 671, ""date"": ""2023-01-30""}]",True,True,True,True,True
740,Customer_740,42.0,5876.0,23270,6,492,0,"[{""amount"": 441, ""date"": ""2023-04-18""}, {""amount"": 170, ""date"": ""2023-05-29""}, {""amount"": 854, ""date"": ""2023-10-19""}, {""amount"": 597, ""date"": ""2023-03-22""}, {""amount"": 526, ""date"": ""2023-06-02""}, {""amount"": 915, ""date"": ""2023-01-28""}, {""amount"": 105, ""date"": ""2023-07-19""}, {""amount"": 739, ""date"": ""2023-08-25""}, {""amount"": 637, ""date"": ""2023-08-17""}, {""amount"": 115, ""date"": ""2023-12-30""}, {""amount"": 594, ""date"": ""2023-05-22""}, {""amount"": 635, ""date"": ""2023-02-19""}, {""amount"": 152, ""date"": ""2023-04-17""}, {""amount"": 822, ""date"": ""2023-05-17""}, {""amount"": 633, ""date"": ""2023-08-17""}]",True,True,True,True,True
741,Customer_741,21.0,10913.0,12428,15,306,0,"[{""amount"": 715, ""date"": ""2023-08-16""}, {""amount"": 180, ""date"": ""2023-02-07""}, {""amount"": 796, ""date"": ""2023-06-11""}, {""amount"": 943, ""date"": ""2023-11-17""}, {""amount"": 143, ""date"": ""2023-04-02""}, {""amount"": 888, ""date"": ""2023-10-14""}, {""amount"": 882, ""date"": ""2023-06-22""}, {""amount"": 194, ""date"": ""2023-05-25""}, {""amount"": 739, ""date"": ""2023-05-07""}, {""amount"": 484, ""date"": ""2023-05-04""}, {""amount"": 855, ""date"": ""2023-06-26""}, {""amount"": 527, ""date"": ""2023-05-13""}, {""amount"": 296, ""date"": ""2023-05-27""}, {""amount"": 647, ""date"": ""2023-10-17""}, {""amount"": 528, ""date"": ""2023-12-07""}, {""amount"": 856, ""date"": ""2023-06-19""}, {""amount"": 943, ""date"": ""2023-10-23""}, {""amount"": 107, ""date"": ""2023-09-01""}]",True,True,True,True,True
742,Customer_742,23.0,12480.0,34691,17,845,1,"[{""amount"": 909, ""date"": ""2023-10-09""}, {""amount"": 290, ""date"": ""2023-11-07""}, {""amount"": 397, ""date"": ""2023-10-16""}, {""amount"": 978, ""date"": ""2023-01-10""}, {""amount"": 739, ""date"": ""2023-08-26""}, {""amount"": 525, ""date"": ""2023-03-13""}, {""amount"": 413, ""date"": ""2023-11-02""}, {""amount"": 208, ""date"": ""2023-07-27""}, {""amount"": 900, ""date"": ""2023-11-08""}, {""amount"": 188, ""date"": ""2023-09-28""}]",True,True,True,True,True
743,Customer_743,58.0,17727.0,23767,50,585,0,"[{""amount"": 892, ""date"": ""2023-03-28""}, {""amount"": 838, ""date"": ""2023-02-24""}, {""amount"": 707, ""date"": ""2023-09-16""}, {""amount"": 598, ""date"": ""2023-02-20""}, {""amount"": 668, ""date"": ""2023-05-20""}, {""amount"": 663, ""date"": ""2023-06-01""}, {""amount"": 911, ""date"": ""2023-11-12""}, {""amount"": 284, ""date"": ""2023-01-10""}, {""amount"": 238, ""date"": ""2023-09-15""}]",True,True,True,True,True
744,Customer_744,54.0,10390.0,8961,58,641,0,"[{""amount"": 310, ""date"": ""2023-05-07""}, {""amount"": 401, ""date"": ""2023-10-21""}, {""amount"": 123, ""date"": ""2023-09-06""}, {""amount"": 716, ""date"": ""2023-12-13""}, {""amount"": 656, ""date"": ""2023-11-22""}, {""amount"": 529, ""date"": ""2023-05-29""}, {""amount"": 149, ""date"": ""2023-11-23""}, {""amount"": 407, ""date"": ""2023-07-17""}, {""amount"": 241, ""date"": ""2023-04-07""}]",True,True,True,True,True
745,Customer_745,67.0,5504.0,47086,23,314,0,"[{""amount"": 384, ""date"": ""2023-11-02""}, {""amount"": 611, ""date"": ""2023-06-02""}, {""amount"": 923, ""date"": ""2023-11-15""}, {""amount"": 415, ""date"": ""2023-02-15""}, {""amount"": 895, ""date"": ""2023-11-11""}, {""amount"": 742, ""date"": ""2023-02-15""}, {""amount"": 325, ""date"": ""2023-12-28""}, {""amount"": 992, ""date"": ""2023-01-20""}, {""amount"": 817, ""date"": ""2023-02-03""}, {""amount"": 155, ""date"": ""2023-02-21""}]",True,True,False,True,False
746,Customer_746,42.0,4441.0,17560,42,391,0,"[{""amount"": 730, ""date"": ""2023-09-05""}, {""amount"": 234, ""date"": ""2023-12-15""}, {""amount"": 676, ""date"": ""2023-07-01""}, {""amount"": 785, ""date"": ""2023-08-24""}, {""amount"": 300, ""date"": ""2023-07-16""}, {""amount"": 734, ""date"": ""2023-07-21""}, {""amount"": 299, ""date"": ""2023-02-07""}, {""amount"": 825, ""date"": ""2023-11-06""}, {""amount"": 502, ""date"": ""2023-02-05""}, {""amount"": 958, ""date"": ""2023-06-19""}, {""amount"": 164, ""date"": ""2023-05-11""}, {""amount"": 963, ""date"": ""2023-12-23""}, {""amount"": 261, ""date"": ""2023-12-28""}, {""amount"": 689, ""date"": ""2023-06-11""}, {""amount"": 419, ""date"": ""2023-10-08""}, {""amount"": 842, ""date"": ""2023-08-15""}, {""amount"": 312, ""date"": ""2023-05-25""}, {""amount"": 498, ""date"": ""2023-08-01""}]",True,True,True,True,True
747,Customer_747,51.0,2469.0,7050,47,495,0,"[{""amount"": 760, ""date"": ""2023-09-30""}, {""amount"": 600, ""date"": ""2023-04-20""}, {""amount"": 448, ""date"": ""2023-09-12""}, {""amount"": 498, ""date"": ""2023-06-15""}, {""amount"": 877, ""date"": ""2023-03-02""}, {""amount"": 208, ""date"": ""2023-01-23""}, {""amount"": 826, ""date"": ""2023-05-15""}, {""amount"": 595, ""date"": ""2023-12-12""}, {""amount"": 682, ""date"": ""2023-05-25""}, {""amount"": 412, ""date"": ""2023-04-28""}, {""amount"": 712, ""date"": ""2023-03-11""}, {""amount"": 392, ""date"": ""2023-02-03""}, {""amount"": 121, ""date"": ""2023-11-11""}, {""amount"": 353, ""date"": ""2023-02-28""}, {""amount"": 935, ""date"": ""2023-07-21""}, {""amount"": 931, ""date"": ""2023-07-20""}, {""amount"": 424, ""date"": ""2023-05-14""}]",True,True,True,True,True
748,Customer_748,36.0,16857.0,23720,53,403,0,"[{""amount"": 743, ""date"": ""2023-10-28""}, {""amount"": 756, ""date"": ""2023-05-04""}, {""amount"": 774, ""date"": ""2023-02-01""}, {""amount"": 346, ""date"": ""2023-11-26""}, {""amount"": 531, ""date"": ""2023-05-18""}, {""amount"": 522, ""date"": ""2023-06-10""}, {""amount"": 614, ""date"": ""2023-01-12""}, {""amount"": 850, ""date"": ""2023-11-07""}, {""amount"": 343, ""date"": ""2023-12-11""}, {""amount"": 316, ""date"": ""2023-07-03""}, {""amount"": 853, ""date"": ""2023-06-05""}, {""amount"": 177, ""date"": ""2023-06-21""}]",True,True,True,True,True
749,Customer_749,51.0,9160.0,19231,11,730,0,"[{""amount"": 275, ""date"": ""2023-10-02""}, {""amount"": 553, ""date"": ""2023-09-20""}, {""amount"": 176, ""date"": ""2023-12-23""}, {""amount"": 143, ""date"": ""2023-07-22""}, {""amount"": 659, ""date"": ""2023-08-24""}, {""amount"": 326, ""date"": ""2023-10-17""}, {""amount"": 311, ""date"": ""2023-05-22""}, {""amount"": 588, ""date"": ""2023-02-23""}, {""amount"": 501, ""date"": ""2023-07-01""}, {""amount"": 586, ""date"": ""2023-05-10""}, {""amount"": 302, ""date"": ""2023-05-20""}, {""amount"": 987, ""date"": ""2023-09-30""}, {""amount"": 787, ""date"": ""2023-10-05""}, {""amount"": 503, ""date"": ""2023-11-15""}, {""amount"": 707, ""date"": ""2023-11-03""}, {""amount"": 974, ""date"": ""2023-03-15""}]",True,True,True,True,True
750,Customer_750,32.0,3188.0,8773,47,643,0,"[{""amount"": 529, ""date"": ""2023-12-09""}, {""amount"": 951, ""date"": ""2023-05-09""}, {""amount"": 362, ""date"": ""2023-09-16""}, {""amount"": 727, ""date"": ""2023-04-30""}, {""amount"": 148, ""date"": ""2023-11-18""}, {""amount"": 941, ""date"": ""2023-06-27""}, {""amount"": 699, ""date"": ""2023-03-29""}, {""amount"": 201, ""date"": ""2023-01-28""}, {""amount"": 192, ""date"": ""2023-07-10""}, {""amount"": 351, ""date"": ""2023-12-24""}]",True,True,True,True,True
751,Customer_751,67.0,10476.0,29961,54,324,0,"[{""amount"": 909, ""date"": ""2023-08-28""}, {""amount"": 806, ""date"": ""2023-12-10""}, {""amount"": 676, ""date"": ""2023-12-23""}, {""amount"": 292, ""date"": ""2023-01-26""}, {""amount"": 127, ""date"": ""2023-04-11""}, {""amount"": 276, ""date"": ""2023-11-18""}, {""amount"": 860, ""date"": ""2023-01-08""}, {""amount"": 965, ""date"": ""2023-06-06""}, {""amount"": 776, ""date"": ""2023-08-26""}, {""amount"": 522, ""date"": ""2023-04-15""}]",True,True,True,True,True
752,Customer_752,25.0,17424.0,16556,44,535,0,"[{""amount"": 137, ""date"": ""2023-04-10""}, {""amount"": 565, ""date"": ""2023-07-07""}, {""amount"": 190, ""date"": ""2023-02-23""}, {""amount"": 662, ""date"": ""2023-11-16""}, {""amount"": 369, ""date"": ""2023-01-31""}, {""amount"": 183, ""date"": ""2023-10-04""}, {""amount"": 402, ""date"": ""2023-01-13""}, {""amount"": 400, ""date"": ""2023-04-16""}, {""amount"": 609, ""date"": ""2023-07-08""}, {""amount"": 913, ""date"": ""2023-09-04""}, {""amount"": 401, ""date"": ""2023-01-21""}, {""amount"": 418, ""date"": ""2023-04-02""}, {""amount"": 507, ""date"": ""2023-06-12""}, {""amount"": 262, ""date"": ""2023-03-04""}, {""amount"": 586, ""date"": ""2023-12-15""}, {""amount"": 164, ""date"": ""2023-11-11""}, {""amount"": 336, ""date"": ""2023-12-02""}, {""amount"": 455, ""date"": ""2023-09-25""}]",True,True,True,True,True
753,Customer_753,61.0,19354.0,41697,42,697,0,"[{""amount"": 544, ""date"": ""2023-11-09""}, {""amount"": 369, ""date"": ""2023-09-12""}, {""amount"": 480, ""date"": ""2023-02-11""}, {""amount"": 585, ""date"": ""2023-09-05""}, {""amount"": 492, ""date"": ""2023-08-20""}, {""amount"": 586, ""date"": ""2023-01-26""}, {""amount"": 629, ""date"": ""2023-08-02""}, {""amount"": 464, ""date"": ""2023-07-14""}, {""amount"": 112, ""date"": ""2023-09-26""}, {""amount"": 100, ""date"": ""2023-07-15""}, {""amount"": 200, ""date"": ""2023-04-28""}]",True,True,True,True,True
754,Customer_754,64.0,15180.0,38032,10,716,0,"[{""amount"": 861, ""date"": ""2023-07-13""}, {""amount"": 427, ""date"": ""2023-10-20""}, {""amount"": 581, ""date"": ""2023-05-14""}, {""amount"": 705, ""date"": ""2023-06-07""}, {""amount"": 737, ""date"": ""2023-05-23""}, {""amount"": 282, ""date"": ""2023-02-04""}, {""amount"": 787, ""date"": ""2023-06-10""}, {""amount"": 831, ""date"": ""2023-05-21""}, {""amount"": 323, ""date"": ""2023-03-05""}, {""amount"": 563, ""date"": ""2023-03-17""}, {""amount"": 607, ""date"": ""2023-08-25""}, {""amount"": 277, ""date"": ""2023-11-18""}, {""amount"": 434, ""date"": ""2023-10-25""}, {""amount"": 581, ""date"": ""2023-08-08""}, {""amount"": 927, ""date"": ""2023-03-27""}]",True,True,True,True,True
755,Customer_755,66.0,4469.0,5163,55,332,0,"[{""amount"": 453, ""date"": ""2023-08-23""}, {""amount"": 613, ""date"": ""2023-01-20""}, {""amount"": 495, ""date"": ""2023-05-13""}, {""amount"": 877, ""date"": ""2023-10-11""}, {""amount"": 947, ""date"": ""2023-07-13""}, {""amount"": 967, ""date"": ""2023-01-01""}, {""amount"": 436, ""date"": ""2023-03-14""}, {""amount"": 373, ""date"": ""2023-08-19""}, {""amount"": 824, ""date"": ""2023-09-09""}, {""amount"": 150, ""date"": ""2023-09-14""}, {""amount"": 379, ""date"": ""2023-02-15""}, {""amount"": 437, ""date"": ""2023-04-24""}, {""amount"": 300, ""date"": ""2023-01-10""}, {""amount"": 447, ""date"": ""2023-11-26""}, {""amount"": 470, ""date"": ""2023-06-28""}, {""amount"": 387, ""date"": ""2023-08-26""}]",True,True,True,True,True
756,Customer_756,70.0,9255.0,10310,17,542,0,"[{""amount"": 227, ""date"": ""2023-07-18""}, {""amount"": 991, ""date"": ""2023-04-12""}, {""amount"": 663, ""date"": ""2023-11-02""}, {""amount"": 451, ""date"": ""2023-02-18""}, {""amount"": 585, ""date"": ""2023-07-26""}, {""amount"": 905, ""date"": ""2023-08-05""}, {""amount"": 551, ""date"": ""2023-02-13""}, {""amount"": 798, ""date"": ""2023-01-31""}, {""amount"": 556, ""date"": ""2023-03-22""}, {""amount"": 761, ""date"": ""2023-05-15""}, {""amount"": 353, ""date"": ""2023-03-10""}]",True,True,True,True,True
757,Customer_757,51.0,3758.0,10999,45,674,0,"[{""amount"": 608, ""date"": ""2023-12-10""}, {""amount"": 469, ""date"": ""2023-07-02""}, {""amount"": 477, ""date"": ""2023-07-08""}, {""amount"": 293, ""date"": ""2023-10-24""}, {""amount"": 491, ""date"": ""2023-11-26""}, {""amount"": 994, ""date"": ""2023-10-23""}, {""amount"": 337, ""date"": ""2023-10-12""}, {""amount"": 628, ""date"": ""2023-01-21""}, {""amount"": 360, ""date"": ""2023-11-12""}, {""amount"": 606, ""date"": ""2023-08-22""}, {""amount"": 563, ""date"": ""2023-04-21""}, {""amount"": 455, ""date"": ""2023-11-29""}, {""amount"": 306, ""date"": ""2023-06-28""}, {""amount"": 966, ""date"": ""2023-07-15""}, {""amount"": 489, ""date"": ""2023-02-20""}, {""amount"": 176, ""date"": ""2023-07-12""}, {""amount"": 126, ""date"": ""2023-03-29""}, {""amount"": 114, ""date"": ""2023-10-09""}, {""amount"": 691, ""date"": ""2023-03-14""}]",True,True,True,True,True
758,Customer_758,35.0,6049.0,40764,35,797,0,"[{""amount"": 263, ""date"": ""2023-10-07""}, {""amount"": 815, ""date"": ""2023-04-18""}, {""amount"": 870, ""date"": ""2023-06-30""}, {""amount"": 373, ""date"": ""2023-08-17""}, {""amount"": 267, ""date"": ""2023-04-08""}, {""amount"": 771, ""date"": ""2023-01-29""}, {""amount"": 735, ""date"": ""2023-07-08""}, {""amount"": 847, ""date"": ""2023-11-14""}, {""amount"": 384, ""date"": ""2023-06-05""}, {""amount"": 187, ""date"": ""2023-08-01""}, {""amount"": 546, ""date"": ""2023-04-10""}, {""amount"": 350, ""date"": ""2023-08-13""}, {""amount"": 480, ""date"": ""2023-09-17""}, {""amount"": 816, ""date"": ""2023-04-30""}, {""amount"": 261, ""date"": ""2023-11-12""}, {""amount"": 162, ""date"": ""2023-01-29""}]",True,True,False,True,False
759,Customer_759,47.0,18495.0,21362,49,657,0,"[{""amount"": 949, ""date"": ""2023-08-06""}, {""amount"": 286, ""date"": ""2023-01-27""}, {""amount"": 575, ""date"": ""2023-03-08""}, {""amount"": 414, ""date"": ""2023-05-28""}, {""amount"": 452, ""date"": ""2023-08-06""}, {""amount"": 624, ""date"": ""2023-11-21""}, {""amount"": 105, ""date"": ""2023-02-24""}, {""amount"": 662, ""date"": ""2023-11-14""}]",True,True,True,True,True
760,Customer_760,30.0,16306.0,47646,51,664,0,"[{""amount"": 487, ""date"": ""2023-07-12""}, {""amount"": 198, ""date"": ""2023-10-30""}, {""amount"": 469, ""date"": ""2023-10-19""}, {""amount"": 777, ""date"": ""2023-01-02""}, {""amount"": 529, ""date"": ""2023-12-20""}, {""amount"": 574, ""date"": ""2023-01-25""}, {""amount"": 251, ""date"": ""2023-12-20""}, {""amount"": 236, ""date"": ""2023-07-08""}, {""amount"": 587, ""date"": ""2023-06-09""}, {""amount"": 552, ""date"": ""2023-10-27""}, {""amount"": 833, ""date"": ""2023-01-30""}, {""amount"": 205, ""date"": ""2023-01-03""}, {""amount"": 496, ""date"": ""2023-05-15""}, {""amount"": 471, ""date"": ""2023-09-21""}, {""amount"": 593, ""date"": ""2023-02-21""}, {""amount"": 698, ""date"": ""2023-04-15""}]",True,True,True,True,True
761,Customer_761,64.0,8992.0,41481,17,591,0,"[{""amount"": 874, ""date"": ""2023-03-12""}, {""amount"": 166, ""date"": ""2023-07-03""}, {""amount"": 884, ""date"": ""2023-09-16""}, {""amount"": 635, ""date"": ""2023-04-06""}, {""amount"": 494, ""date"": ""2023-09-03""}, {""amount"": 873, ""date"": ""2023-04-05""}, {""amount"": 109, ""date"": ""2023-09-13""}, {""amount"": 918, ""date"": ""2023-04-29""}, {""amount"": 337, ""date"": ""2023-11-27""}, {""amount"": 805, ""date"": ""2023-09-10""}, {""amount"": 518, ""date"": ""2023-07-14""}, {""amount"": 407, ""date"": ""2023-07-12""}, {""amount"": 527, ""date"": ""2023-04-15""}, {""amount"": 869, ""date"": ""2023-03-15""}, {""amount"": 759, ""date"": ""2023-04-19""}, {""amount"": 298, ""date"": ""2023-07-22""}]",True,True,True,True,True
762,Customer_762,50.0,3779.0,31461,48,677,0,"[{""amount"": 698, ""date"": ""2023-06-10""}, {""amount"": 432, ""date"": ""2023-03-13""}, {""amount"": 427, ""date"": ""2023-11-25""}, {""amount"": 871, ""date"": ""2023-06-27""}, {""amount"": 612, ""date"": ""2023-12-05""}, {""amount"": 308, ""date"": ""2023-10-02""}]",True,True,False,True,False
763,Customer_763,52.0,6690.0,40075,38,384,0,"[{""amount"": 383, ""date"": ""2023-08-01""}, {""amount"": 977, ""date"": ""2023-02-22""}, {""amount"": 585, ""date"": ""2023-01-20""}, {""amount"": 439, ""date"": ""2023-12-05""}, {""amount"": 596, ""date"": ""2023-11-22""}]",True,True,False,True,False
764,Customer_764,69.0,4538.0,5259,7,753,0,"[{""amount"": 742, ""date"": ""2023-01-22""}, {""amount"": 203, ""date"": ""2023-10-18""}, {""amount"": 910, ""date"": ""2023-01-26""}, {""amount"": 966, ""date"": ""2023-08-08""}, {""amount"": 588, ""date"": ""2023-09-12""}, {""amount"": 675, ""date"": ""2023-02-08""}, {""amount"": 765, ""date"": ""2023-12-30""}]",True,True,True,True,True
765,Customer_765,41.0,14316.0,47338,50,658,0,"[{""amount"": 402, ""date"": ""2023-04-06""}, {""amount"": 661, ""date"": ""2023-11-28""}, {""amount"": 855, ""date"": ""2023-11-30""}, {""amount"": 418, ""date"": ""2023-02-09""}, {""amount"": 742, ""date"": ""2023-05-12""}, {""amount"": 128, ""date"": ""2023-09-20""}, {""amount"": 553, ""date"": ""2023-09-27""}, {""amount"": 662, ""date"": ""2023-12-19""}, {""amount"": 663, ""date"": ""2023-08-02""}, {""amount"": 950, ""date"": ""2023-04-03""}, {""amount"": 141, ""date"": ""2023-07-25""}, {""amount"": 144, ""date"": ""2023-02-07""}, {""amount"": 634, ""date"": ""2023-03-06""}, {""amount"": 646, ""date"": ""2023-03-11""}, {""amount"": 611, ""date"": ""2023-04-15""}, {""amount"": 595, ""date"": ""2023-01-29""}, {""amount"": 631, ""date"": ""2023-05-30""}, {""amount"": 724, ""date"": ""2023-10-27""}]",True,True,True,True,True
766,Customer_766,43.0,3827.0,10236,53,371,0,"[{""amount"": 116, ""date"": ""2023-10-11""}, {""amount"": 908, ""date"": ""2023-07-23""}, {""amount"": 892, ""date"": ""2023-06-23""}, {""amount"": 483, ""date"": ""2023-12-31""}, {""amount"": 274, ""date"": ""2023-02-17""}, {""amount"": 851, ""date"": ""2023-05-02""}, {""amount"": 728, ""date"": ""2023-12-25""}, {""amount"": 365, ""date"": ""2023-12-30""}, {""amount"": 713, ""date"": ""2023-03-22""}, {""amount"": 876, ""date"": ""2023-04-15""}]",True,True,True,True,True
767,Customer_767,64.0,14058.0,34038,40,757,0,"[{""amount"": 159, ""date"": ""2023-07-24""}, {""amount"": 253, ""date"": ""2023-11-20""}, {""amount"": 641, ""date"": ""2023-06-24""}, {""amount"": 304, ""date"": ""2023-07-21""}, {""amount"": 407, ""date"": ""2023-11-02""}, {""amount"": 669, ""date"": ""2023-08-05""}, {""amount"": 705, ""date"": ""2023-11-07""}, {""amount"": 409, ""date"": ""2023-04-05""}, {""amount"": 834, ""date"": ""2023-01-19""}, {""amount"": 536, ""date"": ""2023-07-25""}, {""amount"": 719, ""date"": ""2023-01-15""}, {""amount"": 236, ""date"": ""2023-01-05""}, {""amount"": 433, ""date"": ""2023-08-07""}, {""amount"": 669, ""date"": ""2023-04-05""}, {""amount"": 882, ""date"": ""2023-08-14""}]",True,True,True,True,True
768,Customer_768,68.0,5441.0,10353,48,678,0,"[{""amount"": 378, ""date"": ""2023-04-08""}, {""amount"": 414, ""date"": ""2023-09-12""}, {""amount"": 209, ""date"": ""2023-10-23""}, {""amount"": 128, ""date"": ""2023-12-18""}, {""amount"": 849, ""date"": ""2023-02-23""}, {""amount"": 608, ""date"": ""2023-12-22""}, {""amount"": 584, ""date"": ""2023-07-02""}, {""amount"": 932, ""date"": ""2023-06-19""}, {""amount"": 711, ""date"": ""2023-10-24""}, {""amount"": 362, ""date"": ""2023-05-26""}, {""amount"": 325, ""date"": ""2023-12-31""}, {""amount"": 476, ""date"": ""2023-03-03""}, {""amount"": 559, ""date"": ""2023-03-01""}]",True,True,True,True,True
769,Customer_769,61.0,7479.0,23565,48,521,0,"[{""amount"": 668, ""date"": ""2023-07-16""}, {""amount"": 925, ""date"": ""2023-04-28""}, {""amount"": 473, ""date"": ""2023-06-19""}, {""amount"": 576, ""date"": ""2023-11-10""}, {""amount"": 964, ""date"": ""2023-10-01""}, {""amount"": 109, ""date"": ""2023-02-19""}, {""amount"": 512, ""date"": ""2023-07-31""}, {""amount"": 721, ""date"": ""2023-11-26""}, {""amount"": 751, ""date"": ""2023-10-10""}, {""amount"": 592, ""date"": ""2023-05-31""}, {""amount"": 300, ""date"": ""2023-04-15""}, {""amount"": 153, ""date"": ""2023-07-14""}]",True,True,True,True,True
770,Customer_770,70.0,7674.0,32731,50,753,0,"[{""amount"": 274, ""date"": ""2023-01-30""}, {""amount"": 542, ""date"": ""2023-07-07""}, {""amount"": 373, ""date"": ""2023-08-30""}, {""amount"": 402, ""date"": ""2023-06-17""}, {""amount"": 288, ""date"": ""2023-05-16""}, {""amount"": 809, ""date"": ""2023-09-08""}, {""amount"": 629, ""date"": ""2023-09-22""}, {""amount"": 514, ""date"": ""2023-08-29""}, {""amount"": 993, ""date"": ""2023-05-19""}, {""amount"": 454, ""date"": ""2023-08-25""}, {""amount"": 595, ""date"": ""2023-03-03""}, {""amount"": 233, ""date"": ""2023-01-30""}, {""amount"": 667, ""date"": ""2023-05-10""}, {""amount"": 203, ""date"": ""2023-06-08""}, {""amount"": 178, ""date"": ""2023-09-22""}]",True,True,True,True,True
771,Customer_771,59.0,11299.0,33499,16,403,0,"[{""amount"": 193, ""date"": ""2023-05-11""}, {""amount"": 863, ""date"": ""2023-06-02""}, {""amount"": 587, ""date"": ""2023-10-26""}, {""amount"": 550, ""date"": ""2023-07-14""}, {""amount"": 827, ""date"": ""2023-04-13""}, {""amount"": 940, ""date"": ""2023-05-05""}, {""amount"": 710, ""date"": ""2023-11-26""}, {""amount"": 642, ""date"": ""2023-01-03""}, {""amount"": 532, ""date"": ""2023-01-14""}, {""amount"": 980, ""date"": ""2023-03-10""}, {""amount"": 272, ""date"": ""2023-05-19""}, {""amount"": 935, ""date"": ""2023-07-20""}, {""amount"": 109, ""date"": ""2023-09-03""}]",True,True,True,True,True
772,Customer_772,64.0,13466.0,20198,48,831,0,"[{""amount"": 475, ""date"": ""2023-06-28""}, {""amount"": 664, ""date"": ""2023-06-15""}, {""amount"": 676, ""date"": ""2023-01-26""}, {""amount"": 748, ""date"": ""2023-08-19""}, {""amount"": 874, ""date"": ""2023-12-01""}, {""amount"": 862, ""date"": ""2023-11-02""}, {""amount"": 817, ""date"": ""2023-07-28""}, {""amount"": 449, ""date"": ""2023-07-13""}, {""amount"": 156, ""date"": ""2023-09-20""}, {""amount"": 726, ""date"": ""2023-09-06""}, {""amount"": 913, ""date"": ""2023-06-17""}, {""amount"": 490, ""date"": ""2023-08-06""}, {""amount"": 816, ""date"": ""2023-05-06""}, {""amount"": 293, ""date"": ""2023-10-21""}, {""amount"": 930, ""date"": ""2023-12-16""}]",True,True,True,True,True
773,Customer_773,18.0,19627.0,22054,46,706,0,"[{""amount"": 287, ""date"": ""2023-04-05""}, {""amount"": 305, ""date"": ""2023-08-28""}, {""amount"": 627, ""date"": ""2023-02-20""}, {""amount"": 929, ""date"": ""2023-06-02""}, {""amount"": 388, ""date"": ""2023-06-23""}, {""amount"": 470, ""date"": ""2023-11-23""}, {""amount"": 250, ""date"": ""2023-10-02""}, {""amount"": 594, ""date"": ""2023-12-03""}, {""amount"": 927, ""date"": ""2023-11-13""}, {""amount"": 540, ""date"": ""2023-01-11""}, {""amount"": 948, ""date"": ""2023-02-14""}, {""amount"": 803, ""date"": ""2023-04-10""}, {""amount"": 990, ""date"": ""2023-08-03""}, {""amount"": 941, ""date"": ""2023-11-26""}, {""amount"": 547, ""date"": ""2023-09-13""}]",True,True,True,True,True
774,Customer_774,30.0,6835.0,22625,52,367,0,"[{""amount"": 460, ""date"": ""2023-11-04""}, {""amount"": 121, ""date"": ""2023-04-21""}, {""amount"": 710, ""date"": ""2023-08-05""}, {""amount"": 553, ""date"": ""2023-02-08""}, {""amount"": 321, ""date"": ""2023-10-27""}, {""amount"": 962, ""date"": ""2023-11-26""}, {""amount"": 239, ""date"": ""2023-01-27""}, {""amount"": 712, ""date"": ""2023-12-31""}, {""amount"": 219, ""date"": ""2023-10-22""}, {""amount"": 858, ""date"": ""2023-12-03""}, {""amount"": 869, ""date"": ""2023-10-21""}, {""amount"": 679, ""date"": ""2023-02-19""}]",True,True,True,True,True
775,Customer_775,27.0,17179.0,19215,45,435,0,"[{""amount"": 443, ""date"": ""2023-11-06""}, {""amount"": 717, ""date"": ""2023-01-26""}, {""amount"": 880, ""date"": ""2023-04-25""}, {""amount"": 449, ""date"": ""2023-12-05""}, {""amount"": 304, ""date"": ""2023-08-13""}, {""amount"": 172, ""date"": ""2023-08-08""}, {""amount"": 788, ""date"": ""2023-01-30""}, {""amount"": 628, ""date"": ""2023-03-29""}, {""amount"": 598, ""date"": ""2023-04-30""}, {""amount"": 149, ""date"": ""2023-07-20""}, {""amount"": 969, ""date"": ""2023-09-30""}, {""amount"": 470, ""date"": ""2023-02-10""}, {""amount"": 709, ""date"": ""2023-04-18""}, {""amount"": 143, ""date"": ""2023-04-02""}, {""amount"": 774, ""date"": ""2023-05-21""}]",True,True,True,True,True
776,Customer_776,36.0,14019.0,22036,21,393,0,"[{""amount"": 457, ""date"": ""2023-05-05""}, {""amount"": 559, ""date"": ""2023-04-07""}, {""amount"": 486, ""date"": ""2023-04-04""}, {""amount"": 352, ""date"": ""2023-03-22""}, {""amount"": 555, ""date"": ""2023-04-01""}, {""amount"": 685, ""date"": ""2023-03-17""}, {""amount"": 683, ""date"": ""2023-04-28""}, {""amount"": 135, ""date"": ""2023-10-31""}, {""amount"": 320, ""date"": ""2023-10-11""}, {""amount"": 695, ""date"": ""2023-09-04""}, {""amount"": 620, ""date"": ""2023-06-22""}, {""amount"": 881, ""date"": ""2023-11-10""}, {""amount"": 671, ""date"": ""2023-11-06""}, {""amount"": 834, ""date"": ""2023-02-13""}]",True,True,True,True,True
777,Customer_777,22.0,5454.0,45452,51,512,0,"[{""amount"": 604, ""date"": ""2023-09-19""}, {""amount"": 971, ""date"": ""2023-10-09""}, {""amount"": 695, ""date"": ""2023-08-18""}, {""amount"": 631, ""date"": ""2023-07-25""}, {""amount"": 790, ""date"": ""2023-04-20""}, {""amount"": 504, ""date"": ""2023-08-10""}, {""amount"": 441, ""date"": ""2023-04-07""}, {""amount"": 996, ""date"": ""2023-07-15""}, {""amount"": 509, ""date"": ""2023-07-11""}, {""amount"": 692, ""date"": ""2023-12-22""}, {""amount"": 405, ""date"": ""2023-03-09""}, {""amount"": 807, ""date"": ""2023-07-20""}, {""amount"": 473, ""date"": ""2023-06-10""}, {""amount"": 718, ""date"": ""2023-12-22""}, {""amount"": 284, ""date"": ""2023-11-10""}]",True,True,False,True,False
778,Customer_778,25.0,7945.0,17528,32,706,1,"[{""amount"": 383, ""date"": ""2023-11-16""}, {""amount"": 160, ""date"": ""2023-10-04""}, {""amount"": 672, ""date"": ""2023-11-06""}, {""amount"": 114, ""date"": ""2023-08-24""}, {""amount"": 250, ""date"": ""2023-01-02""}, {""amount"": 129, ""date"": ""2023-04-29""}]",True,True,True,True,True
779,Customer_779,21.0,5901.0,18211,47,450,0,"[{""amount"": 585, ""date"": ""2023-06-07""}, {""amount"": 519, ""date"": ""2023-02-12""}, {""amount"": 141, ""date"": ""2023-03-22""}, {""amount"": 443, ""date"": ""2023-11-10""}, {""amount"": 179, ""date"": ""2023-12-30""}, {""amount"": 467, ""date"": ""2023-03-16""}, {""amount"": 986, ""date"": ""2023-11-28""}, {""amount"": 736, ""date"": ""2023-05-23""}, {""amount"": 317, ""date"": ""2023-03-19""}, {""amount"": 791, ""date"": ""2023-01-05""}, {""amount"": 710, ""date"": ""2023-11-16""}, {""amount"": 422, ""date"": ""2023-01-22""}, {""amount"": 400, ""date"": ""2023-02-22""}, {""amount"": 210, ""date"": ""2023-12-05""}, {""amount"": 343, ""date"": ""2023-01-10""}, {""amount"": 405, ""date"": ""2023-07-05""}]",True,True,True,True,True
780,Customer_780,66.0,5881.0,42068,46,769,0,"[{""amount"": 705, ""date"": ""2023-08-02""}, {""amount"": 955, ""date"": ""2023-06-16""}, {""amount"": 241, ""date"": ""2023-07-20""}, {""amount"": 806, ""date"": ""2023-02-02""}, {""amount"": 617, ""date"": ""2023-10-23""}, {""amount"": 910, ""date"": ""2023-12-02""}, {""amount"": 150, ""date"": ""2023-04-22""}, {""amount"": 454, ""date"": ""2023-03-16""}]",True,True,False,True,False
781,Customer_781,30.0,9831.0,20983,50,595,1,"[{""amount"": 230, ""date"": ""2023-04-23""}, {""amount"": 253, ""date"": ""2023-03-08""}, {""amount"": 239, ""date"": ""2023-06-13""}, {""amount"": 847, ""date"": ""2023-03-06""}, {""amount"": 287, ""date"": ""2023-12-26""}, {""amount"": 916, ""date"": ""2023-03-10""}, {""amount"": 773, ""date"": ""2023-03-15""}, {""amount"": 618, ""date"": ""2023-09-07""}, {""amount"": 231, ""date"": ""2023-09-13""}, {""amount"": 262, ""date"": ""2023-11-29""}, {""amount"": 260, ""date"": ""2023-02-05""}, {""amount"": 353, ""date"": ""2023-01-25""}, {""amount"": 535, ""date"": ""2023-05-02""}, {""amount"": 199, ""date"": ""2023-04-14""}, {""amount"": 266, ""date"": ""2023-06-01""}]",True,True,True,True,True
782,Customer_782,55.0,4792.0,26194,54,462,0,"[{""amount"": 796, ""date"": ""2023-09-24""}, {""amount"": 266, ""date"": ""2023-09-02""}, {""amount"": 426, ""date"": ""2023-04-28""}, {""amount"": 149, ""date"": ""2023-11-20""}, {""amount"": 444, ""date"": ""2023-09-25""}, {""amount"": 896, ""date"": ""2023-06-30""}, {""amount"": 449, ""date"": ""2023-04-05""}, {""amount"": 545, ""date"": ""2023-09-26""}, {""amount"": 407, ""date"": ""2023-03-04""}, {""amount"": 394, ""date"": ""2023-10-15""}, {""amount"": 869, ""date"": ""2023-11-12""}, {""amount"": 544, ""date"": ""2023-07-01""}, {""amount"": 215, ""date"": ""2023-04-04""}, {""amount"": 779, ""date"": ""2023-12-29""}, {""amount"": 477, ""date"": ""2023-08-16""}, {""amount"": 589, ""date"": ""2023-10-21""}, {""amount"": 193, ""date"": ""2023-01-26""}]",True,True,False,True,False
783,Customer_783,70.0,7940.0,33341,22,764,0,"[{""amount"": 217, ""date"": ""2023-11-05""}, {""amount"": 960, ""date"": ""2023-04-01""}, {""amount"": 394, ""date"": ""2023-04-26""}, {""amount"": 356, ""date"": ""2023-04-22""}, {""amount"": 210, ""date"": ""2023-11-21""}, {""amount"": 803, ""date"": ""2023-10-14""}, {""amount"": 302, ""date"": ""2023-11-17""}, {""amount"": 546, ""date"": ""2023-10-03""}, {""amount"": 533, ""date"": ""2023-05-09""}, {""amount"": 803, ""date"": ""2023-10-22""}]",True,True,True,True,True
784,Customer_784,63.0,2279.0,42102,49,840,0,"[{""amount"": 715, ""date"": ""2023-05-03""}, {""amount"": 948, ""date"": ""2023-09-02""}, {""amount"": 854, ""date"": ""2023-04-23""}, {""amount"": 702, ""date"": ""2023-03-14""}, {""amount"": 634, ""date"": ""2023-08-15""}, {""amount"": 410, ""date"": ""2023-12-02""}, {""amount"": 171, ""date"": ""2023-03-07""}, {""amount"": 896, ""date"": ""2023-11-11""}, {""amount"": 422, ""date"": ""2023-10-31""}, {""amount"": 767, ""date"": ""2023-08-17""}]",True,True,False,True,False
785,Customer_785,66.0,11338.0,40571,34,548,0,"[{""amount"": 519, ""date"": ""2023-09-06""}, {""amount"": 227, ""date"": ""2023-01-08""}, {""amount"": 724, ""date"": ""2023-04-20""}, {""amount"": 980, ""date"": ""2023-08-17""}, {""amount"": 922, ""date"": ""2023-09-11""}, {""amount"": 195, ""date"": ""2023-01-05""}, {""amount"": 553, ""date"": ""2023-10-07""}]",True,True,True,True,True
786,Customer_786,63.0,13817.0,29619,6,313,0,"[{""amount"": 320, ""date"": ""2023-11-10""}, {""amount"": 678, ""date"": ""2023-09-18""}, {""amount"": 424, ""date"": ""2023-01-14""}, {""amount"": 638, ""date"": ""2023-08-25""}, {""amount"": 741, ""date"": ""2023-01-23""}, {""amount"": 154, ""date"": ""2023-09-08""}, {""amount"": 146, ""date"": ""2023-03-14""}, {""amount"": 105, ""date"": ""2023-07-16""}, {""amount"": 865, ""date"": ""2023-05-21""}]",True,True,True,True,True
787,Customer_787,36.0,15116.0,38479,50,717,0,"[{""amount"": 594, ""date"": ""2023-08-14""}, {""amount"": 230, ""date"": ""2023-12-16""}, {""amount"": 547, ""date"": ""2023-10-31""}, {""amount"": 445, ""date"": ""2023-06-12""}, {""amount"": 542, ""date"": ""2023-05-30""}, {""amount"": 992, ""date"": ""2023-01-18""}, {""amount"": 860, ""date"": ""2023-08-17""}]",True,True,True,True,True
788,Customer_788,69.0,,30139,8,377,0,"[{""amount"": 257, ""date"": ""2023-08-13""}, {""amount"": 187, ""date"": ""2023-03-25""}, {""amount"": 868, ""date"": ""2023-10-05""}, {""amount"": 768, ""date"": ""2023-10-17""}, {""amount"": 282, ""date"": ""2023-09-11""}, {""amount"": 246, ""date"": ""2023-09-14""}, {""amount"": 138, ""date"": ""2023-12-05""}, {""amount"": 945, ""date"": ""2023-06-29""}, {""amount"": 807, ""date"": ""2023-09-15""}, {""amount"": 267, ""date"": ""2023-06-22""}, {""amount"": 515, ""date"": ""2023-01-08""}, {""amount"": 258, ""date"": ""2023-01-29""}, {""amount"": 282, ""date"": ""2023-11-01""}, {""amount"": 876, ""date"": ""2023-08-07""}, {""amount"": 233, ""date"": ""2023-09-19""}, {""amount"": 345, ""date"": ""2023-02-05""}]",True,False,False,True,False
789,Customer_789,67.0,11871.0,22058,28,425,0,"[{""amount"": 215, ""date"": ""2023-02-22""}, {""amount"": 969, ""date"": ""2023-03-22""}, {""amount"": 541, ""date"": ""2023-08-21""}, {""amount"": 624, ""date"": ""2023-09-19""}, {""amount"": 870, ""date"": ""2023-02-20""}, {""amount"": 952, ""date"": ""2023-07-04""}, {""amount"": 354, ""date"": ""2023-09-28""}, {""amount"": 181, ""date"": ""2023-04-01""}, {""amount"": 728, ""date"": ""2023-09-18""}, {""amount"": 274, ""date"": ""2023-01-09""}, {""amount"": 300, ""date"": ""2023-01-20""}, {""amount"": 115, ""date"": ""2023-05-28""}, {""amount"": 470, ""date"": ""2023-04-29""}, {""amount"": 630, ""date"": ""2023-12-12""}, {""amount"": 585, ""date"": ""2023-06-02""}]",True,True,True,True,True
790,Customer_790,25.0,8081.0,37670,30,806,0,"[{""amount"": 352, ""date"": ""2023-02-20""}, {""amount"": 109, ""date"": ""2023-01-28""}, {""amount"": 190, ""date"": ""2023-07-27""}, {""amount"": 903, ""date"": ""2023-07-25""}, {""amount"": 878, ""date"": ""2023-01-12""}, {""amount"": 199, ""date"": ""2023-01-15""}, {""amount"": 342, ""date"": ""2023-03-07""}, {""amount"": 296, ""date"": ""2023-06-05""}, {""amount"": 409, ""date"": ""2023-11-06""}, {""amount"": 200, ""date"": ""2023-07-31""}, {""amount"": 881, ""date"": ""2023-06-25""}, {""amount"": 760, ""date"": ""2023-12-19""}, {""amount"": 140, ""date"": ""2023-12-21""}, {""amount"": 265, ""date"": ""2023-08-17""}, {""amount"": 589, ""date"": ""2023-04-21""}, {""amount"": 648, ""date"": ""2023-05-25""}, {""amount"": 712, ""date"": ""2023-11-08""}, {""amount"": 445, ""date"": ""2023-04-24""}, {""amount"": 869, ""date"": ""2023-10-06""}]",True,True,True,True,True
791,Customer_791,44.0,4654.0,46746,50,513,0,"[{""amount"": 304, ""date"": ""2023-11-25""}, {""amount"": 413, ""date"": ""2023-06-06""}, {""amount"": 490, ""date"": ""2023-05-23""}, {""amount"": 659, ""date"": ""2023-08-09""}, {""amount"": 217, ""date"": ""2023-01-14""}, {""amount"": 582, ""date"": ""2023-11-16""}, {""amount"": 601, ""date"": ""2023-11-23""}, {""amount"": 578, ""date"": ""2023-09-24""}, {""amount"": 740, ""date"": ""2023-11-09""}, {""amount"": 747, ""date"": ""2023-09-16""}, {""amount"": 382, ""date"": ""2023-03-22""}, {""amount"": 969, ""date"": ""2023-07-14""}]",True,True,False,True,False
792,Customer_792,67.0,12213.0,21386,25,793,0,"[{""amount"": 195, ""date"": ""2023-05-12""}, {""amount"": 841, ""date"": ""2023-02-07""}, {""amount"": 222, ""date"": ""2023-01-14""}, {""amount"": 800, ""date"": ""2023-07-17""}, {""amount"": 374, ""date"": ""2023-10-31""}, {""amount"": 645, ""date"": ""2023-08-04""}, {""amount"": 600, ""date"": ""2023-03-07""}, {""amount"": 470, ""date"": ""2023-02-17""}, {""amount"": 450, ""date"": ""2023-05-29""}, {""amount"": 252, ""date"": ""2023-01-16""}, {""amount"": 548, ""date"": ""2023-05-13""}, {""amount"": 876, ""date"": ""2023-09-16""}, {""amount"": 767, ""date"": ""2023-05-10""}, {""amount"": 160, ""date"": ""2023-10-19""}, {""amount"": 256, ""date"": ""2023-02-09""}, {""amount"": 884, ""date"": ""2023-02-09""}, {""amount"": 217, ""date"": ""2023-11-02""}, {""amount"": 873, ""date"": ""2023-03-07""}]",True,True,True,True,True
793,Customer_793,64.0,19194.0,29230,36,808,0,"[{""amount"": 705, ""date"": ""2023-03-21""}, {""amount"": 598, ""date"": ""2023-12-16""}, {""amount"": 318, ""date"": ""2023-12-21""}, {""amount"": 600, ""date"": ""2023-08-31""}, {""amount"": 825, ""date"": ""2023-03-26""}, {""amount"": 667, ""date"": ""2023-12-13""}, {""amount"": 457, ""date"": ""2023-06-02""}, {""amount"": 129, ""date"": ""2023-11-02""}, {""amount"": 288, ""date"": ""2023-04-05""}, {""amount"": 867, ""date"": ""2023-07-28""}, {""amount"": 304, ""date"": ""2023-04-18""}, {""amount"": 687, ""date"": ""2023-05-27""}, {""amount"": 930, ""date"": ""2023-08-15""}, {""amount"": 759, ""date"": ""2023-03-15""}, {""amount"": 644, ""date"": ""2023-01-13""}]",True,True,True,True,True
794,Customer_794,47.0,2512.0,8340,19,385,0,"[{""amount"": 118, ""date"": ""2023-11-20""}, {""amount"": 975, ""date"": ""2023-06-24""}, {""amount"": 728, ""date"": ""2023-01-05""}, {""amount"": 879, ""date"": ""2023-05-13""}, {""amount"": 763, ""date"": ""2023-07-05""}, {""amount"": 317, ""date"": ""2023-02-15""}, {""amount"": 126, ""date"": ""2023-08-02""}, {""amount"": 824, ""date"": ""2023-12-17""}, {""amount"": 620, ""date"": ""2023-11-09""}, {""amount"": 367, ""date"": ""2023-07-09""}, {""amount"": 520, ""date"": ""2023-04-25""}, {""amount"": 802, ""date"": ""2023-05-11""}, {""amount"": 719, ""date"": ""2023-07-27""}, {""amount"": 850, ""date"": ""2023-11-26""}, {""amount"": 684, ""date"": ""2023-12-07""}, {""amount"": 765, ""date"": ""2023-02-23""}]",True,True,True,True,True
795,Customer_795,21.0,6829.0,6600,13,786,0,"[{""amount"": 429, ""date"": ""2023-02-20""}, {""amount"": 744, ""date"": ""2023-03-12""}, {""amount"": 686, ""date"": ""2023-05-19""}, {""amount"": 900, ""date"": ""2023-04-25""}, {""amount"": 523, ""date"": ""2023-09-17""}]",True,True,True,True,True
796,Customer_796,28.0,5139.0,42758,25,766,0,"[{""amount"": 736, ""date"": ""2023-07-31""}, {""amount"": 753, ""date"": ""2023-10-05""}, {""amount"": 728, ""date"": ""2023-09-22""}, {""amount"": 352, ""date"": ""2023-11-11""}, {""amount"": 398, ""date"": ""2023-01-30""}, {""amount"": 705, ""date"": ""2023-08-20""}, {""amount"": 614, ""date"": ""2023-01-01""}, {""amount"": 752, ""date"": ""2023-07-06""}, {""amount"": 624, ""date"": ""2023-01-17""}, {""amount"": 842, ""date"": ""2023-12-12""}]",True,True,False,True,False
797,Customer_797,38.0,6383.0,23179,41,774,0,"[{""amount"": 833, ""date"": ""2023-11-18""}, {""amount"": 596, ""date"": ""2023-01-06""}, {""amount"": 704, ""date"": ""2023-01-19""}, {""amount"": 448, ""date"": ""2023-05-22""}, {""amount"": 822, ""date"": ""2023-07-15""}, {""amount"": 816, ""date"": ""2023-01-22""}, {""amount"": 237, ""date"": ""2023-05-05""}, {""amount"": 827, ""date"": ""2023-10-17""}, {""amount"": 428, ""date"": ""2023-01-08""}, {""amount"": 449, ""date"": ""2023-05-18""}, {""amount"": 343, ""date"": ""2023-06-26""}, {""amount"": 343, ""date"": ""2023-10-11""}, {""amount"": 861, ""date"": ""2023-02-06""}, {""amount"": 930, ""date"": ""2023-06-27""}, {""amount"": 943, ""date"": ""2023-07-18""}, {""amount"": 737, ""date"": ""2023-09-23""}]",True,True,True,True,True
798,Customer_798,60.0,4845.0,20757,59,579,0,"[{""amount"": 194, ""date"": ""2023-04-29""}, {""amount"": 799, ""date"": ""2023-12-12""}, {""amount"": 104, ""date"": ""2023-03-04""}, {""amount"": 125, ""date"": ""2023-03-04""}, {""amount"": 309, ""date"": ""2023-10-03""}, {""amount"": 723, ""date"": ""2023-02-13""}, {""amount"": 628, ""date"": ""2023-09-12""}, {""amount"": 763, ""date"": ""2023-04-15""}, {""amount"": 251, ""date"": ""2023-05-08""}, {""amount"": 758, ""date"": ""2023-07-09""}, {""amount"": 209, ""date"": ""2023-04-20""}, {""amount"": 837, ""date"": ""2023-06-14""}, {""amount"": 232, ""date"": ""2023-06-03""}, {""amount"": 440, ""date"": ""2023-12-26""}, {""amount"": 519, ""date"": ""2023-05-22""}, {""amount"": 729, ""date"": ""2023-10-07""}, {""amount"": 382, ""date"": ""2023-09-03""}, {""amount"": 872, ""date"": ""2023-02-03""}, {""amount"": 571, ""date"": ""2023-08-01""}]",True,True,True,True,True
799,Customer_799,19.0,8160.0,34566,59,499,0,"[{""amount"": 771, ""date"": ""2023-11-08""}, {""amount"": 115, ""date"": ""2023-08-16""}, {""amount"": 477, ""date"": ""2023-05-23""}, {""amount"": 168, ""date"": ""2023-11-04""}, {""amount"": 772, ""date"": ""2023-07-01""}]",True,True,True,True,True
800,Customer_800,38.0,13749.0,39778,35,778,0,"[{""amount"": 666, ""date"": ""2023-11-12""}, {""amount"": 918, ""date"": ""2023-06-19""}, {""amount"": 687, ""date"": ""2023-07-18""}, {""amount"": 104, ""date"": ""2023-03-03""}, {""amount"": 443, ""date"": ""2023-08-04""}, {""amount"": 256, ""date"": ""2023-01-07""}, {""amount"": 758, ""date"": ""2023-11-07""}, {""amount"": 102, ""date"": ""2023-12-23""}, {""amount"": 215, ""date"": ""2023-09-10""}, {""amount"": 200, ""date"": ""2023-04-06""}, {""amount"": 548, ""date"": ""2023-08-09""}, {""amount"": 142, ""date"": ""2023-09-23""}]",True,True,True,True,True
801,Customer_801,34.0,5409.0,9227,26,591,0,"[{""amount"": 695, ""date"": ""2023-05-18""}, {""amount"": 338, ""date"": ""2023-01-16""}, {""amount"": 225, ""date"": ""2023-04-14""}, {""amount"": 928, ""date"": ""2023-05-02""}, {""amount"": 841, ""date"": ""2023-08-20""}, {""amount"": 200, ""date"": ""2023-09-18""}, {""amount"": 880, ""date"": ""2023-02-18""}, {""amount"": 642, ""date"": ""2023-09-04""}, {""amount"": 546, ""date"": ""2023-10-28""}, {""amount"": 933, ""date"": ""2023-07-20""}, {""amount"": 597, ""date"": ""2023-04-17""}, {""amount"": 959, ""date"": ""2023-02-02""}, {""amount"": 662, ""date"": ""2023-12-27""}, {""amount"": 841, ""date"": ""2023-05-24""}, {""amount"": 242, ""date"": ""2023-03-24""}, {""amount"": 580, ""date"": ""2023-06-13""}, {""amount"": 657, ""date"": ""2023-10-14""}, {""amount"": 481, ""date"": ""2023-01-12""}]",True,True,True,True,True
802,Customer_802,60.0,13063.0,47214,14,719,0,"[{""amount"": 933, ""date"": ""2023-08-18""}, {""amount"": 566, ""date"": ""2023-02-20""}, {""amount"": 532, ""date"": ""2023-04-11""}, {""amount"": 831, ""date"": ""2023-06-10""}, {""amount"": 255, ""date"": ""2023-01-28""}, {""amount"": 330, ""date"": ""2023-05-03""}, {""amount"": 744, ""date"": ""2023-08-28""}, {""amount"": 540, ""date"": ""2023-10-28""}, {""amount"": 972, ""date"": ""2023-03-18""}, {""amount"": 651, ""date"": ""2023-04-15""}, {""amount"": 327, ""date"": ""2023-09-17""}, {""amount"": 104, ""date"": ""2023-08-25""}]",True,True,True,True,True
803,Customer_803,68.0,6989.0,42690,16,706,0,"[{""amount"": 657, ""date"": ""2023-10-31""}, {""amount"": 599, ""date"": ""2023-06-04""}, {""amount"": 295, ""date"": ""2023-01-24""}, {""amount"": 992, ""date"": ""2023-01-31""}, {""amount"": 801, ""date"": ""2023-04-22""}, {""amount"": 746, ""date"": ""2023-06-21""}, {""amount"": 836, ""date"": ""2023-08-12""}, {""amount"": 932, ""date"": ""2023-11-14""}, {""amount"": 405, ""date"": ""2023-08-18""}, {""amount"": 533, ""date"": ""2023-07-03""}, {""amount"": 361, ""date"": ""2023-11-11""}, {""amount"": 373, ""date"": ""2023-09-07""}]",True,True,False,True,False
804,Customer_804,46.0,11515.0,38749,47,318,0,"[{""amount"": 222, ""date"": ""2023-12-28""}, {""amount"": 550, ""date"": ""2023-11-17""}, {""amount"": 614, ""date"": ""2023-06-02""}, {""amount"": 956, ""date"": ""2023-11-08""}, {""amount"": 782, ""date"": ""2023-08-07""}, {""amount"": 855, ""date"": ""2023-08-13""}, {""amount"": 978, ""date"": ""2023-06-02""}, {""amount"": 949, ""date"": ""2023-01-19""}, {""amount"": 243, ""date"": ""2023-11-20""}, {""amount"": 809, ""date"": ""2023-12-22""}, {""amount"": 325, ""date"": ""2023-05-11""}, {""amount"": 981, ""date"": ""2023-06-10""}, {""amount"": 573, ""date"": ""2023-09-03""}, {""amount"": 636, ""date"": ""2023-01-06""}]",True,True,True,True,True
805,Customer_805,44.0,8467.0,47495,40,587,0,"[{""amount"": 833, ""date"": ""2023-07-01""}, {""amount"": 365, ""date"": ""2023-08-14""}, {""amount"": 315, ""date"": ""2023-05-08""}, {""amount"": 117, ""date"": ""2023-07-28""}, {""amount"": 990, ""date"": ""2023-04-12""}, {""amount"": 658, ""date"": ""2023-03-06""}]",True,True,False,True,False
806,Customer_806,41.0,14820.0,8764,52,792,0,"[{""amount"": 638, ""date"": ""2023-11-12""}, {""amount"": 665, ""date"": ""2023-02-12""}, {""amount"": 961, ""date"": ""2023-10-09""}, {""amount"": 165, ""date"": ""2023-06-17""}, {""amount"": 351, ""date"": ""2023-07-18""}, {""amount"": 257, ""date"": ""2023-06-25""}, {""amount"": 511, ""date"": ""2023-08-18""}, {""amount"": 932, ""date"": ""2023-12-15""}, {""amount"": 443, ""date"": ""2023-05-11""}, {""amount"": 998, ""date"": ""2023-10-11""}, {""amount"": 426, ""date"": ""2023-08-14""}, {""amount"": 173, ""date"": ""2023-06-19""}, {""amount"": 292, ""date"": ""2023-12-14""}, {""amount"": 769, ""date"": ""2023-03-19""}, {""amount"": 309, ""date"": ""2023-03-06""}, {""amount"": 230, ""date"": ""2023-11-17""}, {""amount"": 747, ""date"": ""2023-01-22""}, {""amount"": 262, ""date"": ""2023-03-03""}]",True,True,True,True,True
807,Customer_807,70.0,14763.0,8642,17,473,0,"[{""amount"": 770, ""date"": ""2023-08-07""}, {""amount"": 247, ""date"": ""2023-11-06""}, {""amount"": 908, ""date"": ""2023-12-04""}, {""amount"": 336, ""date"": ""2023-09-30""}, {""amount"": 246, ""date"": ""2023-05-23""}, {""amount"": 990, ""date"": ""2023-09-05""}, {""amount"": 945, ""date"": ""2023-01-09""}, {""amount"": 267, ""date"": ""2023-04-21""}, {""amount"": 340, ""date"": ""2023-05-19""}, {""amount"": 265, ""date"": ""2023-03-29""}, {""amount"": 594, ""date"": ""2023-07-05""}, {""amount"": 289, ""date"": ""2023-06-25""}, {""amount"": 483, ""date"": ""2023-03-07""}, {""amount"": 698, ""date"": ""2023-08-09""}, {""amount"": 705, ""date"": ""2023-01-10""}, {""amount"": 436, ""date"": ""2023-09-10""}, {""amount"": 867, ""date"": ""2023-07-03""}]",True,True,True,True,True
808,Customer_808,66.0,2511.0,25590,14,430,0,"[{""amount"": 816, ""date"": ""2023-07-14""}, {""amount"": 524, ""date"": ""2023-10-23""}, {""amount"": 741, ""date"": ""2023-10-31""}, {""amount"": 845, ""date"": ""2023-12-13""}, {""amount"": 271, ""date"": ""2023-01-25""}, {""amount"": 245, ""date"": ""2023-05-08""}, {""amount"": 784, ""date"": ""2023-08-20""}, {""amount"": 790, ""date"": ""2023-10-21""}, {""amount"": 567, ""date"": ""2023-05-02""}, {""amount"": 545, ""date"": ""2023-02-08""}, {""amount"": 926, ""date"": ""2023-04-20""}, {""amount"": 493, ""date"": ""2023-01-12""}, {""amount"": 372, ""date"": ""2023-08-28""}, {""amount"": 697, ""date"": ""2023-05-07""}, {""amount"": 881, ""date"": ""2023-01-25""}, {""amount"": 439, ""date"": ""2023-12-16""}, {""amount"": 275, ""date"": ""2023-04-03""}, {""amount"": 480, ""date"": ""2023-12-11""}, {""amount"": 664, ""date"": ""2023-07-02""}]",True,True,False,True,False
809,Customer_809,20.0,15788.0,27098,59,449,0,"[{""amount"": 174, ""date"": ""2023-08-30""}, {""amount"": 534, ""date"": ""2023-11-20""}, {""amount"": 269, ""date"": ""2023-09-01""}, {""amount"": 429, ""date"": ""2023-11-03""}, {""amount"": 970, ""date"": ""2023-02-24""}, {""amount"": 703, ""date"": ""2023-01-05""}, {""amount"": 229, ""date"": ""2023-09-10""}]",True,True,True,True,True
810,Customer_810,56.0,6366.0,35288,27,636,0,"[{""amount"": 959, ""date"": ""2023-10-07""}, {""amount"": 829, ""date"": ""2023-05-27""}, {""amount"": 440, ""date"": ""2023-11-22""}, {""amount"": 368, ""date"": ""2023-08-25""}, {""amount"": 115, ""date"": ""2023-09-28""}, {""amount"": 514, ""date"": ""2023-11-04""}]",True,True,False,True,False
811,Customer_811,27.0,18654.0,15553,58,680,0,"[{""amount"": 510, ""date"": ""2023-04-21""}, {""amount"": 304, ""date"": ""2023-02-17""}, {""amount"": 166, ""date"": ""2023-04-23""}, {""amount"": 232, ""date"": ""2023-07-07""}, {""amount"": 754, ""date"": ""2023-07-06""}, {""amount"": 391, ""date"": ""2023-09-21""}]",True,True,True,True,True
812,Customer_812,20.0,17843.0,34985,10,399,0,"[{""amount"": 548, ""date"": ""2023-10-23""}, {""amount"": 349, ""date"": ""2023-11-16""}, {""amount"": 486, ""date"": ""2023-08-20""}, {""amount"": 238, ""date"": ""2023-12-09""}, {""amount"": 530, ""date"": ""2023-05-17""}, {""amount"": 775, ""date"": ""2023-11-09""}, {""amount"": 740, ""date"": ""2023-04-06""}, {""amount"": 298, ""date"": ""2023-12-24""}, {""amount"": 116, ""date"": ""2023-07-21""}, {""amount"": 291, ""date"": ""2023-12-17""}, {""amount"": 121, ""date"": ""2023-12-15""}, {""amount"": 133, ""date"": ""2023-09-21""}, {""amount"": 498, ""date"": ""2023-07-02""}, {""amount"": 243, ""date"": ""2023-01-12""}, {""amount"": 818, ""date"": ""2023-02-11""}, {""amount"": 412, ""date"": ""2023-07-28""}, {""amount"": 380, ""date"": ""2023-12-18""}, {""amount"": 936, ""date"": ""2023-02-13""}]",True,True,True,True,True
813,Customer_813,70.0,2447.0,12658,53,331,0,"[{""amount"": 749, ""date"": ""2023-12-12""}, {""amount"": 287, ""date"": ""2023-10-17""}, {""amount"": 383, ""date"": ""2023-09-24""}, {""amount"": 470, ""date"": ""2023-08-11""}, {""amount"": 929, ""date"": ""2023-06-04""}, {""amount"": 900, ""date"": ""2023-03-23""}, {""amount"": 769, ""date"": ""2023-08-25""}, {""amount"": 577, ""date"": ""2023-10-22""}]",True,True,False,True,False
814,Customer_814,62.0,6469.0,25549,13,536,0,"[{""amount"": 389, ""date"": ""2023-10-16""}, {""amount"": 814, ""date"": ""2023-04-25""}, {""amount"": 525, ""date"": ""2023-05-07""}, {""amount"": 654, ""date"": ""2023-05-04""}, {""amount"": 790, ""date"": ""2023-03-20""}, {""amount"": 383, ""date"": ""2023-11-01""}, {""amount"": 879, ""date"": ""2023-02-21""}, {""amount"": 555, ""date"": ""2023-01-13""}, {""amount"": 196, ""date"": ""2023-02-24""}, {""amount"": 283, ""date"": ""2023-01-12""}, {""amount"": 543, ""date"": ""2023-04-01""}, {""amount"": 983, ""date"": ""2023-01-06""}, {""amount"": 270, ""date"": ""2023-10-31""}]",True,True,True,True,True
815,Customer_815,59.0,18102.0,32869,27,349,0,"[{""amount"": 633, ""date"": ""2023-07-18""}, {""amount"": 828, ""date"": ""2023-08-21""}, {""amount"": 329, ""date"": ""2023-01-30""}, {""amount"": 881, ""date"": ""2023-02-05""}, {""amount"": 105, ""date"": ""2023-04-28""}, {""amount"": 305, ""date"": ""2023-06-15""}, {""amount"": 642, ""date"": ""2023-04-07""}, {""amount"": 550, ""date"": ""2023-02-22""}, {""amount"": 177, ""date"": ""2023-04-29""}, {""amount"": 481, ""date"": ""2023-05-18""}, {""amount"": 502, ""date"": ""2023-02-13""}, {""amount"": 653, ""date"": ""2023-07-27""}, {""amount"": 633, ""date"": ""2023-01-22""}]",True,True,True,True,True
816,Customer_816,43.0,2043.0,45025,28,619,0,"[{""amount"": 719, ""date"": ""2023-06-05""}, {""amount"": 594, ""date"": ""2023-06-03""}, {""amount"": 872, ""date"": ""2023-08-05""}, {""amount"": 748, ""date"": ""2023-11-06""}, {""amount"": 315, ""date"": ""2023-12-14""}, {""amount"": 972, ""date"": ""2023-04-12""}, {""amount"": 256, ""date"": ""2023-10-14""}, {""amount"": 837, ""date"": ""2023-11-04""}, {""amount"": 332, ""date"": ""2023-03-09""}, {""amount"": 651, ""date"": ""2023-08-01""}, {""amount"": 870, ""date"": ""2023-10-15""}]",True,True,False,True,False
817,Customer_817,54.0,9526.0,21877,12,407,0,"[{""amount"": 877, ""date"": ""2023-12-05""}, {""amount"": 584, ""date"": ""2023-03-29""}, {""amount"": 437, ""date"": ""2023-03-25""}, {""amount"": 679, ""date"": ""2023-07-15""}, {""amount"": 602, ""date"": ""2023-03-22""}, {""amount"": 460, ""date"": ""2023-08-24""}, {""amount"": 200, ""date"": ""2023-01-26""}, {""amount"": 839, ""date"": ""2023-02-14""}, {""amount"": 325, ""date"": ""2023-02-18""}, {""amount"": 168, ""date"": ""2023-12-20""}, {""amount"": 114, ""date"": ""2023-08-05""}, {""amount"": 235, ""date"": ""2023-02-15""}, {""amount"": 342, ""date"": ""2023-08-17""}, {""amount"": 869, ""date"": ""2023-04-10""}, {""amount"": 180, ""date"": ""2023-09-20""}, {""amount"": 209, ""date"": ""2023-06-08""}, {""amount"": 237, ""date"": ""2023-09-23""}, {""amount"": 337, ""date"": ""2023-08-29""}, {""amount"": 170, ""date"": ""2023-01-11""}]",True,True,True,True,True
818,Customer_818,44.0,13991.0,16253,25,336,0,"[{""amount"": 794, ""date"": ""2023-12-21""}, {""amount"": 848, ""date"": ""2023-10-10""}, {""amount"": 214, ""date"": ""2023-07-06""}, {""amount"": 391, ""date"": ""2023-04-18""}, {""amount"": 870, ""date"": ""2023-02-21""}, {""amount"": 165, ""date"": ""2023-11-11""}, {""amount"": 235, ""date"": ""2023-12-05""}, {""amount"": 848, ""date"": ""2023-04-12""}, {""amount"": 468, ""date"": ""2023-01-17""}, {""amount"": 828, ""date"": ""2023-02-23""}, {""amount"": 312, ""date"": ""2023-08-17""}, {""amount"": 741, ""date"": ""2023-06-25""}, {""amount"": 622, ""date"": ""2023-01-06""}, {""amount"": 449, ""date"": ""2023-05-23""}, {""amount"": 245, ""date"": ""2023-04-05""}, {""amount"": 115, ""date"": ""2023-09-12""}]",True,True,True,True,True
819,Customer_819,22.0,7012.0,10400,49,714,0,"[{""amount"": 275, ""date"": ""2023-05-28""}, {""amount"": 867, ""date"": ""2023-02-23""}, {""amount"": 481, ""date"": ""2023-06-02""}, {""amount"": 149, ""date"": ""2023-01-25""}, {""amount"": 816, ""date"": ""2023-09-01""}, {""amount"": 544, ""date"": ""2023-05-29""}, {""amount"": 409, ""date"": ""2023-03-27""}, {""amount"": 541, ""date"": ""2023-03-11""}, {""amount"": 963, ""date"": ""2023-05-09""}, {""amount"": 752, ""date"": ""2023-04-12""}, {""amount"": 274, ""date"": ""2023-03-29""}, {""amount"": 848, ""date"": ""2023-08-04""}, {""amount"": 832, ""date"": ""2023-01-29""}, {""amount"": 492, ""date"": ""2023-12-24""}, {""amount"": 840, ""date"": ""2023-10-01""}, {""amount"": 307, ""date"": ""2023-12-07""}, {""amount"": 421, ""date"": ""2023-09-02""}, {""amount"": 115, ""date"": ""2023-08-31""}, {""amount"": 713, ""date"": ""2023-11-13""}]",True,True,True,True,True
820,Customer_820,59.0,4583.0,42220,12,333,0,"[{""amount"": 876, ""date"": ""2023-07-08""}, {""amount"": 677, ""date"": ""2023-07-02""}, {""amount"": 564, ""date"": ""2023-07-27""}, {""amount"": 525, ""date"": ""2023-05-10""}, {""amount"": 332, ""date"": ""2023-05-08""}, {""amount"": 738, ""date"": ""2023-05-23""}, {""amount"": 376, ""date"": ""2023-09-17""}, {""amount"": 256, ""date"": ""2023-12-19""}, {""amount"": 796, ""date"": ""2023-12-18""}, {""amount"": 261, ""date"": ""2023-12-14""}, {""amount"": 123, ""date"": ""2023-02-19""}, {""amount"": 801, ""date"": ""2023-09-12""}, {""amount"": 553, ""date"": ""2023-12-30""}, {""amount"": 217, ""date"": ""2023-06-09""}, {""amount"": 103, ""date"": ""2023-02-08""}]",True,True,False,True,False
821,Customer_821,28.0,7410.0,15940,38,399,0,"[{""amount"": 214, ""date"": ""2023-04-13""}, {""amount"": 149, ""date"": ""2023-03-20""}, {""amount"": 358, ""date"": ""2023-04-10""}, {""amount"": 337, ""date"": ""2023-01-13""}, {""amount"": 941, ""date"": ""2023-11-07""}, {""amount"": 707, ""date"": ""2023-08-03""}, {""amount"": 612, ""date"": ""2023-10-17""}, {""amount"": 455, ""date"": ""2023-02-05""}, {""amount"": 272, ""date"": ""2023-12-16""}, {""amount"": 144, ""date"": ""2023-05-07""}, {""amount"": 884, ""date"": ""2023-02-17""}, {""amount"": 121, ""date"": ""2023-06-07""}]",True,True,True,True,True
822,Customer_822,30.0,5360.0,5889,43,405,0,"[{""amount"": 285, ""date"": ""2023-06-24""}, {""amount"": 564, ""date"": ""2023-09-15""}, {""amount"": 129, ""date"": ""2023-10-11""}, {""amount"": 246, ""date"": ""2023-02-09""}, {""amount"": 346, ""date"": ""2023-06-22""}, {""amount"": 952, ""date"": ""2023-09-24""}, {""amount"": 420, ""date"": ""2023-10-28""}, {""amount"": 689, ""date"": ""2023-05-28""}, {""amount"": 736, ""date"": ""2023-03-20""}, {""amount"": 530, ""date"": ""2023-12-04""}, {""amount"": 689, ""date"": ""2023-09-28""}, {""amount"": 727, ""date"": ""2023-02-17""}, {""amount"": 898, ""date"": ""2023-11-15""}, {""amount"": 347, ""date"": ""2023-02-03""}, {""amount"": 814, ""date"": ""2023-05-08""}, {""amount"": 862, ""date"": ""2023-04-15""}]",True,True,True,True,True
823,Customer_823,58.0,4881.0,35141,28,682,0,"[{""amount"": 317, ""date"": ""2023-02-17""}, {""amount"": 720, ""date"": ""2023-04-30""}, {""amount"": 645, ""date"": ""2023-01-01""}, {""amount"": 361, ""date"": ""2023-04-17""}, {""amount"": 674, ""date"": ""2023-06-21""}, {""amount"": 894, ""date"": ""2023-11-16""}, {""amount"": 653, ""date"": ""2023-10-11""}, {""amount"": 626, ""date"": ""2023-04-23""}, {""amount"": 358, ""date"": ""2023-01-20""}, {""amount"": 240, ""date"": ""2023-10-15""}]",True,True,False,True,False
824,Customer_824,51.0,4837.0,14740,47,838,0,"[{""amount"": 650, ""date"": ""2023-02-24""}, {""amount"": 847, ""date"": ""2023-09-15""}, {""amount"": 734, ""date"": ""2023-10-17""}, {""amount"": 675, ""date"": ""2023-12-03""}, {""amount"": 912, ""date"": ""2023-04-25""}, {""amount"": 112, ""date"": ""2023-06-05""}]",True,True,True,True,True
825,Customer_825,55.0,3000.0,17998,27,318,0,"[{""amount"": 210, ""date"": ""2023-08-27""}, {""amount"": 816, ""date"": ""2023-04-12""}, {""amount"": 215, ""date"": ""2023-05-22""}, {""amount"": 730, ""date"": ""2023-11-24""}, {""amount"": 848, ""date"": ""2023-03-03""}, {""amount"": 314, ""date"": ""2023-08-24""}, {""amount"": 568, ""date"": ""2023-10-16""}, {""amount"": 929, ""date"": ""2023-09-01""}, {""amount"": 790, ""date"": ""2023-07-01""}, {""amount"": 438, ""date"": ""2023-08-20""}, {""amount"": 543, ""date"": ""2023-02-21""}]",True,True,False,True,False
826,Customer_826,57.0,12582.0,38905,58,644,0,"[{""amount"": 330, ""date"": ""2023-04-03""}, {""amount"": 414, ""date"": ""2023-04-06""}, {""amount"": 672, ""date"": ""2023-10-12""}, {""amount"": 692, ""date"": ""2023-12-28""}, {""amount"": 864, ""date"": ""2023-04-24""}, {""amount"": 373, ""date"": ""2023-12-03""}, {""amount"": 318, ""date"": ""2023-11-30""}, {""amount"": 554, ""date"": ""2023-05-26""}, {""amount"": 364, ""date"": ""2023-08-09""}, {""amount"": 571, ""date"": ""2023-02-09""}, {""amount"": 382, ""date"": ""2023-04-02""}, {""amount"": 262, ""date"": ""2023-10-15""}, {""amount"": 290, ""date"": ""2023-12-17""}, {""amount"": 525, ""date"": ""2023-08-12""}, {""amount"": 442, ""date"": ""2023-07-09""}]",True,True,True,True,True
827,Customer_827,50.0,16609.0,23993,17,762,0,"[{""amount"": 456, ""date"": ""2023-03-25""}, {""amount"": 663, ""date"": ""2023-10-14""}, {""amount"": 123, ""date"": ""2023-05-12""}, {""amount"": 159, ""date"": ""2023-12-06""}, {""amount"": 985, ""date"": ""2023-04-08""}, {""amount"": 927, ""date"": ""2023-01-06""}, {""amount"": 271, ""date"": ""2023-01-27""}, {""amount"": 470, ""date"": ""2023-02-15""}, {""amount"": 761, ""date"": ""2023-07-06""}, {""amount"": 339, ""date"": ""2023-03-07""}, {""amount"": 655, ""date"": ""2023-11-23""}, {""amount"": 690, ""date"": ""2023-02-14""}, {""amount"": 928, ""date"": ""2023-02-07""}, {""amount"": 701, ""date"": ""2023-08-11""}, {""amount"": 325, ""date"": ""2023-11-15""}, {""amount"": 758, ""date"": ""2023-03-06""}]",True,True,True,True,True
828,Customer_828,51.0,5720.0,46091,49,520,0,"[{""amount"": 186, ""date"": ""2023-04-26""}, {""amount"": 587, ""date"": ""2023-11-19""}, {""amount"": 565, ""date"": ""2023-07-23""}, {""amount"": 357, ""date"": ""2023-05-19""}, {""amount"": 428, ""date"": ""2023-06-25""}, {""amount"": 581, ""date"": ""2023-02-21""}, {""amount"": 391, ""date"": ""2023-12-20""}, {""amount"": 561, ""date"": ""2023-03-13""}, {""amount"": 342, ""date"": ""2023-02-16""}, {""amount"": 719, ""date"": ""2023-04-19""}, {""amount"": 771, ""date"": ""2023-05-07""}, {""amount"": 668, ""date"": ""2023-04-27""}, {""amount"": 836, ""date"": ""2023-01-01""}, {""amount"": 737, ""date"": ""2023-07-13""}, {""amount"": 530, ""date"": ""2023-03-08""}, {""amount"": 303, ""date"": ""2023-09-06""}]",True,True,False,True,False
829,Customer_829,44.0,14630.0,8187,9,798,1,"[{""amount"": 445, ""date"": ""2023-01-25""}, {""amount"": 418, ""date"": ""2023-11-23""}, {""amount"": 846, ""date"": ""2023-09-12""}, {""amount"": 791, ""date"": ""2023-08-17""}, {""amount"": 860, ""date"": ""2023-12-16""}, {""amount"": 570, ""date"": ""2023-12-23""}, {""amount"": 497, ""date"": ""2023-02-10""}, {""amount"": 703, ""date"": ""2023-08-26""}, {""amount"": 655, ""date"": ""2023-01-18""}]",True,True,True,True,True
830,Customer_830,53.0,13858.0,6713,38,575,0,"[{""amount"": 337, ""date"": ""2023-07-20""}, {""amount"": 755, ""date"": ""2023-11-25""}, {""amount"": 678, ""date"": ""2023-06-02""}, {""amount"": 910, ""date"": ""2023-07-26""}, {""amount"": 111, ""date"": ""2023-02-18""}, {""amount"": 732, ""date"": ""2023-08-27""}, {""amount"": 526, ""date"": ""2023-04-04""}, {""amount"": 703, ""date"": ""2023-08-06""}, {""amount"": 337, ""date"": ""2023-01-05""}, {""amount"": 909, ""date"": ""2023-12-03""}, {""amount"": 404, ""date"": ""2023-04-28""}]",True,True,True,True,True
831,Customer_831,43.0,4622.0,5075,35,598,0,"[{""amount"": 480, ""date"": ""2023-03-18""}, {""amount"": 330, ""date"": ""2023-09-01""}, {""amount"": 432, ""date"": ""2023-02-26""}, {""amount"": 492, ""date"": ""2023-12-11""}, {""amount"": 542, ""date"": ""2023-04-04""}, {""amount"": 719, ""date"": ""2023-02-14""}, {""amount"": 984, ""date"": ""2023-04-13""}, {""amount"": 672, ""date"": ""2023-07-10""}, {""amount"": 918, ""date"": ""2023-12-09""}, {""amount"": 448, ""date"": ""2023-04-02""}, {""amount"": 919, ""date"": ""2023-03-22""}, {""amount"": 869, ""date"": ""2023-10-08""}, {""amount"": 153, ""date"": ""2023-01-25""}, {""amount"": 155, ""date"": ""2023-12-25""}, {""amount"": 259, ""date"": ""2023-06-16""}]",True,True,True,True,True
832,Customer_832,68.0,3565.0,24473,27,550,0,"[{""amount"": 561, ""date"": ""2023-12-17""}, {""amount"": 808, ""date"": ""2023-09-23""}, {""amount"": 193, ""date"": ""2023-10-10""}, {""amount"": 583, ""date"": ""2023-10-19""}, {""amount"": 771, ""date"": ""2023-07-24""}, {""amount"": 373, ""date"": ""2023-08-09""}, {""amount"": 627, ""date"": ""2023-12-15""}]",True,True,False,True,False
833,Customer_833,42.0,2139.0,33119,23,749,0,"[{""amount"": 993, ""date"": ""2023-06-30""}, {""amount"": 547, ""date"": ""2023-05-29""}, {""amount"": 310, ""date"": ""2023-05-09""}, {""amount"": 211, ""date"": ""2023-05-21""}, {""amount"": 121, ""date"": ""2023-02-20""}, {""amount"": 926, ""date"": ""2023-11-24""}, {""amount"": 990, ""date"": ""2023-05-31""}, {""amount"": 621, ""date"": ""2023-07-12""}, {""amount"": 821, ""date"": ""2023-03-18""}, {""amount"": 404, ""date"": ""2023-09-15""}, {""amount"": 801, ""date"": ""2023-04-03""}, {""amount"": 925, ""date"": ""2023-12-03""}, {""amount"": 257, ""date"": ""2023-04-09""}]",True,True,False,True,False
834,Customer_834,36.0,12398.0,11447,11,803,0,"[{""amount"": 904, ""date"": ""2023-09-30""}, {""amount"": 320, ""date"": ""2023-05-09""}, {""amount"": 247, ""date"": ""2023-08-23""}, {""amount"": 379, ""date"": ""2023-04-16""}, {""amount"": 246, ""date"": ""2023-09-17""}, {""amount"": 209, ""date"": ""2023-09-11""}]",True,True,True,True,True
835,Customer_835,38.0,10519.0,5330,53,378,1,"[{""amount"": 331, ""date"": ""2023-12-02""}, {""amount"": 856, ""date"": ""2023-05-08""}, {""amount"": 702, ""date"": ""2023-01-02""}, {""amount"": 856, ""date"": ""2023-03-12""}, {""amount"": 900, ""date"": ""2023-06-23""}, {""amount"": 697, ""date"": ""2023-07-17""}, {""amount"": 113, ""date"": ""2023-05-07""}, {""amount"": 254, ""date"": ""2023-01-27""}, {""amount"": 890, ""date"": ""2023-03-19""}, {""amount"": 152, ""date"": ""2023-12-27""}, {""amount"": 984, ""date"": ""2023-10-06""}, {""amount"": 756, ""date"": ""2023-01-25""}, {""amount"": 848, ""date"": ""2023-01-13""}, {""amount"": 177, ""date"": ""2023-12-23""}, {""amount"": 316, ""date"": ""2023-06-17""}]",True,True,True,True,True
836,Customer_836,48.0,5642.0,11772,33,386,0,"[{""amount"": 648, ""date"": ""2023-12-29""}, {""amount"": 337, ""date"": ""2023-03-11""}, {""amount"": 296, ""date"": ""2023-12-27""}, {""amount"": 731, ""date"": ""2023-10-02""}, {""amount"": 647, ""date"": ""2023-01-02""}, {""amount"": 350, ""date"": ""2023-06-12""}, {""amount"": 808, ""date"": ""2023-08-25""}, {""amount"": 316, ""date"": ""2023-03-09""}, {""amount"": 151, ""date"": ""2023-08-29""}, {""amount"": 829, ""date"": ""2023-09-10""}, {""amount"": 591, ""date"": ""2023-07-21""}, {""amount"": 633, ""date"": ""2023-09-05""}, {""amount"": 501, ""date"": ""2023-01-16""}, {""amount"": 899, ""date"": ""2023-10-06""}, {""amount"": 249, ""date"": ""2023-03-06""}, {""amount"": 977, ""date"": ""2023-08-22""}, {""amount"": 188, ""date"": ""2023-05-28""}, {""amount"": 839, ""date"": ""2023-12-23""}]",True,True,True,True,True
837,Customer_837,46.0,15278.0,24701,7,507,0,"[{""amount"": 658, ""date"": ""2023-11-07""}, {""amount"": 223, ""date"": ""2023-10-27""}, {""amount"": 797, ""date"": ""2023-10-06""}, {""amount"": 512, ""date"": ""2023-03-26""}, {""amount"": 439, ""date"": ""2023-11-02""}, {""amount"": 662, ""date"": ""2023-01-10""}]",True,True,True,True,True
838,Customer_838,26.0,2492.0,22254,39,766,0,"[{""amount"": 902, ""date"": ""2023-03-24""}, {""amount"": 205, ""date"": ""2023-09-02""}, {""amount"": 781, ""date"": ""2023-03-17""}, {""amount"": 699, ""date"": ""2023-05-24""}, {""amount"": 341, ""date"": ""2023-12-09""}, {""amount"": 617, ""date"": ""2023-10-17""}, {""amount"": 777, ""date"": ""2023-11-27""}, {""amount"": 826, ""date"": ""2023-06-06""}]",True,True,False,True,False
839,Customer_839,36.0,19206.0,19768,46,695,0,"[{""amount"": 632, ""date"": ""2023-12-24""}, {""amount"": 351, ""date"": ""2023-08-13""}, {""amount"": 486, ""date"": ""2023-02-15""}, {""amount"": 209, ""date"": ""2023-03-20""}, {""amount"": 492, ""date"": ""2023-10-25""}, {""amount"": 232, ""date"": ""2023-06-12""}, {""amount"": 299, ""date"": ""2023-05-26""}, {""amount"": 234, ""date"": ""2023-05-03""}, {""amount"": 248, ""date"": ""2023-07-19""}, {""amount"": 372, ""date"": ""2023-12-07""}, {""amount"": 430, ""date"": ""2023-10-13""}, {""amount"": 318, ""date"": ""2023-02-11""}, {""amount"": 433, ""date"": ""2023-12-12""}, {""amount"": 634, ""date"": ""2023-09-30""}, {""amount"": 861, ""date"": ""2023-09-19""}]",True,True,True,True,True
840,Customer_840,43.0,18723.0,22956,49,610,0,"[{""amount"": 721, ""date"": ""2023-04-04""}, {""amount"": 638, ""date"": ""2023-02-06""}, {""amount"": 713, ""date"": ""2023-01-13""}, {""amount"": 650, ""date"": ""2023-12-22""}, {""amount"": 552, ""date"": ""2023-12-17""}, {""amount"": 215, ""date"": ""2023-11-08""}, {""amount"": 306, ""date"": ""2023-11-22""}]",True,True,True,True,True
841,Customer_841,42.0,3401.0,43365,45,580,0,"[{""amount"": 950, ""date"": ""2023-07-10""}, {""amount"": 753, ""date"": ""2023-07-06""}, {""amount"": 130, ""date"": ""2023-08-15""}, {""amount"": 736, ""date"": ""2023-08-26""}, {""amount"": 220, ""date"": ""2023-11-25""}, {""amount"": 162, ""date"": ""2023-03-06""}, {""amount"": 422, ""date"": ""2023-08-16""}, {""amount"": 554, ""date"": ""2023-09-02""}, {""amount"": 324, ""date"": ""2023-05-19""}, {""amount"": 276, ""date"": ""2023-11-21""}, {""amount"": 631, ""date"": ""2023-08-12""}, {""amount"": 981, ""date"": ""2023-11-28""}, {""amount"": 149, ""date"": ""2023-11-29""}, {""amount"": 124, ""date"": ""2023-03-07""}, {""amount"": 554, ""date"": ""2023-05-22""}, {""amount"": 581, ""date"": ""2023-07-09""}]",True,True,False,True,False
842,Customer_842,57.0,18874.0,46507,49,535,0,"[{""amount"": 483, ""date"": ""2023-07-18""}, {""amount"": 205, ""date"": ""2023-04-24""}, {""amount"": 347, ""date"": ""2023-05-10""}, {""amount"": 331, ""date"": ""2023-03-10""}, {""amount"": 189, ""date"": ""2023-12-17""}, {""amount"": 132, ""date"": ""2023-01-02""}, {""amount"": 854, ""date"": ""2023-11-13""}, {""amount"": 129, ""date"": ""2023-09-28""}, {""amount"": 324, ""date"": ""2023-07-09""}, {""amount"": 237, ""date"": ""2023-12-17""}, {""amount"": 941, ""date"": ""2023-06-04""}]",True,True,True,True,True
843,Customer_843,60.0,9299.0,8527,57,818,0,"[{""amount"": 561, ""date"": ""2023-01-06""}, {""amount"": 692, ""date"": ""2023-09-24""}, {""amount"": 489, ""date"": ""2023-03-06""}, {""amount"": 629, ""date"": ""2023-11-06""}, {""amount"": 775, ""date"": ""2023-11-27""}]",True,True,True,True,True
844,Customer_844,46.0,2884.0,22344,43,341,0,"[{""amount"": 612, ""date"": ""2023-12-11""}, {""amount"": 562, ""date"": ""2023-11-06""}, {""amount"": 215, ""date"": ""2023-02-08""}, {""amount"": 356, ""date"": ""2023-03-11""}, {""amount"": 602, ""date"": ""2023-01-20""}, {""amount"": 789, ""date"": ""2023-05-14""}, {""amount"": 794, ""date"": ""2023-12-21""}, {""amount"": 669, ""date"": ""2023-09-23""}, {""amount"": 597, ""date"": ""2023-03-29""}, {""amount"": 244, ""date"": ""2023-08-14""}, {""amount"": 760, ""date"": ""2023-07-03""}, {""amount"": 206, ""date"": ""2023-07-26""}, {""amount"": 545, ""date"": ""2023-10-19""}]",True,True,False,True,False
845,Customer_845,42.0,9124.0,19144,36,488,0,"[{""amount"": 697, ""date"": ""2023-02-23""}, {""amount"": 373, ""date"": ""2023-05-22""}, {""amount"": 796, ""date"": ""2023-06-06""}, {""amount"": 691, ""date"": ""2023-12-13""}, {""amount"": 616, ""date"": ""2023-03-27""}, {""amount"": 493, ""date"": ""2023-09-04""}, {""amount"": 718, ""date"": ""2023-02-26""}, {""amount"": 557, ""date"": ""2023-10-29""}, {""amount"": 341, ""date"": ""2023-09-01""}, {""amount"": 376, ""date"": ""2023-02-19""}, {""amount"": 749, ""date"": ""2023-06-17""}, {""amount"": 585, ""date"": ""2023-04-02""}, {""amount"": 190, ""date"": ""2023-07-25""}, {""amount"": 194, ""date"": ""2023-03-11""}, {""amount"": 387, ""date"": ""2023-04-29""}]",True,True,True,True,True
846,Customer_846,36.0,6081.0,38800,24,407,0,"[{""amount"": 921, ""date"": ""2023-05-02""}, {""amount"": 638, ""date"": ""2023-10-08""}, {""amount"": 624, ""date"": ""2023-10-17""}, {""amount"": 275, ""date"": ""2023-02-07""}, {""amount"": 197, ""date"": ""2023-06-21""}, {""amount"": 143, ""date"": ""2023-09-12""}, {""amount"": 448, ""date"": ""2023-11-21""}, {""amount"": 142, ""date"": ""2023-03-14""}, {""amount"": 297, ""date"": ""2023-09-30""}, {""amount"": 593, ""date"": ""2023-09-06""}, {""amount"": 399, ""date"": ""2023-01-03""}, {""amount"": 492, ""date"": ""2023-07-01""}, {""amount"": 327, ""date"": ""2023-07-02""}, {""amount"": 361, ""date"": ""2023-11-08""}, {""amount"": 808, ""date"": ""2023-05-12""}]",True,True,False,True,False
847,Customer_847,21.0,2851.0,40779,60,696,0,"[{""amount"": 525, ""date"": ""2023-05-03""}, {""amount"": 470, ""date"": ""2023-09-30""}, {""amount"": 324, ""date"": ""2023-12-05""}, {""amount"": 895, ""date"": ""2023-08-19""}, {""amount"": 926, ""date"": ""2023-11-13""}, {""amount"": 911, ""date"": ""2023-01-17""}, {""amount"": 999, ""date"": ""2023-04-26""}, {""amount"": 411, ""date"": ""2023-07-25""}, {""amount"": 360, ""date"": ""2023-03-30""}]",True,True,False,True,False
848,Customer_848,62.0,4597.0,32398,21,601,0,"[{""amount"": 506, ""date"": ""2023-06-28""}, {""amount"": 380, ""date"": ""2023-01-04""}, {""amount"": 166, ""date"": ""2023-02-02""}, {""amount"": 951, ""date"": ""2023-12-10""}, {""amount"": 248, ""date"": ""2023-05-22""}, {""amount"": 776, ""date"": ""2023-07-31""}, {""amount"": 632, ""date"": ""2023-07-05""}, {""amount"": 390, ""date"": ""2023-01-04""}, {""amount"": 827, ""date"": ""2023-11-13""}, {""amount"": 537, ""date"": ""2023-08-15""}, {""amount"": 413, ""date"": ""2023-04-02""}, {""amount"": 613, ""date"": ""2023-01-20""}]",True,True,False,True,False
849,Customer_849,37.0,19260.0,32749,57,849,0,"[{""amount"": 820, ""date"": ""2023-10-27""}, {""amount"": 413, ""date"": ""2023-09-25""}, {""amount"": 785, ""date"": ""2023-03-13""}, {""amount"": 662, ""date"": ""2023-05-20""}, {""amount"": 688, ""date"": ""2023-09-09""}, {""amount"": 630, ""date"": ""2023-04-22""}, {""amount"": 172, ""date"": ""2023-01-19""}, {""amount"": 631, ""date"": ""2023-03-06""}, {""amount"": 458, ""date"": ""2023-08-08""}, {""amount"": 448, ""date"": ""2023-09-29""}, {""amount"": 460, ""date"": ""2023-05-28""}, {""amount"": 723, ""date"": ""2023-10-06""}, {""amount"": 931, ""date"": ""2023-05-21""}, {""amount"": 551, ""date"": ""2023-01-02""}, {""amount"": 571, ""date"": ""2023-03-15""}]",True,True,True,True,True
850,Customer_850,63.0,13993.0,8068,51,638,0,"[{""amount"": 502, ""date"": ""2023-01-29""}, {""amount"": 512, ""date"": ""2023-05-25""}, {""amount"": 701, ""date"": ""2023-05-15""}, {""amount"": 783, ""date"": ""2023-07-26""}, {""amount"": 816, ""date"": ""2023-04-20""}, {""amount"": 492, ""date"": ""2023-06-23""}, {""amount"": 150, ""date"": ""2023-02-14""}, {""amount"": 136, ""date"": ""2023-10-09""}, {""amount"": 296, ""date"": ""2023-07-04""}, {""amount"": 386, ""date"": ""2023-10-21""}]",True,True,True,True,True
851,Customer_851,18.0,17956.0,8463,46,757,0,"[{""amount"": 304, ""date"": ""2023-03-07""}, {""amount"": 650, ""date"": ""2023-02-08""}, {""amount"": 777, ""date"": ""2023-08-10""}, {""amount"": 322, ""date"": ""2023-10-23""}, {""amount"": 607, ""date"": ""2023-01-12""}, {""amount"": 355, ""date"": ""2023-02-03""}, {""amount"": 473, ""date"": ""2023-11-13""}, {""amount"": 275, ""date"": ""2023-05-01""}, {""amount"": 395, ""date"": ""2023-04-22""}, {""amount"": 595, ""date"": ""2023-01-24""}]",True,True,True,True,True
852,Customer_852,28.0,15997.0,12629,35,500,0,"[{""amount"": 468, ""date"": ""2023-04-28""}, {""amount"": 222, ""date"": ""2023-09-16""}, {""amount"": 143, ""date"": ""2023-12-02""}, {""amount"": 874, ""date"": ""2023-07-21""}, {""amount"": 993, ""date"": ""2023-01-13""}]",True,True,True,True,True
853,Customer_853,21.0,3512.0,37850,10,609,0,"[{""amount"": 838, ""date"": ""2023-11-20""}, {""amount"": 382, ""date"": ""2023-12-10""}, {""amount"": 977, ""date"": ""2023-09-30""}, {""amount"": 752, ""date"": ""2023-03-18""}, {""amount"": 412, ""date"": ""2023-08-11""}, {""amount"": 656, ""date"": ""2023-07-06""}, {""amount"": 388, ""date"": ""2023-02-27""}, {""amount"": 587, ""date"": ""2023-11-19""}, {""amount"": 235, ""date"": ""2023-06-18""}, {""amount"": 328, ""date"": ""2023-02-04""}, {""amount"": 982, ""date"": ""2023-07-25""}, {""amount"": 659, ""date"": ""2023-04-29""}]",True,True,False,True,False
854,Customer_854,24.0,9713.0,48384,54,556,0,"[{""amount"": 796, ""date"": ""2023-09-21""}, {""amount"": 718, ""date"": ""2023-06-24""}, {""amount"": 535, ""date"": ""2023-01-17""}, {""amount"": 377, ""date"": ""2023-01-19""}, {""amount"": 756, ""date"": ""2023-02-11""}, {""amount"": 931, ""date"": ""2023-03-10""}, {""amount"": 581, ""date"": ""2023-11-16""}, {""amount"": 979, ""date"": ""2023-06-16""}, {""amount"": 335, ""date"": ""2023-08-19""}, {""amount"": 110, ""date"": ""2023-03-28""}, {""amount"": 898, ""date"": ""2023-11-05""}]",True,True,True,True,True
855,Customer_855,45.0,7444.0,31129,48,588,0,"[{""amount"": 422, ""date"": ""2023-01-13""}, {""amount"": 385, ""date"": ""2023-03-01""}, {""amount"": 710, ""date"": ""2023-10-03""}, {""amount"": 380, ""date"": ""2023-07-25""}, {""amount"": 673, ""date"": ""2023-08-06""}, {""amount"": 952, ""date"": ""2023-09-05""}, {""amount"": 376, ""date"": ""2023-03-02""}]",True,True,True,True,True
856,Customer_856,53.0,16616.0,8843,26,696,1,"[{""amount"": 525, ""date"": ""2023-10-14""}, {""amount"": 851, ""date"": ""2023-01-12""}, {""amount"": 765, ""date"": ""2023-01-23""}, {""amount"": 537, ""date"": ""2023-12-02""}, {""amount"": 285, ""date"": ""2023-05-09""}, {""amount"": 297, ""date"": ""2023-04-28""}, {""amount"": 334, ""date"": ""2023-02-07""}, {""amount"": 396, ""date"": ""2023-06-20""}, {""amount"": 736, ""date"": ""2023-09-16""}, {""amount"": 780, ""date"": ""2023-09-06""}, {""amount"": 808, ""date"": ""2023-05-07""}, {""amount"": 157, ""date"": ""2023-02-11""}, {""amount"": 815, ""date"": ""2023-07-02""}]",True,True,True,True,True
857,Customer_857,24.0,3394.0,49158,22,544,0,"[{""amount"": 896, ""date"": ""2023-12-20""}, {""amount"": 621, ""date"": ""2023-05-08""}, {""amount"": 871, ""date"": ""2023-04-05""}, {""amount"": 961, ""date"": ""2023-02-08""}, {""amount"": 723, ""date"": ""2023-09-30""}, {""amount"": 722, ""date"": ""2023-09-30""}, {""amount"": 771, ""date"": ""2023-02-27""}, {""amount"": 399, ""date"": ""2023-10-27""}, {""amount"": 485, ""date"": ""2023-11-02""}]",True,True,False,True,False
858,Customer_858,37.0,13836.0,45200,59,320,0,"[{""amount"": 405, ""date"": ""2023-01-06""}, {""amount"": 102, ""date"": ""2023-01-03""}, {""amount"": 885, ""date"": ""2023-07-18""}, {""amount"": 771, ""date"": ""2023-09-22""}, {""amount"": 189, ""date"": ""2023-04-01""}, {""amount"": 522, ""date"": ""2023-09-15""}, {""amount"": 891, ""date"": ""2023-04-19""}, {""amount"": 883, ""date"": ""2023-03-13""}, {""amount"": 607, ""date"": ""2023-07-22""}, {""amount"": 280, ""date"": ""2023-06-21""}]",True,True,True,True,True
859,Customer_859,52.0,17993.0,29623,27,549,0,"[{""amount"": 137, ""date"": ""2023-12-28""}, {""amount"": 297, ""date"": ""2023-06-26""}, {""amount"": 900, ""date"": ""2023-12-04""}, {""amount"": 200, ""date"": ""2023-12-12""}, {""amount"": 219, ""date"": ""2023-05-19""}, {""amount"": 919, ""date"": ""2023-12-03""}, {""amount"": 178, ""date"": ""2023-10-30""}, {""amount"": 262, ""date"": ""2023-07-12""}, {""amount"": 460, ""date"": ""2023-01-29""}, {""amount"": 194, ""date"": ""2023-10-12""}, {""amount"": 725, ""date"": ""2023-03-05""}, {""amount"": 464, ""date"": ""2023-03-15""}, {""amount"": 511, ""date"": ""2023-06-03""}, {""amount"": 192, ""date"": ""2023-05-05""}, {""amount"": 481, ""date"": ""2023-08-11""}, {""amount"": 434, ""date"": ""2023-03-16""}, {""amount"": 917, ""date"": ""2023-09-14""}]",True,True,True,True,True
860,Customer_860,68.0,12698.0,18867,8,801,0,"[{""amount"": 635, ""date"": ""2023-12-19""}, {""amount"": 598, ""date"": ""2023-12-22""}, {""amount"": 199, ""date"": ""2023-09-04""}, {""amount"": 325, ""date"": ""2023-12-09""}, {""amount"": 998, ""date"": ""2023-07-01""}, {""amount"": 955, ""date"": ""2023-01-14""}, {""amount"": 928, ""date"": ""2023-01-04""}, {""amount"": 779, ""date"": ""2023-02-16""}, {""amount"": 713, ""date"": ""2023-05-31""}, {""amount"": 300, ""date"": ""2023-02-04""}, {""amount"": 803, ""date"": ""2023-06-29""}, {""amount"": 378, ""date"": ""2023-02-05""}, {""amount"": 296, ""date"": ""2023-11-21""}, {""amount"": 893, ""date"": ""2023-04-19""}, {""amount"": 581, ""date"": ""2023-01-10""}, {""amount"": 257, ""date"": ""2023-12-23""}]",True,True,True,True,True
861,Customer_861,68.0,3263.0,49733,26,670,0,"[{""amount"": 282, ""date"": ""2023-01-28""}, {""amount"": 613, ""date"": ""2023-07-20""}, {""amount"": 930, ""date"": ""2023-04-15""}, {""amount"": 796, ""date"": ""2023-12-05""}, {""amount"": 723, ""date"": ""2023-02-03""}, {""amount"": 117, ""date"": ""2023-09-04""}, {""amount"": 857, ""date"": ""2023-10-22""}, {""amount"": 336, ""date"": ""2023-11-13""}]",True,True,False,True,False
862,Customer_862,56.0,6124.0,23179,51,746,0,"[{""amount"": 281, ""date"": ""2023-03-20""}, {""amount"": 897, ""date"": ""2023-11-16""}, {""amount"": 865, ""date"": ""2023-03-11""}, {""amount"": 212, ""date"": ""2023-02-24""}, {""amount"": 616, ""date"": ""2023-01-27""}, {""amount"": 769, ""date"": ""2023-06-13""}, {""amount"": 958, ""date"": ""2023-07-16""}, {""amount"": 458, ""date"": ""2023-10-14""}, {""amount"": 607, ""date"": ""2023-09-11""}]",True,True,True,True,True
863,Customer_863,38.0,6562.0,23507,30,354,0,"[{""amount"": 697, ""date"": ""2023-07-26""}, {""amount"": 276, ""date"": ""2023-01-15""}, {""amount"": 456, ""date"": ""2023-09-23""}, {""amount"": 319, ""date"": ""2023-05-29""}, {""amount"": 371, ""date"": ""2023-11-19""}, {""amount"": 247, ""date"": ""2023-10-06""}, {""amount"": 218, ""date"": ""2023-04-28""}]",True,True,True,True,True
864,Customer_864,61.0,16420.0,14266,49,664,0,"[{""amount"": 936, ""date"": ""2023-02-07""}, {""amount"": 669, ""date"": ""2023-09-04""}, {""amount"": 634, ""date"": ""2023-02-27""}, {""amount"": 783, ""date"": ""2023-03-02""}, {""amount"": 647, ""date"": ""2023-07-31""}, {""amount"": 733, ""date"": ""2023-03-29""}, {""amount"": 127, ""date"": ""2023-06-21""}, {""amount"": 781, ""date"": ""2023-04-23""}, {""amount"": 995, ""date"": ""2023-03-03""}, {""amount"": 410, ""date"": ""2023-05-04""}, {""amount"": 376, ""date"": ""2023-09-16""}, {""amount"": 978, ""date"": ""2023-09-07""}, {""amount"": 379, ""date"": ""2023-06-12""}, {""amount"": 542, ""date"": ""2023-08-01""}, {""amount"": 612, ""date"": ""2023-05-20""}]",True,True,True,True,True
865,Customer_865,18.0,19685.0,20498,26,643,1,"[{""amount"": 293, ""date"": ""2023-03-25""}, {""amount"": 619, ""date"": ""2023-02-27""}, {""amount"": 927, ""date"": ""2023-05-29""}, {""amount"": 543, ""date"": ""2023-02-18""}, {""amount"": 943, ""date"": ""2023-07-20""}]",True,True,True,True,True
866,Customer_866,54.0,5703.0,26199,51,309,0,"[{""amount"": 904, ""date"": ""2023-11-10""}, {""amount"": 584, ""date"": ""2023-06-21""}, {""amount"": 685, ""date"": ""2023-11-06""}, {""amount"": 297, ""date"": ""2023-10-05""}, {""amount"": 250, ""date"": ""2023-04-15""}]",True,True,True,True,True
867,Customer_867,63.0,4970.0,34659,21,782,0,"[{""amount"": 588, ""date"": ""2023-03-11""}, {""amount"": 963, ""date"": ""2023-04-25""}, {""amount"": 938, ""date"": ""2023-11-26""}, {""amount"": 224, ""date"": ""2023-08-05""}, {""amount"": 367, ""date"": ""2023-03-24""}, {""amount"": 210, ""date"": ""2023-09-19""}, {""amount"": 773, ""date"": ""2023-05-07""}, {""amount"": 600, ""date"": ""2023-06-19""}, {""amount"": 778, ""date"": ""2023-01-23""}, {""amount"": 452, ""date"": ""2023-12-29""}, {""amount"": 393, ""date"": ""2023-03-26""}, {""amount"": 163, ""date"": ""2023-09-20""}]",True,True,False,True,False
868,Customer_868,59.0,10153.0,40942,39,780,0,"[{""amount"": 513, ""date"": ""2023-04-18""}, {""amount"": 259, ""date"": ""2023-06-14""}, {""amount"": 159, ""date"": ""2023-02-05""}, {""amount"": 402, ""date"": ""2023-02-23""}, {""amount"": 865, ""date"": ""2023-05-09""}]",True,True,True,True,True
869,Customer_869,20.0,8949.0,9670,30,775,0,"[{""amount"": 947, ""date"": ""2023-05-02""}, {""amount"": 765, ""date"": ""2023-12-30""}, {""amount"": 934, ""date"": ""2023-11-21""}, {""amount"": 398, ""date"": ""2023-01-22""}, {""amount"": 499, ""date"": ""2023-09-24""}, {""amount"": 536, ""date"": ""2023-12-06""}]",True,True,True,True,True
870,Customer_870,51.0,16343.0,45419,30,621,0,"[{""amount"": 255, ""date"": ""2023-12-06""}, {""amount"": 211, ""date"": ""2023-02-19""}, {""amount"": 193, ""date"": ""2023-02-10""}, {""amount"": 380, ""date"": ""2023-03-13""}, {""amount"": 266, ""date"": ""2023-06-03""}, {""amount"": 336, ""date"": ""2023-06-12""}, {""amount"": 491, ""date"": ""2023-10-02""}, {""amount"": 826, ""date"": ""2023-11-16""}, {""amount"": 623, ""date"": ""2023-08-24""}, {""amount"": 439, ""date"": ""2023-12-01""}, {""amount"": 771, ""date"": ""2023-02-10""}]",True,True,True,True,True
871,Customer_871,30.0,3400.0,22781,46,589,0,"[{""amount"": 477, ""date"": ""2023-08-22""}, {""amount"": 151, ""date"": ""2023-06-27""}, {""amount"": 927, ""date"": ""2023-08-30""}, {""amount"": 661, ""date"": ""2023-04-19""}, {""amount"": 329, ""date"": ""2023-07-02""}, {""amount"": 989, ""date"": ""2023-03-09""}, {""amount"": 541, ""date"": ""2023-05-12""}, {""amount"": 603, ""date"": ""2023-09-15""}, {""amount"": 699, ""date"": ""2023-03-02""}, {""amount"": 771, ""date"": ""2023-02-25""}, {""amount"": 519, ""date"": ""2023-09-19""}]",True,True,False,True,False
872,Customer_872,33.0,17696.0,23851,33,653,0,"[{""amount"": 613, ""date"": ""2023-04-16""}, {""amount"": 583, ""date"": ""2023-06-18""}, {""amount"": 901, ""date"": ""2023-02-20""}, {""amount"": 819, ""date"": ""2023-01-18""}, {""amount"": 126, ""date"": ""2023-11-28""}, {""amount"": 764, ""date"": ""2023-04-24""}, {""amount"": 216, ""date"": ""2023-11-03""}, {""amount"": 928, ""date"": ""2023-09-22""}, {""amount"": 533, ""date"": ""2023-06-06""}, {""amount"": 401, ""date"": ""2023-12-25""}, {""amount"": 266, ""date"": ""2023-09-30""}]",True,True,True,True,True
873,Customer_873,51.0,9627.0,17629,9,431,0,"[{""amount"": 982, ""date"": ""2023-10-27""}, {""amount"": 830, ""date"": ""2023-02-07""}, {""amount"": 790, ""date"": ""2023-01-06""}, {""amount"": 743, ""date"": ""2023-04-23""}, {""amount"": 137, ""date"": ""2023-08-04""}, {""amount"": 866, ""date"": ""2023-06-29""}, {""amount"": 739, ""date"": ""2023-09-22""}, {""amount"": 973, ""date"": ""2023-07-07""}, {""amount"": 965, ""date"": ""2023-03-03""}, {""amount"": 733, ""date"": ""2023-02-28""}, {""amount"": 879, ""date"": ""2023-04-23""}, {""amount"": 218, ""date"": ""2023-02-23""}, {""amount"": 947, ""date"": ""2023-08-11""}, {""amount"": 769, ""date"": ""2023-07-30""}, {""amount"": 332, ""date"": ""2023-04-16""}, {""amount"": 573, ""date"": ""2023-02-02""}]",True,True,True,True,True
874,Customer_874,41.0,16722.0,38692,25,657,0,"[{""amount"": 324, ""date"": ""2023-02-20""}, {""amount"": 865, ""date"": ""2023-01-25""}, {""amount"": 355, ""date"": ""2023-04-25""}, {""amount"": 544, ""date"": ""2023-11-09""}, {""amount"": 564, ""date"": ""2023-08-15""}, {""amount"": 317, ""date"": ""2023-08-06""}, {""amount"": 940, ""date"": ""2023-10-10""}, {""amount"": 171, ""date"": ""2023-04-11""}, {""amount"": 983, ""date"": ""2023-08-06""}, {""amount"": 391, ""date"": ""2023-04-28""}, {""amount"": 630, ""date"": ""2023-12-13""}, {""amount"": 779, ""date"": ""2023-09-01""}, {""amount"": 790, ""date"": ""2023-09-16""}]",True,True,True,True,True
875,Customer_875,30.0,9478.0,26435,18,422,0,"[{""amount"": 689, ""date"": ""2023-06-22""}, {""amount"": 781, ""date"": ""2023-02-17""}, {""amount"": 296, ""date"": ""2023-12-06""}, {""amount"": 285, ""date"": ""2023-02-12""}, {""amount"": 645, ""date"": ""2023-04-18""}, {""amount"": 670, ""date"": ""2023-01-18""}, {""amount"": 337, ""date"": ""2023-04-14""}, {""amount"": 293, ""date"": ""2023-11-21""}]",True,True,True,True,True
876,Customer_876,23.0,11733.0,11369,56,815,0,"[{""amount"": 434, ""date"": ""2023-03-09""}, {""amount"": 496, ""date"": ""2023-11-03""}, {""amount"": 105, ""date"": ""2023-05-02""}, {""amount"": 579, ""date"": ""2023-02-08""}, {""amount"": 248, ""date"": ""2023-06-21""}, {""amount"": 386, ""date"": ""2023-09-01""}, {""amount"": 950, ""date"": ""2023-08-30""}, {""amount"": 425, ""date"": ""2023-01-16""}, {""amount"": 145, ""date"": ""2023-12-07""}, {""amount"": 842, ""date"": ""2023-10-10""}, {""amount"": 607, ""date"": ""2023-11-03""}, {""amount"": 161, ""date"": ""2023-02-19""}, {""amount"": 579, ""date"": ""2023-03-05""}, {""amount"": 936, ""date"": ""2023-09-02""}, {""amount"": 758, ""date"": ""2023-03-26""}, {""amount"": 212, ""date"": ""2023-04-05""}, {""amount"": 304, ""date"": ""2023-08-08""}, {""amount"": 697, ""date"": ""2023-03-02""}, {""amount"": 406, ""date"": ""2023-07-28""}]",True,True,True,True,True
877,Customer_877,56.0,10061.0,26593,50,633,0,"[{""amount"": 278, ""date"": ""2023-07-11""}, {""amount"": 429, ""date"": ""2023-11-28""}, {""amount"": 970, ""date"": ""2023-02-13""}, {""amount"": 474, ""date"": ""2023-03-29""}, {""amount"": 870, ""date"": ""2023-05-07""}, {""amount"": 301, ""date"": ""2023-08-06""}, {""amount"": 972, ""date"": ""2023-12-27""}]",True,True,True,True,True
878,Customer_878,19.0,9758.0,5458,16,718,0,"[{""amount"": 321, ""date"": ""2023-02-15""}, {""amount"": 189, ""date"": ""2023-10-26""}, {""amount"": 541, ""date"": ""2023-02-27""}, {""amount"": 778, ""date"": ""2023-09-09""}, {""amount"": 584, ""date"": ""2023-03-12""}, {""amount"": 629, ""date"": ""2023-10-29""}, {""amount"": 478, ""date"": ""2023-11-28""}, {""amount"": 470, ""date"": ""2023-11-27""}, {""amount"": 982, ""date"": ""2023-05-20""}, {""amount"": 243, ""date"": ""2023-07-29""}, {""amount"": 784, ""date"": ""2023-12-10""}, {""amount"": 546, ""date"": ""2023-10-17""}, {""amount"": 556, ""date"": ""2023-10-04""}, {""amount"": 723, ""date"": ""2023-10-28""}, {""amount"": 225, ""date"": ""2023-03-02""}, {""amount"": 177, ""date"": ""2023-03-28""}, {""amount"": 222, ""date"": ""2023-07-01""}, {""amount"": 131, ""date"": ""2023-12-25""}]",True,True,True,True,True
879,Customer_879,28.0,16213.0,22921,15,781,1,"[{""amount"": 370, ""date"": ""2023-11-14""}, {""amount"": 555, ""date"": ""2023-05-27""}, {""amount"": 193, ""date"": ""2023-01-10""}, {""amount"": 486, ""date"": ""2023-08-03""}, {""amount"": 886, ""date"": ""2023-07-20""}, {""amount"": 888, ""date"": ""2023-09-09""}, {""amount"": 794, ""date"": ""2023-09-24""}, {""amount"": 778, ""date"": ""2023-04-05""}, {""amount"": 776, ""date"": ""2023-07-06""}, {""amount"": 212, ""date"": ""2023-10-07""}, {""amount"": 673, ""date"": ""2023-06-08""}, {""amount"": 534, ""date"": ""2023-07-13""}, {""amount"": 127, ""date"": ""2023-02-16""}]",True,True,True,True,True
880,Customer_880,24.0,15393.0,34178,34,330,0,"[{""amount"": 279, ""date"": ""2023-10-21""}, {""amount"": 764, ""date"": ""2023-03-15""}, {""amount"": 679, ""date"": ""2023-07-21""}, {""amount"": 626, ""date"": ""2023-08-28""}, {""amount"": 169, ""date"": ""2023-02-05""}, {""amount"": 190, ""date"": ""2023-06-22""}, {""amount"": 689, ""date"": ""2023-08-01""}, {""amount"": 574, ""date"": ""2023-10-16""}, {""amount"": 789, ""date"": ""2023-04-28""}]",True,True,True,True,True
881,Customer_881,24.0,11449.0,12573,59,453,0,"[{""amount"": 526, ""date"": ""2023-04-22""}, {""amount"": 198, ""date"": ""2023-08-01""}, {""amount"": 323, ""date"": ""2023-09-17""}, {""amount"": 885, ""date"": ""2023-06-02""}, {""amount"": 477, ""date"": ""2023-08-16""}, {""amount"": 554, ""date"": ""2023-04-11""}, {""amount"": 408, ""date"": ""2023-04-20""}, {""amount"": 998, ""date"": ""2023-10-01""}, {""amount"": 241, ""date"": ""2023-10-01""}, {""amount"": 604, ""date"": ""2023-04-11""}, {""amount"": 919, ""date"": ""2023-11-08""}, {""amount"": 617, ""date"": ""2023-08-23""}]",True,True,True,True,True
882,Customer_882,56.0,2110.0,24064,52,552,1,"[{""amount"": 755, ""date"": ""2023-03-12""}, {""amount"": 554, ""date"": ""2023-05-03""}, {""amount"": 999, ""date"": ""2023-08-27""}, {""amount"": 529, ""date"": ""2023-01-31""}, {""amount"": 389, ""date"": ""2023-11-10""}, {""amount"": 675, ""date"": ""2023-11-16""}, {""amount"": 955, ""date"": ""2023-02-24""}, {""amount"": 866, ""date"": ""2023-12-02""}, {""amount"": 383, ""date"": ""2023-08-30""}]",True,True,False,True,False
883,Customer_883,56.0,4668.0,34709,37,613,0,"[{""amount"": 385, ""date"": ""2023-10-14""}, {""amount"": 755, ""date"": ""2023-09-10""}, {""amount"": 187, ""date"": ""2023-06-09""}, {""amount"": 777, ""date"": ""2023-12-19""}, {""amount"": 867, ""date"": ""2023-07-30""}, {""amount"": 712, ""date"": ""2023-02-23""}, {""amount"": 889, ""date"": ""2023-08-08""}, {""amount"": 562, ""date"": ""2023-09-15""}, {""amount"": 327, ""date"": ""2023-03-21""}, {""amount"": 157, ""date"": ""2023-12-18""}]",True,True,False,True,False
884,Customer_884,29.0,3054.0,33339,29,808,0,"[{""amount"": 903, ""date"": ""2023-12-16""}, {""amount"": 743, ""date"": ""2023-02-24""}, {""amount"": 260, ""date"": ""2023-09-05""}, {""amount"": 460, ""date"": ""2023-03-31""}, {""amount"": 419, ""date"": ""2023-08-31""}, {""amount"": 377, ""date"": ""2023-04-26""}, {""amount"": 408, ""date"": ""2023-05-11""}, {""amount"": 850, ""date"": ""2023-02-01""}, {""amount"": 846, ""date"": ""2023-06-07""}, {""amount"": 545, ""date"": ""2023-09-08""}, {""amount"": 777, ""date"": ""2023-01-01""}]",True,True,False,True,False
885,Customer_885,68.0,11987.0,32970,19,618,0,"[{""amount"": 770, ""date"": ""2023-12-21""}, {""amount"": 795, ""date"": ""2023-07-29""}, {""amount"": 480, ""date"": ""2023-10-05""}, {""amount"": 765, ""date"": ""2023-10-06""}, {""amount"": 365, ""date"": ""2023-08-26""}, {""amount"": 890, ""date"": ""2023-05-02""}, {""amount"": 738, ""date"": ""2023-10-20""}, {""amount"": 572, ""date"": ""2023-11-11""}, {""amount"": 996, ""date"": ""2023-12-12""}, {""amount"": 812, ""date"": ""2023-07-02""}, {""amount"": 627, ""date"": ""2023-12-19""}, {""amount"": 596, ""date"": ""2023-07-23""}]",True,True,True,True,True
886,Customer_886,39.0,2128.0,43100,11,396,0,"[{""amount"": 864, ""date"": ""2023-08-20""}, {""amount"": 782, ""date"": ""2023-06-24""}, {""amount"": 465, ""date"": ""2023-03-22""}, {""amount"": 822, ""date"": ""2023-03-03""}, {""amount"": 640, ""date"": ""2023-07-12""}, {""amount"": 836, ""date"": ""2023-07-14""}, {""amount"": 148, ""date"": ""2023-03-05""}, {""amount"": 585, ""date"": ""2023-06-25""}, {""amount"": 308, ""date"": ""2023-04-01""}, {""amount"": 746, ""date"": ""2023-06-29""}, {""amount"": 687, ""date"": ""2023-05-10""}, {""amount"": 855, ""date"": ""2023-01-26""}, {""amount"": 592, ""date"": ""2023-07-09""}, {""amount"": 673, ""date"": ""2023-12-07""}, {""amount"": 458, ""date"": ""2023-03-18""}, {""amount"": 681, ""date"": ""2023-08-19""}, {""amount"": 438, ""date"": ""2023-06-18""}, {""amount"": 945, ""date"": ""2023-06-24""}, {""amount"": 776, ""date"": ""2023-06-05""}]",True,True,False,True,False
887,Customer_887,68.0,12540.0,23055,51,503,0,"[{""amount"": 549, ""date"": ""2023-10-23""}, {""amount"": 346, ""date"": ""2023-01-31""}, {""amount"": 319, ""date"": ""2023-02-08""}, {""amount"": 596, ""date"": ""2023-09-04""}, {""amount"": 854, ""date"": ""2023-03-16""}, {""amount"": 405, ""date"": ""2023-09-17""}, {""amount"": 569, ""date"": ""2023-01-03""}, {""amount"": 232, ""date"": ""2023-06-19""}]",True,True,True,True,True
888,Customer_888,68.0,19644.0,16048,46,484,0,"[{""amount"": 385, ""date"": ""2023-07-09""}, {""amount"": 577, ""date"": ""2023-01-29""}, {""amount"": 432, ""date"": ""2023-01-20""}, {""amount"": 749, ""date"": ""2023-02-22""}, {""amount"": 570, ""date"": ""2023-10-22""}, {""amount"": 904, ""date"": ""2023-01-28""}, {""amount"": 914, ""date"": ""2023-08-06""}, {""amount"": 691, ""date"": ""2023-03-15""}, {""amount"": 715, ""date"": ""2023-10-16""}]",True,True,True,True,True
889,Customer_889,69.0,5072.0,13504,13,728,0,"[{""amount"": 614, ""date"": ""2023-06-13""}, {""amount"": 238, ""date"": ""2023-05-07""}, {""amount"": 556, ""date"": ""2023-07-30""}, {""amount"": 393, ""date"": ""2023-04-12""}, {""amount"": 731, ""date"": ""2023-05-02""}, {""amount"": 432, ""date"": ""2023-12-26""}, {""amount"": 350, ""date"": ""2023-08-14""}, {""amount"": 485, ""date"": ""2023-09-14""}, {""amount"": 362, ""date"": ""2023-10-26""}]",True,True,True,True,True
890,Customer_890,20.0,15218.0,29917,47,396,0,"[{""amount"": 769, ""date"": ""2023-02-25""}, {""amount"": 201, ""date"": ""2023-07-18""}, {""amount"": 986, ""date"": ""2023-05-22""}, {""amount"": 889, ""date"": ""2023-04-15""}, {""amount"": 170, ""date"": ""2023-05-18""}, {""amount"": 589, ""date"": ""2023-12-08""}, {""amount"": 736, ""date"": ""2023-12-13""}, {""amount"": 383, ""date"": ""2023-05-25""}, {""amount"": 521, ""date"": ""2023-11-20""}, {""amount"": 608, ""date"": ""2023-11-25""}, {""amount"": 199, ""date"": ""2023-03-23""}, {""amount"": 480, ""date"": ""2023-11-11""}, {""amount"": 217, ""date"": ""2023-03-12""}]",True,True,True,True,True
891,Customer_891,30.0,3010.0,43318,52,392,0,"[{""amount"": 729, ""date"": ""2023-12-11""}, {""amount"": 860, ""date"": ""2023-06-24""}, {""amount"": 918, ""date"": ""2023-05-05""}, {""amount"": 193, ""date"": ""2023-01-29""}, {""amount"": 300, ""date"": ""2023-08-28""}, {""amount"": 377, ""date"": ""2023-10-24""}, {""amount"": 517, ""date"": ""2023-04-13""}, {""amount"": 160, ""date"": ""2023-05-12""}, {""amount"": 947, ""date"": ""2023-09-11""}, {""amount"": 264, ""date"": ""2023-08-06""}, {""amount"": 811, ""date"": ""2023-03-24""}, {""amount"": 761, ""date"": ""2023-07-11""}, {""amount"": 226, ""date"": ""2023-01-04""}]",True,True,False,True,False
892,Customer_892,47.0,11444.0,26715,22,655,0,"[{""amount"": 443, ""date"": ""2023-04-11""}, {""amount"": 531, ""date"": ""2023-12-19""}, {""amount"": 286, ""date"": ""2023-08-12""}, {""amount"": 593, ""date"": ""2023-07-28""}, {""amount"": 456, ""date"": ""2023-01-07""}, {""amount"": 277, ""date"": ""2023-08-02""}, {""amount"": 212, ""date"": ""2023-05-12""}]",True,True,True,True,True
893,Customer_893,27.0,3211.0,14690,56,585,1,"[{""amount"": 565, ""date"": ""2023-01-22""}, {""amount"": 465, ""date"": ""2023-05-15""}, {""amount"": 909, ""date"": ""2023-12-15""}, {""amount"": 612, ""date"": ""2023-05-14""}, {""amount"": 662, ""date"": ""2023-01-30""}]",True,True,True,True,True
894,Customer_894,69.0,15333.0,47679,45,489,1,"[{""amount"": 167, ""date"": ""2023-02-26""}, {""amount"": 247, ""date"": ""2023-01-19""}, {""amount"": 303, ""date"": ""2023-02-20""}, {""amount"": 143, ""date"": ""2023-03-04""}, {""amount"": 740, ""date"": ""2023-05-19""}, {""amount"": 787, ""date"": ""2023-10-27""}]",True,True,True,True,True
895,Customer_895,26.0,14351.0,8462,41,791,0,"[{""amount"": 321, ""date"": ""2023-05-14""}, {""amount"": 779, ""date"": ""2023-08-09""}, {""amount"": 225, ""date"": ""2023-05-17""}, {""amount"": 908, ""date"": ""2023-01-16""}, {""amount"": 357, ""date"": ""2023-06-25""}, {""amount"": 467, ""date"": ""2023-07-03""}, {""amount"": 817, ""date"": ""2023-10-27""}, {""amount"": 770, ""date"": ""2023-02-13""}, {""amount"": 600, ""date"": ""2023-10-13""}, {""amount"": 746, ""date"": ""2023-01-20""}, {""amount"": 890, ""date"": ""2023-10-06""}, {""amount"": 780, ""date"": ""2023-12-09""}, {""amount"": 303, ""date"": ""2023-11-21""}, {""amount"": 370, ""date"": ""2023-02-06""}, {""amount"": 429, ""date"": ""2023-01-14""}, {""amount"": 750, ""date"": ""2023-12-10""}, {""amount"": 910, ""date"": ""2023-05-05""}]",True,True,True,True,True
896,Customer_896,23.0,17864.0,44932,48,341,0,"[{""amount"": 188, ""date"": ""2023-08-06""}, {""amount"": 228, ""date"": ""2023-04-12""}, {""amount"": 187, ""date"": ""2023-05-07""}, {""amount"": 938, ""date"": ""2023-12-14""}, {""amount"": 346, ""date"": ""2023-03-14""}, {""amount"": 299, ""date"": ""2023-02-15""}, {""amount"": 338, ""date"": ""2023-12-08""}, {""amount"": 238, ""date"": ""2023-01-06""}]",True,True,True,True,True
897,Customer_897,70.0,16993.0,25719,34,457,0,"[{""amount"": 249, ""date"": ""2023-01-01""}, {""amount"": 480, ""date"": ""2023-02-25""}, {""amount"": 802, ""date"": ""2023-02-27""}, {""amount"": 142, ""date"": ""2023-03-15""}, {""amount"": 543, ""date"": ""2023-12-22""}, {""amount"": 440, ""date"": ""2023-01-02""}, {""amount"": 708, ""date"": ""2023-02-22""}, {""amount"": 456, ""date"": ""2023-05-05""}, {""amount"": 693, ""date"": ""2023-12-29""}, {""amount"": 143, ""date"": ""2023-06-20""}, {""amount"": 880, ""date"": ""2023-10-23""}, {""amount"": 326, ""date"": ""2023-04-06""}, {""amount"": 355, ""date"": ""2023-12-08""}]",True,True,True,True,True
898,Customer_898,61.0,11935.0,38454,59,653,0,"[{""amount"": 932, ""date"": ""2023-10-15""}, {""amount"": 187, ""date"": ""2023-12-16""}, {""amount"": 451, ""date"": ""2023-03-08""}, {""amount"": 777, ""date"": ""2023-10-30""}, {""amount"": 116, ""date"": ""2023-11-16""}, {""amount"": 382, ""date"": ""2023-03-26""}, {""amount"": 804, ""date"": ""2023-01-03""}, {""amount"": 905, ""date"": ""2023-12-01""}, {""amount"": 702, ""date"": ""2023-05-26""}, {""amount"": 872, ""date"": ""2023-05-02""}, {""amount"": 780, ""date"": ""2023-09-12""}, {""amount"": 384, ""date"": ""2023-05-09""}, {""amount"": 791, ""date"": ""2023-11-22""}, {""amount"": 535, ""date"": ""2023-09-12""}]",True,True,True,True,True
899,Customer_899,19.0,13137.0,22128,23,553,0,"[{""amount"": 387, ""date"": ""2023-06-26""}, {""amount"": 995, ""date"": ""2023-02-28""}, {""amount"": 150, ""date"": ""2023-01-24""}, {""amount"": 874, ""date"": ""2023-10-31""}, {""amount"": 368, ""date"": ""2023-02-25""}, {""amount"": 653, ""date"": ""2023-08-23""}, {""amount"": 792, ""date"": ""2023-02-12""}, {""amount"": 767, ""date"": ""2023-02-14""}, {""amount"": 591, ""date"": ""2023-08-03""}, {""amount"": 613, ""date"": ""2023-04-06""}, {""amount"": 940, ""date"": ""2023-05-29""}, {""amount"": 930, ""date"": ""2023-01-01""}, {""amount"": 463, ""date"": ""2023-07-03""}, {""amount"": 629, ""date"": ""2023-10-03""}, {""amount"": 809, ""date"": ""2023-04-09""}, {""amount"": 384, ""date"": ""2023-10-13""}, {""amount"": 587, ""date"": ""2023-03-19""}]",True,True,True,True,True
900,Customer_900,61.0,16479.0,21809,43,335,0,"[{""amount"": 732, ""date"": ""2023-12-18""}, {""amount"": 851, ""date"": ""2023-07-03""}, {""amount"": 254, ""date"": ""2023-10-24""}, {""amount"": 766, ""date"": ""2023-12-08""}, {""amount"": 164, ""date"": ""2023-03-22""}, {""amount"": 253, ""date"": ""2023-01-31""}, {""amount"": 318, ""date"": ""2023-07-15""}, {""amount"": 489, ""date"": ""2023-12-21""}, {""amount"": 658, ""date"": ""2023-03-16""}, {""amount"": 466, ""date"": ""2023-06-12""}, {""amount"": 980, ""date"": ""2023-04-16""}, {""amount"": 470, ""date"": ""2023-05-07""}, {""amount"": 416, ""date"": ""2023-12-05""}, {""amount"": 288, ""date"": ""2023-11-15""}, {""amount"": 368, ""date"": ""2023-08-22""}, {""amount"": 263, ""date"": ""2023-07-05""}, {""amount"": 108, ""date"": ""2023-04-25""}, {""amount"": 513, ""date"": ""2023-07-02""}]",True,True,True,True,True
901,Customer_901,33.0,8870.0,8135,7,508,0,"[{""amount"": 782, ""date"": ""2023-08-10""}, {""amount"": 751, ""date"": ""2023-02-25""}, {""amount"": 282, ""date"": ""2023-05-23""}, {""amount"": 838, ""date"": ""2023-12-26""}, {""amount"": 740, ""date"": ""2023-04-15""}, {""amount"": 944, ""date"": ""2023-05-29""}, {""amount"": 412, ""date"": ""2023-01-30""}, {""amount"": 690, ""date"": ""2023-08-25""}, {""amount"": 250, ""date"": ""2023-03-26""}]",True,True,True,True,True
902,Customer_902,30.0,19644.0,42945,23,384,0,"[{""amount"": 531, ""date"": ""2023-03-04""}, {""amount"": 391, ""date"": ""2023-10-10""}, {""amount"": 601, ""date"": ""2023-02-23""}, {""amount"": 909, ""date"": ""2023-11-28""}, {""amount"": 368, ""date"": ""2023-04-14""}, {""amount"": 817, ""date"": ""2023-04-22""}]",True,True,True,True,True
903,Customer_903,65.0,12165.0,12780,36,333,0,"[{""amount"": 999, ""date"": ""2023-11-24""}, {""amount"": 334, ""date"": ""2023-11-28""}, {""amount"": 593, ""date"": ""2023-06-21""}, {""amount"": 300, ""date"": ""2023-01-27""}, {""amount"": 292, ""date"": ""2023-05-16""}, {""amount"": 346, ""date"": ""2023-05-13""}, {""amount"": 200, ""date"": ""2023-02-17""}, {""amount"": 578, ""date"": ""2023-07-01""}, {""amount"": 114, ""date"": ""2023-07-12""}]",True,True,True,True,True
904,Customer_904,30.0,17766.0,44463,40,651,0,"[{""amount"": 569, ""date"": ""2023-09-12""}, {""amount"": 383, ""date"": ""2023-07-01""}, {""amount"": 482, ""date"": ""2023-08-16""}, {""amount"": 446, ""date"": ""2023-10-06""}, {""amount"": 444, ""date"": ""2023-10-09""}, {""amount"": 511, ""date"": ""2023-07-28""}]",True,True,True,True,True
905,Customer_905,39.0,15773.0,42569,58,537,0,"[{""amount"": 437, ""date"": ""2023-12-22""}, {""amount"": 580, ""date"": ""2023-04-30""}, {""amount"": 759, ""date"": ""2023-06-07""}, {""amount"": 502, ""date"": ""2023-05-31""}, {""amount"": 596, ""date"": ""2023-03-11""}, {""amount"": 247, ""date"": ""2023-08-10""}, {""amount"": 784, ""date"": ""2023-06-16""}, {""amount"": 207, ""date"": ""2023-02-24""}, {""amount"": 555, ""date"": ""2023-01-30""}, {""amount"": 490, ""date"": ""2023-08-17""}]",True,True,True,True,True
906,Customer_906,36.0,4674.0,47419,9,400,0,"[{""amount"": 731, ""date"": ""2023-07-22""}, {""amount"": 953, ""date"": ""2023-10-05""}, {""amount"": 610, ""date"": ""2023-02-04""}, {""amount"": 256, ""date"": ""2023-09-15""}, {""amount"": 788, ""date"": ""2023-11-10""}, {""amount"": 817, ""date"": ""2023-06-17""}, {""amount"": 161, ""date"": ""2023-01-05""}, {""amount"": 422, ""date"": ""2023-03-15""}, {""amount"": 656, ""date"": ""2023-06-21""}, {""amount"": 694, ""date"": ""2023-08-21""}, {""amount"": 581, ""date"": ""2023-08-17""}, {""amount"": 222, ""date"": ""2023-06-22""}, {""amount"": 840, ""date"": ""2023-12-24""}, {""amount"": 714, ""date"": ""2023-09-29""}, {""amount"": 803, ""date"": ""2023-06-27""}, {""amount"": 624, ""date"": ""2023-06-18""}, {""amount"": 116, ""date"": ""2023-12-04""}, {""amount"": 830, ""date"": ""2023-12-24""}, {""amount"": 274, ""date"": ""2023-04-30""}]",True,True,False,True,False
907,Customer_907,43.0,3929.0,27213,39,644,0,"[{""amount"": 719, ""date"": ""2023-04-18""}, {""amount"": 531, ""date"": ""2023-10-05""}, {""amount"": 724, ""date"": ""2023-06-12""}, {""amount"": 941, ""date"": ""2023-09-11""}, {""amount"": 208, ""date"": ""2023-02-10""}, {""amount"": 897, ""date"": ""2023-12-15""}, {""amount"": 747, ""date"": ""2023-08-04""}, {""amount"": 806, ""date"": ""2023-01-26""}, {""amount"": 697, ""date"": ""2023-10-24""}, {""amount"": 618, ""date"": ""2023-05-25""}, {""amount"": 239, ""date"": ""2023-06-23""}, {""amount"": 764, ""date"": ""2023-10-06""}, {""amount"": 167, ""date"": ""2023-04-05""}, {""amount"": 204, ""date"": ""2023-09-21""}, {""amount"": 870, ""date"": ""2023-10-13""}, {""amount"": 917, ""date"": ""2023-05-01""}, {""amount"": 870, ""date"": ""2023-09-20""}]",True,True,False,True,False
908,Customer_908,31.0,14214.0,14146,49,837,0,"[{""amount"": 664, ""date"": ""2023-04-01""}, {""amount"": 869, ""date"": ""2023-04-06""}, {""amount"": 844, ""date"": ""2023-10-27""}, {""amount"": 718, ""date"": ""2023-11-14""}, {""amount"": 467, ""date"": ""2023-11-30""}, {""amount"": 530, ""date"": ""2023-07-20""}, {""amount"": 937, ""date"": ""2023-11-28""}, {""amount"": 387, ""date"": ""2023-02-04""}, {""amount"": 676, ""date"": ""2023-09-26""}, {""amount"": 528, ""date"": ""2023-12-07""}, {""amount"": 472, ""date"": ""2023-05-23""}, {""amount"": 710, ""date"": ""2023-01-30""}, {""amount"": 961, ""date"": ""2023-11-07""}, {""amount"": 385, ""date"": ""2023-07-30""}, {""amount"": 639, ""date"": ""2023-07-21""}, {""amount"": 655, ""date"": ""2023-03-30""}, {""amount"": 460, ""date"": ""2023-09-26""}, {""amount"": 261, ""date"": ""2023-03-05""}, {""amount"": 752, ""date"": ""2023-05-15""}]",True,True,True,True,True
909,Customer_909,48.0,2947.0,37603,31,593,0,"[{""amount"": 130, ""date"": ""2023-04-17""}, {""amount"": 681, ""date"": ""2023-12-23""}, {""amount"": 129, ""date"": ""2023-01-27""}, {""amount"": 544, ""date"": ""2023-10-13""}, {""amount"": 118, ""date"": ""2023-03-13""}, {""amount"": 760, ""date"": ""2023-03-30""}, {""amount"": 644, ""date"": ""2023-07-11""}, {""amount"": 834, ""date"": ""2023-01-25""}, {""amount"": 352, ""date"": ""2023-05-12""}, {""amount"": 745, ""date"": ""2023-08-24""}, {""amount"": 425, ""date"": ""2023-12-11""}]",True,True,False,True,False
910,Customer_910,46.0,13761.0,46311,7,524,0,"[{""amount"": 532, ""date"": ""2023-03-31""}, {""amount"": 477, ""date"": ""2023-05-13""}, {""amount"": 245, ""date"": ""2023-02-03""}, {""amount"": 892, ""date"": ""2023-12-23""}, {""amount"": 840, ""date"": ""2023-10-21""}, {""amount"": 643, ""date"": ""2023-08-01""}, {""amount"": 664, ""date"": ""2023-05-27""}, {""amount"": 818, ""date"": ""2023-06-06""}]",True,True,True,True,True
911,Customer_911,62.0,16590.0,24125,40,396,0,"[{""amount"": 574, ""date"": ""2023-05-01""}, {""amount"": 478, ""date"": ""2023-07-27""}, {""amount"": 844, ""date"": ""2023-01-02""}, {""amount"": 817, ""date"": ""2023-01-31""}, {""amount"": 479, ""date"": ""2023-11-05""}, {""amount"": 291, ""date"": ""2023-06-15""}, {""amount"": 778, ""date"": ""2023-01-31""}]",True,True,True,True,True
912,Customer_912,59.0,13638.0,40335,55,305,0,"[{""amount"": 456, ""date"": ""2023-09-24""}, {""amount"": 565, ""date"": ""2023-10-30""}, {""amount"": 476, ""date"": ""2023-09-30""}, {""amount"": 670, ""date"": ""2023-10-30""}, {""amount"": 306, ""date"": ""2023-05-13""}, {""amount"": 117, ""date"": ""2023-01-20""}, {""amount"": 658, ""date"": ""2023-01-20""}, {""amount"": 621, ""date"": ""2023-09-22""}, {""amount"": 590, ""date"": ""2023-01-21""}, {""amount"": 715, ""date"": ""2023-06-24""}, {""amount"": 595, ""date"": ""2023-05-03""}, {""amount"": 234, ""date"": ""2023-04-26""}, {""amount"": 899, ""date"": ""2023-03-31""}, {""amount"": 330, ""date"": ""2023-02-27""}, {""amount"": 813, ""date"": ""2023-01-20""}]",True,True,True,True,True
913,Customer_913,39.0,17688.0,13547,45,577,0,"[{""amount"": 544, ""date"": ""2023-07-27""}, {""amount"": 369, ""date"": ""2023-09-06""}, {""amount"": 404, ""date"": ""2023-07-15""}, {""amount"": 874, ""date"": ""2023-09-25""}, {""amount"": 222, ""date"": ""2023-02-17""}, {""amount"": 627, ""date"": ""2023-03-21""}, {""amount"": 684, ""date"": ""2023-10-21""}, {""amount"": 918, ""date"": ""2023-07-29""}, {""amount"": 256, ""date"": ""2023-05-05""}]",True,True,True,True,True
914,Customer_914,24.0,18876.0,30285,46,468,0,"[{""amount"": 809, ""date"": ""2023-03-08""}, {""amount"": 955, ""date"": ""2023-10-07""}, {""amount"": 370, ""date"": ""2023-03-13""}, {""amount"": 809, ""date"": ""2023-06-29""}, {""amount"": 779, ""date"": ""2023-02-04""}, {""amount"": 547, ""date"": ""2023-05-03""}, {""amount"": 330, ""date"": ""2023-02-27""}, {""amount"": 255, ""date"": ""2023-03-30""}, {""amount"": 265, ""date"": ""2023-10-31""}, {""amount"": 858, ""date"": ""2023-07-10""}, {""amount"": 400, ""date"": ""2023-01-20""}, {""amount"": 213, ""date"": ""2023-08-27""}, {""amount"": 984, ""date"": ""2023-01-05""}, {""amount"": 865, ""date"": ""2023-10-31""}, {""amount"": 728, ""date"": ""2023-10-24""}, {""amount"": 878, ""date"": ""2023-02-04""}, {""amount"": 798, ""date"": ""2023-02-15""}, {""amount"": 624, ""date"": ""2023-03-04""}]",True,True,True,True,True
915,Customer_915,54.0,14005.0,13988,24,441,0,"[{""amount"": 258, ""date"": ""2023-01-15""}, {""amount"": 744, ""date"": ""2023-03-17""}, {""amount"": 476, ""date"": ""2023-12-12""}, {""amount"": 861, ""date"": ""2023-01-30""}, {""amount"": 663, ""date"": ""2023-01-17""}, {""amount"": 361, ""date"": ""2023-07-22""}, {""amount"": 738, ""date"": ""2023-10-13""}]",True,True,True,True,True
916,Customer_916,66.0,14306.0,28798,47,327,0,"[{""amount"": 744, ""date"": ""2023-12-20""}, {""amount"": 850, ""date"": ""2023-09-28""}, {""amount"": 951, ""date"": ""2023-04-01""}, {""amount"": 692, ""date"": ""2023-08-09""}, {""amount"": 468, ""date"": ""2023-08-17""}, {""amount"": 578, ""date"": ""2023-10-16""}, {""amount"": 380, ""date"": ""2023-03-28""}, {""amount"": 970, ""date"": ""2023-06-13""}, {""amount"": 660, ""date"": ""2023-05-25""}, {""amount"": 345, ""date"": ""2023-09-25""}, {""amount"": 152, ""date"": ""2023-07-29""}, {""amount"": 666, ""date"": ""2023-07-30""}, {""amount"": 328, ""date"": ""2023-08-11""}, {""amount"": 611, ""date"": ""2023-09-07""}]",True,True,True,True,True
917,Customer_917,58.0,12437.0,28418,60,846,1,"[{""amount"": 268, ""date"": ""2023-06-17""}, {""amount"": 378, ""date"": ""2023-08-02""}, {""amount"": 828, ""date"": ""2023-03-09""}, {""amount"": 152, ""date"": ""2023-03-20""}, {""amount"": 402, ""date"": ""2023-02-01""}, {""amount"": 661, ""date"": ""2023-10-13""}, {""amount"": 877, ""date"": ""2023-04-03""}, {""amount"": 101, ""date"": ""2023-05-30""}, {""amount"": 327, ""date"": ""2023-02-03""}, {""amount"": 454, ""date"": ""2023-05-01""}, {""amount"": 809, ""date"": ""2023-06-20""}]",True,True,True,True,True
918,Customer_918,44.0,17581.0,9875,27,684,1,"[{""amount"": 241, ""date"": ""2023-06-16""}, {""amount"": 403, ""date"": ""2023-01-15""}, {""amount"": 259, ""date"": ""2023-03-03""}, {""amount"": 320, ""date"": ""2023-08-06""}, {""amount"": 343, ""date"": ""2023-11-19""}, {""amount"": 353, ""date"": ""2023-07-31""}, {""amount"": 145, ""date"": ""2023-10-26""}, {""amount"": 250, ""date"": ""2023-06-05""}]",True,True,True,True,True
919,Customer_919,48.0,18889.0,42379,53,344,0,"[{""amount"": 477, ""date"": ""2023-02-24""}, {""amount"": 724, ""date"": ""2023-04-18""}, {""amount"": 433, ""date"": ""2023-06-15""}, {""amount"": 280, ""date"": ""2023-08-11""}, {""amount"": 711, ""date"": ""2023-03-23""}, {""amount"": 644, ""date"": ""2023-06-24""}, {""amount"": 671, ""date"": ""2023-07-19""}, {""amount"": 715, ""date"": ""2023-04-14""}, {""amount"": 753, ""date"": ""2023-06-29""}, {""amount"": 124, ""date"": ""2023-07-29""}, {""amount"": 603, ""date"": ""2023-07-06""}, {""amount"": 961, ""date"": ""2023-01-23""}, {""amount"": 512, ""date"": ""2023-12-27""}, {""amount"": 920, ""date"": ""2023-12-27""}, {""amount"": 339, ""date"": ""2023-10-04""}, {""amount"": 303, ""date"": ""2023-09-11""}]",True,True,True,True,True
920,Customer_920,23.0,19637.0,23706,34,476,0,"[{""amount"": 100, ""date"": ""2023-10-02""}, {""amount"": 397, ""date"": ""2023-09-14""}, {""amount"": 176, ""date"": ""2023-06-11""}, {""amount"": 898, ""date"": ""2023-05-12""}, {""amount"": 519, ""date"": ""2023-01-27""}, {""amount"": 482, ""date"": ""2023-12-03""}, {""amount"": 656, ""date"": ""2023-05-12""}, {""amount"": 205, ""date"": ""2023-05-10""}, {""amount"": 363, ""date"": ""2023-04-05""}, {""amount"": 444, ""date"": ""2023-07-15""}, {""amount"": 212, ""date"": ""2023-09-09""}, {""amount"": 724, ""date"": ""2023-04-09""}, {""amount"": 682, ""date"": ""2023-09-22""}, {""amount"": 484, ""date"": ""2023-01-25""}, {""amount"": 203, ""date"": ""2023-08-07""}, {""amount"": 702, ""date"": ""2023-02-07""}, {""amount"": 144, ""date"": ""2023-11-28""}, {""amount"": 242, ""date"": ""2023-07-09""}]",True,True,True,True,True
921,Customer_921,33.0,2362.0,43819,7,667,0,"[{""amount"": 877, ""date"": ""2023-05-23""}, {""amount"": 334, ""date"": ""2023-07-22""}, {""amount"": 815, ""date"": ""2023-10-13""}, {""amount"": 534, ""date"": ""2023-01-14""}, {""amount"": 887, ""date"": ""2023-04-07""}, {""amount"": 727, ""date"": ""2023-04-12""}, {""amount"": 316, ""date"": ""2023-05-07""}, {""amount"": 499, ""date"": ""2023-02-10""}, {""amount"": 367, ""date"": ""2023-05-08""}, {""amount"": 175, ""date"": ""2023-03-15""}, {""amount"": 548, ""date"": ""2023-12-12""}, {""amount"": 309, ""date"": ""2023-03-06""}, {""amount"": 267, ""date"": ""2023-02-28""}, {""amount"": 723, ""date"": ""2023-07-19""}, {""amount"": 147, ""date"": ""2023-05-14""}, {""amount"": 572, ""date"": ""2023-01-27""}, {""amount"": 310, ""date"": ""2023-04-16""}, {""amount"": 688, ""date"": ""2023-07-21""}]",True,True,False,True,False
922,Customer_922,55.0,4205.0,19697,47,607,0,"[{""amount"": 877, ""date"": ""2023-01-02""}, {""amount"": 795, ""date"": ""2023-02-16""}, {""amount"": 159, ""date"": ""2023-06-21""}, {""amount"": 668, ""date"": ""2023-11-05""}, {""amount"": 937, ""date"": ""2023-06-05""}, {""amount"": 769, ""date"": ""2023-10-26""}, {""amount"": 736, ""date"": ""2023-10-09""}]",True,True,True,True,True
923,Customer_923,55.0,11371.0,20505,44,829,0,"[{""amount"": 409, ""date"": ""2023-08-31""}, {""amount"": 979, ""date"": ""2023-03-24""}, {""amount"": 905, ""date"": ""2023-10-04""}, {""amount"": 578, ""date"": ""2023-07-13""}, {""amount"": 370, ""date"": ""2023-12-13""}, {""amount"": 587, ""date"": ""2023-04-15""}, {""amount"": 168, ""date"": ""2023-07-04""}, {""amount"": 196, ""date"": ""2023-09-05""}, {""amount"": 553, ""date"": ""2023-07-09""}, {""amount"": 644, ""date"": ""2023-10-09""}, {""amount"": 854, ""date"": ""2023-07-09""}, {""amount"": 709, ""date"": ""2023-02-11""}, {""amount"": 902, ""date"": ""2023-08-15""}, {""amount"": 255, ""date"": ""2023-08-31""}, {""amount"": 136, ""date"": ""2023-03-11""}, {""amount"": 263, ""date"": ""2023-09-19""}, {""amount"": 130, ""date"": ""2023-11-18""}, {""amount"": 231, ""date"": ""2023-02-20""}]",True,True,True,True,True
924,Customer_924,67.0,18779.0,30711,18,652,0,"[{""amount"": 773, ""date"": ""2023-06-21""}, {""amount"": 117, ""date"": ""2023-11-05""}, {""amount"": 570, ""date"": ""2023-06-07""}, {""amount"": 477, ""date"": ""2023-12-13""}, {""amount"": 303, ""date"": ""2023-08-28""}, {""amount"": 699, ""date"": ""2023-03-20""}, {""amount"": 369, ""date"": ""2023-02-13""}, {""amount"": 735, ""date"": ""2023-12-07""}, {""amount"": 117, ""date"": ""2023-05-14""}, {""amount"": 907, ""date"": ""2023-05-26""}, {""amount"": 564, ""date"": ""2023-09-19""}]",True,True,True,True,True
925,Customer_925,49.0,5377.0,14270,21,804,0,"[{""amount"": 942, ""date"": ""2023-04-02""}, {""amount"": 634, ""date"": ""2023-12-29""}, {""amount"": 531, ""date"": ""2023-12-02""}, {""amount"": 753, ""date"": ""2023-05-14""}, {""amount"": 893, ""date"": ""2023-05-29""}, {""amount"": 820, ""date"": ""2023-10-11""}, {""amount"": 994, ""date"": ""2023-01-29""}, {""amount"": 959, ""date"": ""2023-10-06""}, {""amount"": 724, ""date"": ""2023-08-30""}, {""amount"": 254, ""date"": ""2023-06-26""}, {""amount"": 871, ""date"": ""2023-05-30""}, {""amount"": 693, ""date"": ""2023-09-13""}, {""amount"": 321, ""date"": ""2023-11-17""}, {""amount"": 616, ""date"": ""2023-08-20""}, {""amount"": 700, ""date"": ""2023-02-05""}]",True,True,True,True,True
926,Customer_926,50.0,15640.0,18001,34,726,0,"[{""amount"": 213, ""date"": ""2023-07-02""}, {""amount"": 550, ""date"": ""2023-03-31""}, {""amount"": 770, ""date"": ""2023-06-26""}, {""amount"": 364, ""date"": ""2023-05-25""}, {""amount"": 220, ""date"": ""2023-06-08""}, {""amount"": 295, ""date"": ""2023-10-07""}, {""amount"": 708, ""date"": ""2023-02-17""}, {""amount"": 367, ""date"": ""2023-10-29""}, {""amount"": 191, ""date"": ""2023-06-14""}, {""amount"": 355, ""date"": ""2023-10-12""}, {""amount"": 909, ""date"": ""2023-08-08""}, {""amount"": 875, ""date"": ""2023-11-06""}, {""amount"": 476, ""date"": ""2023-04-20""}, {""amount"": 220, ""date"": ""2023-03-24""}, {""amount"": 517, ""date"": ""2023-10-01""}, {""amount"": 449, ""date"": ""2023-12-25""}, {""amount"": 141, ""date"": ""2023-04-12""}, {""amount"": 844, ""date"": ""2023-12-31""}]",True,True,True,True,True
927,Customer_927,66.0,6440.0,23835,31,510,0,"[{""amount"": 574, ""date"": ""2023-06-06""}, {""amount"": 958, ""date"": ""2023-10-14""}, {""amount"": 830, ""date"": ""2023-02-10""}, {""amount"": 221, ""date"": ""2023-01-26""}, {""amount"": 779, ""date"": ""2023-05-15""}, {""amount"": 743, ""date"": ""2023-02-14""}, {""amount"": 687, ""date"": ""2023-06-16""}, {""amount"": 270, ""date"": ""2023-03-12""}, {""amount"": 452, ""date"": ""2023-03-04""}]",True,True,True,True,True
928,Customer_928,34.0,5506.0,29135,56,351,1,"[{""amount"": 507, ""date"": ""2023-09-18""}, {""amount"": 166, ""date"": ""2023-12-26""}, {""amount"": 285, ""date"": ""2023-11-16""}, {""amount"": 562, ""date"": ""2023-10-11""}, {""amount"": 741, ""date"": ""2023-04-20""}, {""amount"": 947, ""date"": ""2023-10-30""}, {""amount"": 539, ""date"": ""2023-10-04""}, {""amount"": 204, ""date"": ""2023-05-04""}, {""amount"": 372, ""date"": ""2023-05-30""}, {""amount"": 474, ""date"": ""2023-02-04""}, {""amount"": 905, ""date"": ""2023-08-03""}]",True,True,False,True,False
929,Customer_929,50.0,18015.0,33517,59,736,0,"[{""amount"": 434, ""date"": ""2023-09-25""}, {""amount"": 484, ""date"": ""2023-09-02""}, {""amount"": 305, ""date"": ""2023-10-06""}, {""amount"": 458, ""date"": ""2023-06-04""}, {""amount"": 990, ""date"": ""2023-11-06""}, {""amount"": 214, ""date"": ""2023-06-17""}, {""amount"": 283, ""date"": ""2023-04-25""}]",True,True,True,True,True
930,Customer_930,28.0,18515.0,33075,28,381,0,"[{""amount"": 807, ""date"": ""2023-12-18""}, {""amount"": 339, ""date"": ""2023-01-08""}, {""amount"": 988, ""date"": ""2023-07-26""}, {""amount"": 113, ""date"": ""2023-04-16""}, {""amount"": 834, ""date"": ""2023-11-19""}, {""amount"": 989, ""date"": ""2023-09-20""}, {""amount"": 319, ""date"": ""2023-01-08""}, {""amount"": 845, ""date"": ""2023-05-14""}, {""amount"": 455, ""date"": ""2023-02-14""}, {""amount"": 714, ""date"": ""2023-06-11""}, {""amount"": 975, ""date"": ""2023-12-13""}, {""amount"": 893, ""date"": ""2023-02-14""}]",True,True,True,True,True
931,Customer_931,30.0,8076.0,22324,33,566,0,"[{""amount"": 613, ""date"": ""2023-11-13""}, {""amount"": 782, ""date"": ""2023-01-19""}, {""amount"": 423, ""date"": ""2023-05-11""}, {""amount"": 138, ""date"": ""2023-04-10""}, {""amount"": 296, ""date"": ""2023-06-20""}, {""amount"": 307, ""date"": ""2023-10-01""}, {""amount"": 802, ""date"": ""2023-12-24""}, {""amount"": 296, ""date"": ""2023-10-06""}, {""amount"": 727, ""date"": ""2023-08-31""}, {""amount"": 234, ""date"": ""2023-06-03""}, {""amount"": 727, ""date"": ""2023-07-04""}, {""amount"": 711, ""date"": ""2023-11-13""}, {""amount"": 288, ""date"": ""2023-10-26""}, {""amount"": 362, ""date"": ""2023-02-12""}, {""amount"": 391, ""date"": ""2023-06-30""}, {""amount"": 636, ""date"": ""2023-01-17""}]",True,True,True,True,True
932,Customer_932,47.0,12151.0,47606,19,504,0,"[{""amount"": 769, ""date"": ""2023-07-13""}, {""amount"": 514, ""date"": ""2023-11-21""}, {""amount"": 733, ""date"": ""2023-11-09""}, {""amount"": 196, ""date"": ""2023-07-04""}, {""amount"": 631, ""date"": ""2023-03-30""}, {""amount"": 541, ""date"": ""2023-06-28""}, {""amount"": 855, ""date"": ""2023-08-24""}, {""amount"": 102, ""date"": ""2023-06-23""}]",True,True,True,True,True
933,Customer_933,18.0,15822.0,16950,39,341,0,"[{""amount"": 881, ""date"": ""2023-09-16""}, {""amount"": 400, ""date"": ""2023-04-23""}, {""amount"": 485, ""date"": ""2023-06-26""}, {""amount"": 755, ""date"": ""2023-03-10""}, {""amount"": 327, ""date"": ""2023-02-20""}, {""amount"": 691, ""date"": ""2023-07-10""}, {""amount"": 248, ""date"": ""2023-02-04""}, {""amount"": 294, ""date"": ""2023-10-15""}, {""amount"": 738, ""date"": ""2023-09-19""}, {""amount"": 313, ""date"": ""2023-04-20""}, {""amount"": 675, ""date"": ""2023-06-22""}, {""amount"": 910, ""date"": ""2023-05-20""}, {""amount"": 357, ""date"": ""2023-03-25""}, {""amount"": 697, ""date"": ""2023-12-29""}, {""amount"": 636, ""date"": ""2023-10-01""}, {""amount"": 843, ""date"": ""2023-02-13""}, {""amount"": 348, ""date"": ""2023-01-13""}, {""amount"": 351, ""date"": ""2023-07-11""}]",True,True,True,True,True
934,Customer_934,47.0,14355.0,7722,20,765,0,"[{""amount"": 701, ""date"": ""2023-04-01""}, {""amount"": 716, ""date"": ""2023-11-16""}, {""amount"": 996, ""date"": ""2023-05-19""}, {""amount"": 789, ""date"": ""2023-06-17""}, {""amount"": 249, ""date"": ""2023-02-17""}, {""amount"": 198, ""date"": ""2023-09-05""}]",True,True,True,True,True
935,Customer_935,44.0,11784.0,34345,59,559,1,"[{""amount"": 523, ""date"": ""2023-12-06""}, {""amount"": 146, ""date"": ""2023-02-16""}, {""amount"": 412, ""date"": ""2023-11-18""}, {""amount"": 680, ""date"": ""2023-04-09""}, {""amount"": 710, ""date"": ""2023-12-11""}, {""amount"": 780, ""date"": ""2023-12-07""}, {""amount"": 748, ""date"": ""2023-01-31""}, {""amount"": 128, ""date"": ""2023-12-26""}, {""amount"": 401, ""date"": ""2023-03-28""}, {""amount"": 492, ""date"": ""2023-09-23""}, {""amount"": 867, ""date"": ""2023-08-26""}, {""amount"": 378, ""date"": ""2023-11-06""}, {""amount"": 498, ""date"": ""2023-11-03""}, {""amount"": 916, ""date"": ""2023-03-09""}, {""amount"": 166, ""date"": ""2023-05-15""}, {""amount"": 258, ""date"": ""2023-10-17""}]",True,True,True,True,True
936,Customer_936,57.0,6698.0,35794,14,526,0,"[{""amount"": 897, ""date"": ""2023-09-01""}, {""amount"": 696, ""date"": ""2023-11-28""}, {""amount"": 191, ""date"": ""2023-04-15""}, {""amount"": 676, ""date"": ""2023-02-10""}, {""amount"": 958, ""date"": ""2023-12-12""}, {""amount"": 193, ""date"": ""2023-03-29""}, {""amount"": 800, ""date"": ""2023-01-29""}, {""amount"": 328, ""date"": ""2023-05-04""}, {""amount"": 238, ""date"": ""2023-10-12""}, {""amount"": 743, ""date"": ""2023-06-30""}, {""amount"": 702, ""date"": ""2023-09-13""}]",True,True,False,True,False
937,Customer_937,40.0,4127.0,9471,10,726,0,"[{""amount"": 731, ""date"": ""2023-08-03""}, {""amount"": 825, ""date"": ""2023-05-10""}, {""amount"": 866, ""date"": ""2023-02-28""}, {""amount"": 648, ""date"": ""2023-08-10""}, {""amount"": 323, ""date"": ""2023-04-19""}, {""amount"": 378, ""date"": ""2023-08-26""}, {""amount"": 815, ""date"": ""2023-05-10""}, {""amount"": 409, ""date"": ""2023-09-14""}, {""amount"": 627, ""date"": ""2023-03-11""}, {""amount"": 911, ""date"": ""2023-06-10""}, {""amount"": 219, ""date"": ""2023-08-07""}, {""amount"": 628, ""date"": ""2023-10-08""}, {""amount"": 646, ""date"": ""2023-03-10""}, {""amount"": 929, ""date"": ""2023-03-30""}, {""amount"": 981, ""date"": ""2023-01-08""}, {""amount"": 347, ""date"": ""2023-08-06""}]",True,True,True,True,True
938,Customer_938,37.0,9671.0,48845,52,304,0,"[{""amount"": 280, ""date"": ""2023-02-04""}, {""amount"": 573, ""date"": ""2023-03-20""}, {""amount"": 368, ""date"": ""2023-05-12""}, {""amount"": 818, ""date"": ""2023-07-11""}, {""amount"": 145, ""date"": ""2023-08-30""}]",True,True,False,True,False
939,Customer_939,23.0,19310.0,19812,60,748,0,"[{""amount"": 429, ""date"": ""2023-09-25""}, {""amount"": 669, ""date"": ""2023-06-09""}, {""amount"": 870, ""date"": ""2023-12-10""}, {""amount"": 942, ""date"": ""2023-03-29""}, {""amount"": 755, ""date"": ""2023-05-29""}, {""amount"": 300, ""date"": ""2023-11-08""}, {""amount"": 107, ""date"": ""2023-05-11""}, {""amount"": 586, ""date"": ""2023-08-26""}, {""amount"": 663, ""date"": ""2023-08-30""}, {""amount"": 728, ""date"": ""2023-12-01""}, {""amount"": 864, ""date"": ""2023-10-17""}, {""amount"": 212, ""date"": ""2023-09-24""}, {""amount"": 383, ""date"": ""2023-08-13""}, {""amount"": 968, ""date"": ""2023-10-15""}, {""amount"": 839, ""date"": ""2023-04-26""}, {""amount"": 754, ""date"": ""2023-09-02""}, {""amount"": 622, ""date"": ""2023-12-11""}, {""amount"": 712, ""date"": ""2023-01-08""}]",True,True,True,True,True
940,Customer_940,54.0,3604.0,14120,27,783,0,"[{""amount"": 195, ""date"": ""2023-12-03""}, {""amount"": 737, ""date"": ""2023-12-06""}, {""amount"": 364, ""date"": ""2023-04-13""}, {""amount"": 471, ""date"": ""2023-10-23""}, {""amount"": 272, ""date"": ""2023-08-19""}, {""amount"": 212, ""date"": ""2023-04-22""}]",True,True,True,True,True
941,Customer_941,37.0,10736.0,42075,51,642,0,"[{""amount"": 509, ""date"": ""2023-03-06""}, {""amount"": 185, ""date"": ""2023-06-22""}, {""amount"": 877, ""date"": ""2023-04-25""}, {""amount"": 196, ""date"": ""2023-08-27""}, {""amount"": 743, ""date"": ""2023-01-11""}, {""amount"": 432, ""date"": ""2023-03-16""}]",True,True,True,True,True
942,Customer_942,54.0,9339.0,24679,34,787,0,"[{""amount"": 530, ""date"": ""2023-10-28""}, {""amount"": 660, ""date"": ""2023-05-04""}, {""amount"": 179, ""date"": ""2023-05-31""}, {""amount"": 589, ""date"": ""2023-05-17""}, {""amount"": 156, ""date"": ""2023-12-29""}, {""amount"": 805, ""date"": ""2023-06-28""}, {""amount"": 760, ""date"": ""2023-01-25""}, {""amount"": 728, ""date"": ""2023-03-13""}, {""amount"": 180, ""date"": ""2023-07-12""}, {""amount"": 856, ""date"": ""2023-05-17""}]",True,True,True,True,True
943,Customer_943,23.0,10829.0,39671,28,387,0,"[{""amount"": 648, ""date"": ""2023-01-23""}, {""amount"": 330, ""date"": ""2023-03-24""}, {""amount"": 417, ""date"": ""2023-02-22""}, {""amount"": 730, ""date"": ""2023-12-13""}, {""amount"": 665, ""date"": ""2023-01-11""}, {""amount"": 415, ""date"": ""2023-04-22""}, {""amount"": 912, ""date"": ""2023-11-01""}]",True,True,True,True,True
944,Customer_944,46.0,17676.0,18487,20,605,0,"[{""amount"": 862, ""date"": ""2023-01-17""}, {""amount"": 331, ""date"": ""2023-02-16""}, {""amount"": 648, ""date"": ""2023-08-08""}, {""amount"": 967, ""date"": ""2023-01-17""}, {""amount"": 491, ""date"": ""2023-05-18""}, {""amount"": 846, ""date"": ""2023-11-10""}, {""amount"": 809, ""date"": ""2023-09-20""}, {""amount"": 647, ""date"": ""2023-04-23""}]",True,True,True,True,True
945,Customer_945,30.0,14845.0,17161,6,418,0,"[{""amount"": 683, ""date"": ""2023-12-17""}, {""amount"": 721, ""date"": ""2023-11-17""}, {""amount"": 667, ""date"": ""2023-09-17""}, {""amount"": 147, ""date"": ""2023-06-02""}, {""amount"": 613, ""date"": ""2023-05-14""}]",True,True,True,True,True
946,Customer_946,44.0,8429.0,33576,56,439,0,"[{""amount"": 762, ""date"": ""2023-08-06""}, {""amount"": 745, ""date"": ""2023-11-06""}, {""amount"": 227, ""date"": ""2023-07-27""}, {""amount"": 265, ""date"": ""2023-02-20""}, {""amount"": 422, ""date"": ""2023-11-04""}, {""amount"": 286, ""date"": ""2023-11-19""}, {""amount"": 171, ""date"": ""2023-03-13""}, {""amount"": 120, ""date"": ""2023-03-24""}, {""amount"": 785, ""date"": ""2023-12-28""}]",True,True,True,True,True
947,Customer_947,67.0,18634.0,18182,43,312,0,"[{""amount"": 702, ""date"": ""2023-12-25""}, {""amount"": 382, ""date"": ""2023-07-26""}, {""amount"": 446, ""date"": ""2023-09-10""}, {""amount"": 584, ""date"": ""2023-09-15""}, {""amount"": 688, ""date"": ""2023-09-24""}, {""amount"": 757, ""date"": ""2023-01-14""}, {""amount"": 277, ""date"": ""2023-07-26""}, {""amount"": 903, ""date"": ""2023-05-11""}, {""amount"": 568, ""date"": ""2023-09-27""}, {""amount"": 843, ""date"": ""2023-05-17""}, {""amount"": 115, ""date"": ""2023-01-21""}]",True,True,True,True,True
948,Customer_948,37.0,11371.0,38896,60,302,0,"[{""amount"": 619, ""date"": ""2023-04-02""}, {""amount"": 348, ""date"": ""2023-07-23""}, {""amount"": 614, ""date"": ""2023-05-09""}, {""amount"": 403, ""date"": ""2023-12-16""}, {""amount"": 398, ""date"": ""2023-06-20""}, {""amount"": 640, ""date"": ""2023-03-24""}, {""amount"": 777, ""date"": ""2023-01-10""}, {""amount"": 493, ""date"": ""2023-06-10""}, {""amount"": 337, ""date"": ""2023-02-25""}]",True,True,True,True,True
949,Customer_949,30.0,19179.0,13895,56,391,1,"[{""amount"": 179, ""date"": ""2023-08-18""}, {""amount"": 448, ""date"": ""2023-02-13""}, {""amount"": 808, ""date"": ""2023-11-23""}, {""amount"": 346, ""date"": ""2023-12-18""}, {""amount"": 675, ""date"": ""2023-04-17""}, {""amount"": 200, ""date"": ""2023-04-22""}, {""amount"": 212, ""date"": ""2023-08-31""}, {""amount"": 460, ""date"": ""2023-11-12""}, {""amount"": 955, ""date"": ""2023-04-02""}, {""amount"": 510, ""date"": ""2023-09-15""}, {""amount"": 817, ""date"": ""2023-06-16""}, {""amount"": 819, ""date"": ""2023-09-08""}, {""amount"": 960, ""date"": ""2023-08-10""}]",True,True,True,True,True
950,Customer_950,56.0,10318.0,45237,15,417,0,"[{""amount"": 560, ""date"": ""2023-06-02""}, {""amount"": 389, ""date"": ""2023-08-23""}, {""amount"": 998, ""date"": ""2023-04-15""}, {""amount"": 418, ""date"": ""2023-03-05""}, {""amount"": 793, ""date"": ""2023-06-15""}, {""amount"": 116, ""date"": ""2023-10-23""}, {""amount"": 436, ""date"": ""2023-06-24""}, {""amount"": 926, ""date"": ""2023-10-20""}]",True,True,True,True,True
951,Customer_951,25.0,8216.0,39999,39,421,1,"[{""amount"": 193, ""date"": ""2023-03-27""}, {""amount"": 561, ""date"": ""2023-11-18""}, {""amount"": 260, ""date"": ""2023-10-16""}, {""amount"": 366, ""date"": ""2023-06-08""}, {""amount"": 547, ""date"": ""2023-02-05""}, {""amount"": 434, ""date"": ""2023-07-31""}]",True,True,True,True,True
952,Customer_952,70.0,7195.0,18422,58,335,0,"[{""amount"": 647, ""date"": ""2023-11-07""}, {""amount"": 660, ""date"": ""2023-07-11""}, {""amount"": 393, ""date"": ""2023-06-11""}, {""amount"": 625, ""date"": ""2023-01-22""}, {""amount"": 729, ""date"": ""2023-01-13""}, {""amount"": 535, ""date"": ""2023-08-07""}, {""amount"": 179, ""date"": ""2023-01-30""}]",True,True,True,True,True
953,Customer_953,34.0,5278.0,29438,46,617,0,"[{""amount"": 657, ""date"": ""2023-08-28""}, {""amount"": 819, ""date"": ""2023-12-27""}, {""amount"": 347, ""date"": ""2023-05-08""}, {""amount"": 252, ""date"": ""2023-03-23""}, {""amount"": 271, ""date"": ""2023-11-20""}, {""amount"": 368, ""date"": ""2023-06-20""}, {""amount"": 989, ""date"": ""2023-10-19""}, {""amount"": 507, ""date"": ""2023-04-25""}, {""amount"": 151, ""date"": ""2023-11-14""}, {""amount"": 192, ""date"": ""2023-11-21""}, {""amount"": 979, ""date"": ""2023-07-17""}, {""amount"": 563, ""date"": ""2023-12-25""}]",True,True,False,True,False
954,Customer_954,47.0,13531.0,49352,46,377,0,"[{""amount"": 185, ""date"": ""2023-03-03""}, {""amount"": 783, ""date"": ""2023-12-27""}, {""amount"": 183, ""date"": ""2023-10-08""}, {""amount"": 919, ""date"": ""2023-07-07""}, {""amount"": 783, ""date"": ""2023-07-21""}, {""amount"": 745, ""date"": ""2023-10-09""}, {""amount"": 557, ""date"": ""2023-07-16""}, {""amount"": 693, ""date"": ""2023-04-04""}, {""amount"": 302, ""date"": ""2023-01-30""}, {""amount"": 396, ""date"": ""2023-07-05""}, {""amount"": 765, ""date"": ""2023-10-25""}, {""amount"": 680, ""date"": ""2023-03-07""}]",True,True,True,True,True
955,Customer_955,18.0,5530.0,38637,57,811,0,"[{""amount"": 778, ""date"": ""2023-05-11""}, {""amount"": 580, ""date"": ""2023-05-10""}, {""amount"": 986, ""date"": ""2023-04-24""}, {""amount"": 498, ""date"": ""2023-11-19""}, {""amount"": 231, ""date"": ""2023-05-24""}, {""amount"": 569, ""date"": ""2023-06-21""}, {""amount"": 171, ""date"": ""2023-02-22""}, {""amount"": 501, ""date"": ""2023-01-28""}, {""amount"": 780, ""date"": ""2023-10-04""}, {""amount"": 291, ""date"": ""2023-09-03""}, {""amount"": 500, ""date"": ""2023-04-24""}, {""amount"": 591, ""date"": ""2023-10-13""}, {""amount"": 717, ""date"": ""2023-07-19""}, {""amount"": 169, ""date"": ""2023-01-08""}, {""amount"": 734, ""date"": ""2023-12-27""}]",True,True,False,True,False
956,Customer_956,41.0,10025.0,8541,13,702,0,"[{""amount"": 804, ""date"": ""2023-08-07""}, {""amount"": 212, ""date"": ""2023-06-23""}, {""amount"": 623, ""date"": ""2023-03-22""}, {""amount"": 632, ""date"": ""2023-05-29""}, {""amount"": 384, ""date"": ""2023-11-26""}, {""amount"": 582, ""date"": ""2023-11-20""}, {""amount"": 741, ""date"": ""2023-03-11""}, {""amount"": 455, ""date"": ""2023-12-15""}, {""amount"": 631, ""date"": ""2023-02-14""}, {""amount"": 150, ""date"": ""2023-09-17""}]",True,True,True,True,True
957,Customer_957,33.0,11906.0,29214,32,822,0,"[{""amount"": 537, ""date"": ""2023-01-11""}, {""amount"": 981, ""date"": ""2023-04-11""}, {""amount"": 583, ""date"": ""2023-11-14""}, {""amount"": 694, ""date"": ""2023-10-01""}, {""amount"": 974, ""date"": ""2023-07-01""}, {""amount"": 960, ""date"": ""2023-04-11""}, {""amount"": 755, ""date"": ""2023-11-03""}, {""amount"": 858, ""date"": ""2023-07-27""}]",True,True,True,True,True
958,Customer_958,28.0,9208.0,10531,35,575,0,"[{""amount"": 922, ""date"": ""2023-11-06""}, {""amount"": 812, ""date"": ""2023-12-30""}, {""amount"": 701, ""date"": ""2023-03-21""}, {""amount"": 420, ""date"": ""2023-06-25""}, {""amount"": 990, ""date"": ""2023-08-21""}, {""amount"": 312, ""date"": ""2023-10-25""}, {""amount"": 637, ""date"": ""2023-10-29""}, {""amount"": 191, ""date"": ""2023-01-26""}, {""amount"": 210, ""date"": ""2023-05-24""}, {""amount"": 664, ""date"": ""2023-10-20""}, {""amount"": 944, ""date"": ""2023-12-01""}, {""amount"": 603, ""date"": ""2023-11-26""}, {""amount"": 908, ""date"": ""2023-10-25""}, {""amount"": 657, ""date"": ""2023-01-11""}, {""amount"": 898, ""date"": ""2023-01-09""}]",True,True,True,True,True
959,Customer_959,21.0,11414.0,38827,56,565,0,"[{""amount"": 232, ""date"": ""2023-04-15""}, {""amount"": 508, ""date"": ""2023-12-26""}, {""amount"": 812, ""date"": ""2023-12-08""}, {""amount"": 245, ""date"": ""2023-04-17""}, {""amount"": 235, ""date"": ""2023-12-27""}, {""amount"": 997, ""date"": ""2023-11-09""}, {""amount"": 781, ""date"": ""2023-07-02""}, {""amount"": 320, ""date"": ""2023-05-14""}, {""amount"": 325, ""date"": ""2023-05-16""}, {""amount"": 724, ""date"": ""2023-02-11""}, {""amount"": 304, ""date"": ""2023-09-16""}]",True,True,True,True,True
960,Customer_960,21.0,8430.0,9973,23,722,0,"[{""amount"": 198, ""date"": ""2023-05-15""}, {""amount"": 700, ""date"": ""2023-10-28""}, {""amount"": 632, ""date"": ""2023-04-01""}, {""amount"": 151, ""date"": ""2023-08-30""}, {""amount"": 730, ""date"": ""2023-06-21""}, {""amount"": 551, ""date"": ""2023-09-29""}, {""amount"": 401, ""date"": ""2023-08-15""}, {""amount"": 832, ""date"": ""2023-06-30""}, {""amount"": 710, ""date"": ""2023-12-12""}, {""amount"": 484, ""date"": ""2023-02-21""}, {""amount"": 607, ""date"": ""2023-05-15""}]",True,True,True,True,True
961,Customer_961,34.0,11339.0,45739,16,530,0,"[{""amount"": 470, ""date"": ""2023-06-02""}, {""amount"": 486, ""date"": ""2023-06-19""}, {""amount"": 426, ""date"": ""2023-11-07""}, {""amount"": 707, ""date"": ""2023-06-07""}, {""amount"": 515, ""date"": ""2023-03-20""}, {""amount"": 784, ""date"": ""2023-07-03""}, {""amount"": 554, ""date"": ""2023-04-30""}, {""amount"": 494, ""date"": ""2023-05-13""}, {""amount"": 545, ""date"": ""2023-03-07""}, {""amount"": 907, ""date"": ""2023-01-27""}, {""amount"": 743, ""date"": ""2023-08-18""}, {""amount"": 286, ""date"": ""2023-04-07""}, {""amount"": 987, ""date"": ""2023-04-01""}, {""amount"": 878, ""date"": ""2023-02-01""}, {""amount"": 269, ""date"": ""2023-10-21""}, {""amount"": 858, ""date"": ""2023-08-18""}, {""amount"": 388, ""date"": ""2023-04-19""}, {""amount"": 464, ""date"": ""2023-02-10""}, {""amount"": 132, ""date"": ""2023-02-25""}]",True,True,True,True,True
962,Customer_962,66.0,6564.0,28747,49,797,0,"[{""amount"": 345, ""date"": ""2023-10-08""}, {""amount"": 589, ""date"": ""2023-10-23""}, {""amount"": 922, ""date"": ""2023-11-04""}, {""amount"": 787, ""date"": ""2023-08-26""}, {""amount"": 135, ""date"": ""2023-03-07""}, {""amount"": 208, ""date"": ""2023-05-11""}, {""amount"": 606, ""date"": ""2023-08-06""}, {""amount"": 861, ""date"": ""2023-01-10""}, {""amount"": 582, ""date"": ""2023-05-06""}, {""amount"": 915, ""date"": ""2023-04-29""}, {""amount"": 613, ""date"": ""2023-05-13""}, {""amount"": 425, ""date"": ""2023-06-02""}, {""amount"": 151, ""date"": ""2023-11-24""}, {""amount"": 590, ""date"": ""2023-09-06""}, {""amount"": 640, ""date"": ""2023-04-28""}, {""amount"": 679, ""date"": ""2023-09-12""}, {""amount"": 497, ""date"": ""2023-06-15""}, {""amount"": 292, ""date"": ""2023-05-20""}]",True,True,True,True,True
963,Customer_963,27.0,11791.0,16867,39,402,0,"[{""amount"": 440, ""date"": ""2023-11-13""}, {""amount"": 671, ""date"": ""2023-12-20""}, {""amount"": 257, ""date"": ""2023-12-09""}, {""amount"": 574, ""date"": ""2023-11-24""}, {""amount"": 581, ""date"": ""2023-06-16""}, {""amount"": 712, ""date"": ""2023-01-18""}, {""amount"": 877, ""date"": ""2023-04-20""}, {""amount"": 893, ""date"": ""2023-06-15""}, {""amount"": 992, ""date"": ""2023-03-23""}, {""amount"": 639, ""date"": ""2023-04-01""}]",True,True,True,True,True
964,Customer_964,38.0,6868.0,12931,7,369,0,"[{""amount"": 282, ""date"": ""2023-02-09""}, {""amount"": 791, ""date"": ""2023-08-30""}, {""amount"": 970, ""date"": ""2023-09-10""}, {""amount"": 809, ""date"": ""2023-06-19""}, {""amount"": 993, ""date"": ""2023-09-17""}, {""amount"": 672, ""date"": ""2023-03-20""}, {""amount"": 894, ""date"": ""2023-12-09""}, {""amount"": 220, ""date"": ""2023-06-28""}, {""amount"": 439, ""date"": ""2023-02-16""}, {""amount"": 849, ""date"": ""2023-12-09""}, {""amount"": 726, ""date"": ""2023-11-29""}, {""amount"": 439, ""date"": ""2023-10-13""}, {""amount"": 453, ""date"": ""2023-08-29""}, {""amount"": 423, ""date"": ""2023-08-07""}, {""amount"": 659, ""date"": ""2023-08-16""}, {""amount"": 279, ""date"": ""2023-07-21""}, {""amount"": 704, ""date"": ""2023-03-27""}, {""amount"": 540, ""date"": ""2023-01-15""}, {""amount"": 435, ""date"": ""2023-09-06""}]",True,True,True,True,True
965,Customer_965,70.0,6980.0,31761,44,642,0,"[{""amount"": 599, ""date"": ""2023-09-11""}, {""amount"": 277, ""date"": ""2023-05-17""}, {""amount"": 596, ""date"": ""2023-11-12""}, {""amount"": 248, ""date"": ""2023-08-07""}, {""amount"": 665, ""date"": ""2023-05-04""}, {""amount"": 114, ""date"": ""2023-06-06""}, {""amount"": 311, ""date"": ""2023-09-02""}, {""amount"": 615, ""date"": ""2023-04-26""}, {""amount"": 433, ""date"": ""2023-12-03""}, {""amount"": 649, ""date"": ""2023-03-17""}, {""amount"": 174, ""date"": ""2023-07-02""}, {""amount"": 189, ""date"": ""2023-06-13""}, {""amount"": 573, ""date"": ""2023-06-24""}, {""amount"": 261, ""date"": ""2023-07-21""}, {""amount"": 958, ""date"": ""2023-03-16""}, {""amount"": 446, ""date"": ""2023-09-20""}, {""amount"": 461, ""date"": ""2023-05-08""}, {""amount"": 904, ""date"": ""2023-10-13""}, {""amount"": 503, ""date"": ""2023-03-09""}]",True,True,True,True,True
966,Customer_966,55.0,11373.0,47627,25,362,0,"[{""amount"": 774, ""date"": ""2023-04-15""}, {""amount"": 470, ""date"": ""2023-08-21""}, {""amount"": 806, ""date"": ""2023-08-10""}, {""amount"": 342, ""date"": ""2023-07-03""}, {""amount"": 269, ""date"": ""2023-02-24""}, {""amount"": 961, ""date"": ""2023-10-06""}, {""amount"": 517, ""date"": ""2023-09-21""}, {""amount"": 914, ""date"": ""2023-06-14""}, {""amount"": 808, ""date"": ""2023-01-28""}]",True,True,True,True,True
967,Customer_967,66.0,17165.0,17395,35,312,0,"[{""amount"": 590, ""date"": ""2023-05-15""}, {""amount"": 213, ""date"": ""2023-03-17""}, {""amount"": 507, ""date"": ""2023-09-06""}, {""amount"": 217, ""date"": ""2023-11-10""}, {""amount"": 651, ""date"": ""2023-01-16""}, {""amount"": 368, ""date"": ""2023-01-27""}, {""amount"": 860, ""date"": ""2023-05-14""}, {""amount"": 994, ""date"": ""2023-12-24""}, {""amount"": 681, ""date"": ""2023-02-26""}]",True,True,True,True,True
968,Customer_968,35.0,2603.0,41747,12,359,0,"[{""amount"": 497, ""date"": ""2023-11-06""}, {""amount"": 226, ""date"": ""2023-07-12""}, {""amount"": 886, ""date"": ""2023-11-12""}, {""amount"": 994, ""date"": ""2023-01-29""}, {""amount"": 202, ""date"": ""2023-05-14""}, {""amount"": 181, ""date"": ""2023-06-23""}, {""amount"": 530, ""date"": ""2023-03-02""}]",True,True,False,True,False
969,Customer_969,27.0,8234.0,31070,11,797,1,"[{""amount"": 897, ""date"": ""2023-05-23""}, {""amount"": 862, ""date"": ""2023-07-15""}, {""amount"": 582, ""date"": ""2023-11-02""}, {""amount"": 523, ""date"": ""2023-02-10""}, {""amount"": 781, ""date"": ""2023-08-02""}, {""amount"": 128, ""date"": ""2023-12-11""}, {""amount"": 682, ""date"": ""2023-01-11""}, {""amount"": 949, ""date"": ""2023-03-07""}, {""amount"": 374, ""date"": ""2023-12-02""}, {""amount"": 967, ""date"": ""2023-08-18""}, {""amount"": 544, ""date"": ""2023-05-12""}]",True,True,True,True,True
970,Customer_970,62.0,13802.0,32242,10,324,0,"[{""amount"": 361, ""date"": ""2023-07-06""}, {""amount"": 175, ""date"": ""2023-03-04""}, {""amount"": 736, ""date"": ""2023-06-29""}, {""amount"": 299, ""date"": ""2023-03-01""}, {""amount"": 190, ""date"": ""2023-02-03""}, {""amount"": 455, ""date"": ""2023-08-08""}, {""amount"": 958, ""date"": ""2023-02-08""}, {""amount"": 457, ""date"": ""2023-01-27""}, {""amount"": 574, ""date"": ""2023-02-16""}, {""amount"": 100, ""date"": ""2023-12-07""}]",True,True,True,True,True
971,Customer_971,33.0,8066.0,39538,8,662,0,"[{""amount"": 168, ""date"": ""2023-03-21""}, {""amount"": 864, ""date"": ""2023-11-23""}, {""amount"": 959, ""date"": ""2023-05-08""}, {""amount"": 447, ""date"": ""2023-06-24""}, {""amount"": 699, ""date"": ""2023-05-07""}, {""amount"": 750, ""date"": ""2023-04-03""}, {""amount"": 151, ""date"": ""2023-02-15""}, {""amount"": 446, ""date"": ""2023-10-16""}, {""amount"": 761, ""date"": ""2023-05-20""}, {""amount"": 439, ""date"": ""2023-04-18""}]",True,True,True,True,True
972,Customer_972,56.0,12463.0,29708,46,776,0,"[{""amount"": 120, ""date"": ""2023-06-17""}, {""amount"": 301, ""date"": ""2023-12-23""}, {""amount"": 320, ""date"": ""2023-04-28""}, {""amount"": 756, ""date"": ""2023-08-16""}, {""amount"": 340, ""date"": ""2023-09-14""}, {""amount"": 317, ""date"": ""2023-06-25""}, {""amount"": 668, ""date"": ""2023-12-01""}, {""amount"": 313, ""date"": ""2023-05-05""}, {""amount"": 157, ""date"": ""2023-08-12""}, {""amount"": 430, ""date"": ""2023-08-14""}, {""amount"": 541, ""date"": ""2023-02-06""}, {""amount"": 140, ""date"": ""2023-05-15""}, {""amount"": 890, ""date"": ""2023-10-19""}, {""amount"": 757, ""date"": ""2023-07-18""}]",True,True,True,True,True
973,Customer_973,32.0,12001.0,21700,46,432,0,"[{""amount"": 269, ""date"": ""2023-01-12""}, {""amount"": 501, ""date"": ""2023-09-08""}, {""amount"": 923, ""date"": ""2023-09-07""}, {""amount"": 844, ""date"": ""2023-11-19""}, {""amount"": 766, ""date"": ""2023-07-30""}, {""amount"": 167, ""date"": ""2023-09-21""}, {""amount"": 864, ""date"": ""2023-02-25""}, {""amount"": 783, ""date"": ""2023-05-23""}]",True,True,True,True,True
974,Customer_974,51.0,9992.0,44340,22,702,0,"[{""amount"": 593, ""date"": ""2023-01-20""}, {""amount"": 853, ""date"": ""2023-08-08""}, {""amount"": 748, ""date"": ""2023-05-30""}, {""amount"": 738, ""date"": ""2023-11-12""}, {""amount"": 869, ""date"": ""2023-03-31""}, {""amount"": 863, ""date"": ""2023-04-11""}, {""amount"": 955, ""date"": ""2023-03-01""}, {""amount"": 936, ""date"": ""2023-02-28""}, {""amount"": 131, ""date"": ""2023-06-02""}, {""amount"": 524, ""date"": ""2023-05-27""}, {""amount"": 443, ""date"": ""2023-02-02""}, {""amount"": 604, ""date"": ""2023-09-15""}, {""amount"": 331, ""date"": ""2023-01-28""}, {""amount"": 673, ""date"": ""2023-03-10""}]",True,True,True,True,True
975,Customer_975,22.0,17347.0,16230,13,776,0,"[{""amount"": 808, ""date"": ""2023-07-16""}, {""amount"": 849, ""date"": ""2023-10-06""}, {""amount"": 794, ""date"": ""2023-02-01""}, {""amount"": 116, ""date"": ""2023-09-18""}, {""amount"": 744, ""date"": ""2023-04-06""}, {""amount"": 450, ""date"": ""2023-04-20""}, {""amount"": 923, ""date"": ""2023-12-21""}]",True,True,True,True,True
976,Customer_976,34.0,10393.0,47543,46,499,0,"[{""amount"": 858, ""date"": ""2023-06-17""}, {""amount"": 277, ""date"": ""2023-05-07""}, {""amount"": 454, ""date"": ""2023-01-15""}, {""amount"": 417, ""date"": ""2023-09-11""}, {""amount"": 348, ""date"": ""2023-11-18""}, {""amount"": 455, ""date"": ""2023-07-25""}, {""amount"": 871, ""date"": ""2023-02-05""}, {""amount"": 574, ""date"": ""2023-05-31""}, {""amount"": 419, ""date"": ""2023-05-20""}, {""amount"": 898, ""date"": ""2023-04-14""}, {""amount"": 806, ""date"": ""2023-10-10""}, {""amount"": 420, ""date"": ""2023-09-22""}, {""amount"": 219, ""date"": ""2023-07-13""}, {""amount"": 479, ""date"": ""2023-05-08""}, {""amount"": 531, ""date"": ""2023-10-12""}, {""amount"": 281, ""date"": ""2023-04-30""}, {""amount"": 483, ""date"": ""2023-06-02""}, {""amount"": 743, ""date"": ""2023-10-15""}, {""amount"": 765, ""date"": ""2023-02-20""}]",True,True,True,True,True
977,Customer_977,54.0,14079.0,14420,30,379,0,"[{""amount"": 541, ""date"": ""2023-08-15""}, {""amount"": 690, ""date"": ""2023-08-04""}, {""amount"": 793, ""date"": ""2023-11-06""}, {""amount"": 145, ""date"": ""2023-04-27""}, {""amount"": 804, ""date"": ""2023-04-22""}, {""amount"": 778, ""date"": ""2023-05-08""}, {""amount"": 955, ""date"": ""2023-08-25""}, {""amount"": 216, ""date"": ""2023-08-08""}, {""amount"": 338, ""date"": ""2023-12-03""}, {""amount"": 101, ""date"": ""2023-12-22""}]",True,True,True,True,True
978,Customer_978,25.0,4096.0,39895,29,576,0,"[{""amount"": 952, ""date"": ""2023-12-21""}, {""amount"": 107, ""date"": ""2023-04-19""}, {""amount"": 346, ""date"": ""2023-07-28""}, {""amount"": 626, ""date"": ""2023-07-14""}, {""amount"": 632, ""date"": ""2023-02-07""}, {""amount"": 939, ""date"": ""2023-06-03""}, {""amount"": 420, ""date"": ""2023-03-26""}, {""amount"": 394, ""date"": ""2023-12-03""}]",True,True,False,True,False
979,Customer_979,41.0,4366.0,32320,58,769,0,"[{""amount"": 381, ""date"": ""2023-05-05""}, {""amount"": 207, ""date"": ""2023-05-04""}, {""amount"": 649, ""date"": ""2023-02-06""}, {""amount"": 811, ""date"": ""2023-03-11""}, {""amount"": 103, ""date"": ""2023-01-26""}, {""amount"": 697, ""date"": ""2023-11-02""}, {""amount"": 285, ""date"": ""2023-03-17""}]",True,True,False,True,False
980,Customer_980,45.0,17304.0,12784,28,781,0,"[{""amount"": 667, ""date"": ""2023-07-13""}, {""amount"": 920, ""date"": ""2023-04-02""}, {""amount"": 794, ""date"": ""2023-04-06""}, {""amount"": 947, ""date"": ""2023-01-24""}, {""amount"": 288, ""date"": ""2023-12-22""}, {""amount"": 361, ""date"": ""2023-12-11""}, {""amount"": 653, ""date"": ""2023-12-03""}, {""amount"": 818, ""date"": ""2023-01-04""}, {""amount"": 863, ""date"": ""2023-02-08""}, {""amount"": 593, ""date"": ""2023-11-22""}, {""amount"": 321, ""date"": ""2023-07-30""}, {""amount"": 319, ""date"": ""2023-05-05""}, {""amount"": 968, ""date"": ""2023-11-15""}, {""amount"": 231, ""date"": ""2023-08-09""}, {""amount"": 371, ""date"": ""2023-05-08""}, {""amount"": 224, ""date"": ""2023-01-04""}, {""amount"": 561, ""date"": ""2023-04-29""}, {""amount"": 779, ""date"": ""2023-04-08""}]",True,True,True,True,True
981,Customer_981,64.0,5077.0,14731,47,622,0,"[{""amount"": 135, ""date"": ""2023-11-17""}, {""amount"": 658, ""date"": ""2023-06-24""}, {""amount"": 664, ""date"": ""2023-03-02""}, {""amount"": 516, ""date"": ""2023-02-09""}, {""amount"": 994, ""date"": ""2023-07-25""}, {""amount"": 357, ""date"": ""2023-05-12""}, {""amount"": 372, ""date"": ""2023-07-01""}, {""amount"": 191, ""date"": ""2023-01-04""}, {""amount"": 888, ""date"": ""2023-01-31""}, {""amount"": 837, ""date"": ""2023-04-22""}, {""amount"": 277, ""date"": ""2023-10-03""}, {""amount"": 849, ""date"": ""2023-02-15""}, {""amount"": 678, ""date"": ""2023-07-09""}, {""amount"": 226, ""date"": ""2023-05-07""}, {""amount"": 811, ""date"": ""2023-02-03""}]",True,True,True,True,True
982,Customer_982,25.0,9777.0,41540,12,439,0,"[{""amount"": 208, ""date"": ""2023-10-24""}, {""amount"": 256, ""date"": ""2023-03-06""}, {""amount"": 320, ""date"": ""2023-07-25""}, {""amount"": 380, ""date"": ""2023-02-14""}, {""amount"": 114, ""date"": ""2023-11-26""}]",True,True,True,True,True
983,Customer_983,40.0,2055.0,38951,20,452,0,"[{""amount"": 705, ""date"": ""2023-02-02""}, {""amount"": 174, ""date"": ""2023-02-28""}, {""amount"": 307, ""date"": ""2023-04-25""}, {""amount"": 926, ""date"": ""2023-07-02""}, {""amount"": 943, ""date"": ""2023-09-25""}, {""amount"": 157, ""date"": ""2023-01-08""}, {""amount"": 622, ""date"": ""2023-02-22""}, {""amount"": 893, ""date"": ""2023-01-16""}]",True,True,False,True,False
984,Customer_984,52.0,9644.0,15239,57,699,0,"[{""amount"": 925, ""date"": ""2023-12-01""}, {""amount"": 161, ""date"": ""2023-06-24""}, {""amount"": 490, ""date"": ""2023-07-29""}, {""amount"": 255, ""date"": ""2023-02-28""}, {""amount"": 931, ""date"": ""2023-06-17""}, {""amount"": 255, ""date"": ""2023-02-19""}, {""amount"": 116, ""date"": ""2023-12-06""}, {""amount"": 714, ""date"": ""2023-06-13""}, {""amount"": 657, ""date"": ""2023-01-26""}, {""amount"": 533, ""date"": ""2023-02-15""}, {""amount"": 344, ""date"": ""2023-09-10""}, {""amount"": 492, ""date"": ""2023-09-18""}, {""amount"": 299, ""date"": ""2023-05-20""}, {""amount"": 579, ""date"": ""2023-11-01""}, {""amount"": 138, ""date"": ""2023-06-06""}, {""amount"": 351, ""date"": ""2023-04-22""}, {""amount"": 469, ""date"": ""2023-07-05""}, {""amount"": 704, ""date"": ""2023-03-04""}]",True,True,True,True,True
985,Customer_985,48.0,4086.0,12987,45,834,0,"[{""amount"": 229, ""date"": ""2023-02-03""}, {""amount"": 308, ""date"": ""2023-01-26""}, {""amount"": 432, ""date"": ""2023-09-07""}, {""amount"": 610, ""date"": ""2023-12-23""}, {""amount"": 121, ""date"": ""2023-05-20""}, {""amount"": 744, ""date"": ""2023-01-07""}, {""amount"": 505, ""date"": ""2023-05-29""}, {""amount"": 933, ""date"": ""2023-02-20""}, {""amount"": 973, ""date"": ""2023-10-15""}, {""amount"": 398, ""date"": ""2023-10-29""}, {""amount"": 472, ""date"": ""2023-01-11""}]",True,True,True,True,True
986,Customer_986,34.0,14849.0,37865,30,610,0,"[{""amount"": 138, ""date"": ""2023-12-19""}, {""amount"": 277, ""date"": ""2023-07-16""}, {""amount"": 147, ""date"": ""2023-02-24""}, {""amount"": 853, ""date"": ""2023-06-28""}, {""amount"": 468, ""date"": ""2023-08-05""}, {""amount"": 805, ""date"": ""2023-11-01""}, {""amount"": 493, ""date"": ""2023-05-30""}, {""amount"": 991, ""date"": ""2023-10-14""}, {""amount"": 128, ""date"": ""2023-11-25""}, {""amount"": 736, ""date"": ""2023-05-06""}, {""amount"": 203, ""date"": ""2023-02-07""}]",True,True,True,True,True
987,Customer_987,45.0,4312.0,16439,37,462,0,"[{""amount"": 290, ""date"": ""2023-05-30""}, {""amount"": 553, ""date"": ""2023-08-01""}, {""amount"": 583, ""date"": ""2023-09-20""}, {""amount"": 348, ""date"": ""2023-05-21""}, {""amount"": 963, ""date"": ""2023-08-07""}, {""amount"": 151, ""date"": ""2023-03-30""}, {""amount"": 449, ""date"": ""2023-07-08""}, {""amount"": 573, ""date"": ""2023-09-10""}, {""amount"": 689, ""date"": ""2023-03-06""}, {""amount"": 987, ""date"": ""2023-05-11""}, {""amount"": 923, ""date"": ""2023-06-18""}, {""amount"": 569, ""date"": ""2023-05-16""}, {""amount"": 778, ""date"": ""2023-01-26""}, {""amount"": 298, ""date"": ""2023-12-18""}, {""amount"": 785, ""date"": ""2023-01-14""}]",True,True,True,True,True
988,Customer_988,65.0,7442.0,49299,26,457,0,"[{""amount"": 953, ""date"": ""2023-08-12""}, {""amount"": 347, ""date"": ""2023-07-09""}, {""amount"": 336, ""date"": ""2023-03-19""}, {""amount"": 537, ""date"": ""2023-10-29""}, {""amount"": 935, ""date"": ""2023-10-29""}, {""amount"": 853, ""date"": ""2023-08-18""}, {""amount"": 597, ""date"": ""2023-04-19""}, {""amount"": 433, ""date"": ""2023-10-23""}, {""amount"": 190, ""date"": ""2023-11-30""}, {""amount"": 245, ""date"": ""2023-01-31""}, {""amount"": 599, ""date"": ""2023-10-18""}, {""amount"": 816, ""date"": ""2023-05-13""}, {""amount"": 314, ""date"": ""2023-03-23""}, {""amount"": 539, ""date"": ""2023-12-27""}, {""amount"": 286, ""date"": ""2023-04-10""}]",True,True,False,True,False
989,Customer_989,65.0,17627.0,23279,24,440,1,"[{""amount"": 445, ""date"": ""2023-07-24""}, {""amount"": 383, ""date"": ""2023-01-23""}, {""amount"": 494, ""date"": ""2023-12-10""}, {""amount"": 595, ""date"": ""2023-08-06""}, {""amount"": 182, ""date"": ""2023-05-09""}, {""amount"": 320, ""date"": ""2023-11-20""}, {""amount"": 537, ""date"": ""2023-10-25""}, {""amount"": 351, ""date"": ""2023-05-07""}, {""amount"": 255, ""date"": ""2023-10-31""}, {""amount"": 360, ""date"": ""2023-05-27""}, {""amount"": 234, ""date"": ""2023-07-25""}, {""amount"": 566, ""date"": ""2023-06-21""}, {""amount"": 364, ""date"": ""2023-12-12""}]",True,True,True,True,True
990,Customer_990,68.0,5466.0,14534,41,600,0,"[{""amount"": 151, ""date"": ""2023-07-28""}, {""amount"": 952, ""date"": ""2023-12-04""}, {""amount"": 356, ""date"": ""2023-12-07""}, {""amount"": 205, ""date"": ""2023-03-13""}, {""amount"": 800, ""date"": ""2023-09-21""}, {""amount"": 306, ""date"": ""2023-10-24""}]",True,True,True,True,True
991,Customer_991,29.0,6116.0,12816,38,576,0,"[{""amount"": 937, ""date"": ""2023-08-04""}, {""amount"": 378, ""date"": ""2023-11-03""}, {""amount"": 832, ""date"": ""2023-03-17""}, {""amount"": 647, ""date"": ""2023-05-27""}, {""amount"": 866, ""date"": ""2023-09-29""}, {""amount"": 239, ""date"": ""2023-07-16""}, {""amount"": 988, ""date"": ""2023-08-08""}, {""amount"": 728, ""date"": ""2023-03-07""}, {""amount"": 119, ""date"": ""2023-07-18""}, {""amount"": 580, ""date"": ""2023-03-11""}, {""amount"": 913, ""date"": ""2023-06-17""}]",True,True,True,True,True
992,Customer_992,41.0,11316.0,48198,26,619,0,"[{""amount"": 951, ""date"": ""2023-09-12""}, {""amount"": 168, ""date"": ""2023-06-06""}, {""amount"": 277, ""date"": ""2023-12-25""}, {""amount"": 239, ""date"": ""2023-08-14""}, {""amount"": 144, ""date"": ""2023-08-20""}, {""amount"": 563, ""date"": ""2023-05-23""}, {""amount"": 503, ""date"": ""2023-10-24""}, {""amount"": 945, ""date"": ""2023-07-08""}, {""amount"": 350, ""date"": ""2023-12-28""}]",True,True,True,True,True
993,Customer_993,32.0,7902.0,45067,30,653,1,"[{""amount"": 408, ""date"": ""2023-12-13""}, {""amount"": 540, ""date"": ""2023-12-18""}, {""amount"": 779, ""date"": ""2023-06-17""}, {""amount"": 527, ""date"": ""2023-06-15""}, {""amount"": 875, ""date"": ""2023-03-18""}, {""amount"": 526, ""date"": ""2023-04-08""}, {""amount"": 180, ""date"": ""2023-01-19""}]",True,True,False,True,False
994,Customer_994,57.0,5704.0,11251,38,650,0,"[{""amount"": 533, ""date"": ""2023-11-23""}, {""amount"": 701, ""date"": ""2023-09-13""}, {""amount"": 559, ""date"": ""2023-03-27""}, {""amount"": 839, ""date"": ""2023-07-05""}, {""amount"": 311, ""date"": ""2023-04-20""}, {""amount"": 511, ""date"": ""2023-07-18""}, {""amount"": 935, ""date"": ""2023-01-01""}]",True,True,True,True,True
995,Customer_995,48.0,2052.0,35518,33,410,0,"[{""amount"": 367, ""date"": ""2023-07-16""}, {""amount"": 803, ""date"": ""2023-06-04""}, {""amount"": 713, ""date"": ""2023-03-18""}, {""amount"": 602, ""date"": ""2023-08-30""}, {""amount"": 411, ""date"": ""2023-09-04""}, {""amount"": 539, ""date"": ""2023-05-08""}, {""amount"": 538, ""date"": ""2023-04-16""}, {""amount"": 827, ""date"": ""2023-09-28""}, {""amount"": 713, ""date"": ""2023-04-23""}, {""amount"": 618, ""date"": ""2023-10-03""}]",True,True,False,True,False
996,Customer_996,44.0,10647.0,48751,50,567,0,"[{""amount"": 719, ""date"": ""2023-07-11""}, {""amount"": 249, ""date"": ""2023-02-05""}, {""amount"": 499, ""date"": ""2023-08-23""}, {""amount"": 970, ""date"": ""2023-06-16""}, {""amount"": 647, ""date"": ""2023-01-07""}, {""amount"": 288, ""date"": ""2023-05-30""}, {""amount"": 350, ""date"": ""2023-02-15""}, {""amount"": 817, ""date"": ""2023-12-18""}, {""amount"": 661, ""date"": ""2023-01-30""}, {""amount"": 716, ""date"": ""2023-08-14""}, {""amount"": 929, ""date"": ""2023-02-01""}, {""amount"": 332, ""date"": ""2023-10-17""}, {""amount"": 313, ""date"": ""2023-01-09""}, {""amount"": 468, ""date"": ""2023-07-24""}]",True,True,True,True,True
997,Customer_997,52.0,18029.0,29745,42,597,0,"[{""amount"": 534, ""date"": ""2023-07-20""}, {""amount"": 767, ""date"": ""2023-08-13""}, {""amount"": 270, ""date"": ""2023-11-21""}, {""amount"": 528, ""date"": ""2023-04-08""}, {""amount"": 590, ""date"": ""2023-03-10""}, {""amount"": 931, ""date"": ""2023-02-12""}, {""amount"": 597, ""date"": ""2023-12-03""}, {""amount"": 156, ""date"": ""2023-03-22""}, {""amount"": 944, ""date"": ""2023-01-19""}, {""amount"": 750, ""date"": ""2023-11-13""}, {""amount"": 583, ""date"": ""2023-01-08""}, {""amount"": 190, ""date"": ""2023-09-23""}]",True,True,True,True,True
998,Customer_998,35.0,11842.0,26814,24,449,0,"[{""amount"": 807, ""date"": ""2023-04-14""}, {""amount"": 747, ""date"": ""2023-10-01""}, {""amount"": 885, ""date"": ""2023-12-19""}, {""amount"": 744, ""date"": ""2023-08-16""}, {""amount"": 111, ""date"": ""2023-12-11""}, {""amount"": 966, ""date"": ""2023-12-19""}, {""amount"": 364, ""date"": ""2023-04-14""}, {""amount"": 320, ""date"": ""2023-11-18""}, {""amount"": 198, ""date"": ""2023-05-07""}, {""amount"": 554, ""date"": ""2023-08-13""}, {""amount"": 813, ""date"": ""2023-03-24""}, {""amount"": 215, ""date"": ""2023-08-11""}, {""amount"": 953, ""date"": ""2023-11-21""}, {""amount"": 818, ""date"": ""2023-02-20""}, {""amount"": 250, ""date"": ""2023-11-27""}]",True,True,True,True,True
999,Customer_999,53.0,19134.0,25761,28,391,0,"[{""amount"": 370, ""date"": ""2023-04-13""}, {""amount"": 976, ""date"": ""2023-12-09""}, {""amount"": 519, ""date"": ""2023-12-01""}, {""amount"": 466, ""date"": ""2023-04-12""}, {""amount"": 809, ""date"": ""2023-12-11""}, {""amount"": 241, ""date"": ""2023-09-17""}, {""amount"": 525, ""date"": ""2023-06-28""}, {""amount"": 158, ""date"": ""2023-02-12""}, {""amount"": 109, ""date"": ""2023-07-13""}, {""amount"": 483, ""date"": ""2023-12-21""}, {""amount"": 553, ""date"": ""2023-11-08""}]",True,True,True,True,True
1000,Customer_1000,25.0,2819.0,48398,40,381,0,"[{""amount"": 135, ""date"": ""2023-05-30""}, {""amount"": 697, ""date"": ""2023-06-05""}, {""amount"": 369, ""date"": ""2023-02-22""}, {""amount"": 735, ""date"": ""2023-07-20""}, {""amount"": 961, ""date"": ""2023-03-04""}, {""amount"": 761, ""date"": ""2023-02-21""}, {""amount"": 333, ""date"": ""2023-12-26""}, {""amount"": 101, ""date"": ""2023-02-11""}, {""amount"": 346, ""date"": ""2023-11-27""}, {""amount"": 554, ""date"": ""2023-03-09""}, {""amount"": 627, ""date"": ""2023-11-05""}, {""amount"": 829, ""date"": ""2023-03-06""}, {""amount"": 142, ""date"": ""2023-06-29""}, {""amount"": 232, ""date"": ""2023-06-21""}, {""amount"": 772, ""date"": ""2023-01-17""}, {""amount"": 114, ""date"": ""2023-03-31""}, {""amount"": 314, ""date"": ""2023-07-05""}, {""amount"": 767, ""date"": ""2023-09-17""}]",True,True,False,True,False
